model,feature,importance
catboost,numeric__squad_strength_diff,10.479304894227276
catboost,numeric__season_win_pct_diff,8.959477899162582
catboost,numeric__win_pct_diff,6.999598498834757
catboost,numeric__toss_rate_diff,6.971970961926345
catboost,numeric__avg_runs_diff,6.945262720721414
catboost,numeric__season,6.4748602055664914
catboost,numeric__avg_conceded_diff,6.016169656759419
catboost,numeric__chase_diff,5.252395733416162
catboost,numeric__venue_win_pct_diff,5.236957494490032
catboost,numeric__defend_diff,4.813181623153928
catboost,numeric__h2h_team1_win_rate,4.7843285614261255
catboost,numeric__recent10_form_diff,4.064524694101767
catboost,numeric__recent5_form_diff,3.027426512404486
catboost,categorical__toss_decision_bat,1.6023452415740844
catboost,categorical__team1_Punjab Kings,1.5841035741494462
catboost,numeric__toss_winner_is_team1,1.5226986733984664
catboost,categorical__venue_Eden Gardens,1.3442099146227446
catboost,categorical__team1_Mumbai Indians,1.266461728389093
catboost,categorical__venue_Sheikh Zayed Stadium,1.018469277209089
catboost,categorical__team1_Pune Warriors,0.8939964666235259
catboost,categorical__venue_Maharashtra Cricket Association Stadium,0.7482700526751436
catboost,categorical__toss_decision_field,0.7220830526711718
catboost,"categorical__venue_MA Chidambaram Stadium, Chepauk",0.6884262128005639
catboost,"categorical__venue_Maharashtra Cricket Association Stadium, Pune",0.6695823108162448
catboost,categorical__team2_Mumbai Indians,0.6124494912628674
catboost,categorical__team2_Punjab Kings,0.5763941938107915
catboost,categorical__team2_Chennai Super Kings,0.553371891037904
catboost,categorical__team1_Chennai Super Kings,0.49237261101866797
catboost,"categorical__venue_Rajiv Gandhi International Stadium, Uppal",0.44706749342285435
catboost,categorical__team1_Deccan Chargers,0.4389585809256715
catboost,categorical__team2_Deccan Chargers,0.38759764314774536
catboost,categorical__team2_Delhi Capitals,0.35432171236202104
catboost,categorical__team1_Gujarat Lions,0.22625958600032453
catboost,categorical__team1_Delhi Capitals,0.22573126832395382
catboost,categorical__team2_Royal Challengers Bengaluru,0.2212371363683658
catboost,categorical__venue_New Wanderers Stadium,0.21234393680184455
catboost,categorical__team2_Gujarat Titans,0.2045540514111938
catboost,categorical__team1_Kolkata Knight Riders,0.19449878472700635
catboost,categorical__team2_Sunrisers Hyderabad,0.19331833258522732
catboost,categorical__venue_SuperSport Park,0.18360399649253525
catboost,"categorical__venue_MA Chidambaram Stadium, Chepauk, Chennai",0.1788875946547757
catboost,"categorical__venue_Narendra Modi Stadium, Ahmedabad",0.16233063751674454
catboost,"categorical__venue_Punjab Cricket Association Stadium, Mohali",0.16058401047720272
catboost,"categorical__venue_Brabourne Stadium, Mumbai",0.1585475142547315
catboost,categorical__team1_Rajasthan Royals,0.15665292196757713
catboost,categorical__venue_Sharjah Cricket Stadium,0.14589870566600155
catboost,categorical__venue_Rajiv Gandhi International Stadium,0.14080848022447776
catboost,"categorical__venue_Wankhede Stadium, Mumbai",0.13464498285169074
catboost,categorical__venue_Subrata Roy Sahara Stadium,0.12468310207562924
catboost,categorical__team2_Rising Pune Supergiants,0.12109257950508645
catboost,categorical__venue_Feroz Shah Kotla,0.11945797643509672
catboost,categorical__team1_Royal Challengers Bengaluru,0.1166162308736772
catboost,categorical__team2_Lucknow Super Giants,0.10219771042969711
catboost,"categorical__venue_Arun Jaitley Stadium, Delhi",0.08689976396520208
catboost,categorical__venue_St George's Park,0.08069634631260132
catboost,"categorical__venue_Dr DY Patil Sports Academy, Mumbai",0.07093977511317055
catboost,categorical__team2_Pune Warriors,0.05756182999247608
catboost,categorical__venue_Punjab Cricket Association IS Bindra Stadium,0.05452103941421087
catboost,categorical__team2_Kolkata Knight Riders,0.044201935273004846
catboost,categorical__venue_M.Chinnaswamy Stadium,0.04349055270232239
catboost,"categorical__venue_Bharat Ratna Shri Atal Bihari Vajpayee Ekana Cricket Stadium, Lucknow",0.03201598197575693
catboost,categorical__venue_Green Park,0.03159371691107507
catboost,categorical__team2_Kochi Tuskers Kerala,0.022843472314273177
catboost,categorical__team1_Lucknow Super Giants,0.016314335162430457
catboost,categorical__venue_JSCA International Stadium Complex,0.01544868696609996
catboost,categorical__venue_Himachal Pradesh Cricket Association Stadium,0.009581435253948672
catboost,"categorical__venue_Sawai Mansingh Stadium, Jaipur",0.001302010891740209
catboost,categorical__venue_Arun Jaitley Stadium,0.0
catboost,categorical__venue_Barabati Stadium,0.0
catboost,"categorical__venue_Barsapara Cricket Stadium, Guwahati",0.0
catboost,categorical__venue_Brabourne Stadium,0.0
catboost,categorical__venue_Buffalo Park,0.0
catboost,categorical__venue_De Beers Diamond Oval,0.0
catboost,categorical__venue_Dr DY Patil Sports Academy,0.0
catboost,categorical__venue_Dr. Y.S. Rajasekhara Reddy ACA-VDCA Cricket Stadium,0.0
catboost,"categorical__venue_Dr. Y.S. Rajasekhara Reddy ACA-VDCA Cricket Stadium, Visakhapatnam",0.0
catboost,categorical__venue_Dubai International Cricket Stadium,0.0
catboost,"categorical__venue_Eden Gardens, Kolkata",0.0
catboost,"categorical__venue_Himachal Pradesh Cricket Association Stadium, Dharamsala",0.0
catboost,categorical__venue_Holkar Cricket Stadium,0.0
catboost,categorical__venue_Kingsmead,0.0
catboost,categorical__venue_M Chinnaswamy Stadium,0.0
catboost,"categorical__venue_M Chinnaswamy Stadium, Bengaluru",0.0
catboost,categorical__venue_MA Chidambaram Stadium,0.0
catboost,"categorical__venue_Maharaja Yadavindra Singh International Cricket Stadium, Mullanpur",0.0
catboost,categorical__venue_Nehru Stadium,0.0
catboost,categorical__venue_Newlands,0.0
catboost,categorical__venue_OUTsurance Oval,0.0
catboost,"categorical__venue_Punjab Cricket Association IS Bindra Stadium, Mohali",0.0
catboost,"categorical__venue_Punjab Cricket Association IS Bindra Stadium, Mohali, Chandigarh",0.0
catboost,"categorical__venue_Rajiv Gandhi International Stadium, Uppal, Hyderabad",0.0
catboost,"categorical__venue_Sardar Patel Stadium, Motera",0.0
catboost,categorical__venue_Saurashtra Cricket Association Stadium,0.0
catboost,categorical__venue_Sawai Mansingh Stadium,0.0
catboost,categorical__venue_Shaheed Veer Narayan Singh International Stadium,0.0
catboost,"categorical__venue_Vidarbha Cricket Association Stadium, Jamtha",0.0
catboost,categorical__venue_Wankhede Stadium,0.0
catboost,"categorical__venue_Zayed Cricket Stadium, Abu Dhabi",0.0
catboost,categorical__team1_Gujarat Titans,0.0
catboost,categorical__team1_Kochi Tuskers Kerala,0.0
catboost,categorical__team1_Rising Pune Supergiants,0.0
catboost,categorical__team1_Sunrisers Hyderabad,0.0
catboost,categorical__team2_Gujarat Lions,0.0
catboost,categorical__team2_Rajasthan Royals,0.0
lightgbm,numeric__squad_strength_diff,125.0
lightgbm,numeric__toss_rate_diff,116.0
lightgbm,numeric__season_win_pct_diff,116.0
lightgbm,numeric__win_pct_diff,107.0
lightgbm,numeric__avg_runs_diff,92.0
lightgbm,numeric__chase_diff,75.0
lightgbm,numeric__defend_diff,69.0
lightgbm,numeric__h2h_team1_win_rate,69.0
lightgbm,numeric__venue_win_pct_diff,54.0
lightgbm,numeric__avg_conceded_diff,40.0
lightgbm,numeric__season,39.0
lightgbm,numeric__recent5_form_diff,21.0
lightgbm,categorical__venue_Sheikh Zayed Stadium,17.0
lightgbm,numeric__recent10_form_diff,17.0
lightgbm,categorical__venue_Eden Gardens,16.0
lightgbm,categorical__team1_Deccan Chargers,15.0
lightgbm,categorical__team1_Punjab Kings,15.0
lightgbm,categorical__team2_Punjab Kings,12.0
lightgbm,categorical__team1_Mumbai Indians,10.0
lightgbm,"categorical__venue_MA Chidambaram Stadium, Chepauk",9.0
lightgbm,categorical__team2_Mumbai Indians,7.0
lightgbm,numeric__toss_winner_is_team1,7.0
lightgbm,"categorical__venue_Rajiv Gandhi International Stadium, Uppal",5.0
lightgbm,categorical__venue_Sharjah Cricket Stadium,5.0
lightgbm,categorical__toss_decision_bat,4.0
lightgbm,"categorical__venue_Wankhede Stadium, Mumbai",3.0
lightgbm,categorical__venue_Sawai Mansingh Stadium,2.0
lightgbm,categorical__team1_Pune Warriors,2.0
lightgbm,categorical__team2_Gujarat Titans,2.0
lightgbm,categorical__venue_Feroz Shah Kotla,1.0
lightgbm,categorical__team1_Chennai Super Kings,1.0
lightgbm,categorical__venue_Arun Jaitley Stadium,0.0
lightgbm,"categorical__venue_Arun Jaitley Stadium, Delhi",0.0
lightgbm,categorical__venue_Barabati Stadium,0.0
lightgbm,"categorical__venue_Barsapara Cricket Stadium, Guwahati",0.0
lightgbm,"categorical__venue_Bharat Ratna Shri Atal Bihari Vajpayee Ekana Cricket Stadium, Lucknow",0.0
lightgbm,categorical__venue_Brabourne Stadium,0.0
lightgbm,"categorical__venue_Brabourne Stadium, Mumbai",0.0
lightgbm,categorical__venue_Buffalo Park,0.0
lightgbm,categorical__venue_De Beers Diamond Oval,0.0
lightgbm,categorical__venue_Dr DY Patil Sports Academy,0.0
lightgbm,"categorical__venue_Dr DY Patil Sports Academy, Mumbai",0.0
lightgbm,categorical__venue_Dr. Y.S. Rajasekhara Reddy ACA-VDCA Cricket Stadium,0.0
lightgbm,"categorical__venue_Dr. Y.S. Rajasekhara Reddy ACA-VDCA Cricket Stadium, Visakhapatnam",0.0
lightgbm,categorical__venue_Dubai International Cricket Stadium,0.0
lightgbm,"categorical__venue_Eden Gardens, Kolkata",0.0
lightgbm,categorical__venue_Green Park,0.0
lightgbm,categorical__venue_Himachal Pradesh Cricket Association Stadium,0.0
lightgbm,"categorical__venue_Himachal Pradesh Cricket Association Stadium, Dharamsala",0.0
lightgbm,categorical__venue_Holkar Cricket Stadium,0.0
lightgbm,categorical__venue_JSCA International Stadium Complex,0.0
lightgbm,categorical__venue_Kingsmead,0.0
lightgbm,categorical__venue_M Chinnaswamy Stadium,0.0
lightgbm,"categorical__venue_M Chinnaswamy Stadium, Bengaluru",0.0
lightgbm,categorical__venue_M.Chinnaswamy Stadium,0.0
lightgbm,categorical__venue_MA Chidambaram Stadium,0.0
lightgbm,"categorical__venue_MA Chidambaram Stadium, Chepauk, Chennai",0.0
lightgbm,"categorical__venue_Maharaja Yadavindra Singh International Cricket Stadium, Mullanpur",0.0
lightgbm,categorical__venue_Maharashtra Cricket Association Stadium,0.0
lightgbm,"categorical__venue_Maharashtra Cricket Association Stadium, Pune",0.0
lightgbm,"categorical__venue_Narendra Modi Stadium, Ahmedabad",0.0
lightgbm,categorical__venue_Nehru Stadium,0.0
lightgbm,categorical__venue_New Wanderers Stadium,0.0
lightgbm,categorical__venue_Newlands,0.0
lightgbm,categorical__venue_OUTsurance Oval,0.0
lightgbm,categorical__venue_Punjab Cricket Association IS Bindra Stadium,0.0
lightgbm,"categorical__venue_Punjab Cricket Association IS Bindra Stadium, Mohali",0.0
lightgbm,"categorical__venue_Punjab Cricket Association IS Bindra Stadium, Mohali, Chandigarh",0.0
lightgbm,"categorical__venue_Punjab Cricket Association Stadium, Mohali",0.0
lightgbm,categorical__venue_Rajiv Gandhi International Stadium,0.0
lightgbm,"categorical__venue_Rajiv Gandhi International Stadium, Uppal, Hyderabad",0.0
lightgbm,"categorical__venue_Sardar Patel Stadium, Motera",0.0
lightgbm,categorical__venue_Saurashtra Cricket Association Stadium,0.0
lightgbm,"categorical__venue_Sawai Mansingh Stadium, Jaipur",0.0
lightgbm,categorical__venue_Shaheed Veer Narayan Singh International Stadium,0.0
lightgbm,categorical__venue_St George's Park,0.0
lightgbm,categorical__venue_Subrata Roy Sahara Stadium,0.0
lightgbm,categorical__venue_SuperSport Park,0.0
lightgbm,"categorical__venue_Vidarbha Cricket Association Stadium, Jamtha",0.0
lightgbm,categorical__venue_Wankhede Stadium,0.0
lightgbm,"categorical__venue_Zayed Cricket Stadium, Abu Dhabi",0.0
lightgbm,categorical__team1_Delhi Capitals,0.0
lightgbm,categorical__team1_Gujarat Lions,0.0
lightgbm,categorical__team1_Gujarat Titans,0.0
lightgbm,categorical__team1_Kochi Tuskers Kerala,0.0
lightgbm,categorical__team1_Kolkata Knight Riders,0.0
lightgbm,categorical__team1_Lucknow Super Giants,0.0
lightgbm,categorical__team1_Rajasthan Royals,0.0
lightgbm,categorical__team1_Rising Pune Supergiants,0.0
lightgbm,categorical__team1_Royal Challengers Bengaluru,0.0
lightgbm,categorical__team1_Sunrisers Hyderabad,0.0
lightgbm,categorical__team2_Chennai Super Kings,0.0
lightgbm,categorical__team2_Deccan Chargers,0.0
lightgbm,categorical__team2_Delhi Capitals,0.0
lightgbm,categorical__team2_Gujarat Lions,0.0
lightgbm,categorical__team2_Kochi Tuskers Kerala,0.0
lightgbm,categorical__team2_Kolkata Knight Riders,0.0
lightgbm,categorical__team2_Lucknow Super Giants,0.0
lightgbm,categorical__team2_Pune Warriors,0.0
lightgbm,categorical__team2_Rajasthan Royals,0.0
lightgbm,categorical__team2_Rising Pune Supergiants,0.0
lightgbm,categorical__team2_Royal Challengers Bengaluru,0.0
lightgbm,categorical__team2_Sunrisers Hyderabad,0.0
lightgbm,categorical__toss_decision_field,0.0
live_random_forest,numeric__required_run_rate,0.2287184569111887
live_random_forest,numeric__pace_ratio,0.2085270972903265
live_random_forest,numeric__run_rate_gap,0.14157318876687247
live_random_forest,numeric__target,0.11844837101760058
live_random_forest,numeric__wickets_remaining,0.06752803506581226
live_random_forest,numeric__runs_needed,0.035524610134619106
live_random_forest,numeric__balls_per_wicket,0.028864244840149218
live_random_forest,numeric__current_run_rate,0.0276886998134267
live_random_forest,numeric__overs_remaining,0.01738718758964141
live_random_forest,numeric__balls_remaining,0.017277048450836743
live_random_forest,numeric__current_score,0.01190822545233751
live_random_forest,categorical__batting_team_Pune Warriors,0.006006558624656011
live_random_forest,categorical__bowling_team_Gujarat Lions,0.005398998061932662
live_random_forest,"categorical__venue_MA Chidambaram Stadium, Chepauk",0.005150082758433034
live_random_forest,categorical__batting_team_Deccan Chargers,0.00398905295169807
live_random_forest,categorical__batting_team_Chennai Super Kings,0.003789177708066015
live_random_forest,categorical__batting_team_Gujarat Titans,0.0035971507532855736
live_random_forest,categorical__bowling_team_Punjab Kings,0.0030441760431152735
live_random_forest,categorical__bowling_team_Lucknow Super Giants,0.00286193868834294
live_random_forest,"categorical__venue_Maharashtra Cricket Association Stadium, Pune",0.002297068058898109
live_random_forest,categorical__bowling_team_Mumbai Indians,0.0022127293428458113
live_random_forest,categorical__venue_Rajiv Gandhi International Stadium,0.0020017853274322136
live_random_forest,categorical__batting_team_Royal Challengers Bengaluru,0.0019009119724328024
live_random_forest,categorical__batting_team_Delhi Capitals,0.0018968134125472462
live_random_forest,categorical__venue_M Chinnaswamy Stadium,0.001819650298717019
live_random_forest,categorical__venue_Sawai Mansingh Stadium,0.0017221513400235901
live_random_forest,categorical__batting_team_Rajasthan Royals,0.001695595986449923
live_random_forest,categorical__venue_Newlands,0.0016854602835434263
live_random_forest,categorical__bowling_team_Rajasthan Royals,0.001610839582909267
live_random_forest,"categorical__venue_Wankhede Stadium, Mumbai",0.001515578225091978
live_random_forest,categorical__bowling_team_Rising Pune Supergiants,0.0014584932156060174
live_random_forest,categorical__bowling_team_Chennai Super Kings,0.0014573163099305922
live_random_forest,categorical__bowling_team_Royal Challengers Bengaluru,0.0014501061836232649
live_random_forest,categorical__bowling_team_Delhi Capitals,0.0013486071752133741
live_random_forest,categorical__batting_team_Sunrisers Hyderabad,0.001344354134359202
live_random_forest,categorical__bowling_team_Sunrisers Hyderabad,0.0013381950957274736
live_random_forest,categorical__venue_Wankhede Stadium,0.0012333345589411848
live_random_forest,categorical__batting_team_Mumbai Indians,0.001223758854371216
live_random_forest,categorical__batting_team_Lucknow Super Giants,0.0012233878634574176
live_random_forest,categorical__venue_Maharashtra Cricket Association Stadium,0.0011393288411802567
live_random_forest,categorical__bowling_team_Kolkata Knight Riders,0.001122671338743896
live_random_forest,"categorical__venue_Vidarbha Cricket Association Stadium, Jamtha",0.0010934906203928375
live_random_forest,categorical__batting_team_Punjab Kings,0.0010771607805446514
live_random_forest,categorical__venue_Holkar Cricket Stadium,0.0010292531980811842
live_random_forest,categorical__batting_team_Kolkata Knight Riders,0.0009734440497076778
live_random_forest,categorical__venue_Kingsmead,0.0009496283018688616
live_random_forest,categorical__batting_team_Gujarat Lions,0.0009379641537898057
live_random_forest,"categorical__venue_Sawai Mansingh Stadium, Jaipur",0.0008913538888002811
live_random_forest,categorical__venue_Subrata Roy Sahara Stadium,0.0008386591658966143
live_random_forest,categorical__batting_team_Rising Pune Supergiants,0.000801063760585493
live_random_forest,categorical__bowling_team_Deccan Chargers,0.0007902059474199229
live_random_forest,categorical__bowling_team_Gujarat Titans,0.0007667214470388441
live_random_forest,categorical__bowling_team_Pune Warriors,0.0007347118420422813
live_random_forest,"categorical__venue_Narendra Modi Stadium, Ahmedabad",0.0007294949661208874
live_random_forest,categorical__venue_Eden Gardens,0.0006981685238567577
live_random_forest,categorical__venue_Dubai International Cricket Stadium,0.0006960815856701135
live_random_forest,"categorical__venue_MA Chidambaram Stadium, Chepauk, Chennai",0.0006836075386381541
live_random_forest,"categorical__venue_Rajiv Gandhi International Stadium, Uppal, Hyderabad",0.0006537795905257126
live_random_forest,categorical__venue_Sharjah Cricket Stadium,0.0006459337781770254
live_random_forest,"categorical__venue_Bharat Ratna Shri Atal Bihari Vajpayee Ekana Cricket Stadium, Lucknow",0.000611755221742059
live_random_forest,categorical__venue_Feroz Shah Kotla,0.0006039212594835759
live_random_forest,categorical__venue_Himachal Pradesh Cricket Association Stadium,0.0005864575437466775
live_random_forest,categorical__venue_JSCA International Stadium Complex,0.0005804652132094619
live_random_forest,"categorical__venue_Punjab Cricket Association Stadium, Mohali",0.0005219111613211988
live_random_forest,categorical__batting_team_Kochi Tuskers Kerala,0.0005088085321287933
live_random_forest,"categorical__venue_Dr DY Patil Sports Academy, Mumbai",0.000492785526812915
live_random_forest,categorical__venue_Green Park,0.00048825114761102213
live_random_forest,"categorical__venue_Rajiv Gandhi International Stadium, Uppal",0.0004743189429338892
live_random_forest,"categorical__venue_Eden Gardens, Kolkata",0.0004579175532852694
live_random_forest,"categorical__venue_Brabourne Stadium, Mumbai",0.00043539821944510416
live_random_forest,categorical__venue_Dr DY Patil Sports Academy,0.0004175921849129673
live_random_forest,"categorical__venue_Arun Jaitley Stadium, Delhi",0.0004018006753902583
live_random_forest,categorical__venue_Saurashtra Cricket Association Stadium,0.000394819147580471
live_random_forest,categorical__venue_St George's Park,0.0003901033467925152
live_random_forest,categorical__venue_Arun Jaitley Stadium,0.00038550903615107776
live_random_forest,categorical__venue_Sheikh Zayed Stadium,0.0003834875482541692
live_random_forest,categorical__venue_SuperSport Park,0.0003784984076168406
live_random_forest,categorical__venue_Dr. Y.S. Rajasekhara Reddy ACA-VDCA Cricket Stadium,0.0003456673206134201
live_random_forest,categorical__venue_M.Chinnaswamy Stadium,0.00034197845690052235
live_random_forest,categorical__venue_Barabati Stadium,0.0003396737236214003
live_random_forest,"categorical__venue_Sardar Patel Stadium, Motera",0.0003315992069301703
live_random_forest,categorical__bowling_team_Kochi Tuskers Kerala,0.00032227157319360977
live_random_forest,categorical__venue_MA Chidambaram Stadium,0.0003189572939361458
live_random_forest,"categorical__venue_M Chinnaswamy Stadium, Bengaluru",0.0002991542845752601
live_random_forest,categorical__venue_New Wanderers Stadium,0.00028253179821264684
live_random_forest,"categorical__venue_Punjab Cricket Association IS Bindra Stadium, Mohali",0.0002816137248505502
live_random_forest,categorical__venue_Nehru Stadium,0.0002341484235518798
live_random_forest,categorical__venue_Brabourne Stadium,0.0002302270049365602
live_random_forest,"categorical__venue_Dr. Y.S. Rajasekhara Reddy ACA-VDCA Cricket Stadium, Visakhapatnam",0.00022408598914462204
live_random_forest,categorical__venue_Punjab Cricket Association IS Bindra Stadium,0.00021188335870675349
live_random_forest,"categorical__venue_Maharaja Yadavindra Singh International Cricket Stadium, Mullanpur",0.00012821992723433258
live_random_forest,"categorical__venue_Barsapara Cricket Stadium, Guwahati",0.0001241107660889803
live_random_forest,categorical__venue_Buffalo Park,0.00010344778035333357
live_random_forest,categorical__venue_Shaheed Veer Narayan Singh International Stadium,9.402212294268735e-05
live_random_forest,"categorical__venue_Punjab Cricket Association IS Bindra Stadium, Mohali, Chandigarh",9.296778580139633e-05
live_random_forest,categorical__venue_De Beers Diamond Oval,8.276110231152837e-05
live_random_forest,"categorical__venue_Zayed Cricket Stadium, Abu Dhabi",8.271856052991798e-05
live_random_forest,categorical__venue_OUTsurance Oval,4.016207198435469e-05
live_random_forest,"categorical__venue_Himachal Pradesh Cricket Association Stadium, Dharamsala",2.8355916183785656e-06
live_xgboost,numeric__required_run_rate,0.15397241711616516
live_xgboost,numeric__run_rate_gap,0.0803147479891777
live_xgboost,numeric__pace_ratio,0.03264670819044113
live_xgboost,numeric__balls_per_wicket,0.02666192129254341
live_xgboost,numeric__wickets_remaining,0.02339903451502323
live_xgboost,categorical__batting_team_Gujarat Titans,0.02118000201880932
live_xgboost,"categorical__venue_Sawai Mansingh Stadium, Jaipur",0.020428113639354706
live_xgboost,categorical__batting_team_Deccan Chargers,0.01812559738755226
live_xgboost,"categorical__venue_MA Chidambaram Stadium, Chepauk, Chennai",0.01803160086274147
live_xgboost,categorical__venue_Rajiv Gandhi International Stadium,0.01782209984958172
live_xgboost,"categorical__venue_Wankhede Stadium, Mumbai",0.017485085874795914
live_xgboost,"categorical__venue_Maharashtra Cricket Association Stadium, Pune",0.017165986821055412
live_xgboost,numeric__target,0.016890354454517365
live_xgboost,categorical__bowling_team_Lucknow Super Giants,0.01577778160572052
live_xgboost,categorical__venue_Holkar Cricket Stadium,0.015741081908345222
live_xgboost,categorical__bowling_team_Deccan Chargers,0.015677476301789284
live_xgboost,categorical__batting_team_Pune Warriors,0.015384958125650883
live_xgboost,categorical__bowling_team_Mumbai Indians,0.015160202980041504
live_xgboost,categorical__batting_team_Sunrisers Hyderabad,0.015065954066812992
live_xgboost,categorical__venue_Newlands,0.014082279987633228
live_xgboost,categorical__bowling_team_Gujarat Lions,0.013160442002117634
live_xgboost,categorical__bowling_team_Royal Challengers Bengaluru,0.013079577125608921
live_xgboost,categorical__batting_team_Chennai Super Kings,0.012959541752934456
live_xgboost,"categorical__venue_MA Chidambaram Stadium, Chepauk",0.012931691482663155
live_xgboost,categorical__bowling_team_Rajasthan Royals,0.012680185958743095
live_xgboost,categorical__bowling_team_Delhi Capitals,0.012536237016320229
live_xgboost,categorical__venue_M Chinnaswamy Stadium,0.012516900897026062
live_xgboost,"categorical__venue_Vidarbha Cricket Association Stadium, Jamtha",0.012366215698421001
live_xgboost,numeric__runs_needed,0.012221042066812515
live_xgboost,categorical__batting_team_Delhi Capitals,0.01218542829155922
live_xgboost,categorical__batting_team_Lucknow Super Giants,0.011346074752509594
live_xgboost,categorical__venue_New Wanderers Stadium,0.011333707720041275
live_xgboost,categorical__batting_team_Rajasthan Royals,0.01095049362629652
live_xgboost,categorical__batting_team_Mumbai Indians,0.01078039687126875
live_xgboost,categorical__bowling_team_Sunrisers Hyderabad,0.010777303017675877
live_xgboost,categorical__venue_Subrata Roy Sahara Stadium,0.010510689578950405
live_xgboost,numeric__overs_remaining,0.010243761353194714
live_xgboost,"categorical__venue_Eden Gardens, Kolkata",0.010209398344159126
live_xgboost,categorical__venue_Sawai Mansingh Stadium,0.010088535957038403
live_xgboost,categorical__venue_Himachal Pradesh Cricket Association Stadium,0.009892521426081657
live_xgboost,"categorical__venue_Arun Jaitley Stadium, Delhi",0.009512312710285187
live_xgboost,categorical__venue_Dubai International Cricket Stadium,0.009415416046977043
live_xgboost,categorical__batting_team_Kolkata Knight Riders,0.009241103194653988
live_xgboost,categorical__bowling_team_Punjab Kings,0.009120482951402664
live_xgboost,categorical__venue_Maharashtra Cricket Association Stadium,0.009119890630245209
live_xgboost,categorical__venue_Wankhede Stadium,0.00909453071653843
live_xgboost,categorical__venue_Sharjah Cricket Stadium,0.008409240283071995
live_xgboost,categorical__batting_team_Punjab Kings,0.008392577059566975
live_xgboost,categorical__venue_Kingsmead,0.00818268209695816
live_xgboost,"categorical__venue_Narendra Modi Stadium, Ahmedabad",0.007784725166857243
live_xgboost,categorical__batting_team_Royal Challengers Bengaluru,0.007610289379954338
live_xgboost,"categorical__venue_Bharat Ratna Shri Atal Bihari Vajpayee Ekana Cricket Stadium, Lucknow",0.00717830378562212
live_xgboost,categorical__bowling_team_Kochi Tuskers Kerala,0.00716382684186101
live_xgboost,categorical__batting_team_Rising Pune Supergiants,0.007115975953638554
live_xgboost,categorical__bowling_team_Gujarat Titans,0.006771529093384743
live_xgboost,categorical__batting_team_Kochi Tuskers Kerala,0.006528984755277634
live_xgboost,"categorical__venue_Punjab Cricket Association Stadium, Mohali",0.006478798110038042
live_xgboost,categorical__venue_Eden Gardens,0.00626765051856637
live_xgboost,categorical__venue_Dr DY Patil Sports Academy,0.006075028795748949
live_xgboost,categorical__venue_Arun Jaitley Stadium,0.005971856415271759
live_xgboost,categorical__batting_team_Gujarat Lions,0.005705446004867554
live_xgboost,categorical__bowling_team_Chennai Super Kings,0.005243381951004267
live_xgboost,categorical__bowling_team_Kolkata Knight Riders,0.005050291307270527
live_xgboost,categorical__venue_M.Chinnaswamy Stadium,0.005033234134316444
live_xgboost,"categorical__venue_Rajiv Gandhi International Stadium, Uppal, Hyderabad",0.0044004605151712894
live_xgboost,categorical__venue_St George's Park,0.003336400492116809
live_xgboost,numeric__current_run_rate,0.0033207859378308058
live_xgboost,categorical__venue_Dr. Y.S. Rajasekhara Reddy ACA-VDCA Cricket Stadium,0.002470926148816943
live_xgboost,numeric__current_score,0.0019983022939413786
live_xgboost,categorical__venue_SuperSport Park,0.001703621237538755
live_xgboost,categorical__venue_Feroz Shah Kotla,0.000985355582088232
live_xgboost,categorical__venue_Green Park,0.0009372172644361854
live_xgboost,numeric__balls_remaining,0.000595798366703093
live_xgboost,categorical__bowling_team_Pune Warriors,0.0
live_xgboost,categorical__bowling_team_Rising Pune Supergiants,0.0
live_xgboost,categorical__venue_Barabati Stadium,0.0
live_xgboost,"categorical__venue_Barsapara Cricket Stadium, Guwahati",0.0
live_xgboost,categorical__venue_Brabourne Stadium,0.0
live_xgboost,"categorical__venue_Brabourne Stadium, Mumbai",0.0
live_xgboost,categorical__venue_Buffalo Park,0.0
live_xgboost,categorical__venue_De Beers Diamond Oval,0.0
live_xgboost,"categorical__venue_Dr DY Patil Sports Academy, Mumbai",0.0
live_xgboost,"categorical__venue_Dr. Y.S. Rajasekhara Reddy ACA-VDCA Cricket Stadium, Visakhapatnam",0.0
live_xgboost,"categorical__venue_Himachal Pradesh Cricket Association Stadium, Dharamsala",0.0
live_xgboost,categorical__venue_JSCA International Stadium Complex,0.0
live_xgboost,"categorical__venue_M Chinnaswamy Stadium, Bengaluru",0.0
live_xgboost,categorical__venue_MA Chidambaram Stadium,0.0
live_xgboost,"categorical__venue_Maharaja Yadavindra Singh International Cricket Stadium, Mullanpur",0.0
live_xgboost,categorical__venue_Nehru Stadium,0.0
live_xgboost,categorical__venue_OUTsurance Oval,0.0
live_xgboost,categorical__venue_Punjab Cricket Association IS Bindra Stadium,0.0
live_xgboost,"categorical__venue_Punjab Cricket Association IS Bindra Stadium, Mohali",0.0
live_xgboost,"categorical__venue_Punjab Cricket Association IS Bindra Stadium, Mohali, Chandigarh",0.0
live_xgboost,"categorical__venue_Rajiv Gandhi International Stadium, Uppal",0.0
live_xgboost,"categorical__venue_Sardar Patel Stadium, Motera",0.0
live_xgboost,categorical__venue_Saurashtra Cricket Association Stadium,0.0
live_xgboost,categorical__venue_Shaheed Veer Narayan Singh International Stadium,0.0
live_xgboost,categorical__venue_Sheikh Zayed Stadium,0.0
live_xgboost,"categorical__venue_Zayed Cricket Stadium, Abu Dhabi",0.0
player_fantasy_points_rf,numeric__recent_fantasy_points,0.2917195702955397
player_fantasy_points_rf,numeric__opposition_runs_avg,0.0683639578664283
player_fantasy_points_rf,numeric__venue_runs_avg,0.05214608325233096
player_fantasy_points_rf,numeric__recent_strike_rate,0.04827564123079599
player_fantasy_points_rf,numeric__season,0.03784491907710548
player_fantasy_points_rf,numeric__recent_runs,0.03398724004585481
player_fantasy_points_rf,numeric__recent_wickets,0.031218903022412384
player_fantasy_points_rf,categorical__opposition_Pune Warriors,0.018763423817305388
player_fantasy_points_rf,categorical__player_CH Gayle,0.01820587304868686
player_fantasy_points_rf,categorical__player_KL Rahul,0.016829035182428148
player_fantasy_points_rf,categorical__player_AD Russell,0.01660709357604728
player_fantasy_points_rf,categorical__player_SR Watson,0.013917322830240449
player_fantasy_points_rf,categorical__opposition_Punjab Kings,0.011411402397453916
player_fantasy_points_rf,categorical__player_D Wiese,0.01133445850013822
player_fantasy_points_rf,categorical__player_MEK Hussey,0.010697460911709826
player_fantasy_points_rf,categorical__player_AS Joseph,0.010048337258771951
player_fantasy_points_rf,categorical__player_MR Marsh,0.008177825221076233
player_fantasy_points_rf,categorical__player_AJ Tye,0.007271372632256647
player_fantasy_points_rf,categorical__player_Azhar Mahmood,0.007059058754579427
player_fantasy_points_rf,categorical__player_JH Kallis,0.006724226671489828
player_fantasy_points_rf,categorical__venue_M Chinnaswamy Stadium,0.006178724232493413
player_fantasy_points_rf,categorical__player_PC Valthaty,0.006141562778930829
player_fantasy_points_rf,categorical__player_V Kohli,0.006043746002527592
player_fantasy_points_rf,categorical__player_Shoaib Akhtar,0.005134363273447835
player_fantasy_points_rf,categorical__player_SE Marsh,0.004802032079221796
player_fantasy_points_rf,categorical__player_SP Narine,0.004646381804129595
player_fantasy_points_rf,categorical__player_KK Cooper,0.004616070714239455
player_fantasy_points_rf,categorical__venue_Dubai International Cricket Stadium,0.0045761060974869785
player_fantasy_points_rf,categorical__player_RA Jadeja,0.004515462556705233
player_fantasy_points_rf,categorical__opposition_Mumbai Indians,0.004180560481725635
player_fantasy_points_rf,"categorical__venue_Rajiv Gandhi International Stadium, Uppal",0.004030700954429306
player_fantasy_points_rf,"categorical__venue_Eden Gardens, Kolkata",0.003889853213370892
player_fantasy_points_rf,categorical__player_PWH de Silva,0.003805598516570613
player_fantasy_points_rf,categorical__opposition_Sunrisers Hyderabad,0.0035762369083512445
player_fantasy_points_rf,categorical__player_DJ Bravo,0.0035215483999593146
player_fantasy_points_rf,categorical__player_JR Hopes,0.0034456251450702205
player_fantasy_points_rf,categorical__opposition_Gujarat Lions,0.003422090431924265
player_fantasy_points_rf,categorical__venue_Dr. Y.S. Rajasekhara Reddy ACA-VDCA Cricket Stadium,0.0033646060250637692
player_fantasy_points_rf,categorical__player_V Sehwag,0.0033601862557192923
player_fantasy_points_rf,categorical__venue_Sheikh Zayed Stadium,0.003337859268367403
player_fantasy_points_rf,categorical__venue_Eden Gardens,0.0032982462994152538
player_fantasy_points_rf,categorical__opposition_Deccan Chargers,0.0031450839160031396
player_fantasy_points_rf,categorical__opposition_Gujarat Titans,0.003094023806721377
player_fantasy_points_rf,categorical__venue_Wankhede Stadium,0.003090555882596425
player_fantasy_points_rf,categorical__player_TM Head,0.0030529578756737057
player_fantasy_points_rf,categorical__player_A Symonds,0.0029961524110763064
player_fantasy_points_rf,categorical__player_P Awana,0.0029672921009945307
player_fantasy_points_rf,categorical__player_Rashid Khan,0.0029453211646326407
player_fantasy_points_rf,categorical__player_Yuvraj Singh,0.0029244663837367157
player_fantasy_points_rf,categorical__player_Kamran Khan,0.002904388718403236
player_fantasy_points_rf,categorical__player_MA Wood,0.0028756720441819807
player_fantasy_points_rf,categorical__player_BA Stokes,0.002778899578834954
player_fantasy_points_rf,categorical__opposition_Kolkata Knight Riders,0.002763573021763556
player_fantasy_points_rf,categorical__player_G Coetzee,0.0027481144522645824
player_fantasy_points_rf,categorical__player_DA Warner,0.002733280640834813
player_fantasy_points_rf,categorical__opposition_Royal Challengers Bengaluru,0.0027297029651544213
player_fantasy_points_rf,categorical__player_CR Brathwaite,0.002627777513037346
player_fantasy_points_rf,categorical__player_CH Morris,0.0025324139385853404
player_fantasy_points_rf,categorical__team_Gujarat Titans,0.002469018150119247
player_fantasy_points_rf,categorical__player_HM Amla,0.0024654371177488805
player_fantasy_points_rf,categorical__player_JJ Bumrah,0.002404598310244844
player_fantasy_points_rf,categorical__player_SK Warne,0.0023974474052208556
player_fantasy_points_rf,categorical__team_Kolkata Knight Riders,0.0023482496985280997
player_fantasy_points_rf,categorical__opposition_Chennai Super Kings,0.002320932852665832
player_fantasy_points_rf,categorical__player_MP Stoinis,0.0023139372662144895
player_fantasy_points_rf,categorical__player_HH Pandya,0.0021527072295507536
player_fantasy_points_rf,categorical__player_A Mishra,0.002103277494258089
player_fantasy_points_rf,"categorical__venue_Brabourne Stadium, Mumbai",0.0020872392087831525
player_fantasy_points_rf,"categorical__venue_Maharashtra Cricket Association Stadium, Pune",0.00207065474614019
player_fantasy_points_rf,categorical__player_Shubman Gill,0.0019965180035592302
player_fantasy_points_rf,categorical__player_M Theekshana,0.001977359207289369
player_fantasy_points_rf,categorical__venue_Punjab Cricket Association IS Bindra Stadium,0.0019420277858358606
player_fantasy_points_rf,categorical__player_YA Abdulla,0.0018686220370611262
player_fantasy_points_rf,categorical__player_JC Buttler,0.0018679060963483962
player_fantasy_points_rf,categorical__player_JP Faulkner,0.0018083508409114308
player_fantasy_points_rf,categorical__venue_Himachal Pradesh Cricket Association Stadium,0.001780909133967062
player_fantasy_points_rf,categorical__venue_Saurashtra Cricket Association Stadium,0.001768993619151247
player_fantasy_points_rf,categorical__venue_Sawai Mansingh Stadium,0.0017589459579385942
player_fantasy_points_rf,categorical__opposition_Delhi Capitals,0.0017380938244961246
player_fantasy_points_rf,categorical__player_MC Henriques,0.001723874899435705
player_fantasy_points_rf,categorical__player_CJ Anderson,0.0017227093400129176
player_fantasy_points_rf,categorical__player_JA Morkel,0.001705171522027357
player_fantasy_points_rf,"categorical__venue_Punjab Cricket Association Stadium, Mohali",0.0016872919369663227
player_fantasy_points_rf,categorical__venue_Feroz Shah Kotla,0.0016851480681571375
player_fantasy_points_rf,categorical__player_SV Samson,0.0016363105676714441
player_fantasy_points_rf,categorical__opposition_Rajasthan Royals,0.0016258163969156488
player_fantasy_points_rf,categorical__player_KP Appanna,0.0015936666828260258
player_fantasy_points_rf,"categorical__venue_MA Chidambaram Stadium, Chepauk",0.0015828509616135729
player_fantasy_points_rf,categorical__venue_Rajiv Gandhi International Stadium,0.0015430768430123101
player_fantasy_points_rf,categorical__player_HV Patel,0.0014904362261753215
player_fantasy_points_rf,categorical__opposition_Lucknow Super Giants,0.0014593739706210164
player_fantasy_points_rf,categorical__player_Q de Kock,0.0014192830771414108
player_fantasy_points_rf,categorical__player_L Balaji,0.0013727124951492676
player_fantasy_points_rf,categorical__team_Mumbai Indians,0.0013404595276911829
player_fantasy_points_rf,categorical__player_S Dhawan,0.0013238708968965637
player_fantasy_points_rf,categorical__player_Mukesh Choudhary,0.0013235518683601712
player_fantasy_points_rf,categorical__player_Arshdeep Singh,0.0013061492985341646
player_fantasy_points_rf,categorical__player_JM Bairstow,0.0012878506939629903
player_fantasy_points_rf,categorical__player_A Zampa,0.0012805103154221126
player_fantasy_points_rf,categorical__player_Harbhajan Singh,0.0012779085661969297
player_fantasy_points_rf,categorical__player_M Markande,0.0012301140496094542
player_fantasy_points_rf,categorical__player_Umar Gul,0.0012282803956358622
player_fantasy_points_rf,categorical__player_C Green,0.0012232760644516319
player_fantasy_points_rf,categorical__player_AB de Villiers,0.001203136189778098
player_fantasy_points_rf,categorical__player_DS Kulkarni,0.001200590066253536
player_fantasy_points_rf,categorical__team_Delhi Capitals,0.0011710832917086519
player_fantasy_points_rf,categorical__player_Imran Tahir,0.0011692029993381487
player_fantasy_points_rf,categorical__player_Nithish Kumar Reddy,0.0011116285212906492
player_fantasy_points_rf,"categorical__venue_Wankhede Stadium, Mumbai",0.0011036634133625314
player_fantasy_points_rf,"categorical__venue_Narendra Modi Stadium, Ahmedabad",0.001070086256603767
player_fantasy_points_rf,categorical__player_Harpreet Brar,0.0010648617762105074
player_fantasy_points_rf,categorical__player_RG Sharma,0.0010563803695229112
player_fantasy_points_rf,categorical__player_SR Tendulkar,0.0010540303208935703
player_fantasy_points_rf,categorical__player_RM Patidar,0.001040194629212474
player_fantasy_points_rf,categorical__venue_Arun Jaitley Stadium,0.0010246606719463449
player_fantasy_points_rf,categorical__venue_Holkar Cricket Stadium,0.000998708666412096
player_fantasy_points_rf,categorical__venue_Maharashtra Cricket Association Stadium,0.0009757203494641592
player_fantasy_points_rf,categorical__player_M Pathirana,0.0009640454892502546
player_fantasy_points_rf,categorical__player_GB Hogg,0.0009630633841198966
player_fantasy_points_rf,categorical__player_S Narwal,0.000954524598545645
player_fantasy_points_rf,categorical__player_M Ntini,0.0009339050314249369
player_fantasy_points_rf,categorical__player_ST Jayasuriya,0.0009120994791233256
player_fantasy_points_rf,"categorical__venue_Vidarbha Cricket Association Stadium, Jamtha",0.0008961409109187772
player_fantasy_points_rf,categorical__venue_Brabourne Stadium,0.0008516853173159438
player_fantasy_points_rf,categorical__player_Umran Malik,0.0008380810658130459
player_fantasy_points_rf,categorical__player_AR Patel,0.000830457574299173
player_fantasy_points_rf,categorical__venue_Dr DY Patil Sports Academy,0.0008193358586053971
player_fantasy_points_rf,categorical__player_Sohail Tanvir,0.0008114346218669471
player_fantasy_points_rf,categorical__player_SM Curran,0.0008059482182137057
player_fantasy_points_rf,categorical__player_Z Khan,0.0007804668123378288
player_fantasy_points_rf,categorical__venue_New Wanderers Stadium,0.0007616675950711779
player_fantasy_points_rf,"categorical__venue_Dr DY Patil Sports Academy, Mumbai",0.0007616478747723416
player_fantasy_points_rf,categorical__player_ML Hayden,0.0007409124759163301
player_fantasy_points_rf,categorical__player_OF Smith,0.0007365864446993955
player_fantasy_points_rf,categorical__player_N Rana,0.0007158137265348801
player_fantasy_points_rf,categorical__team_Royal Challengers Bengaluru,0.0006812095726819761
player_fantasy_points_rf,categorical__venue_St George's Park,0.0006740959309357152
player_fantasy_points_rf,categorical__player_PD Salt,0.0006682842232514882
player_fantasy_points_rf,categorical__team_Chennai Super Kings,0.0006626313938024631
player_fantasy_points_rf,categorical__player_WG Jacks,0.0006524295877098325
player_fantasy_points_rf,categorical__player_JC Archer,0.0006445362399996138
player_fantasy_points_rf,categorical__player_DJ Hussey,0.0006309271519164961
player_fantasy_points_rf,categorical__player_JR Hazlewood,0.0006115185861241818
player_fantasy_points_rf,categorical__team_Lucknow Super Giants,0.000606745191506168
player_fantasy_points_rf,categorical__player_PD Collingwood,0.0005975081119282526
player_fantasy_points_rf,categorical__player_SK Raina,0.00059404079202019
player_fantasy_points_rf,categorical__player_RD Gaikwad,0.0005774499731962512
player_fantasy_points_rf,categorical__team_Punjab Kings,0.0005728185255829433
player_fantasy_points_rf,categorical__player_A Chandila,0.000565176297793261
player_fantasy_points_rf,categorical__player_KMA Paul,0.0005581014657224918
player_fantasy_points_rf,categorical__venue_SuperSport Park,0.0005553267109514097
player_fantasy_points_rf,categorical__player_DJG Sammy,0.0005541445114921412
player_fantasy_points_rf,"categorical__venue_MA Chidambaram Stadium, Chepauk, Chennai",0.0005391655841765426
player_fantasy_points_rf,categorical__player_DR Smith,0.000538437589858641
player_fantasy_points_rf,categorical__player_Ramandeep Singh,0.000535706429124216
player_fantasy_points_rf,categorical__player_Rahmanullah Gurbaz,0.0005274981330548663
player_fantasy_points_rf,categorical__player_J Theron,0.0005191252495499596
player_fantasy_points_rf,categorical__player_YS Chahal,0.0005168647914252183
player_fantasy_points_rf,categorical__player_LMP Simmons,0.0004948248524709872
player_fantasy_points_rf,categorical__team_Pune Warriors,0.0004938853174209643
player_fantasy_points_rf,categorical__player_Mohammed Siraj,0.0004902001510442677
player_fantasy_points_rf,categorical__player_KR Mayers,0.00048625575081450914
player_fantasy_points_rf,"categorical__venue_M Chinnaswamy Stadium, Bengaluru",0.00048238163527328714
player_fantasy_points_rf,categorical__player_Sandeep Sharma,0.0004813550013796418
player_fantasy_points_rf,categorical__player_PJ Cummins,0.00046822120985227456
player_fantasy_points_rf,categorical__player_Iqbal Abdulla,0.00046257725671418364
player_fantasy_points_rf,categorical__player_MM Patel,0.0004526066199877165
player_fantasy_points_rf,"categorical__venue_Rajiv Gandhi International Stadium, Uppal, Hyderabad",0.0004354091342455338
player_fantasy_points_rf,categorical__player_Akash Madhwal,0.00043379308934455505
player_fantasy_points_rf,categorical__player_S Nadeem,0.00043320920181941236
player_fantasy_points_rf,categorical__team_Rajasthan Royals,0.00043275394877199827
player_fantasy_points_rf,categorical__player_D Padikkal,0.00042832538004853823
player_fantasy_points_rf,categorical__player_LS Livingstone,0.0004261517837486113
player_fantasy_points_rf,categorical__player_Y Venugopal Rao,0.00042493829240624584
player_fantasy_points_rf,categorical__player_Mustafizur Rahman,0.00041707178647071557
player_fantasy_points_rf,categorical__player_SM Katich,0.0004159212269643906
player_fantasy_points_rf,categorical__venue_Kingsmead,0.0004138442493018313
player_fantasy_points_rf,categorical__player_DAJ Bracewell,0.0004136220169178956
player_fantasy_points_rf,categorical__player_JEC Franklin,0.00039493113919634684
player_fantasy_points_rf,categorical__player_VRV Singh,0.0003916462076982738
player_fantasy_points_rf,categorical__player_NM Coulter-Nile,0.0003864412182639291
player_fantasy_points_rf,"categorical__venue_Sawai Mansingh Stadium, Jaipur",0.0003810067950348616
player_fantasy_points_rf,categorical__venue_M.Chinnaswamy Stadium,0.00038006804786601693
player_fantasy_points_rf,categorical__player_SC Ganguly,0.0003758417678813746
player_fantasy_points_rf,"categorical__venue_Barsapara Cricket Stadium, Guwahati",0.0003717630297434967
player_fantasy_points_rf,categorical__player_HC Brook,0.0003692590697145545
player_fantasy_points_rf,categorical__player_R Powell,0.0003636491697237388
player_fantasy_points_rf,categorical__player_K Rabada,0.0003605531933447067
player_fantasy_points_rf,categorical__player_RJ Peterson,0.00035902826801115944
player_fantasy_points_rf,categorical__player_F du Plessis,0.00034311221509961506
player_fantasy_points_rf,categorical__player_GJ Maxwell,0.00033804005179342313
player_fantasy_points_rf,categorical__player_AD Mathews,0.000337782767818025
player_fantasy_points_rf,categorical__player_GC Smith,0.0003296158129640074
player_fantasy_points_rf,"categorical__venue_Sardar Patel Stadium, Motera",0.0003259497927700038
player_fantasy_points_rf,categorical__player_DP Conway,0.0003109735026840816
player_fantasy_points_rf,categorical__venue_JSCA International Stadium Complex,0.0003108299123488167
player_fantasy_points_rf,categorical__player_S Aravind,0.00030348660171594194
player_fantasy_points_rf,categorical__player_CJ Jordan,0.00029718027428640514
player_fantasy_points_rf,categorical__player_Shahid Afridi,0.000289665235940932
player_fantasy_points_rf,categorical__player_NV Ojha,0.00028610877432018304
player_fantasy_points_rf,categorical__opposition_Rising Pune Supergiants,0.00022649579309834446
player_fantasy_points_rf,"categorical__venue_Zayed Cricket Stadium, Abu Dhabi",0.00019718203701260995
player_fantasy_points_rf,categorical__player_MG Johnson,0.00018334105904007096
player_fantasy_points_rf,categorical__player_SPD Smith,0.00015932968369366968
player_fantasy_points_rf,categorical__player_BJ Hodge,0.00014324394330156176
player_fantasy_points_rf,"categorical__venue_Himachal Pradesh Cricket Association Stadium, Dharamsala",0.00011933068261065338
player_fantasy_points_rf,categorical__player_SW Tait,8.155217824729988e-05
player_fantasy_points_rf,categorical__player_MK Pandey,8.012815435103894e-05
player_fantasy_points_rf,"categorical__venue_Bharat Ratna Shri Atal Bihari Vajpayee Ekana Cricket Stadium, Lucknow",7.431251796217435e-05
player_fantasy_points_rf,categorical__venue_Sharjah Cricket Stadium,5.513399050818041e-05
player_fantasy_points_rf,categorical__venue_Subrata Roy Sahara Stadium,2.8815138798274717e-05
player_fantasy_points_rf,categorical__player_M Muralitharan,2.2573500844907352e-05
player_fantasy_points_rf,categorical__player_SB Jakati,9.727827988041887e-06
player_fantasy_points_rf,categorical__team_Rising Pune Supergiants,7.682597878871804e-06
player_fantasy_points_rf,"categorical__venue_Arun Jaitley Stadium, Delhi",0.0
player_fantasy_points_rf,categorical__venue_Barabati Stadium,0.0
player_fantasy_points_rf,categorical__venue_Buffalo Park,0.0
player_fantasy_points_rf,categorical__venue_De Beers Diamond Oval,0.0
player_fantasy_points_rf,"categorical__venue_Dr. Y.S. Rajasekhara Reddy ACA-VDCA Cricket Stadium, Visakhapatnam",0.0
player_fantasy_points_rf,categorical__venue_Green Park,0.0
player_fantasy_points_rf,categorical__venue_MA Chidambaram Stadium,0.0
player_fantasy_points_rf,"categorical__venue_Maharaja Yadavindra Singh International Cricket Stadium, Mullanpur",0.0
player_fantasy_points_rf,categorical__venue_Nehru Stadium,0.0
player_fantasy_points_rf,categorical__venue_Newlands,0.0
player_fantasy_points_rf,categorical__venue_OUTsurance Oval,0.0
player_fantasy_points_rf,"categorical__venue_Punjab Cricket Association IS Bindra Stadium, Mohali",0.0
player_fantasy_points_rf,"categorical__venue_Punjab Cricket Association IS Bindra Stadium, Mohali, Chandigarh",0.0
player_fantasy_points_rf,categorical__venue_Shaheed Veer Narayan Singh International Stadium,0.0
player_fantasy_points_rf,categorical__team_Deccan Chargers,0.0
player_fantasy_points_rf,categorical__team_Gujarat Lions,0.0
player_fantasy_points_rf,categorical__team_Kochi Tuskers Kerala,0.0
player_fantasy_points_rf,categorical__team_Sunrisers Hyderabad,0.0
player_fantasy_points_rf,categorical__opposition_Kochi Tuskers Kerala,0.0
player_fantasy_points_rf,categorical__player_A Ashish Reddy,0.0
player_fantasy_points_rf,categorical__player_A Badoni,0.0
player_fantasy_points_rf,categorical__player_A Chopra,0.0
player_fantasy_points_rf,categorical__player_A Choudhary,0.0
player_fantasy_points_rf,categorical__player_A Dananjaya,0.0
player_fantasy_points_rf,categorical__player_A Flintoff,0.0
player_fantasy_points_rf,categorical__player_A Kamboj,0.0
player_fantasy_points_rf,categorical__player_A Kumble,0.0
player_fantasy_points_rf,categorical__player_A Manohar,0.0
player_fantasy_points_rf,categorical__player_A Mithun,0.0
player_fantasy_points_rf,categorical__player_A Mukund,0.0
player_fantasy_points_rf,categorical__player_A Nehra,0.0
player_fantasy_points_rf,categorical__player_A Nel,0.0
player_fantasy_points_rf,categorical__player_A Nortje,0.0
player_fantasy_points_rf,categorical__player_A Raghuvanshi,0.0
player_fantasy_points_rf,categorical__player_A Singh,0.0
player_fantasy_points_rf,categorical__player_A Uniyal,0.0
player_fantasy_points_rf,categorical__player_AA Bilakhia,0.0
player_fantasy_points_rf,categorical__player_AA Chavan,0.0
player_fantasy_points_rf,categorical__player_AA Jhunjhunwala,0.0
player_fantasy_points_rf,categorical__player_AA Kazi,0.0
player_fantasy_points_rf,categorical__player_AA Kulkarni,0.0
player_fantasy_points_rf,categorical__player_AA Noffke,0.0
player_fantasy_points_rf,categorical__player_AB Agarkar,0.0
player_fantasy_points_rf,categorical__player_AB Barath,0.0
player_fantasy_points_rf,categorical__player_AB Dinda,0.0
player_fantasy_points_rf,categorical__player_AB McDonald,0.0
player_fantasy_points_rf,categorical__player_AC Blizzard,0.0
player_fantasy_points_rf,categorical__player_AC Gilchrist,0.0
player_fantasy_points_rf,categorical__player_AC Thomas,0.0
player_fantasy_points_rf,categorical__player_AC Voges,0.0
player_fantasy_points_rf,categorical__player_AD Hales,0.0
player_fantasy_points_rf,categorical__player_AD Mascarenhas,0.0
player_fantasy_points_rf,categorical__player_AD Nath,0.0
player_fantasy_points_rf,categorical__player_AF Milne,0.0
player_fantasy_points_rf,categorical__player_AG Murtaza,0.0
player_fantasy_points_rf,categorical__player_AG Paunikar,0.0
player_fantasy_points_rf,categorical__player_AJ Finch,0.0
player_fantasy_points_rf,categorical__player_AJ Hosein,0.0
player_fantasy_points_rf,categorical__player_AJ Turner,0.0
player_fantasy_points_rf,categorical__player_AK Markram,0.0
player_fantasy_points_rf,categorical__player_AL Menaria,0.0
player_fantasy_points_rf,categorical__player_AM Nayar,0.0
player_fantasy_points_rf,categorical__player_AM Rahane,0.0
player_fantasy_points_rf,categorical__player_AM Salvi,0.0
player_fantasy_points_rf,categorical__player_AN Ahmed,0.0
player_fantasy_points_rf,categorical__player_AN Ghosh,0.0
player_fantasy_points_rf,categorical__player_AP Dole,0.0
player_fantasy_points_rf,categorical__player_AP Majumdar,0.0
player_fantasy_points_rf,categorical__player_AP Tare,0.0
player_fantasy_points_rf,categorical__player_AR Bawne,0.0
player_fantasy_points_rf,categorical__player_AS Rajpoot,0.0
player_fantasy_points_rf,categorical__player_AS Raut,0.0
player_fantasy_points_rf,categorical__player_AS Roy,0.0
player_fantasy_points_rf,categorical__player_AS Yadav,0.0
player_fantasy_points_rf,categorical__player_AT Carey,0.0
player_fantasy_points_rf,categorical__player_AT Rayudu,0.0
player_fantasy_points_rf,categorical__player_AU Rashid,0.0
player_fantasy_points_rf,categorical__player_AUK Pathan,0.0
player_fantasy_points_rf,categorical__player_Abdul Basith,0.0
player_fantasy_points_rf,categorical__player_Abdul Samad,0.0
player_fantasy_points_rf,categorical__player_Abhishek Sharma,0.0
player_fantasy_points_rf,categorical__player_Abishek Porel,0.0
player_fantasy_points_rf,categorical__player_Akash Deep,0.0
player_fantasy_points_rf,categorical__player_Akash Singh,0.0
player_fantasy_points_rf,categorical__player_Aman Hakim Khan,0.0
player_fantasy_points_rf,categorical__player_Anand Rajan,0.0
player_fantasy_points_rf,categorical__player_Anirudh Singh,0.0
player_fantasy_points_rf,categorical__player_Ankit Sharma,0.0
player_fantasy_points_rf,categorical__player_Ankit Soni,0.0
player_fantasy_points_rf,categorical__player_Anmolpreet Singh,0.0
player_fantasy_points_rf,categorical__player_Anuj Rawat,0.0
player_fantasy_points_rf,categorical__player_Anureet Singh,0.0
player_fantasy_points_rf,categorical__player_Arjun Tendulkar,0.0
player_fantasy_points_rf,categorical__player_Arshad Khan,0.0
player_fantasy_points_rf,categorical__player_Ashutosh Sharma,0.0
player_fantasy_points_rf,categorical__player_Atharva Taide,0.0
player_fantasy_points_rf,categorical__player_Avesh Khan,0.0
player_fantasy_points_rf,categorical__player_Azmatullah Omarzai,0.0
player_fantasy_points_rf,categorical__player_B Akhil,0.0
player_fantasy_points_rf,categorical__player_B Chipli,0.0
player_fantasy_points_rf,categorical__player_B Geeves,0.0
player_fantasy_points_rf,categorical__player_B Indrajith,0.0
player_fantasy_points_rf,categorical__player_B Kumar,0.0
player_fantasy_points_rf,categorical__player_B Laughlin,0.0
player_fantasy_points_rf,categorical__player_B Lee,0.0
player_fantasy_points_rf,categorical__player_B Sai Sudharsan,0.0
player_fantasy_points_rf,categorical__player_B Stanlake,0.0
player_fantasy_points_rf,categorical__player_B Sumanth,0.0
player_fantasy_points_rf,categorical__player_BA Bhatt,0.0
player_fantasy_points_rf,categorical__player_BAW Mendis,0.0
player_fantasy_points_rf,categorical__player_BB McCullum,0.0
player_fantasy_points_rf,categorical__player_BB Samantray,0.0
player_fantasy_points_rf,categorical__player_BB Sran,0.0
player_fantasy_points_rf,categorical__player_BCJ Cutting,0.0
player_fantasy_points_rf,categorical__player_BE Hendricks,0.0
player_fantasy_points_rf,categorical__player_BJ Haddin,0.0
player_fantasy_points_rf,categorical__player_BJ Rohrer,0.0
player_fantasy_points_rf,categorical__player_BMAJ Mendis,0.0
player_fantasy_points_rf,categorical__player_BR Dunk,0.0
player_fantasy_points_rf,categorical__player_BW Hilfenhaus,0.0
player_fantasy_points_rf,categorical__player_Basil Thampi,0.0
player_fantasy_points_rf,categorical__player_Bipul Sharma,0.0
player_fantasy_points_rf,categorical__player_C Ganapathy,0.0
player_fantasy_points_rf,categorical__player_C Madan,0.0
player_fantasy_points_rf,categorical__player_C Munro,0.0
player_fantasy_points_rf,categorical__player_C Nanda,0.0
player_fantasy_points_rf,categorical__player_C Sakariya,0.0
player_fantasy_points_rf,categorical__player_C de Grandhomme,0.0
player_fantasy_points_rf,categorical__player_CA Ingram,0.0
player_fantasy_points_rf,categorical__player_CA Lynn,0.0
player_fantasy_points_rf,categorical__player_CA Pujara,0.0
player_fantasy_points_rf,categorical__player_CJ Dala,0.0
player_fantasy_points_rf,categorical__player_CJ Ferguson,0.0
player_fantasy_points_rf,categorical__player_CJ McKay,0.0
player_fantasy_points_rf,categorical__player_CK Kapugedera,0.0
player_fantasy_points_rf,categorical__player_CK Langeveldt,0.0
player_fantasy_points_rf,categorical__player_CL White,0.0
player_fantasy_points_rf,categorical__player_CM Gautam,0.0
player_fantasy_points_rf,categorical__player_CR Woakes,0.0
player_fantasy_points_rf,categorical__player_CRD Fernando,0.0
player_fantasy_points_rf,categorical__player_CV Varun,0.0
player_fantasy_points_rf,categorical__player_D Brevis,0.0
player_fantasy_points_rf,categorical__player_D Ferreira,0.0
player_fantasy_points_rf,categorical__player_D Jansen,0.0
player_fantasy_points_rf,categorical__player_D Kalyankrishna,0.0
player_fantasy_points_rf,categorical__player_D Pretorius,0.0
player_fantasy_points_rf,categorical__player_D Salunkhe,0.0
player_fantasy_points_rf,categorical__player_D du Preez,0.0
player_fantasy_points_rf,categorical__player_DA Miller,0.0
player_fantasy_points_rf,categorical__player_DB Das,0.0
player_fantasy_points_rf,categorical__player_DB Ravi Teja,0.0
player_fantasy_points_rf,categorical__player_DE Bollinger,0.0
player_fantasy_points_rf,categorical__player_DG Nalkande,0.0
player_fantasy_points_rf,categorical__player_DH Yagnik,0.0
player_fantasy_points_rf,categorical__player_DJ Harris,0.0
player_fantasy_points_rf,categorical__player_DJ Hooda,0.0
player_fantasy_points_rf,categorical__player_DJ Jacobs,0.0
player_fantasy_points_rf,categorical__player_DJ Mitchell,0.0
player_fantasy_points_rf,categorical__player_DJ Muthuswami,0.0
player_fantasy_points_rf,categorical__player_DJ Thornely,0.0
player_fantasy_points_rf,categorical__player_DJ Willey,0.0
player_fantasy_points_rf,categorical__player_DJM Short,0.0
player_fantasy_points_rf,categorical__player_DL Chahar,0.0
player_fantasy_points_rf,categorical__player_DL Vettori,0.0
player_fantasy_points_rf,categorical__player_DNT Zoysa,0.0
player_fantasy_points_rf,categorical__player_DP Nannes,0.0
player_fantasy_points_rf,categorical__player_DP Vijaykumar,0.0
player_fantasy_points_rf,categorical__player_DPMD Jayawardene,0.0
player_fantasy_points_rf,categorical__player_DR Sams,0.0
player_fantasy_points_rf,categorical__player_DR Shorey,0.0
player_fantasy_points_rf,categorical__player_DS Lehmann,0.0
player_fantasy_points_rf,categorical__player_DT Christian,0.0
player_fantasy_points_rf,categorical__player_DT Patil,0.0
player_fantasy_points_rf,categorical__player_DW Steyn,0.0
player_fantasy_points_rf,categorical__player_Dhruv Jurel,0.0
player_fantasy_points_rf,categorical__player_E Lewis,0.0
player_fantasy_points_rf,categorical__player_EJG Morgan,0.0
player_fantasy_points_rf,categorical__player_ER Dwivedi,0.0
player_fantasy_points_rf,categorical__player_F Behardien,0.0
player_fantasy_points_rf,categorical__player_FA Allen,0.0
player_fantasy_points_rf,categorical__player_FH Edwards,0.0
player_fantasy_points_rf,categorical__player_FY Fazal,0.0
player_fantasy_points_rf,categorical__player_Fazalhaq Farooqi,0.0
player_fantasy_points_rf,categorical__player_G Gambhir,0.0
player_fantasy_points_rf,categorical__player_GC Viljoen,0.0
player_fantasy_points_rf,categorical__player_GD McGrath,0.0
player_fantasy_points_rf,categorical__player_GD Phillips,0.0
player_fantasy_points_rf,categorical__player_GH Vihari,0.0
player_fantasy_points_rf,categorical__player_GHS Garton,0.0
player_fantasy_points_rf,categorical__player_GJ Bailey,0.0
player_fantasy_points_rf,categorical__player_GR Napier,0.0
player_fantasy_points_rf,categorical__player_Gagandeep Singh,0.0
player_fantasy_points_rf,categorical__player_Gulbadin Naib,0.0
player_fantasy_points_rf,categorical__player_Gurkeerat Singh,0.0
player_fantasy_points_rf,categorical__player_Gurnoor Brar,0.0
player_fantasy_points_rf,categorical__player_H Das,0.0
player_fantasy_points_rf,categorical__player_H Klaasen,0.0
player_fantasy_points_rf,categorical__player_H Sharma,0.0
player_fantasy_points_rf,categorical__player_HE van der Dussen,0.0
player_fantasy_points_rf,categorical__player_HF Gurney,0.0
player_fantasy_points_rf,categorical__player_HH Gibbs,0.0
player_fantasy_points_rf,categorical__player_HR Shokeen,0.0
player_fantasy_points_rf,categorical__player_Harmeet Singh,0.0
player_fantasy_points_rf,categorical__player_Harpreet Singh,0.0
player_fantasy_points_rf,categorical__player_Harshit Rana,0.0
player_fantasy_points_rf,categorical__player_I Sharma,0.0
player_fantasy_points_rf,categorical__player_I Udana,0.0
player_fantasy_points_rf,categorical__player_IC Pandey,0.0
player_fantasy_points_rf,categorical__player_IC Porel,0.0
player_fantasy_points_rf,categorical__player_IK Pathan,0.0
player_fantasy_points_rf,categorical__player_IR Jaggi,0.0
player_fantasy_points_rf,categorical__player_IS Sodhi,0.0
player_fantasy_points_rf,categorical__player_Ishan Kishan,0.0
player_fantasy_points_rf,categorical__player_J Arunkumar,0.0
player_fantasy_points_rf,categorical__player_J Botha,0.0
player_fantasy_points_rf,categorical__player_J Fraser-McGurk,0.0
player_fantasy_points_rf,categorical__player_J Little,0.0
player_fantasy_points_rf,categorical__player_J Suchith,0.0
player_fantasy_points_rf,categorical__player_J Syed Mohammad,0.0
player_fantasy_points_rf,categorical__player_J Yadav,0.0
player_fantasy_points_rf,categorical__player_JA Richardson,0.0
player_fantasy_points_rf,categorical__player_JD Ryder,0.0
player_fantasy_points_rf,categorical__player_JD Unadkat,0.0
player_fantasy_points_rf,categorical__player_JDP Oram,0.0
player_fantasy_points_rf,categorical__player_JDS Neesham,0.0
player_fantasy_points_rf,categorical__player_JE Taylor,0.0
player_fantasy_points_rf,categorical__player_JJ Roy,0.0
player_fantasy_points_rf,categorical__player_JJ van der Wath,0.0
player_fantasy_points_rf,categorical__player_JL Denly,0.0
player_fantasy_points_rf,categorical__player_JL Pattinson,0.0
player_fantasy_points_rf,categorical__player_JM Kemp,0.0
player_fantasy_points_rf,categorical__player_JM Sharma,0.0
player_fantasy_points_rf,categorical__player_JO Holder,0.0
player_fantasy_points_rf,categorical__player_JP Behrendorff,0.0
player_fantasy_points_rf,categorical__player_JP Duminy,0.0
player_fantasy_points_rf,categorical__player_JPR Scantlebury-Searles,0.0
player_fantasy_points_rf,categorical__player_JR Philippe,0.0
player_fantasy_points_rf,categorical__player_JW Hastings,0.0
player_fantasy_points_rf,categorical__player_Jalaj S Saxena,0.0
player_fantasy_points_rf,categorical__player_Jaskaran Singh,0.0
player_fantasy_points_rf,categorical__player_Joginder Sharma,0.0
player_fantasy_points_rf,categorical__player_K Goel,0.0
player_fantasy_points_rf,categorical__player_K Gowtham,0.0
player_fantasy_points_rf,categorical__player_K Kartikeya,0.0
player_fantasy_points_rf,categorical__player_K Khejroliya,0.0
player_fantasy_points_rf,categorical__player_K Santokie,0.0
player_fantasy_points_rf,categorical__player_K Upadhyay,0.0
player_fantasy_points_rf,categorical__player_K Yadav,0.0
player_fantasy_points_rf,categorical__player_KA Jamieson,0.0
player_fantasy_points_rf,categorical__player_KA Maharaj,0.0
player_fantasy_points_rf,categorical__player_KA Pollard,0.0
player_fantasy_points_rf,categorical__player_KAJ Roach,0.0
player_fantasy_points_rf,categorical__player_KB Arun Karthik,0.0
player_fantasy_points_rf,categorical__player_KC Cariappa,0.0
player_fantasy_points_rf,categorical__player_KC Sangakkara,0.0
player_fantasy_points_rf,categorical__player_KD Karthik,0.0
player_fantasy_points_rf,categorical__player_KH Pandya,0.0
player_fantasy_points_rf,categorical__player_KJ Abbott,0.0
player_fantasy_points_rf,categorical__player_KK Ahmed,0.0
player_fantasy_points_rf,categorical__player_KK Nair,0.0
player_fantasy_points_rf,categorical__player_KL Nagarkoti,0.0
player_fantasy_points_rf,categorical__player_KM Asif,0.0
player_fantasy_points_rf,categorical__player_KM Jadhav,0.0
player_fantasy_points_rf,categorical__player_KMDN Kulasekara,0.0
player_fantasy_points_rf,categorical__player_KP Pietersen,0.0
player_fantasy_points_rf,categorical__player_KR Sen,0.0
player_fantasy_points_rf,categorical__player_KS Bharat,0.0
player_fantasy_points_rf,categorical__player_KS Sharma,0.0
player_fantasy_points_rf,categorical__player_KS Williamson,0.0
player_fantasy_points_rf,categorical__player_KT Maphaka,0.0
player_fantasy_points_rf,categorical__player_KV Sharma,0.0
player_fantasy_points_rf,categorical__player_KW Richardson,0.0
player_fantasy_points_rf,categorical__player_Kamran Akmal,0.0
player_fantasy_points_rf,categorical__player_Karanveer Singh,0.0
player_fantasy_points_rf,categorical__player_Kartik Tyagi,0.0
player_fantasy_points_rf,categorical__player_Kuldeep Yadav,0.0
player_fantasy_points_rf,categorical__player_Kumar Kushagra,0.0
player_fantasy_points_rf,categorical__player_L Ablish,0.0
player_fantasy_points_rf,categorical__player_L Ngidi,0.0
player_fantasy_points_rf,categorical__player_L Ronchi,0.0
player_fantasy_points_rf,categorical__player_L Wood,0.0
player_fantasy_points_rf,categorical__player_LA Carseldine,0.0
player_fantasy_points_rf,categorical__player_LA Pomersbach,0.0
player_fantasy_points_rf,categorical__player_LB Williams,0.0
player_fantasy_points_rf,categorical__player_LE Plunkett,0.0
player_fantasy_points_rf,categorical__player_LH Ferguson,0.0
player_fantasy_points_rf,categorical__player_LI Meriwala,0.0
player_fantasy_points_rf,categorical__player_LJ Wright,0.0
player_fantasy_points_rf,categorical__player_LPC Silva,0.0
player_fantasy_points_rf,categorical__player_LR Shukla,0.0
player_fantasy_points_rf,categorical__player_LRPL Taylor,0.0
player_fantasy_points_rf,categorical__player_Lalit Yadav,0.0
player_fantasy_points_rf,categorical__player_M Ashwin,0.0
player_fantasy_points_rf,categorical__player_M Jansen,0.0
player_fantasy_points_rf,categorical__player_M Kaif,0.0
player_fantasy_points_rf,categorical__player_M Kartik,0.0
player_fantasy_points_rf,categorical__player_M Klinger,0.0
player_fantasy_points_rf,categorical__player_M Manhas,0.0
player_fantasy_points_rf,categorical__player_M Morkel,0.0
player_fantasy_points_rf,categorical__player_M Prasidh Krishna,0.0
player_fantasy_points_rf,categorical__player_M Rawat,0.0
player_fantasy_points_rf,categorical__player_M Shahrukh Khan,0.0
player_fantasy_points_rf,categorical__player_M Siddharth,0.0
player_fantasy_points_rf,categorical__player_M Vijay,0.0
player_fantasy_points_rf,categorical__player_M Vohra,0.0
player_fantasy_points_rf,categorical__player_M de Lange,0.0
player_fantasy_points_rf,categorical__player_MA Agarwal,0.0
player_fantasy_points_rf,categorical__player_MA Khote,0.0
player_fantasy_points_rf,categorical__player_MA Starc,0.0
player_fantasy_points_rf,categorical__player_MC Juneja,0.0
player_fantasy_points_rf,categorical__player_MD Mishra,0.0
player_fantasy_points_rf,categorical__player_MD Shanaka,0.0
player_fantasy_points_rf,categorical__player_MDKJ Perera,0.0
player_fantasy_points_rf,categorical__player_MF Maharoof,0.0
player_fantasy_points_rf,categorical__player_MG Bracewell,0.0
player_fantasy_points_rf,categorical__player_MJ Clarke,0.0
player_fantasy_points_rf,categorical__player_MJ Guptill,0.0
player_fantasy_points_rf,categorical__player_MJ Henry,0.0
player_fantasy_points_rf,categorical__player_MJ Lumb,0.0
player_fantasy_points_rf,categorical__player_MJ McClenaghan,0.0
player_fantasy_points_rf,categorical__player_MJ Santner,0.0
player_fantasy_points_rf,categorical__player_MJ Suthar,0.0
player_fantasy_points_rf,categorical__player_MK Lomror,0.0
player_fantasy_points_rf,categorical__player_MK Tiwary,0.0
player_fantasy_points_rf,categorical__player_MM Ali,0.0
player_fantasy_points_rf,categorical__player_MM Sharma,0.0
player_fantasy_points_rf,categorical__player_MN Samuels,0.0
player_fantasy_points_rf,categorical__player_MN van Wyk,0.0
player_fantasy_points_rf,categorical__player_MP Yadav,0.0
player_fantasy_points_rf,categorical__player_MS Bisla,0.0
player_fantasy_points_rf,categorical__player_MS Dhoni,0.0
player_fantasy_points_rf,categorical__player_MS Gony,0.0
player_fantasy_points_rf,categorical__player_MS Wade,0.0
player_fantasy_points_rf,categorical__player_MV Boucher,0.0
player_fantasy_points_rf,categorical__player_MW Short,0.0
player_fantasy_points_rf,categorical__player_Mandeep Singh,0.0
player_fantasy_points_rf,categorical__player_Mashrafe Mortaza,0.0
player_fantasy_points_rf,categorical__player_Mayank Dagar,0.0
player_fantasy_points_rf,categorical__player_Misbah-ul-Haq,0.0
player_fantasy_points_rf,categorical__player_Mohammad Ashraful,0.0
player_fantasy_points_rf,categorical__player_Mohammad Asif,0.0
player_fantasy_points_rf,categorical__player_Mohammad Hafeez,0.0
player_fantasy_points_rf,categorical__player_Mohammad Nabi,0.0
player_fantasy_points_rf,categorical__player_Mohammed Shami,0.0
player_fantasy_points_rf,categorical__player_Mohit Rathee,0.0
player_fantasy_points_rf,categorical__player_Mohsin Khan,0.0
player_fantasy_points_rf,categorical__player_Monu Kumar,0.0
player_fantasy_points_rf,categorical__player_Mujeeb Ur Rahman,0.0
player_fantasy_points_rf,categorical__player_Mukesh Kumar,0.0
player_fantasy_points_rf,categorical__player_N Burger,0.0
player_fantasy_points_rf,categorical__player_N Jagadeesan,0.0
player_fantasy_points_rf,categorical__player_N Pooran,0.0
player_fantasy_points_rf,categorical__player_N Saini,0.0
player_fantasy_points_rf,categorical__player_N Thushara,0.0
player_fantasy_points_rf,categorical__player_N Wadhera,0.0
player_fantasy_points_rf,categorical__player_NA Saini,0.0
player_fantasy_points_rf,categorical__player_NB Singh,0.0
player_fantasy_points_rf,categorical__player_ND Doshi,0.0
player_fantasy_points_rf,categorical__player_NJ Maddinson,0.0
player_fantasy_points_rf,categorical__player_NK Patel,0.0
player_fantasy_points_rf,categorical__player_NL McCullum,0.0
player_fantasy_points_rf,categorical__player_NLTC Perera,0.0
player_fantasy_points_rf,categorical__player_NS Naik,0.0
player_fantasy_points_rf,categorical__player_NT Ellis,0.0
player_fantasy_points_rf,categorical__player_Naman Dhir,0.0
player_fantasy_points_rf,categorical__player_Navdeep Saini,0.0
player_fantasy_points_rf,categorical__player_Naveen-ul-Haq,0.0
player_fantasy_points_rf,categorical__player_Noor Ahmad,0.0
player_fantasy_points_rf,categorical__player_O Thomas,0.0
player_fantasy_points_rf,categorical__player_OA Shah,0.0
player_fantasy_points_rf,categorical__player_OC McCoy,0.0
player_fantasy_points_rf,categorical__player_P Amarnath,0.0
player_fantasy_points_rf,categorical__player_P Chopra,0.0
player_fantasy_points_rf,categorical__player_P Dogra,0.0
player_fantasy_points_rf,categorical__player_P Dubey,0.0
player_fantasy_points_rf,categorical__player_P Kumar,0.0
player_fantasy_points_rf,categorical__player_P Negi,0.0
player_fantasy_points_rf,categorical__player_P Parameswaran,0.0
player_fantasy_points_rf,categorical__player_P Prasanth,0.0
player_fantasy_points_rf,categorical__player_P Ray Barman,0.0
player_fantasy_points_rf,categorical__player_P Sahu,0.0
player_fantasy_points_rf,categorical__player_P Simran Singh,0.0
player_fantasy_points_rf,categorical__player_P Suyal,0.0
player_fantasy_points_rf,categorical__player_PA Patel,0.0
player_fantasy_points_rf,categorical__player_PA Reddy,0.0
player_fantasy_points_rf,categorical__player_PBB Rajapaksa,0.0
player_fantasy_points_rf,categorical__player_PH Solanki,0.0
player_fantasy_points_rf,categorical__player_PJ Sangwan,0.0
player_fantasy_points_rf,categorical__player_PK Garg,0.0
player_fantasy_points_rf,categorical__player_PM Sarvesh Kumar,0.0
player_fantasy_points_rf,categorical__player_PN Mankad,0.0
player_fantasy_points_rf,categorical__player_PP Chawla,0.0
player_fantasy_points_rf,categorical__player_PP Ojha,0.0
player_fantasy_points_rf,categorical__player_PP Shaw,0.0
player_fantasy_points_rf,categorical__player_PR Shah,0.0
player_fantasy_points_rf,categorical__player_PSP Handscomb,0.0
player_fantasy_points_rf,categorical__player_PV Tambe,0.0
player_fantasy_points_rf,categorical__player_PVD Chameera,0.0
player_fantasy_points_rf,categorical__player_Pankaj Singh,0.0
player_fantasy_points_rf,categorical__player_Parvez Rasool,0.0
player_fantasy_points_rf,categorical__player_R Ashwin,0.0
player_fantasy_points_rf,categorical__player_R Bhatia,0.0
player_fantasy_points_rf,categorical__player_R Bishnoi,0.0
player_fantasy_points_rf,categorical__player_R Dhawan,0.0
player_fantasy_points_rf,categorical__player_R Dravid,0.0
player_fantasy_points_rf,categorical__player_R Goyal,0.0
player_fantasy_points_rf,categorical__player_R McLaren,0.0
player_fantasy_points_rf,categorical__player_R Ninan,0.0
player_fantasy_points_rf,categorical__player_R Parag,0.0
player_fantasy_points_rf,categorical__player_R Rampaul,0.0
player_fantasy_points_rf,categorical__player_R Ravindra,0.0
player_fantasy_points_rf,categorical__player_R Sai Kishore,0.0
player_fantasy_points_rf,categorical__player_R Sanjay Yadav,0.0
player_fantasy_points_rf,categorical__player_R Sathish,0.0
player_fantasy_points_rf,categorical__player_R Sharma,0.0
player_fantasy_points_rf,categorical__player_R Shepherd,0.0
player_fantasy_points_rf,categorical__player_R Shukla,0.0
player_fantasy_points_rf,categorical__player_R Tewatia,0.0
player_fantasy_points_rf,categorical__player_R Vinay Kumar,0.0
player_fantasy_points_rf,categorical__player_RA Bawa,0.0
player_fantasy_points_rf,categorical__player_RA Shaikh,0.0
player_fantasy_points_rf,categorical__player_RA Tripathi,0.0
player_fantasy_points_rf,categorical__player_RD Chahar,0.0
player_fantasy_points_rf,categorical__player_RE Levi,0.0
player_fantasy_points_rf,categorical__player_RE van der Merwe,0.0
player_fantasy_points_rf,categorical__player_RG More,0.0
player_fantasy_points_rf,categorical__player_RJ Gleeson,0.0
player_fantasy_points_rf,categorical__player_RJ Harris,0.0
player_fantasy_points_rf,categorical__player_RJ Quiney,0.0
player_fantasy_points_rf,categorical__player_RJW Topley,0.0
player_fantasy_points_rf,categorical__player_RK Bhui,0.0
player_fantasy_points_rf,categorical__player_RK Singh,0.0
player_fantasy_points_rf,categorical__player_RN ten Doeschate,0.0
player_fantasy_points_rf,categorical__player_RP Meredith,0.0
player_fantasy_points_rf,categorical__player_RP Singh,0.0
player_fantasy_points_rf,categorical__player_RR Bhatkal,0.0
player_fantasy_points_rf,categorical__player_RR Pant,0.0
player_fantasy_points_rf,categorical__player_RR Powar,0.0
player_fantasy_points_rf,categorical__player_RR Raje,0.0
player_fantasy_points_rf,categorical__player_RR Rossouw,0.0
player_fantasy_points_rf,categorical__player_RR Sarwan,0.0
player_fantasy_points_rf,categorical__player_RS Bopara,0.0
player_fantasy_points_rf,categorical__player_RS Gavaskar,0.0
player_fantasy_points_rf,categorical__player_RS Hangargekar,0.0
player_fantasy_points_rf,categorical__player_RS Sodhi,0.0
player_fantasy_points_rf,categorical__player_RT Ponting,0.0
player_fantasy_points_rf,categorical__player_RV Gomez,0.0
player_fantasy_points_rf,categorical__player_RV Patel,0.0
player_fantasy_points_rf,categorical__player_RV Uthappa,0.0
player_fantasy_points_rf,categorical__player_RW Price,0.0
player_fantasy_points_rf,categorical__player_Rasikh Salam,0.0
player_fantasy_points_rf,categorical__player_Ravi Bishnoi,0.0
player_fantasy_points_rf,categorical__player_S Anirudha,0.0
player_fantasy_points_rf,categorical__player_S Badree,0.0
player_fantasy_points_rf,categorical__player_S Badrinath,0.0
player_fantasy_points_rf,categorical__player_S Chanderpaul,0.0
player_fantasy_points_rf,categorical__player_S Dube,0.0
player_fantasy_points_rf,categorical__player_S Gopal,0.0
player_fantasy_points_rf,categorical__player_S Joseph,0.0
player_fantasy_points_rf,categorical__player_S Kaul,0.0
player_fantasy_points_rf,categorical__player_S Kaushik,0.0
player_fantasy_points_rf,categorical__player_S Ladda,0.0
player_fantasy_points_rf,categorical__player_S Lamichhane,0.0
player_fantasy_points_rf,categorical__player_S Midhun,0.0
player_fantasy_points_rf,categorical__player_S Rana,0.0
player_fantasy_points_rf,categorical__player_S Randiv,0.0
player_fantasy_points_rf,categorical__player_S Sandeep Warrier,0.0
player_fantasy_points_rf,categorical__player_S Sohal,0.0
player_fantasy_points_rf,categorical__player_S Sreesanth,0.0
player_fantasy_points_rf,categorical__player_S Sriram,0.0
player_fantasy_points_rf,categorical__player_S Tyagi,0.0
player_fantasy_points_rf,categorical__player_S Vidyut,0.0
player_fantasy_points_rf,categorical__player_SA Abbott,0.0
player_fantasy_points_rf,categorical__player_SA Asnodkar,0.0
player_fantasy_points_rf,categorical__player_SA Yadav,0.0
player_fantasy_points_rf,categorical__player_SB Bangar,0.0
player_fantasy_points_rf,categorical__player_SB Dubey,0.0
player_fantasy_points_rf,categorical__player_SB Joshi,0.0
player_fantasy_points_rf,categorical__player_SB Styris,0.0
player_fantasy_points_rf,categorical__player_SB Wagh,0.0
player_fantasy_points_rf,categorical__player_SC Kuggeleijn,0.0
player_fantasy_points_rf,categorical__player_SD Chitnis,0.0
player_fantasy_points_rf,categorical__player_SD Hope,0.0
player_fantasy_points_rf,categorical__player_SE Bond,0.0
player_fantasy_points_rf,categorical__player_SE Rutherford,0.0
player_fantasy_points_rf,categorical__player_SH Johnson,0.0
player_fantasy_points_rf,categorical__player_SJ Srivastava,0.0
player_fantasy_points_rf,categorical__player_SK Trivedi,0.0
player_fantasy_points_rf,categorical__player_SL Malinga,0.0
player_fantasy_points_rf,categorical__player_SM Boland,0.0
player_fantasy_points_rf,categorical__player_SM Harwood,0.0
player_fantasy_points_rf,categorical__player_SM Pollock,0.0
player_fantasy_points_rf,categorical__player_SMSM Senanayake,0.0
player_fantasy_points_rf,categorical__player_SN Khan,0.0
player_fantasy_points_rf,categorical__player_SN Thakur,0.0
player_fantasy_points_rf,categorical__player_SO Hetmyer,0.0
player_fantasy_points_rf,categorical__player_SP Fleming,0.0
player_fantasy_points_rf,categorical__player_SP Goswami,0.0
player_fantasy_points_rf,categorical__player_SP Jackson,0.0
player_fantasy_points_rf,categorical__player_SS Cottrell,0.0
player_fantasy_points_rf,categorical__player_SS Iyer,0.0
player_fantasy_points_rf,categorical__player_SS Prabhudessai,0.0
player_fantasy_points_rf,categorical__player_SS Sarkar,0.0
player_fantasy_points_rf,categorical__player_SS Shaikh,0.0
player_fantasy_points_rf,categorical__player_SS Tiwary,0.0
player_fantasy_points_rf,categorical__player_SSB Magala,0.0
player_fantasy_points_rf,categorical__player_STR Binny,0.0
player_fantasy_points_rf,categorical__player_SW Billings,0.0
player_fantasy_points_rf,categorical__player_SZ Mulani,0.0
player_fantasy_points_rf,categorical__player_Sachin Baby,0.0
player_fantasy_points_rf,categorical__player_Salman Butt,0.0
player_fantasy_points_rf,categorical__player_Sameer Rizvi,0.0
player_fantasy_points_rf,categorical__player_Sanvir Singh,0.0
player_fantasy_points_rf,categorical__player_Saurav Chauhan,0.0
player_fantasy_points_rf,categorical__player_Shahbaz Ahmed,0.0
player_fantasy_points_rf,categorical__player_Shakib Al Hasan,0.0
player_fantasy_points_rf,categorical__player_Shashank Singh,0.0
player_fantasy_points_rf,categorical__player_Shivam Mavi,0.0
player_fantasy_points_rf,categorical__player_Shivam Sharma,0.0
player_fantasy_points_rf,categorical__player_Shivam Singh,0.0
player_fantasy_points_rf,categorical__player_Shoaib Ahmed,0.0
player_fantasy_points_rf,categorical__player_Shoaib Malik,0.0
player_fantasy_points_rf,categorical__player_Sikandar Raza,0.0
player_fantasy_points_rf,categorical__player_Simarjeet Singh,0.0
player_fantasy_points_rf,categorical__player_Sumit Kumar,0.0
player_fantasy_points_rf,categorical__player_Sunny Singh,0.0
player_fantasy_points_rf,categorical__player_Suyash Sharma,0.0
player_fantasy_points_rf,categorical__player_Swapnil Singh,0.0
player_fantasy_points_rf,categorical__player_T Banton,0.0
player_fantasy_points_rf,categorical__player_T Henderson,0.0
player_fantasy_points_rf,categorical__player_T Kohler-Cadmore,0.0
player_fantasy_points_rf,categorical__player_T Kohli,0.0
player_fantasy_points_rf,categorical__player_T Natarajan,0.0
player_fantasy_points_rf,categorical__player_T Shamsi,0.0
player_fantasy_points_rf,categorical__player_T Stubbs,0.0
player_fantasy_points_rf,categorical__player_T Taibu,0.0
player_fantasy_points_rf,categorical__player_T Thushara,0.0
player_fantasy_points_rf,categorical__player_TA Boult,0.0
player_fantasy_points_rf,categorical__player_TD Paine,0.0
player_fantasy_points_rf,categorical__player_TG Southee,0.0
player_fantasy_points_rf,categorical__player_TH David,0.0
player_fantasy_points_rf,categorical__player_TK Curran,0.0
player_fantasy_points_rf,categorical__player_TL Seifert,0.0
player_fantasy_points_rf,categorical__player_TL Suman,0.0
player_fantasy_points_rf,categorical__player_TM Dilshan,0.0
player_fantasy_points_rf,categorical__player_TM Srivastava,0.0
player_fantasy_points_rf,categorical__player_TP Sudhindra,0.0
player_fantasy_points_rf,categorical__player_TR Birt,0.0
player_fantasy_points_rf,categorical__player_TS Mills,0.0
player_fantasy_points_rf,categorical__player_TU Deshpande,0.0
player_fantasy_points_rf,categorical__player_Tanush Kotian,0.0
player_fantasy_points_rf,categorical__player_Tilak Varma,0.0
player_fantasy_points_rf,categorical__player_U Kaul,0.0
player_fantasy_points_rf,categorical__player_UA Birla,0.0
player_fantasy_points_rf,categorical__player_UBT Chand,0.0
player_fantasy_points_rf,categorical__player_UT Khawaja,0.0
player_fantasy_points_rf,categorical__player_UT Yadav,0.0
player_fantasy_points_rf,categorical__player_V Kaverappa,0.0
player_fantasy_points_rf,categorical__player_V Pratap Singh,0.0
player_fantasy_points_rf,categorical__player_V Shankar,0.0
player_fantasy_points_rf,categorical__player_V Viyaskanth,0.0
player_fantasy_points_rf,categorical__player_VG Arora,0.0
player_fantasy_points_rf,categorical__player_VH Zol,0.0
player_fantasy_points_rf,categorical__player_VR Aaron,0.0
player_fantasy_points_rf,categorical__player_VR Iyer,0.0
player_fantasy_points_rf,categorical__player_VS Malik,0.0
player_fantasy_points_rf,categorical__player_VS Yeligati,0.0
player_fantasy_points_rf,categorical__player_VVS Laxman,0.0
player_fantasy_points_rf,categorical__player_VY Mahesh,0.0
player_fantasy_points_rf,categorical__player_Vijaykumar Vyshak,0.0
player_fantasy_points_rf,categorical__player_Virat Singh,0.0
player_fantasy_points_rf,categorical__player_Vishnu Vinod,0.0
player_fantasy_points_rf,categorical__player_Vivrant Sharma,0.0
player_fantasy_points_rf,categorical__player_W Jaffer,0.0
player_fantasy_points_rf,categorical__player_WA Mota,0.0
player_fantasy_points_rf,categorical__player_WD Parnell,0.0
player_fantasy_points_rf,categorical__player_WP Saha,0.0
player_fantasy_points_rf,categorical__player_WPUJC Vaas,0.0
player_fantasy_points_rf,categorical__player_Washington Sundar,0.0
player_fantasy_points_rf,categorical__player_X Thalaivan Sargunam,0.0
player_fantasy_points_rf,categorical__player_Y Gnaneswara Rao,0.0
player_fantasy_points_rf,categorical__player_Y Nagar,0.0
player_fantasy_points_rf,categorical__player_Y Prithvi Raj,0.0
player_fantasy_points_rf,categorical__player_YBK Jaiswal,0.0
player_fantasy_points_rf,categorical__player_YK Pathan,0.0
player_fantasy_points_rf,categorical__player_YV Dhull,0.0
player_fantasy_points_rf,categorical__player_YV Takawale,0.0
player_fantasy_points_rf,categorical__player_Yash Dayal,0.0
player_fantasy_points_rf,categorical__player_Yash Thakur,0.0
player_fantasy_points_rf,categorical__player_Yashpal Singh,0.0
player_fantasy_points_rf,categorical__player_Younis Khan,0.0
player_fantasy_points_rf,categorical__player_Yudhvir Singh,0.0
player_runs_rf,numeric__recent_runs,0.7695695681650776
player_runs_rf,numeric__recent_wickets,0.06378668004539235
player_runs_rf,numeric__opposition_runs_avg,0.031803167312961414
player_runs_rf,numeric__recent_strike_rate,0.013650571030139527
player_runs_rf,numeric__venue_runs_avg,0.010890445432321682
player_runs_rf,categorical__player_KL Rahul,0.008004292110778988
player_runs_rf,numeric__recent_fantasy_points,0.007813654377716438
player_runs_rf,categorical__player_MEK Hussey,0.00512918939712263
player_runs_rf,numeric__season,0.00400483036520364
player_runs_rf,categorical__player_SE Marsh,0.0034278380532477113
player_runs_rf,categorical__player_A Symonds,0.002336913126156979
player_runs_rf,categorical__team_Royal Challengers Bengaluru,0.002194374736355175
player_runs_rf,categorical__player_V Kohli,0.0021410270301034534
player_runs_rf,categorical__opposition_Mumbai Indians,0.002085214326220848
player_runs_rf,categorical__opposition_Gujarat Lions,0.00208047778782369
player_runs_rf,categorical__player_CH Gayle,0.0016902824917080057
player_runs_rf,"categorical__venue_Punjab Cricket Association IS Bindra Stadium, Mohali",0.0016326101748192416
player_runs_rf,categorical__player_LS Livingstone,0.0015790799126414274
player_runs_rf,categorical__player_HM Amla,0.0015759280682501042
player_runs_rf,categorical__player_MR Marsh,0.0015129999357156093
player_runs_rf,categorical__player_DA Warner,0.0014857048656742276
player_runs_rf,categorical__player_RD Gaikwad,0.0014598434087565268
player_runs_rf,categorical__opposition_Pune Warriors,0.0013853076590319255
player_runs_rf,categorical__player_KR Mayers,0.0013796148293241488
player_runs_rf,categorical__player_PC Valthaty,0.0013633481581979327
player_runs_rf,categorical__player_TM Head,0.0013282316960347609
player_runs_rf,categorical__player_Azhar Mahmood,0.0013223931809518493
player_runs_rf,categorical__player_WG Jacks,0.0013138269254257863
player_runs_rf,categorical__player_JC Buttler,0.0012552394700027251
player_runs_rf,categorical__team_Gujarat Titans,0.0012278484590329058
player_runs_rf,categorical__player_BA Stokes,0.0012055187575812786
player_runs_rf,categorical__player_PD Salt,0.001173307536186726
player_runs_rf,categorical__player_JM Bairstow,0.0011610877843624154
player_runs_rf,categorical__player_NV Ojha,0.001114945420190729
player_runs_rf,categorical__player_SR Watson,0.0010992634457935694
player_runs_rf,categorical__player_V Sehwag,0.0010501347563029522
player_runs_rf,"categorical__venue_Brabourne Stadium, Mumbai",0.000941382709548899
player_runs_rf,categorical__player_N Rana,0.0008207199239119804
player_runs_rf,"categorical__venue_Maharashtra Cricket Association Stadium, Pune",0.0008142879060901961
player_runs_rf,"categorical__venue_Arun Jaitley Stadium, Delhi",0.0007828318593482801
player_runs_rf,categorical__opposition_Royal Challengers Bengaluru,0.0007720519981273163
player_runs_rf,categorical__player_JR Hopes,0.0007522302669736601
player_runs_rf,categorical__player_Vivrant Sharma,0.0007335418601644304
player_runs_rf,categorical__player_MM Ali,0.0007247501069622431
player_runs_rf,categorical__venue_Wankhede Stadium,0.0007223373138909744
player_runs_rf,categorical__player_DP Conway,0.0007204809862366153
player_runs_rf,categorical__player_Shubman Gill,0.0007201782493236466
player_runs_rf,categorical__venue_Saurashtra Cricket Association Stadium,0.000718095664738959
player_runs_rf,"categorical__venue_Narendra Modi Stadium, Ahmedabad",0.0006964202842241472
player_runs_rf,categorical__player_Tilak Varma,0.0006831231093301949
player_runs_rf,categorical__player_CH Morris,0.0006749217291660066
player_runs_rf,categorical__player_G Gambhir,0.0006450780978278013
player_runs_rf,categorical__player_RM Patidar,0.0006142923990291357
player_runs_rf,categorical__team_Delhi Capitals,0.000598397028420434
player_runs_rf,categorical__team_Mumbai Indians,0.0005943908344010046
player_runs_rf,categorical__opposition_Sunrisers Hyderabad,0.0005921528678486406
player_runs_rf,categorical__venue_Dubai International Cricket Stadium,0.0005900280831132107
player_runs_rf,"categorical__venue_Wankhede Stadium, Mumbai",0.00054227340877686
player_runs_rf,categorical__opposition_Gujarat Titans,0.0005369887838391831
player_runs_rf,"categorical__venue_Punjab Cricket Association Stadium, Mohali",0.000531195669988454
player_runs_rf,categorical__venue_Feroz Shah Kotla,0.0005306897349334238
player_runs_rf,categorical__venue_MA Chidambaram Stadium,0.0005223148531531984
player_runs_rf,categorical__player_ML Hayden,0.0005124171156576913
player_runs_rf,categorical__opposition_Chennai Super Kings,0.0004817311340433816
player_runs_rf,categorical__player_S Badrinath,0.0004698268955595987
player_runs_rf,categorical__player_J Fraser-McGurk,0.00043352148848327713
player_runs_rf,categorical__player_F du Plessis,0.00042134992376000513
player_runs_rf,categorical__opposition_Rajasthan Royals,0.00042106472441613067
player_runs_rf,categorical__player_Sikandar Raza,0.00041485744703662807
player_runs_rf,categorical__player_ST Jayasuriya,0.00040789858829839575
player_runs_rf,categorical__player_C Green,0.00039898140640704503
player_runs_rf,"categorical__venue_Eden Gardens, Kolkata",0.00039576510845620427
player_runs_rf,categorical__venue_M Chinnaswamy Stadium,0.0003942949760565005
player_runs_rf,"categorical__venue_Dr. Y.S. Rajasekhara Reddy ACA-VDCA Cricket Stadium, Visakhapatnam",0.00038766056085716904
player_runs_rf,categorical__player_JEC Franklin,0.00037812682324217837
player_runs_rf,categorical__player_SP Narine,0.0003694116730046501
player_runs_rf,categorical__venue_Rajiv Gandhi International Stadium,0.00036158442047795625
player_runs_rf,"categorical__venue_Sawai Mansingh Stadium, Jaipur",0.00035519181611128547
player_runs_rf,categorical__player_Rahmanullah Gurbaz,0.00034875249538724004
player_runs_rf,categorical__player_Shakib Al Hasan,0.0003448113962653405
player_runs_rf,categorical__player_AD Russell,0.0003373272848763444
player_runs_rf,categorical__player_MK Pandey,0.0003365134589252046
player_runs_rf,categorical__venue_Himachal Pradesh Cricket Association Stadium,0.00033361594011888947
player_runs_rf,categorical__team_Sunrisers Hyderabad,0.00032484169255226123
player_runs_rf,categorical__venue_Punjab Cricket Association IS Bindra Stadium,0.00032145555823445736
player_runs_rf,categorical__player_SA Asnodkar,0.00031424702231422423
player_runs_rf,categorical__player_RS Bopara,0.0003120803825397595
player_runs_rf,categorical__venue_Maharashtra Cricket Association Stadium,0.00031185974649981476
player_runs_rf,categorical__player_Rashid Khan,0.0003096579857483568
player_runs_rf,categorical__player_RG Sharma,0.0003055152244583917
player_runs_rf,"categorical__venue_Rajiv Gandhi International Stadium, Uppal, Hyderabad",0.00030524579884521035
player_runs_rf,"categorical__venue_M Chinnaswamy Stadium, Bengaluru",0.00030435411507021763
player_runs_rf,categorical__player_TK Curran,0.00030423373910156744
player_runs_rf,categorical__player_YBK Jaiswal,0.00030246752566531895
player_runs_rf,categorical__player_S Dhawan,0.0002968897925642195
player_runs_rf,categorical__player_R Parag,0.00029035228659442496
player_runs_rf,categorical__opposition_Delhi Capitals,0.00027999816712689246
player_runs_rf,categorical__player_JA Morkel,0.0002783153013273277
player_runs_rf,categorical__player_AR Patel,0.00026959830360110396
player_runs_rf,categorical__player_SK Raina,0.00026717428365047926
player_runs_rf,categorical__player_DR Smith,0.0002533032410659308
player_runs_rf,categorical__venue_Green Park,0.0002501641898702708
player_runs_rf,categorical__player_MN Samuels,0.0002451181342720009
player_runs_rf,categorical__opposition_Lucknow Super Giants,0.00024453304025170666
player_runs_rf,categorical__player_BB McCullum,0.00024289024514951977
player_runs_rf,categorical__player_SO Hetmyer,0.00024277525647443124
player_runs_rf,categorical__player_OA Shah,0.00023617316335742668
player_runs_rf,categorical__player_PP Shaw,0.0002351822573385808
player_runs_rf,categorical__player_KH Pandya,0.00023351767047890065
player_runs_rf,categorical__player_CA Lynn,0.00023300249882604295
player_runs_rf,categorical__player_A Badoni,0.00023249667187047067
player_runs_rf,categorical__player_CR Brathwaite,0.00021529249680162375
player_runs_rf,categorical__opposition_Punjab Kings,0.0002138734309605763
player_runs_rf,categorical__opposition_Deccan Chargers,0.0002110584805279088
player_runs_rf,categorical__player_PD Collingwood,0.0002081085029959176
player_runs_rf,categorical__team_Chennai Super Kings,0.0002011750504302039
player_runs_rf,categorical__player_MC Henriques,0.0001962274304500128
player_runs_rf,categorical__team_Gujarat Lions,0.00019271158896154382
player_runs_rf,categorical__venue_Brabourne Stadium,0.00018735704490992796
player_runs_rf,categorical__player_JP Duminy,0.0001852047769212469
player_runs_rf,categorical__player_SW Billings,0.0001812087075145407
player_runs_rf,categorical__player_JD Ryder,0.0001804842337438401
player_runs_rf,categorical__player_CJ Anderson,0.00017879017372386322
player_runs_rf,categorical__player_A Raghuvanshi,0.0001769641845583318
player_runs_rf,categorical__player_KM Jadhav,0.00017280696622565007
player_runs_rf,categorical__venue_Holkar Cricket Stadium,0.00016008909551920282
player_runs_rf,categorical__player_JH Kallis,0.0001590416160211957
player_runs_rf,categorical__player_Q de Kock,0.00015516031058170095
player_runs_rf,categorical__team_Rajasthan Royals,0.00015416130635940138
player_runs_rf,categorical__team_Punjab Kings,0.00014996681983960082
player_runs_rf,categorical__player_B Sai Sudharsan,0.00014779056583973669
player_runs_rf,categorical__player_LR Shukla,0.00014333706890460622
player_runs_rf,categorical__player_Ishan Kishan,0.00013730593942411576
player_runs_rf,categorical__player_SS Iyer,0.00013680744831232877
player_runs_rf,categorical__player_KC Sangakkara,0.00013571544523387091
player_runs_rf,categorical__player_DA Miller,0.00013543015640856405
player_runs_rf,categorical__player_SV Samson,0.00013064541114793515
player_runs_rf,categorical__venue_M.Chinnaswamy Stadium,0.00013034706823973326
player_runs_rf,"categorical__venue_Dr DY Patil Sports Academy, Mumbai",0.00012806817034438677
player_runs_rf,categorical__player_KS Williamson,0.00012491571014773157
player_runs_rf,categorical__player_LMP Simmons,0.00012155862194196942
player_runs_rf,categorical__player_GJ Maxwell,0.00011665843310509428
player_runs_rf,categorical__player_SA Yadav,0.00011403733575474714
player_runs_rf,categorical__player_AB de Villiers,0.00011253837698914712
player_runs_rf,categorical__player_LRPL Taylor,0.00011127415962482211
player_runs_rf,categorical__opposition_Kolkata Knight Riders,0.0001111125369935197
player_runs_rf,categorical__player_DJ Hussey,0.00011015631806081309
player_runs_rf,categorical__player_H Klaasen,0.00011001355841205079
player_runs_rf,categorical__player_N Pooran,0.00010880606370236058
player_runs_rf,categorical__team_Deccan Chargers,0.00010757019492280603
player_runs_rf,categorical__player_AC Gilchrist,0.00010160801567133178
player_runs_rf,"categorical__venue_Himachal Pradesh Cricket Association Stadium, Dharamsala",0.00010041070692432062
player_runs_rf,categorical__team_Rising Pune Supergiants,9.85523916527933e-05
player_runs_rf,categorical__player_Nithish Kumar Reddy,9.853782783021866e-05
player_runs_rf,categorical__player_PJ Cummins,9.577099788073543e-05
player_runs_rf,categorical__venue_New Wanderers Stadium,9.471705020045024e-05
player_runs_rf,categorical__player_SM Curran,8.852405867269468e-05
player_runs_rf,categorical__player_MP Stoinis,8.601424344532237e-05
player_runs_rf,categorical__player_RA Tripathi,8.536245600756332e-05
player_runs_rf,categorical__player_YK Pathan,8.407311187895097e-05
player_runs_rf,categorical__player_J Botha,8.278609274100586e-05
player_runs_rf,categorical__player_Yuvraj Singh,8.090159370931967e-05
player_runs_rf,categorical__player_AM Rahane,8.040153007877492e-05
player_runs_rf,categorical__player_RE Levi,7.688195424896665e-05
player_runs_rf,categorical__player_V Shankar,7.297716774785902e-05
player_runs_rf,categorical__team_Lucknow Super Giants,7.218693164588516e-05
player_runs_rf,categorical__venue_Sawai Mansingh Stadium,6.978587260302141e-05
player_runs_rf,categorical__team_Kolkata Knight Riders,6.85894148499108e-05
player_runs_rf,categorical__venue_Dr DY Patil Sports Academy,6.763411334157196e-05
player_runs_rf,categorical__player_RN ten Doeschate,6.739322219117499e-05
player_runs_rf,categorical__venue_Shaheed Veer Narayan Singh International Stadium,6.497188539450359e-05
player_runs_rf,categorical__player_S Vidyut,6.391427296170036e-05
player_runs_rf,categorical__player_MS Gony,6.26435784685409e-05
player_runs_rf,categorical__venue_Sheikh Zayed Stadium,5.919418977546691e-05
player_runs_rf,"categorical__venue_Bharat Ratna Shri Atal Bihari Vajpayee Ekana Cricket Stadium, Lucknow",5.914756554687578e-05
player_runs_rf,categorical__venue_Sharjah Cricket Stadium,5.8083436318222986e-05
player_runs_rf,categorical__player_S Sohal,5.773076091236344e-05
player_runs_rf,categorical__player_R Tewatia,5.660158765449966e-05
player_runs_rf,categorical__player_DL Chahar,5.518129332380678e-05
player_runs_rf,categorical__venue_Eden Gardens,5.4386218315364183e-05
player_runs_rf,categorical__venue_JSCA International Stadium Complex,5.4200339311045443e-05
player_runs_rf,categorical__player_RV Gomez,5.192115828508356e-05
player_runs_rf,categorical__player_SC Ganguly,4.968294716854217e-05
player_runs_rf,"categorical__venue_Barsapara Cricket Stadium, Guwahati",4.716983369922532e-05
player_runs_rf,categorical__player_Washington Sundar,4.693779051911862e-05
player_runs_rf,categorical__player_D Padikkal,4.6404951875588284e-05
player_runs_rf,categorical__player_AT Rayudu,4.624969888010911e-05
player_runs_rf,categorical__player_T Stubbs,4.422268258121797e-05
player_runs_rf,categorical__venue_St George's Park,4.267586702453944e-05
player_runs_rf,categorical__player_RA Jadeja,3.75421750914117e-05
player_runs_rf,categorical__player_GH Vihari,3.643921354360424e-05
player_runs_rf,categorical__player_Ankit Sharma,3.585181251119675e-05
player_runs_rf,categorical__player_Iqbal Abdulla,3.392852953346531e-05
player_runs_rf,categorical__player_WA Mota,3.0251202250113896e-05
player_runs_rf,"categorical__venue_MA Chidambaram Stadium, Chepauk",3.0045289512671054e-05
player_runs_rf,categorical__player_R McLaren,2.9897391755335923e-05
player_runs_rf,"categorical__venue_Rajiv Gandhi International Stadium, Uppal",2.8612097774041433e-05
player_runs_rf,categorical__player_Harbhajan Singh,2.6304251743900666e-05
player_runs_rf,categorical__player_IK Pathan,2.4431975078834343e-05
player_runs_rf,categorical__player_Arshad Khan,2.3013051713652503e-05
player_runs_rf,categorical__player_AB Agarkar,2.094109479309015e-05
player_runs_rf,"categorical__venue_Punjab Cricket Association IS Bindra Stadium, Mohali, Chandigarh",1.9798709175363188e-05
player_runs_rf,categorical__player_AP Dole,1.7102238016047874e-05
player_runs_rf,"categorical__venue_Sardar Patel Stadium, Motera",1.672679335762555e-05
player_runs_rf,categorical__venue_SuperSport Park,1.6474139844031783e-05
player_runs_rf,categorical__player_KV Sharma,1.5036693027093723e-05
player_runs_rf,categorical__venue_Barabati Stadium,1.423516358259318e-05
player_runs_rf,categorical__player_JD Unadkat,1.3487449085860931e-05
player_runs_rf,categorical__player_S Gopal,1.1934772056270026e-05
player_runs_rf,categorical__player_RV Uthappa,7.682410393113707e-06
player_runs_rf,categorical__venue_Arun Jaitley Stadium,0.0
player_runs_rf,categorical__venue_Buffalo Park,0.0
player_runs_rf,categorical__venue_De Beers Diamond Oval,0.0
player_runs_rf,categorical__venue_Dr. Y.S. Rajasekhara Reddy ACA-VDCA Cricket Stadium,0.0
player_runs_rf,categorical__venue_Kingsmead,0.0
player_runs_rf,"categorical__venue_MA Chidambaram Stadium, Chepauk, Chennai",0.0
player_runs_rf,"categorical__venue_Maharaja Yadavindra Singh International Cricket Stadium, Mullanpur",0.0
player_runs_rf,categorical__venue_Nehru Stadium,0.0
player_runs_rf,categorical__venue_Newlands,0.0
player_runs_rf,categorical__venue_OUTsurance Oval,0.0
player_runs_rf,categorical__venue_Subrata Roy Sahara Stadium,0.0
player_runs_rf,"categorical__venue_Vidarbha Cricket Association Stadium, Jamtha",0.0
player_runs_rf,"categorical__venue_Zayed Cricket Stadium, Abu Dhabi",0.0
player_runs_rf,categorical__team_Kochi Tuskers Kerala,0.0
player_runs_rf,categorical__team_Pune Warriors,0.0
player_runs_rf,categorical__opposition_Kochi Tuskers Kerala,0.0
player_runs_rf,categorical__opposition_Rising Pune Supergiants,0.0
player_runs_rf,categorical__player_A Ashish Reddy,0.0
player_runs_rf,categorical__player_A Chandila,0.0
player_runs_rf,categorical__player_A Chopra,0.0
player_runs_rf,categorical__player_A Choudhary,0.0
player_runs_rf,categorical__player_A Dananjaya,0.0
player_runs_rf,categorical__player_A Flintoff,0.0
player_runs_rf,categorical__player_A Kamboj,0.0
player_runs_rf,categorical__player_A Kumble,0.0
player_runs_rf,categorical__player_A Manohar,0.0
player_runs_rf,categorical__player_A Mishra,0.0
player_runs_rf,categorical__player_A Mithun,0.0
player_runs_rf,categorical__player_A Mukund,0.0
player_runs_rf,categorical__player_A Nehra,0.0
player_runs_rf,categorical__player_A Nel,0.0
player_runs_rf,categorical__player_A Nortje,0.0
player_runs_rf,categorical__player_A Singh,0.0
player_runs_rf,categorical__player_A Uniyal,0.0
player_runs_rf,categorical__player_A Zampa,0.0
player_runs_rf,categorical__player_AA Bilakhia,0.0
player_runs_rf,categorical__player_AA Chavan,0.0
player_runs_rf,categorical__player_AA Jhunjhunwala,0.0
player_runs_rf,categorical__player_AA Kazi,0.0
player_runs_rf,categorical__player_AA Kulkarni,0.0
player_runs_rf,categorical__player_AA Noffke,0.0
player_runs_rf,categorical__player_AB Barath,0.0
player_runs_rf,categorical__player_AB Dinda,0.0
player_runs_rf,categorical__player_AB McDonald,0.0
player_runs_rf,categorical__player_AC Blizzard,0.0
player_runs_rf,categorical__player_AC Thomas,0.0
player_runs_rf,categorical__player_AC Voges,0.0
player_runs_rf,categorical__player_AD Hales,0.0
player_runs_rf,categorical__player_AD Mascarenhas,0.0
player_runs_rf,categorical__player_AD Mathews,0.0
player_runs_rf,categorical__player_AD Nath,0.0
player_runs_rf,categorical__player_AF Milne,0.0
player_runs_rf,categorical__player_AG Murtaza,0.0
player_runs_rf,categorical__player_AG Paunikar,0.0
player_runs_rf,categorical__player_AJ Finch,0.0
player_runs_rf,categorical__player_AJ Hosein,0.0
player_runs_rf,categorical__player_AJ Turner,0.0
player_runs_rf,categorical__player_AJ Tye,0.0
player_runs_rf,categorical__player_AK Markram,0.0
player_runs_rf,categorical__player_AL Menaria,0.0
player_runs_rf,categorical__player_AM Nayar,0.0
player_runs_rf,categorical__player_AM Salvi,0.0
player_runs_rf,categorical__player_AN Ahmed,0.0
player_runs_rf,categorical__player_AN Ghosh,0.0
player_runs_rf,categorical__player_AP Majumdar,0.0
player_runs_rf,categorical__player_AP Tare,0.0
player_runs_rf,categorical__player_AR Bawne,0.0
player_runs_rf,categorical__player_AS Joseph,0.0
player_runs_rf,categorical__player_AS Rajpoot,0.0
player_runs_rf,categorical__player_AS Raut,0.0
player_runs_rf,categorical__player_AS Roy,0.0
player_runs_rf,categorical__player_AS Yadav,0.0
player_runs_rf,categorical__player_AT Carey,0.0
player_runs_rf,categorical__player_AU Rashid,0.0
player_runs_rf,categorical__player_AUK Pathan,0.0
player_runs_rf,categorical__player_Abdul Basith,0.0
player_runs_rf,categorical__player_Abdul Samad,0.0
player_runs_rf,categorical__player_Abhishek Sharma,0.0
player_runs_rf,categorical__player_Abishek Porel,0.0
player_runs_rf,categorical__player_Akash Deep,0.0
player_runs_rf,categorical__player_Akash Madhwal,0.0
player_runs_rf,categorical__player_Akash Singh,0.0
player_runs_rf,categorical__player_Aman Hakim Khan,0.0
player_runs_rf,categorical__player_Anand Rajan,0.0
player_runs_rf,categorical__player_Anirudh Singh,0.0
player_runs_rf,categorical__player_Ankit Soni,0.0
player_runs_rf,categorical__player_Anmolpreet Singh,0.0
player_runs_rf,categorical__player_Anuj Rawat,0.0
player_runs_rf,categorical__player_Anureet Singh,0.0
player_runs_rf,categorical__player_Arjun Tendulkar,0.0
player_runs_rf,categorical__player_Arshdeep Singh,0.0
player_runs_rf,categorical__player_Ashutosh Sharma,0.0
player_runs_rf,categorical__player_Atharva Taide,0.0
player_runs_rf,categorical__player_Avesh Khan,0.0
player_runs_rf,categorical__player_Azmatullah Omarzai,0.0
player_runs_rf,categorical__player_B Akhil,0.0
player_runs_rf,categorical__player_B Chipli,0.0
player_runs_rf,categorical__player_B Geeves,0.0
player_runs_rf,categorical__player_B Indrajith,0.0
player_runs_rf,categorical__player_B Kumar,0.0
player_runs_rf,categorical__player_B Laughlin,0.0
player_runs_rf,categorical__player_B Lee,0.0
player_runs_rf,categorical__player_B Stanlake,0.0
player_runs_rf,categorical__player_B Sumanth,0.0
player_runs_rf,categorical__player_BA Bhatt,0.0
player_runs_rf,categorical__player_BAW Mendis,0.0
player_runs_rf,categorical__player_BB Samantray,0.0
player_runs_rf,categorical__player_BB Sran,0.0
player_runs_rf,categorical__player_BCJ Cutting,0.0
player_runs_rf,categorical__player_BE Hendricks,0.0
player_runs_rf,categorical__player_BJ Haddin,0.0
player_runs_rf,categorical__player_BJ Hodge,0.0
player_runs_rf,categorical__player_BJ Rohrer,0.0
player_runs_rf,categorical__player_BMAJ Mendis,0.0
player_runs_rf,categorical__player_BR Dunk,0.0
player_runs_rf,categorical__player_BW Hilfenhaus,0.0
player_runs_rf,categorical__player_Basil Thampi,0.0
player_runs_rf,categorical__player_Bipul Sharma,0.0
player_runs_rf,categorical__player_C Ganapathy,0.0
player_runs_rf,categorical__player_C Madan,0.0
player_runs_rf,categorical__player_C Munro,0.0
player_runs_rf,categorical__player_C Nanda,0.0
player_runs_rf,categorical__player_C Sakariya,0.0
player_runs_rf,categorical__player_C de Grandhomme,0.0
player_runs_rf,categorical__player_CA Ingram,0.0
player_runs_rf,categorical__player_CA Pujara,0.0
player_runs_rf,categorical__player_CJ Dala,0.0
player_runs_rf,categorical__player_CJ Ferguson,0.0
player_runs_rf,categorical__player_CJ Jordan,0.0
player_runs_rf,categorical__player_CJ McKay,0.0
player_runs_rf,categorical__player_CK Kapugedera,0.0
player_runs_rf,categorical__player_CK Langeveldt,0.0
player_runs_rf,categorical__player_CL White,0.0
player_runs_rf,categorical__player_CM Gautam,0.0
player_runs_rf,categorical__player_CR Woakes,0.0
player_runs_rf,categorical__player_CRD Fernando,0.0
player_runs_rf,categorical__player_CV Varun,0.0
player_runs_rf,categorical__player_D Brevis,0.0
player_runs_rf,categorical__player_D Ferreira,0.0
player_runs_rf,categorical__player_D Jansen,0.0
player_runs_rf,categorical__player_D Kalyankrishna,0.0
player_runs_rf,categorical__player_D Pretorius,0.0
player_runs_rf,categorical__player_D Salunkhe,0.0
player_runs_rf,categorical__player_D Wiese,0.0
player_runs_rf,categorical__player_D du Preez,0.0
player_runs_rf,categorical__player_DAJ Bracewell,0.0
player_runs_rf,categorical__player_DB Das,0.0
player_runs_rf,categorical__player_DB Ravi Teja,0.0
player_runs_rf,categorical__player_DE Bollinger,0.0
player_runs_rf,categorical__player_DG Nalkande,0.0
player_runs_rf,categorical__player_DH Yagnik,0.0
player_runs_rf,categorical__player_DJ Bravo,0.0
player_runs_rf,categorical__player_DJ Harris,0.0
player_runs_rf,categorical__player_DJ Hooda,0.0
player_runs_rf,categorical__player_DJ Jacobs,0.0
player_runs_rf,categorical__player_DJ Mitchell,0.0
player_runs_rf,categorical__player_DJ Muthuswami,0.0
player_runs_rf,categorical__player_DJ Thornely,0.0
player_runs_rf,categorical__player_DJ Willey,0.0
player_runs_rf,categorical__player_DJG Sammy,0.0
player_runs_rf,categorical__player_DJM Short,0.0
player_runs_rf,categorical__player_DL Vettori,0.0
player_runs_rf,categorical__player_DNT Zoysa,0.0
player_runs_rf,categorical__player_DP Nannes,0.0
player_runs_rf,categorical__player_DP Vijaykumar,0.0
player_runs_rf,categorical__player_DPMD Jayawardene,0.0
player_runs_rf,categorical__player_DR Sams,0.0
player_runs_rf,categorical__player_DR Shorey,0.0
player_runs_rf,categorical__player_DS Kulkarni,0.0
player_runs_rf,categorical__player_DS Lehmann,0.0
player_runs_rf,categorical__player_DT Christian,0.0
player_runs_rf,categorical__player_DT Patil,0.0
player_runs_rf,categorical__player_DW Steyn,0.0
player_runs_rf,categorical__player_Dhruv Jurel,0.0
player_runs_rf,categorical__player_E Lewis,0.0
player_runs_rf,categorical__player_EJG Morgan,0.0
player_runs_rf,categorical__player_ER Dwivedi,0.0
player_runs_rf,categorical__player_F Behardien,0.0
player_runs_rf,categorical__player_FA Allen,0.0
player_runs_rf,categorical__player_FH Edwards,0.0
player_runs_rf,categorical__player_FY Fazal,0.0
player_runs_rf,categorical__player_Fazalhaq Farooqi,0.0
player_runs_rf,categorical__player_G Coetzee,0.0
player_runs_rf,categorical__player_GB Hogg,0.0
player_runs_rf,categorical__player_GC Smith,0.0
player_runs_rf,categorical__player_GC Viljoen,0.0
player_runs_rf,categorical__player_GD McGrath,0.0
player_runs_rf,categorical__player_GD Phillips,0.0
player_runs_rf,categorical__player_GHS Garton,0.0
player_runs_rf,categorical__player_GJ Bailey,0.0
player_runs_rf,categorical__player_GR Napier,0.0
player_runs_rf,categorical__player_Gagandeep Singh,0.0
player_runs_rf,categorical__player_Gulbadin Naib,0.0
player_runs_rf,categorical__player_Gurkeerat Singh,0.0
player_runs_rf,categorical__player_Gurnoor Brar,0.0
player_runs_rf,categorical__player_H Das,0.0
player_runs_rf,categorical__player_H Sharma,0.0
player_runs_rf,categorical__player_HC Brook,0.0
player_runs_rf,categorical__player_HE van der Dussen,0.0
player_runs_rf,categorical__player_HF Gurney,0.0
player_runs_rf,categorical__player_HH Gibbs,0.0
player_runs_rf,categorical__player_HH Pandya,0.0
player_runs_rf,categorical__player_HR Shokeen,0.0
player_runs_rf,categorical__player_HV Patel,0.0
player_runs_rf,categorical__player_Harmeet Singh,0.0
player_runs_rf,categorical__player_Harpreet Brar,0.0
player_runs_rf,categorical__player_Harpreet Singh,0.0
player_runs_rf,categorical__player_Harshit Rana,0.0
player_runs_rf,categorical__player_I Sharma,0.0
player_runs_rf,categorical__player_I Udana,0.0
player_runs_rf,categorical__player_IC Pandey,0.0
player_runs_rf,categorical__player_IC Porel,0.0
player_runs_rf,categorical__player_IR Jaggi,0.0
player_runs_rf,categorical__player_IS Sodhi,0.0
player_runs_rf,categorical__player_Imran Tahir,0.0
player_runs_rf,categorical__player_J Arunkumar,0.0
player_runs_rf,categorical__player_J Little,0.0
player_runs_rf,categorical__player_J Suchith,0.0
player_runs_rf,categorical__player_J Syed Mohammad,0.0
player_runs_rf,categorical__player_J Theron,0.0
player_runs_rf,categorical__player_J Yadav,0.0
player_runs_rf,categorical__player_JA Richardson,0.0
player_runs_rf,categorical__player_JC Archer,0.0
player_runs_rf,categorical__player_JDP Oram,0.0
player_runs_rf,categorical__player_JDS Neesham,0.0
player_runs_rf,categorical__player_JE Taylor,0.0
player_runs_rf,categorical__player_JJ Bumrah,0.0
player_runs_rf,categorical__player_JJ Roy,0.0
player_runs_rf,categorical__player_JJ van der Wath,0.0
player_runs_rf,categorical__player_JL Denly,0.0
player_runs_rf,categorical__player_JL Pattinson,0.0
player_runs_rf,categorical__player_JM Kemp,0.0
player_runs_rf,categorical__player_JM Sharma,0.0
player_runs_rf,categorical__player_JO Holder,0.0
player_runs_rf,categorical__player_JP Behrendorff,0.0
player_runs_rf,categorical__player_JP Faulkner,0.0
player_runs_rf,categorical__player_JPR Scantlebury-Searles,0.0
player_runs_rf,categorical__player_JR Hazlewood,0.0
player_runs_rf,categorical__player_JR Philippe,0.0
player_runs_rf,categorical__player_JW Hastings,0.0
player_runs_rf,categorical__player_Jalaj S Saxena,0.0
player_runs_rf,categorical__player_Jaskaran Singh,0.0
player_runs_rf,categorical__player_Joginder Sharma,0.0
player_runs_rf,categorical__player_K Goel,0.0
player_runs_rf,categorical__player_K Gowtham,0.0
player_runs_rf,categorical__player_K Kartikeya,0.0
player_runs_rf,categorical__player_K Khejroliya,0.0
player_runs_rf,categorical__player_K Rabada,0.0
player_runs_rf,categorical__player_K Santokie,0.0
player_runs_rf,categorical__player_K Upadhyay,0.0
player_runs_rf,categorical__player_K Yadav,0.0
player_runs_rf,categorical__player_KA Jamieson,0.0
player_runs_rf,categorical__player_KA Maharaj,0.0
player_runs_rf,categorical__player_KA Pollard,0.0
player_runs_rf,categorical__player_KAJ Roach,0.0
player_runs_rf,categorical__player_KB Arun Karthik,0.0
player_runs_rf,categorical__player_KC Cariappa,0.0
player_runs_rf,categorical__player_KD Karthik,0.0
player_runs_rf,categorical__player_KJ Abbott,0.0
player_runs_rf,categorical__player_KK Ahmed,0.0
player_runs_rf,categorical__player_KK Cooper,0.0
player_runs_rf,categorical__player_KK Nair,0.0
player_runs_rf,categorical__player_KL Nagarkoti,0.0
player_runs_rf,categorical__player_KM Asif,0.0
player_runs_rf,categorical__player_KMA Paul,0.0
player_runs_rf,categorical__player_KMDN Kulasekara,0.0
player_runs_rf,categorical__player_KP Appanna,0.0
player_runs_rf,categorical__player_KP Pietersen,0.0
player_runs_rf,categorical__player_KR Sen,0.0
player_runs_rf,categorical__player_KS Bharat,0.0
player_runs_rf,categorical__player_KS Sharma,0.0
player_runs_rf,categorical__player_KT Maphaka,0.0
player_runs_rf,categorical__player_KW Richardson,0.0
player_runs_rf,categorical__player_Kamran Akmal,0.0
player_runs_rf,categorical__player_Kamran Khan,0.0
player_runs_rf,categorical__player_Karanveer Singh,0.0
player_runs_rf,categorical__player_Kartik Tyagi,0.0
player_runs_rf,categorical__player_Kuldeep Yadav,0.0
player_runs_rf,categorical__player_Kumar Kushagra,0.0
player_runs_rf,categorical__player_L Ablish,0.0
player_runs_rf,categorical__player_L Balaji,0.0
player_runs_rf,categorical__player_L Ngidi,0.0
player_runs_rf,categorical__player_L Ronchi,0.0
player_runs_rf,categorical__player_L Wood,0.0
player_runs_rf,categorical__player_LA Carseldine,0.0
player_runs_rf,categorical__player_LA Pomersbach,0.0
player_runs_rf,categorical__player_LB Williams,0.0
player_runs_rf,categorical__player_LE Plunkett,0.0
player_runs_rf,categorical__player_LH Ferguson,0.0
player_runs_rf,categorical__player_LI Meriwala,0.0
player_runs_rf,categorical__player_LJ Wright,0.0
player_runs_rf,categorical__player_LPC Silva,0.0
player_runs_rf,categorical__player_Lalit Yadav,0.0
player_runs_rf,categorical__player_M Ashwin,0.0
player_runs_rf,categorical__player_M Jansen,0.0
player_runs_rf,categorical__player_M Kaif,0.0
player_runs_rf,categorical__player_M Kartik,0.0
player_runs_rf,categorical__player_M Klinger,0.0
player_runs_rf,categorical__player_M Manhas,0.0
player_runs_rf,categorical__player_M Markande,0.0
player_runs_rf,categorical__player_M Morkel,0.0
player_runs_rf,categorical__player_M Muralitharan,0.0
player_runs_rf,categorical__player_M Ntini,0.0
player_runs_rf,categorical__player_M Pathirana,0.0
player_runs_rf,categorical__player_M Prasidh Krishna,0.0
player_runs_rf,categorical__player_M Rawat,0.0
player_runs_rf,categorical__player_M Shahrukh Khan,0.0
player_runs_rf,categorical__player_M Siddharth,0.0
player_runs_rf,categorical__player_M Theekshana,0.0
player_runs_rf,categorical__player_M Vijay,0.0
player_runs_rf,categorical__player_M Vohra,0.0
player_runs_rf,categorical__player_M de Lange,0.0
player_runs_rf,categorical__player_MA Agarwal,0.0
player_runs_rf,categorical__player_MA Khote,0.0
player_runs_rf,categorical__player_MA Starc,0.0
player_runs_rf,categorical__player_MA Wood,0.0
player_runs_rf,categorical__player_MC Juneja,0.0
player_runs_rf,categorical__player_MD Mishra,0.0
player_runs_rf,categorical__player_MD Shanaka,0.0
player_runs_rf,categorical__player_MDKJ Perera,0.0
player_runs_rf,categorical__player_MF Maharoof,0.0
player_runs_rf,categorical__player_MG Bracewell,0.0
player_runs_rf,categorical__player_MG Johnson,0.0
player_runs_rf,categorical__player_MJ Clarke,0.0
player_runs_rf,categorical__player_MJ Guptill,0.0
player_runs_rf,categorical__player_MJ Henry,0.0
player_runs_rf,categorical__player_MJ Lumb,0.0
player_runs_rf,categorical__player_MJ McClenaghan,0.0
player_runs_rf,categorical__player_MJ Santner,0.0
player_runs_rf,categorical__player_MJ Suthar,0.0
player_runs_rf,categorical__player_MK Lomror,0.0
player_runs_rf,categorical__player_MK Tiwary,0.0
player_runs_rf,categorical__player_MM Patel,0.0
player_runs_rf,categorical__player_MM Sharma,0.0
player_runs_rf,categorical__player_MN van Wyk,0.0
player_runs_rf,categorical__player_MP Yadav,0.0
player_runs_rf,categorical__player_MS Bisla,0.0
player_runs_rf,categorical__player_MS Dhoni,0.0
player_runs_rf,categorical__player_MS Wade,0.0
player_runs_rf,categorical__player_MV Boucher,0.0
player_runs_rf,categorical__player_MW Short,0.0
player_runs_rf,categorical__player_Mandeep Singh,0.0
player_runs_rf,categorical__player_Mashrafe Mortaza,0.0
player_runs_rf,categorical__player_Mayank Dagar,0.0
player_runs_rf,categorical__player_Misbah-ul-Haq,0.0
player_runs_rf,categorical__player_Mohammad Ashraful,0.0
player_runs_rf,categorical__player_Mohammad Asif,0.0
player_runs_rf,categorical__player_Mohammad Hafeez,0.0
player_runs_rf,categorical__player_Mohammad Nabi,0.0
player_runs_rf,categorical__player_Mohammed Shami,0.0
player_runs_rf,categorical__player_Mohammed Siraj,0.0
player_runs_rf,categorical__player_Mohit Rathee,0.0
player_runs_rf,categorical__player_Mohsin Khan,0.0
player_runs_rf,categorical__player_Monu Kumar,0.0
player_runs_rf,categorical__player_Mujeeb Ur Rahman,0.0
player_runs_rf,categorical__player_Mukesh Choudhary,0.0
player_runs_rf,categorical__player_Mukesh Kumar,0.0
player_runs_rf,categorical__player_Mustafizur Rahman,0.0
player_runs_rf,categorical__player_N Burger,0.0
player_runs_rf,categorical__player_N Jagadeesan,0.0
player_runs_rf,categorical__player_N Saini,0.0
player_runs_rf,categorical__player_N Thushara,0.0
player_runs_rf,categorical__player_N Wadhera,0.0
player_runs_rf,categorical__player_NA Saini,0.0
player_runs_rf,categorical__player_NB Singh,0.0
player_runs_rf,categorical__player_ND Doshi,0.0
player_runs_rf,categorical__player_NJ Maddinson,0.0
player_runs_rf,categorical__player_NK Patel,0.0
player_runs_rf,categorical__player_NL McCullum,0.0
player_runs_rf,categorical__player_NLTC Perera,0.0
player_runs_rf,categorical__player_NM Coulter-Nile,0.0
player_runs_rf,categorical__player_NS Naik,0.0
player_runs_rf,categorical__player_NT Ellis,0.0
player_runs_rf,categorical__player_Naman Dhir,0.0
player_runs_rf,categorical__player_Navdeep Saini,0.0
player_runs_rf,categorical__player_Naveen-ul-Haq,0.0
player_runs_rf,categorical__player_Noor Ahmad,0.0
player_runs_rf,categorical__player_O Thomas,0.0
player_runs_rf,categorical__player_OC McCoy,0.0
player_runs_rf,categorical__player_OF Smith,0.0
player_runs_rf,categorical__player_P Amarnath,0.0
player_runs_rf,categorical__player_P Awana,0.0
player_runs_rf,categorical__player_P Chopra,0.0
player_runs_rf,categorical__player_P Dogra,0.0
player_runs_rf,categorical__player_P Dubey,0.0
player_runs_rf,categorical__player_P Kumar,0.0
player_runs_rf,categorical__player_P Negi,0.0
player_runs_rf,categorical__player_P Parameswaran,0.0
player_runs_rf,categorical__player_P Prasanth,0.0
player_runs_rf,categorical__player_P Ray Barman,0.0
player_runs_rf,categorical__player_P Sahu,0.0
player_runs_rf,categorical__player_P Simran Singh,0.0
player_runs_rf,categorical__player_P Suyal,0.0
player_runs_rf,categorical__player_PA Patel,0.0
player_runs_rf,categorical__player_PA Reddy,0.0
player_runs_rf,categorical__player_PBB Rajapaksa,0.0
player_runs_rf,categorical__player_PH Solanki,0.0
player_runs_rf,categorical__player_PJ Sangwan,0.0
player_runs_rf,categorical__player_PK Garg,0.0
player_runs_rf,categorical__player_PM Sarvesh Kumar,0.0
player_runs_rf,categorical__player_PN Mankad,0.0
player_runs_rf,categorical__player_PP Chawla,0.0
player_runs_rf,categorical__player_PP Ojha,0.0
player_runs_rf,categorical__player_PR Shah,0.0
player_runs_rf,categorical__player_PSP Handscomb,0.0
player_runs_rf,categorical__player_PV Tambe,0.0
player_runs_rf,categorical__player_PVD Chameera,0.0
player_runs_rf,categorical__player_PWH de Silva,0.0
player_runs_rf,categorical__player_Pankaj Singh,0.0
player_runs_rf,categorical__player_Parvez Rasool,0.0
player_runs_rf,categorical__player_R Ashwin,0.0
player_runs_rf,categorical__player_R Bhatia,0.0
player_runs_rf,categorical__player_R Bishnoi,0.0
player_runs_rf,categorical__player_R Dhawan,0.0
player_runs_rf,categorical__player_R Dravid,0.0
player_runs_rf,categorical__player_R Goyal,0.0
player_runs_rf,categorical__player_R Ninan,0.0
player_runs_rf,categorical__player_R Powell,0.0
player_runs_rf,categorical__player_R Rampaul,0.0
player_runs_rf,categorical__player_R Ravindra,0.0
player_runs_rf,categorical__player_R Sai Kishore,0.0
player_runs_rf,categorical__player_R Sanjay Yadav,0.0
player_runs_rf,categorical__player_R Sathish,0.0
player_runs_rf,categorical__player_R Sharma,0.0
player_runs_rf,categorical__player_R Shepherd,0.0
player_runs_rf,categorical__player_R Shukla,0.0
player_runs_rf,categorical__player_R Vinay Kumar,0.0
player_runs_rf,categorical__player_RA Bawa,0.0
player_runs_rf,categorical__player_RA Shaikh,0.0
player_runs_rf,categorical__player_RD Chahar,0.0
player_runs_rf,categorical__player_RE van der Merwe,0.0
player_runs_rf,categorical__player_RG More,0.0
player_runs_rf,categorical__player_RJ Gleeson,0.0
player_runs_rf,categorical__player_RJ Harris,0.0
player_runs_rf,categorical__player_RJ Peterson,0.0
player_runs_rf,categorical__player_RJ Quiney,0.0
player_runs_rf,categorical__player_RJW Topley,0.0
player_runs_rf,categorical__player_RK Bhui,0.0
player_runs_rf,categorical__player_RK Singh,0.0
player_runs_rf,categorical__player_RP Meredith,0.0
player_runs_rf,categorical__player_RP Singh,0.0
player_runs_rf,categorical__player_RR Bhatkal,0.0
player_runs_rf,categorical__player_RR Pant,0.0
player_runs_rf,categorical__player_RR Powar,0.0
player_runs_rf,categorical__player_RR Raje,0.0
player_runs_rf,categorical__player_RR Rossouw,0.0
player_runs_rf,categorical__player_RR Sarwan,0.0
player_runs_rf,categorical__player_RS Gavaskar,0.0
player_runs_rf,categorical__player_RS Hangargekar,0.0
player_runs_rf,categorical__player_RS Sodhi,0.0
player_runs_rf,categorical__player_RT Ponting,0.0
player_runs_rf,categorical__player_RV Patel,0.0
player_runs_rf,categorical__player_RW Price,0.0
player_runs_rf,categorical__player_Ramandeep Singh,0.0
player_runs_rf,categorical__player_Rasikh Salam,0.0
player_runs_rf,categorical__player_Ravi Bishnoi,0.0
player_runs_rf,categorical__player_S Anirudha,0.0
player_runs_rf,categorical__player_S Aravind,0.0
player_runs_rf,categorical__player_S Badree,0.0
player_runs_rf,categorical__player_S Chanderpaul,0.0
player_runs_rf,categorical__player_S Dube,0.0
player_runs_rf,categorical__player_S Joseph,0.0
player_runs_rf,categorical__player_S Kaul,0.0
player_runs_rf,categorical__player_S Kaushik,0.0
player_runs_rf,categorical__player_S Ladda,0.0
player_runs_rf,categorical__player_S Lamichhane,0.0
player_runs_rf,categorical__player_S Midhun,0.0
player_runs_rf,categorical__player_S Nadeem,0.0
player_runs_rf,categorical__player_S Narwal,0.0
player_runs_rf,categorical__player_S Rana,0.0
player_runs_rf,categorical__player_S Randiv,0.0
player_runs_rf,categorical__player_S Sandeep Warrier,0.0
player_runs_rf,categorical__player_S Sreesanth,0.0
player_runs_rf,categorical__player_S Sriram,0.0
player_runs_rf,categorical__player_S Tyagi,0.0
player_runs_rf,categorical__player_SA Abbott,0.0
player_runs_rf,categorical__player_SB Bangar,0.0
player_runs_rf,categorical__player_SB Dubey,0.0
player_runs_rf,categorical__player_SB Jakati,0.0
player_runs_rf,categorical__player_SB Joshi,0.0
player_runs_rf,categorical__player_SB Styris,0.0
player_runs_rf,categorical__player_SB Wagh,0.0
player_runs_rf,categorical__player_SC Kuggeleijn,0.0
player_runs_rf,categorical__player_SD Chitnis,0.0
player_runs_rf,categorical__player_SD Hope,0.0
player_runs_rf,categorical__player_SE Bond,0.0
player_runs_rf,categorical__player_SE Rutherford,0.0
player_runs_rf,categorical__player_SH Johnson,0.0
player_runs_rf,categorical__player_SJ Srivastava,0.0
player_runs_rf,categorical__player_SK Trivedi,0.0
player_runs_rf,categorical__player_SK Warne,0.0
player_runs_rf,categorical__player_SL Malinga,0.0
player_runs_rf,categorical__player_SM Boland,0.0
player_runs_rf,categorical__player_SM Harwood,0.0
player_runs_rf,categorical__player_SM Katich,0.0
player_runs_rf,categorical__player_SM Pollock,0.0
player_runs_rf,categorical__player_SMSM Senanayake,0.0
player_runs_rf,categorical__player_SN Khan,0.0
player_runs_rf,categorical__player_SN Thakur,0.0
player_runs_rf,categorical__player_SP Fleming,0.0
player_runs_rf,categorical__player_SP Goswami,0.0
player_runs_rf,categorical__player_SP Jackson,0.0
player_runs_rf,categorical__player_SPD Smith,0.0
player_runs_rf,categorical__player_SR Tendulkar,0.0
player_runs_rf,categorical__player_SS Cottrell,0.0
player_runs_rf,categorical__player_SS Prabhudessai,0.0
player_runs_rf,categorical__player_SS Sarkar,0.0
player_runs_rf,categorical__player_SS Shaikh,0.0
player_runs_rf,categorical__player_SS Tiwary,0.0
player_runs_rf,categorical__player_SSB Magala,0.0
player_runs_rf,categorical__player_STR Binny,0.0
player_runs_rf,categorical__player_SW Tait,0.0
player_runs_rf,categorical__player_SZ Mulani,0.0
player_runs_rf,categorical__player_Sachin Baby,0.0
player_runs_rf,categorical__player_Salman Butt,0.0
player_runs_rf,categorical__player_Sameer Rizvi,0.0
player_runs_rf,categorical__player_Sandeep Sharma,0.0
player_runs_rf,categorical__player_Sanvir Singh,0.0
player_runs_rf,categorical__player_Saurav Chauhan,0.0
player_runs_rf,categorical__player_Shahbaz Ahmed,0.0
player_runs_rf,categorical__player_Shahid Afridi,0.0
player_runs_rf,categorical__player_Shashank Singh,0.0
player_runs_rf,categorical__player_Shivam Mavi,0.0
player_runs_rf,categorical__player_Shivam Sharma,0.0
player_runs_rf,categorical__player_Shivam Singh,0.0
player_runs_rf,categorical__player_Shoaib Ahmed,0.0
player_runs_rf,categorical__player_Shoaib Akhtar,0.0
player_runs_rf,categorical__player_Shoaib Malik,0.0
player_runs_rf,categorical__player_Simarjeet Singh,0.0
player_runs_rf,categorical__player_Sohail Tanvir,0.0
player_runs_rf,categorical__player_Sumit Kumar,0.0
player_runs_rf,categorical__player_Sunny Singh,0.0
player_runs_rf,categorical__player_Suyash Sharma,0.0
player_runs_rf,categorical__player_Swapnil Singh,0.0
player_runs_rf,categorical__player_T Banton,0.0
player_runs_rf,categorical__player_T Henderson,0.0
player_runs_rf,categorical__player_T Kohler-Cadmore,0.0
player_runs_rf,categorical__player_T Kohli,0.0
player_runs_rf,categorical__player_T Natarajan,0.0
player_runs_rf,categorical__player_T Shamsi,0.0
player_runs_rf,categorical__player_T Taibu,0.0
player_runs_rf,categorical__player_T Thushara,0.0
player_runs_rf,categorical__player_TA Boult,0.0
player_runs_rf,categorical__player_TD Paine,0.0
player_runs_rf,categorical__player_TG Southee,0.0
player_runs_rf,categorical__player_TH David,0.0
player_runs_rf,categorical__player_TL Seifert,0.0
player_runs_rf,categorical__player_TL Suman,0.0
player_runs_rf,categorical__player_TM Dilshan,0.0
player_runs_rf,categorical__player_TM Srivastava,0.0
player_runs_rf,categorical__player_TP Sudhindra,0.0
player_runs_rf,categorical__player_TR Birt,0.0
player_runs_rf,categorical__player_TS Mills,0.0
player_runs_rf,categorical__player_TU Deshpande,0.0
player_runs_rf,categorical__player_Tanush Kotian,0.0
player_runs_rf,categorical__player_U Kaul,0.0
player_runs_rf,categorical__player_UA Birla,0.0
player_runs_rf,categorical__player_UBT Chand,0.0
player_runs_rf,categorical__player_UT Khawaja,0.0
player_runs_rf,categorical__player_UT Yadav,0.0
player_runs_rf,categorical__player_Umar Gul,0.0
player_runs_rf,categorical__player_Umran Malik,0.0
player_runs_rf,categorical__player_V Kaverappa,0.0
player_runs_rf,categorical__player_V Pratap Singh,0.0
player_runs_rf,categorical__player_V Viyaskanth,0.0
player_runs_rf,categorical__player_VG Arora,0.0
player_runs_rf,categorical__player_VH Zol,0.0
player_runs_rf,categorical__player_VR Aaron,0.0
player_runs_rf,categorical__player_VR Iyer,0.0
player_runs_rf,categorical__player_VRV Singh,0.0
player_runs_rf,categorical__player_VS Malik,0.0
player_runs_rf,categorical__player_VS Yeligati,0.0
player_runs_rf,categorical__player_VVS Laxman,0.0
player_runs_rf,categorical__player_VY Mahesh,0.0
player_runs_rf,categorical__player_Vijaykumar Vyshak,0.0
player_runs_rf,categorical__player_Virat Singh,0.0
player_runs_rf,categorical__player_Vishnu Vinod,0.0
player_runs_rf,categorical__player_W Jaffer,0.0
player_runs_rf,categorical__player_WD Parnell,0.0
player_runs_rf,categorical__player_WP Saha,0.0
player_runs_rf,categorical__player_WPUJC Vaas,0.0
player_runs_rf,categorical__player_X Thalaivan Sargunam,0.0
player_runs_rf,categorical__player_Y Gnaneswara Rao,0.0
player_runs_rf,categorical__player_Y Nagar,0.0
player_runs_rf,categorical__player_Y Prithvi Raj,0.0
player_runs_rf,categorical__player_Y Venugopal Rao,0.0
player_runs_rf,categorical__player_YA Abdulla,0.0
player_runs_rf,categorical__player_YS Chahal,0.0
player_runs_rf,categorical__player_YV Dhull,0.0
player_runs_rf,categorical__player_YV Takawale,0.0
player_runs_rf,categorical__player_Yash Dayal,0.0
player_runs_rf,categorical__player_Yash Thakur,0.0
player_runs_rf,categorical__player_Yashpal Singh,0.0
player_runs_rf,categorical__player_Younis Khan,0.0
player_runs_rf,categorical__player_Yudhvir Singh,0.0
player_runs_rf,categorical__player_Z Khan,0.0
player_strike_rate_rf,numeric__recent_runs,0.7541932883594342
player_strike_rate_rf,numeric__recent_fantasy_points,0.04020669914121727
player_strike_rate_rf,numeric__recent_wickets,0.028613569917796948
player_strike_rate_rf,numeric__recent_strike_rate,0.026296979801749602
player_strike_rate_rf,numeric__opposition_runs_avg,0.02568231948583049
player_strike_rate_rf,numeric__season,0.01030342281586357
player_strike_rate_rf,categorical__player_JPR Scantlebury-Searles,0.009603435544644063
player_strike_rate_rf,numeric__venue_runs_avg,0.0074175777218325
player_strike_rate_rf,categorical__player_Rashid Khan,0.0038935424913784855
player_strike_rate_rf,"categorical__venue_Maharaja Yadavindra Singh International Cricket Stadium, Mullanpur",0.003285353519093234
player_strike_rate_rf,categorical__player_K Gowtham,0.0031434355781351188
player_strike_rate_rf,categorical__player_R Vinay Kumar,0.002949726322716801
player_strike_rate_rf,categorical__venue_Sharjah Cricket Stadium,0.0027308525848900433
player_strike_rate_rf,categorical__player_PN Mankad,0.002665863495203856
player_strike_rate_rf,categorical__player_Shashank Singh,0.0023471181867793364
player_strike_rate_rf,categorical__player_D Wiese,0.002239054025473861
player_strike_rate_rf,categorical__player_MA Wood,0.0021913455905588136
player_strike_rate_rf,categorical__player_DT Patil,0.001811837146465318
player_strike_rate_rf,categorical__player_TK Curran,0.001739725066875439
player_strike_rate_rf,categorical__player_AP Tare,0.0016313904738230766
player_strike_rate_rf,categorical__player_R Bhatia,0.001612411653698128
player_strike_rate_rf,categorical__player_B Akhil,0.0015912004014344947
player_strike_rate_rf,"categorical__venue_Sardar Patel Stadium, Motera",0.001408552217769045
player_strike_rate_rf,categorical__player_JA Morkel,0.0014070486951782153
player_strike_rate_rf,categorical__player_KK Cooper,0.0013866548046443602
player_strike_rate_rf,"categorical__venue_MA Chidambaram Stadium, Chepauk",0.0013553311091876988
player_strike_rate_rf,categorical__player_RV Gomez,0.0013314779523000658
player_strike_rate_rf,categorical__player_DJ Bravo,0.0012359991706208779
player_strike_rate_rf,categorical__team_Gujarat Titans,0.0011397788010345257
player_strike_rate_rf,"categorical__venue_Rajiv Gandhi International Stadium, Uppal",0.001030407775554786
player_strike_rate_rf,categorical__opposition_Rising Pune Supergiants,0.0010298963013131177
player_strike_rate_rf,categorical__player_Ramandeep Singh,0.0009667238527823569
player_strike_rate_rf,categorical__player_MS Dhoni,0.0009196550768507304
player_strike_rate_rf,categorical__opposition_Rajasthan Royals,0.000917493927311604
player_strike_rate_rf,categorical__player_DB Das,0.0009024597983126557
player_strike_rate_rf,categorical__player_Shahid Afridi,0.0009003954883143508
player_strike_rate_rf,categorical__player_Umar Gul,0.0008966465872767993
player_strike_rate_rf,categorical__player_AB de Villiers,0.0008687116223569967
player_strike_rate_rf,categorical__opposition_Chennai Super Kings,0.0008347583975701582
player_strike_rate_rf,categorical__opposition_Punjab Kings,0.0008237158653020757
player_strike_rate_rf,categorical__opposition_Kolkata Knight Riders,0.000795408074693295
player_strike_rate_rf,categorical__player_J Fraser-McGurk,0.0007605073465155852
player_strike_rate_rf,"categorical__venue_Wankhede Stadium, Mumbai",0.0007524500866696287
player_strike_rate_rf,categorical__venue_Punjab Cricket Association IS Bindra Stadium,0.0007473992589186883
player_strike_rate_rf,categorical__player_HH Pandya,0.0007436227707635114
player_strike_rate_rf,categorical__player_A Nortje,0.00072036624088658
player_strike_rate_rf,categorical__venue_Holkar Cricket Stadium,0.000711288203306572
player_strike_rate_rf,categorical__player_A Choudhary,0.0006848784333811105
player_strike_rate_rf,categorical__venue_M Chinnaswamy Stadium,0.0006770657599956785
player_strike_rate_rf,categorical__player_PJ Cummins,0.000661301592035023
player_strike_rate_rf,categorical__player_CH Morris,0.0006565027817842749
player_strike_rate_rf,categorical__player_GD Phillips,0.0006552754245669276
player_strike_rate_rf,categorical__player_CR Brathwaite,0.0006400250202401833
player_strike_rate_rf,categorical__player_N Pooran,0.0006346857532396494
player_strike_rate_rf,categorical__player_JC Archer,0.0006296816477113821
player_strike_rate_rf,categorical__player_SA Yadav,0.0006231554830048256
player_strike_rate_rf,categorical__opposition_Royal Challengers Bengaluru,0.0006084217598272105
player_strike_rate_rf,categorical__player_R Tewatia,0.0005978492899175677
player_strike_rate_rf,categorical__player_LR Shukla,0.0005877934819218016
player_strike_rate_rf,categorical__player_RJ Quiney,0.0005855041042073518
player_strike_rate_rf,categorical__opposition_Delhi Capitals,0.0005846564921523003
player_strike_rate_rf,categorical__team_Lucknow Super Giants,0.000568728830462672
player_strike_rate_rf,categorical__team_Mumbai Indians,0.0005501977167790017
player_strike_rate_rf,"categorical__venue_Bharat Ratna Shri Atal Bihari Vajpayee Ekana Cricket Stadium, Lucknow",0.00054579631661995
player_strike_rate_rf,categorical__player_STR Binny,0.00053754712502836
player_strike_rate_rf,categorical__player_DJ Hooda,0.0005299445814663224
player_strike_rate_rf,categorical__player_V Sehwag,0.0005255140645095346
player_strike_rate_rf,categorical__player_RA Jadeja,0.0005229068369712953
player_strike_rate_rf,categorical__venue_M.Chinnaswamy Stadium,0.0005168520777434834
player_strike_rate_rf,"categorical__venue_Maharashtra Cricket Association Stadium, Pune",0.0005064078840892876
player_strike_rate_rf,categorical__player_L Wood,0.00048182579462885503
player_strike_rate_rf,categorical__venue_Wankhede Stadium,0.00047654261694828927
player_strike_rate_rf,categorical__player_LJ Wright,0.00047589279124870735
player_strike_rate_rf,categorical__player_JP Faulkner,0.00047502158073212006
player_strike_rate_rf,categorical__venue_Himachal Pradesh Cricket Association Stadium,0.0004668314504188475
player_strike_rate_rf,categorical__player_SP Narine,0.00046615422076970187
player_strike_rate_rf,categorical__player_KH Pandya,0.00046403733269964836
player_strike_rate_rf,categorical__player_B Stanlake,0.00046210621147942425
player_strike_rate_rf,categorical__player_AN Ahmed,0.0004539022688454084
player_strike_rate_rf,categorical__player_KJ Abbott,0.0004171522488393508
player_strike_rate_rf,categorical__player_P Negi,0.00040147608382821954
player_strike_rate_rf,categorical__player_MS Gony,0.0003999114499911811
player_strike_rate_rf,categorical__player_MK Tiwary,0.0003967539536726095
player_strike_rate_rf,"categorical__venue_Punjab Cricket Association Stadium, Mohali",0.0003952172680555605
player_strike_rate_rf,categorical__opposition_Mumbai Indians,0.00038590506874165763
player_strike_rate_rf,categorical__player_Abhishek Sharma,0.0003835190258091759
player_strike_rate_rf,categorical__player_JD Unadkat,0.0003755546901551722
player_strike_rate_rf,categorical__player_SL Malinga,0.0003726791551477382
player_strike_rate_rf,categorical__player_SN Khan,0.0003684964437961011
player_strike_rate_rf,categorical__venue_Subrata Roy Sahara Stadium,0.0003649022692048942
player_strike_rate_rf,categorical__team_Kolkata Knight Riders,0.00036259124651159797
player_strike_rate_rf,"categorical__venue_Eden Gardens, Kolkata",0.0003614902278175512
player_strike_rate_rf,categorical__player_JO Holder,0.0003402893362087144
player_strike_rate_rf,categorical__player_GJ Maxwell,0.00032966972440007757
player_strike_rate_rf,categorical__player_R Dhawan,0.0003259088038464724
player_strike_rate_rf,categorical__opposition_Lucknow Super Giants,0.0003234309186892762
player_strike_rate_rf,categorical__venue_Eden Gardens,0.00031904104244841116
player_strike_rate_rf,categorical__player_OF Smith,0.0002980770985077779
player_strike_rate_rf,categorical__player_J Syed Mohammad,0.00029186187807021943
player_strike_rate_rf,categorical__venue_Saurashtra Cricket Association Stadium,0.00028974320947184815
player_strike_rate_rf,categorical__player_JR Hopes,0.00028944426167164825
player_strike_rate_rf,categorical__player_KA Pollard,0.00028471832545673843
player_strike_rate_rf,categorical__venue_Feroz Shah Kotla,0.0002787219855097093
player_strike_rate_rf,categorical__venue_Sheikh Zayed Stadium,0.00026830178740011037
player_strike_rate_rf,categorical__venue_Newlands,0.0002596269055948837
player_strike_rate_rf,categorical__venue_SuperSport Park,0.0002573833675418825
player_strike_rate_rf,categorical__venue_Brabourne Stadium,0.0002549933229466861
player_strike_rate_rf,categorical__venue_Sawai Mansingh Stadium,0.00024621559268759013
player_strike_rate_rf,categorical__player_SM Curran,0.00024346911639380606
player_strike_rate_rf,categorical__player_MJ Santner,0.000238600646199906
player_strike_rate_rf,categorical__team_Punjab Kings,0.000234623465468733
player_strike_rate_rf,categorical__venue_Dr DY Patil Sports Academy,0.00023425701895156311
player_strike_rate_rf,categorical__player_BA Stokes,0.00023372937912842116
player_strike_rate_rf,categorical__player_AD Russell,0.00023188750534692306
player_strike_rate_rf,categorical__team_Delhi Capitals,0.00022817314902156242
player_strike_rate_rf,categorical__venue_New Wanderers Stadium,0.0002195698674507315
player_strike_rate_rf,categorical__opposition_Sunrisers Hyderabad,0.00021296798601050745
player_strike_rate_rf,categorical__player_B Lee,0.0002107678950142443
player_strike_rate_rf,categorical__player_Y Venugopal Rao,0.00020606990775001868
player_strike_rate_rf,categorical__team_Chennai Super Kings,0.00020261943966391497
player_strike_rate_rf,categorical__player_SN Thakur,0.00020004330803750515
player_strike_rate_rf,categorical__venue_MA Chidambaram Stadium,0.0001890676763402458
player_strike_rate_rf,categorical__player_Harbhajan Singh,0.0001834661799945828
player_strike_rate_rf,categorical__venue_Arun Jaitley Stadium,0.0001804736203043187
player_strike_rate_rf,"categorical__venue_Rajiv Gandhi International Stadium, Uppal, Hyderabad",0.00017936826982761526
player_strike_rate_rf,categorical__player_KD Karthik,0.00017610564526799496
player_strike_rate_rf,categorical__player_R Rampaul,0.00017584330384637516
player_strike_rate_rf,categorical__player_SM Pollock,0.00016786863558745615
player_strike_rate_rf,categorical__player_J Botha,0.0001660962863687979
player_strike_rate_rf,categorical__player_Washington Sundar,0.0001581471765509707
player_strike_rate_rf,categorical__player_SP Jackson,0.00015457145628820584
player_strike_rate_rf,categorical__player_YK Pathan,0.0001531533912672242
player_strike_rate_rf,categorical__player_R Ashwin,0.0001520199541352142
player_strike_rate_rf,categorical__player_Akash Deep,0.00014747916209601175
player_strike_rate_rf,categorical__team_Deccan Chargers,0.00014445351376449648
player_strike_rate_rf,categorical__player_Yuvraj Singh,0.00014129402017868712
player_strike_rate_rf,categorical__team_Rajasthan Royals,0.000140584820278475
player_strike_rate_rf,categorical__player_Shahbaz Ahmed,0.00013485391555920938
player_strike_rate_rf,categorical__player_PVD Chameera,0.00013208036377065097
player_strike_rate_rf,categorical__player_Misbah-ul-Haq,0.0001288604592641952
player_strike_rate_rf,categorical__player_PP Chawla,0.00012709230255650658
player_strike_rate_rf,categorical__team_Royal Challengers Bengaluru,0.0001249872663523633
player_strike_rate_rf,categorical__player_PWH de Silva,0.0001235032211524523
player_strike_rate_rf,"categorical__venue_Sawai Mansingh Stadium, Jaipur",0.00012195046580328384
player_strike_rate_rf,categorical__player_Ishan Kishan,0.00012082606866690269
player_strike_rate_rf,categorical__venue_Shaheed Veer Narayan Singh International Stadium,0.00011750013573667778
player_strike_rate_rf,categorical__player_Anureet Singh,0.00011555254883693462
player_strike_rate_rf,categorical__player_AB Agarkar,0.0001151745985521459
player_strike_rate_rf,categorical__player_A Ashish Reddy,0.00011082700538194332
player_strike_rate_rf,categorical__player_RN ten Doeschate,0.00011033213072111686
player_strike_rate_rf,categorical__opposition_Pune Warriors,0.0001093258079376231
player_strike_rate_rf,categorical__player_TH David,0.00010848744503653297
player_strike_rate_rf,categorical__player_DH Yagnik,0.0001024756359315648
player_strike_rate_rf,categorical__player_Harmeet Singh,0.00010047222701135112
player_strike_rate_rf,categorical__player_Bipul Sharma,9.688298608102159e-05
player_strike_rate_rf,categorical__player_PP Shaw,9.585548361359218e-05
player_strike_rate_rf,categorical__player_JEC Franklin,9.545678588853792e-05
player_strike_rate_rf,"categorical__venue_Dr DY Patil Sports Academy, Mumbai",9.452974333198989e-05
player_strike_rate_rf,categorical__player_M Morkel,9.41998970463863e-05
player_strike_rate_rf,categorical__player_S Dube,9.33999854185425e-05
player_strike_rate_rf,"categorical__venue_Arun Jaitley Stadium, Delhi",8.928762818060856e-05
player_strike_rate_rf,"categorical__venue_M Chinnaswamy Stadium, Bengaluru",8.901011067797479e-05
player_strike_rate_rf,categorical__venue_Maharashtra Cricket Association Stadium,8.617511394837905e-05
player_strike_rate_rf,categorical__player_Azhar Mahmood,8.561939300940701e-05
player_strike_rate_rf,categorical__player_I Udana,8.50255748666581e-05
player_strike_rate_rf,categorical__player_Kuldeep Yadav,8.502542214451839e-05
player_strike_rate_rf,"categorical__venue_MA Chidambaram Stadium, Chepauk, Chennai",8.477431297293694e-05
player_strike_rate_rf,categorical__opposition_Deccan Chargers,8.237115611471258e-05
player_strike_rate_rf,categorical__player_WP Saha,8.171535672353243e-05
player_strike_rate_rf,categorical__venue_Dubai International Cricket Stadium,8.029194417304778e-05
player_strike_rate_rf,categorical__player_Kamran Akmal,8.014943099787555e-05
player_strike_rate_rf,categorical__player_Anuj Rawat,7.96761311916857e-05
player_strike_rate_rf,categorical__opposition_Gujarat Lions,7.828319488795627e-05
player_strike_rate_rf,categorical__player_PD Salt,7.756082932593712e-05
player_strike_rate_rf,categorical__player_JM Sharma,7.755991496696658e-05
player_strike_rate_rf,categorical__player_V Shankar,7.680971312536994e-05
player_strike_rate_rf,categorical__venue_JSCA International Stadium Complex,7.678739726708846e-05
player_strike_rate_rf,categorical__player_BJ Rohrer,7.641130715738909e-05
player_strike_rate_rf,categorical__player_H Klaasen,7.538842701656694e-05
player_strike_rate_rf,categorical__player_SB Bangar,7.440679747326844e-05
player_strike_rate_rf,categorical__player_M Ashwin,7.411657641145568e-05
player_strike_rate_rf,categorical__player_MJ McClenaghan,7.309987182835224e-05
player_strike_rate_rf,categorical__player_IK Pathan,7.277789426900382e-05
player_strike_rate_rf,categorical__player_SMSM Senanayake,7.202725058208859e-05
player_strike_rate_rf,categorical__player_TM Head,7.041136309212371e-05
player_strike_rate_rf,categorical__player_SR Watson,6.827050494054025e-05
player_strike_rate_rf,categorical__player_RA Tripathi,6.785814689203297e-05
player_strike_rate_rf,categorical__player_Umran Malik,6.595055137366448e-05
player_strike_rate_rf,categorical__venue_Rajiv Gandhi International Stadium,6.188420585238313e-05
player_strike_rate_rf,categorical__opposition_Gujarat Titans,5.9879849915137076e-05
player_strike_rate_rf,categorical__player_Lalit Yadav,5.545170197818005e-05
player_strike_rate_rf,categorical__player_LRPL Taylor,5.525428137936739e-05
player_strike_rate_rf,categorical__player_RE Levi,5.459639268554272e-05
player_strike_rate_rf,categorical__player_KM Jadhav,5.4415118281653704e-05
player_strike_rate_rf,categorical__player_RG Sharma,5.402380027158875e-05
player_strike_rate_rf,categorical__player_DL Chahar,5.2221676586232034e-05
player_strike_rate_rf,categorical__venue_Kingsmead,5.15888376650402e-05
player_strike_rate_rf,categorical__venue_Dr. Y.S. Rajasekhara Reddy ACA-VDCA Cricket Stadium,5.1409235763586166e-05
player_strike_rate_rf,categorical__player_CL White,5.05383956478487e-05
player_strike_rate_rf,categorical__player_JH Kallis,5.033272991045009e-05
player_strike_rate_rf,categorical__player_JDP Oram,4.9161422856975407e-05
player_strike_rate_rf,categorical__player_B Kumar,4.849883583801679e-05
player_strike_rate_rf,categorical__player_MK Pandey,4.718039157773905e-05
player_strike_rate_rf,categorical__player_CH Gayle,4.510307767357989e-05
player_strike_rate_rf,categorical__player_AUK Pathan,4.508846070704451e-05
player_strike_rate_rf,categorical__player_Shivam Sharma,4.498562938660404e-05
player_strike_rate_rf,categorical__player_MM Ali,4.4243538997804203e-05
player_strike_rate_rf,categorical__player_DR Smith,4.380556817739467e-05
player_strike_rate_rf,"categorical__venue_Himachal Pradesh Cricket Association Stadium, Dharamsala",4.219139612319705e-05
player_strike_rate_rf,categorical__player_JD Ryder,4.042739832033905e-05
player_strike_rate_rf,categorical__player_SB Styris,4.01681140126183e-05
player_strike_rate_rf,categorical__team_Rising Pune Supergiants,3.990816058365662e-05
player_strike_rate_rf,categorical__player_MF Maharoof,3.708837956354253e-05
player_strike_rate_rf,categorical__player_DT Christian,3.638250657071515e-05
player_strike_rate_rf,categorical__player_A Kumble,3.477765869463633e-05
player_strike_rate_rf,"categorical__venue_Narendra Modi Stadium, Ahmedabad",3.2557318022893874e-05
player_strike_rate_rf,categorical__player_PC Valthaty,2.6348716292412746e-05
player_strike_rate_rf,categorical__player_NV Ojha,2.6002367540115045e-05
player_strike_rate_rf,categorical__player_R McLaren,2.2678057597870838e-05
player_strike_rate_rf,categorical__player_DJ Willey,2.2159062110482538e-05
player_strike_rate_rf,categorical__venue_Buffalo Park,2.1014244609239825e-05
player_strike_rate_rf,categorical__player_DJM Short,1.9827029573131082e-05
player_strike_rate_rf,categorical__player_NLTC Perera,1.9813384875726275e-05
player_strike_rate_rf,categorical__player_AS Raut,1.0190560292251599e-05
player_strike_rate_rf,categorical__team_Sunrisers Hyderabad,7.580734489842489e-06
player_strike_rate_rf,categorical__venue_Barabati Stadium,0.0
player_strike_rate_rf,"categorical__venue_Barsapara Cricket Stadium, Guwahati",0.0
player_strike_rate_rf,"categorical__venue_Brabourne Stadium, Mumbai",0.0
player_strike_rate_rf,categorical__venue_De Beers Diamond Oval,0.0
player_strike_rate_rf,"categorical__venue_Dr. Y.S. Rajasekhara Reddy ACA-VDCA Cricket Stadium, Visakhapatnam",0.0
player_strike_rate_rf,categorical__venue_Green Park,0.0
player_strike_rate_rf,categorical__venue_Nehru Stadium,0.0
player_strike_rate_rf,categorical__venue_OUTsurance Oval,0.0
player_strike_rate_rf,"categorical__venue_Punjab Cricket Association IS Bindra Stadium, Mohali",0.0
player_strike_rate_rf,"categorical__venue_Punjab Cricket Association IS Bindra Stadium, Mohali, Chandigarh",0.0
player_strike_rate_rf,categorical__venue_St George's Park,0.0
player_strike_rate_rf,"categorical__venue_Vidarbha Cricket Association Stadium, Jamtha",0.0
player_strike_rate_rf,"categorical__venue_Zayed Cricket Stadium, Abu Dhabi",0.0
player_strike_rate_rf,categorical__team_Gujarat Lions,0.0
player_strike_rate_rf,categorical__team_Kochi Tuskers Kerala,0.0
player_strike_rate_rf,categorical__team_Pune Warriors,0.0
player_strike_rate_rf,categorical__opposition_Kochi Tuskers Kerala,0.0
player_strike_rate_rf,categorical__player_A Badoni,0.0
player_strike_rate_rf,categorical__player_A Chandila,0.0
player_strike_rate_rf,categorical__player_A Chopra,0.0
player_strike_rate_rf,categorical__player_A Dananjaya,0.0
player_strike_rate_rf,categorical__player_A Flintoff,0.0
player_strike_rate_rf,categorical__player_A Kamboj,0.0
player_strike_rate_rf,categorical__player_A Manohar,0.0
player_strike_rate_rf,categorical__player_A Mishra,0.0
player_strike_rate_rf,categorical__player_A Mithun,0.0
player_strike_rate_rf,categorical__player_A Mukund,0.0
player_strike_rate_rf,categorical__player_A Nehra,0.0
player_strike_rate_rf,categorical__player_A Nel,0.0
player_strike_rate_rf,categorical__player_A Raghuvanshi,0.0
player_strike_rate_rf,categorical__player_A Singh,0.0
player_strike_rate_rf,categorical__player_A Symonds,0.0
player_strike_rate_rf,categorical__player_A Uniyal,0.0
player_strike_rate_rf,categorical__player_A Zampa,0.0
player_strike_rate_rf,categorical__player_AA Bilakhia,0.0
player_strike_rate_rf,categorical__player_AA Chavan,0.0
player_strike_rate_rf,categorical__player_AA Jhunjhunwala,0.0
player_strike_rate_rf,categorical__player_AA Kazi,0.0
player_strike_rate_rf,categorical__player_AA Kulkarni,0.0
player_strike_rate_rf,categorical__player_AA Noffke,0.0
player_strike_rate_rf,categorical__player_AB Barath,0.0
player_strike_rate_rf,categorical__player_AB Dinda,0.0
player_strike_rate_rf,categorical__player_AB McDonald,0.0
player_strike_rate_rf,categorical__player_AC Blizzard,0.0
player_strike_rate_rf,categorical__player_AC Gilchrist,0.0
player_strike_rate_rf,categorical__player_AC Thomas,0.0
player_strike_rate_rf,categorical__player_AC Voges,0.0
player_strike_rate_rf,categorical__player_AD Hales,0.0
player_strike_rate_rf,categorical__player_AD Mascarenhas,0.0
player_strike_rate_rf,categorical__player_AD Mathews,0.0
player_strike_rate_rf,categorical__player_AD Nath,0.0
player_strike_rate_rf,categorical__player_AF Milne,0.0
player_strike_rate_rf,categorical__player_AG Murtaza,0.0
player_strike_rate_rf,categorical__player_AG Paunikar,0.0
player_strike_rate_rf,categorical__player_AJ Finch,0.0
player_strike_rate_rf,categorical__player_AJ Hosein,0.0
player_strike_rate_rf,categorical__player_AJ Turner,0.0
player_strike_rate_rf,categorical__player_AJ Tye,0.0
player_strike_rate_rf,categorical__player_AK Markram,0.0
player_strike_rate_rf,categorical__player_AL Menaria,0.0
player_strike_rate_rf,categorical__player_AM Nayar,0.0
player_strike_rate_rf,categorical__player_AM Rahane,0.0
player_strike_rate_rf,categorical__player_AM Salvi,0.0
player_strike_rate_rf,categorical__player_AN Ghosh,0.0
player_strike_rate_rf,categorical__player_AP Dole,0.0
player_strike_rate_rf,categorical__player_AP Majumdar,0.0
player_strike_rate_rf,categorical__player_AR Bawne,0.0
player_strike_rate_rf,categorical__player_AR Patel,0.0
player_strike_rate_rf,categorical__player_AS Joseph,0.0
player_strike_rate_rf,categorical__player_AS Rajpoot,0.0
player_strike_rate_rf,categorical__player_AS Roy,0.0
player_strike_rate_rf,categorical__player_AS Yadav,0.0
player_strike_rate_rf,categorical__player_AT Carey,0.0
player_strike_rate_rf,categorical__player_AT Rayudu,0.0
player_strike_rate_rf,categorical__player_AU Rashid,0.0
player_strike_rate_rf,categorical__player_Abdul Basith,0.0
player_strike_rate_rf,categorical__player_Abdul Samad,0.0
player_strike_rate_rf,categorical__player_Abishek Porel,0.0
player_strike_rate_rf,categorical__player_Akash Madhwal,0.0
player_strike_rate_rf,categorical__player_Akash Singh,0.0
player_strike_rate_rf,categorical__player_Aman Hakim Khan,0.0
player_strike_rate_rf,categorical__player_Anand Rajan,0.0
player_strike_rate_rf,categorical__player_Anirudh Singh,0.0
player_strike_rate_rf,categorical__player_Ankit Sharma,0.0
player_strike_rate_rf,categorical__player_Ankit Soni,0.0
player_strike_rate_rf,categorical__player_Anmolpreet Singh,0.0
player_strike_rate_rf,categorical__player_Arjun Tendulkar,0.0
player_strike_rate_rf,categorical__player_Arshad Khan,0.0
player_strike_rate_rf,categorical__player_Arshdeep Singh,0.0
player_strike_rate_rf,categorical__player_Ashutosh Sharma,0.0
player_strike_rate_rf,categorical__player_Atharva Taide,0.0
player_strike_rate_rf,categorical__player_Avesh Khan,0.0
player_strike_rate_rf,categorical__player_Azmatullah Omarzai,0.0
player_strike_rate_rf,categorical__player_B Chipli,0.0
player_strike_rate_rf,categorical__player_B Geeves,0.0
player_strike_rate_rf,categorical__player_B Indrajith,0.0
player_strike_rate_rf,categorical__player_B Laughlin,0.0
player_strike_rate_rf,categorical__player_B Sai Sudharsan,0.0
player_strike_rate_rf,categorical__player_B Sumanth,0.0
player_strike_rate_rf,categorical__player_BA Bhatt,0.0
player_strike_rate_rf,categorical__player_BAW Mendis,0.0
player_strike_rate_rf,categorical__player_BB McCullum,0.0
player_strike_rate_rf,categorical__player_BB Samantray,0.0
player_strike_rate_rf,categorical__player_BB Sran,0.0
player_strike_rate_rf,categorical__player_BCJ Cutting,0.0
player_strike_rate_rf,categorical__player_BE Hendricks,0.0
player_strike_rate_rf,categorical__player_BJ Haddin,0.0
player_strike_rate_rf,categorical__player_BJ Hodge,0.0
player_strike_rate_rf,categorical__player_BMAJ Mendis,0.0
player_strike_rate_rf,categorical__player_BR Dunk,0.0
player_strike_rate_rf,categorical__player_BW Hilfenhaus,0.0
player_strike_rate_rf,categorical__player_Basil Thampi,0.0
player_strike_rate_rf,categorical__player_C Ganapathy,0.0
player_strike_rate_rf,categorical__player_C Green,0.0
player_strike_rate_rf,categorical__player_C Madan,0.0
player_strike_rate_rf,categorical__player_C Munro,0.0
player_strike_rate_rf,categorical__player_C Nanda,0.0
player_strike_rate_rf,categorical__player_C Sakariya,0.0
player_strike_rate_rf,categorical__player_C de Grandhomme,0.0
player_strike_rate_rf,categorical__player_CA Ingram,0.0
player_strike_rate_rf,categorical__player_CA Lynn,0.0
player_strike_rate_rf,categorical__player_CA Pujara,0.0
player_strike_rate_rf,categorical__player_CJ Anderson,0.0
player_strike_rate_rf,categorical__player_CJ Dala,0.0
player_strike_rate_rf,categorical__player_CJ Ferguson,0.0
player_strike_rate_rf,categorical__player_CJ Jordan,0.0
player_strike_rate_rf,categorical__player_CJ McKay,0.0
player_strike_rate_rf,categorical__player_CK Kapugedera,0.0
player_strike_rate_rf,categorical__player_CK Langeveldt,0.0
player_strike_rate_rf,categorical__player_CM Gautam,0.0
player_strike_rate_rf,categorical__player_CR Woakes,0.0
player_strike_rate_rf,categorical__player_CRD Fernando,0.0
player_strike_rate_rf,categorical__player_CV Varun,0.0
player_strike_rate_rf,categorical__player_D Brevis,0.0
player_strike_rate_rf,categorical__player_D Ferreira,0.0
player_strike_rate_rf,categorical__player_D Jansen,0.0
player_strike_rate_rf,categorical__player_D Kalyankrishna,0.0
player_strike_rate_rf,categorical__player_D Padikkal,0.0
player_strike_rate_rf,categorical__player_D Pretorius,0.0
player_strike_rate_rf,categorical__player_D Salunkhe,0.0
player_strike_rate_rf,categorical__player_D du Preez,0.0
player_strike_rate_rf,categorical__player_DA Miller,0.0
player_strike_rate_rf,categorical__player_DA Warner,0.0
player_strike_rate_rf,categorical__player_DAJ Bracewell,0.0
player_strike_rate_rf,categorical__player_DB Ravi Teja,0.0
player_strike_rate_rf,categorical__player_DE Bollinger,0.0
player_strike_rate_rf,categorical__player_DG Nalkande,0.0
player_strike_rate_rf,categorical__player_DJ Harris,0.0
player_strike_rate_rf,categorical__player_DJ Hussey,0.0
player_strike_rate_rf,categorical__player_DJ Jacobs,0.0
player_strike_rate_rf,categorical__player_DJ Mitchell,0.0
player_strike_rate_rf,categorical__player_DJ Muthuswami,0.0
player_strike_rate_rf,categorical__player_DJ Thornely,0.0
player_strike_rate_rf,categorical__player_DJG Sammy,0.0
player_strike_rate_rf,categorical__player_DL Vettori,0.0
player_strike_rate_rf,categorical__player_DNT Zoysa,0.0
player_strike_rate_rf,categorical__player_DP Conway,0.0
player_strike_rate_rf,categorical__player_DP Nannes,0.0
player_strike_rate_rf,categorical__player_DP Vijaykumar,0.0
player_strike_rate_rf,categorical__player_DPMD Jayawardene,0.0
player_strike_rate_rf,categorical__player_DR Sams,0.0
player_strike_rate_rf,categorical__player_DR Shorey,0.0
player_strike_rate_rf,categorical__player_DS Kulkarni,0.0
player_strike_rate_rf,categorical__player_DS Lehmann,0.0
player_strike_rate_rf,categorical__player_DW Steyn,0.0
player_strike_rate_rf,categorical__player_Dhruv Jurel,0.0
player_strike_rate_rf,categorical__player_E Lewis,0.0
player_strike_rate_rf,categorical__player_EJG Morgan,0.0
player_strike_rate_rf,categorical__player_ER Dwivedi,0.0
player_strike_rate_rf,categorical__player_F Behardien,0.0
player_strike_rate_rf,categorical__player_F du Plessis,0.0
player_strike_rate_rf,categorical__player_FA Allen,0.0
player_strike_rate_rf,categorical__player_FH Edwards,0.0
player_strike_rate_rf,categorical__player_FY Fazal,0.0
player_strike_rate_rf,categorical__player_Fazalhaq Farooqi,0.0
player_strike_rate_rf,categorical__player_G Coetzee,0.0
player_strike_rate_rf,categorical__player_G Gambhir,0.0
player_strike_rate_rf,categorical__player_GB Hogg,0.0
player_strike_rate_rf,categorical__player_GC Smith,0.0
player_strike_rate_rf,categorical__player_GC Viljoen,0.0
player_strike_rate_rf,categorical__player_GD McGrath,0.0
player_strike_rate_rf,categorical__player_GH Vihari,0.0
player_strike_rate_rf,categorical__player_GHS Garton,0.0
player_strike_rate_rf,categorical__player_GJ Bailey,0.0
player_strike_rate_rf,categorical__player_GR Napier,0.0
player_strike_rate_rf,categorical__player_Gagandeep Singh,0.0
player_strike_rate_rf,categorical__player_Gulbadin Naib,0.0
player_strike_rate_rf,categorical__player_Gurkeerat Singh,0.0
player_strike_rate_rf,categorical__player_Gurnoor Brar,0.0
player_strike_rate_rf,categorical__player_H Das,0.0
player_strike_rate_rf,categorical__player_H Sharma,0.0
player_strike_rate_rf,categorical__player_HC Brook,0.0
player_strike_rate_rf,categorical__player_HE van der Dussen,0.0
player_strike_rate_rf,categorical__player_HF Gurney,0.0
player_strike_rate_rf,categorical__player_HH Gibbs,0.0
player_strike_rate_rf,categorical__player_HM Amla,0.0
player_strike_rate_rf,categorical__player_HR Shokeen,0.0
player_strike_rate_rf,categorical__player_HV Patel,0.0
player_strike_rate_rf,categorical__player_Harpreet Brar,0.0
player_strike_rate_rf,categorical__player_Harpreet Singh,0.0
player_strike_rate_rf,categorical__player_Harshit Rana,0.0
player_strike_rate_rf,categorical__player_I Sharma,0.0
player_strike_rate_rf,categorical__player_IC Pandey,0.0
player_strike_rate_rf,categorical__player_IC Porel,0.0
player_strike_rate_rf,categorical__player_IR Jaggi,0.0
player_strike_rate_rf,categorical__player_IS Sodhi,0.0
player_strike_rate_rf,categorical__player_Imran Tahir,0.0
player_strike_rate_rf,categorical__player_Iqbal Abdulla,0.0
player_strike_rate_rf,categorical__player_J Arunkumar,0.0
player_strike_rate_rf,categorical__player_J Little,0.0
player_strike_rate_rf,categorical__player_J Suchith,0.0
player_strike_rate_rf,categorical__player_J Theron,0.0
player_strike_rate_rf,categorical__player_J Yadav,0.0
player_strike_rate_rf,categorical__player_JA Richardson,0.0
player_strike_rate_rf,categorical__player_JC Buttler,0.0
player_strike_rate_rf,categorical__player_JDS Neesham,0.0
player_strike_rate_rf,categorical__player_JE Taylor,0.0
player_strike_rate_rf,categorical__player_JJ Bumrah,0.0
player_strike_rate_rf,categorical__player_JJ Roy,0.0
player_strike_rate_rf,categorical__player_JJ van der Wath,0.0
player_strike_rate_rf,categorical__player_JL Denly,0.0
player_strike_rate_rf,categorical__player_JL Pattinson,0.0
player_strike_rate_rf,categorical__player_JM Bairstow,0.0
player_strike_rate_rf,categorical__player_JM Kemp,0.0
player_strike_rate_rf,categorical__player_JP Behrendorff,0.0
player_strike_rate_rf,categorical__player_JP Duminy,0.0
player_strike_rate_rf,categorical__player_JR Hazlewood,0.0
player_strike_rate_rf,categorical__player_JR Philippe,0.0
player_strike_rate_rf,categorical__player_JW Hastings,0.0
player_strike_rate_rf,categorical__player_Jalaj S Saxena,0.0
player_strike_rate_rf,categorical__player_Jaskaran Singh,0.0
player_strike_rate_rf,categorical__player_Joginder Sharma,0.0
player_strike_rate_rf,categorical__player_K Goel,0.0
player_strike_rate_rf,categorical__player_K Kartikeya,0.0
player_strike_rate_rf,categorical__player_K Khejroliya,0.0
player_strike_rate_rf,categorical__player_K Rabada,0.0
player_strike_rate_rf,categorical__player_K Santokie,0.0
player_strike_rate_rf,categorical__player_K Upadhyay,0.0
player_strike_rate_rf,categorical__player_K Yadav,0.0
player_strike_rate_rf,categorical__player_KA Jamieson,0.0
player_strike_rate_rf,categorical__player_KA Maharaj,0.0
player_strike_rate_rf,categorical__player_KAJ Roach,0.0
player_strike_rate_rf,categorical__player_KB Arun Karthik,0.0
player_strike_rate_rf,categorical__player_KC Cariappa,0.0
player_strike_rate_rf,categorical__player_KC Sangakkara,0.0
player_strike_rate_rf,categorical__player_KK Ahmed,0.0
player_strike_rate_rf,categorical__player_KK Nair,0.0
player_strike_rate_rf,categorical__player_KL Nagarkoti,0.0
player_strike_rate_rf,categorical__player_KL Rahul,0.0
player_strike_rate_rf,categorical__player_KM Asif,0.0
player_strike_rate_rf,categorical__player_KMA Paul,0.0
player_strike_rate_rf,categorical__player_KMDN Kulasekara,0.0
player_strike_rate_rf,categorical__player_KP Appanna,0.0
player_strike_rate_rf,categorical__player_KP Pietersen,0.0
player_strike_rate_rf,categorical__player_KR Mayers,0.0
player_strike_rate_rf,categorical__player_KR Sen,0.0
player_strike_rate_rf,categorical__player_KS Bharat,0.0
player_strike_rate_rf,categorical__player_KS Sharma,0.0
player_strike_rate_rf,categorical__player_KS Williamson,0.0
player_strike_rate_rf,categorical__player_KT Maphaka,0.0
player_strike_rate_rf,categorical__player_KV Sharma,0.0
player_strike_rate_rf,categorical__player_KW Richardson,0.0
player_strike_rate_rf,categorical__player_Kamran Khan,0.0
player_strike_rate_rf,categorical__player_Karanveer Singh,0.0
player_strike_rate_rf,categorical__player_Kartik Tyagi,0.0
player_strike_rate_rf,categorical__player_Kumar Kushagra,0.0
player_strike_rate_rf,categorical__player_L Ablish,0.0
player_strike_rate_rf,categorical__player_L Balaji,0.0
player_strike_rate_rf,categorical__player_L Ngidi,0.0
player_strike_rate_rf,categorical__player_L Ronchi,0.0
player_strike_rate_rf,categorical__player_LA Carseldine,0.0
player_strike_rate_rf,categorical__player_LA Pomersbach,0.0
player_strike_rate_rf,categorical__player_LB Williams,0.0
player_strike_rate_rf,categorical__player_LE Plunkett,0.0
player_strike_rate_rf,categorical__player_LH Ferguson,0.0
player_strike_rate_rf,categorical__player_LI Meriwala,0.0
player_strike_rate_rf,categorical__player_LMP Simmons,0.0
player_strike_rate_rf,categorical__player_LPC Silva,0.0
player_strike_rate_rf,categorical__player_LS Livingstone,0.0
player_strike_rate_rf,categorical__player_M Jansen,0.0
player_strike_rate_rf,categorical__player_M Kaif,0.0
player_strike_rate_rf,categorical__player_M Kartik,0.0
player_strike_rate_rf,categorical__player_M Klinger,0.0
player_strike_rate_rf,categorical__player_M Manhas,0.0
player_strike_rate_rf,categorical__player_M Markande,0.0
player_strike_rate_rf,categorical__player_M Muralitharan,0.0
player_strike_rate_rf,categorical__player_M Ntini,0.0
player_strike_rate_rf,categorical__player_M Pathirana,0.0
player_strike_rate_rf,categorical__player_M Prasidh Krishna,0.0
player_strike_rate_rf,categorical__player_M Rawat,0.0
player_strike_rate_rf,categorical__player_M Shahrukh Khan,0.0
player_strike_rate_rf,categorical__player_M Siddharth,0.0
player_strike_rate_rf,categorical__player_M Theekshana,0.0
player_strike_rate_rf,categorical__player_M Vijay,0.0
player_strike_rate_rf,categorical__player_M Vohra,0.0
player_strike_rate_rf,categorical__player_M de Lange,0.0
player_strike_rate_rf,categorical__player_MA Agarwal,0.0
player_strike_rate_rf,categorical__player_MA Khote,0.0
player_strike_rate_rf,categorical__player_MA Starc,0.0
player_strike_rate_rf,categorical__player_MC Henriques,0.0
player_strike_rate_rf,categorical__player_MC Juneja,0.0
player_strike_rate_rf,categorical__player_MD Mishra,0.0
player_strike_rate_rf,categorical__player_MD Shanaka,0.0
player_strike_rate_rf,categorical__player_MDKJ Perera,0.0
player_strike_rate_rf,categorical__player_MEK Hussey,0.0
player_strike_rate_rf,categorical__player_MG Bracewell,0.0
player_strike_rate_rf,categorical__player_MG Johnson,0.0
player_strike_rate_rf,categorical__player_MJ Clarke,0.0
player_strike_rate_rf,categorical__player_MJ Guptill,0.0
player_strike_rate_rf,categorical__player_MJ Henry,0.0
player_strike_rate_rf,categorical__player_MJ Lumb,0.0
player_strike_rate_rf,categorical__player_MJ Suthar,0.0
player_strike_rate_rf,categorical__player_MK Lomror,0.0
player_strike_rate_rf,categorical__player_ML Hayden,0.0
player_strike_rate_rf,categorical__player_MM Patel,0.0
player_strike_rate_rf,categorical__player_MM Sharma,0.0
player_strike_rate_rf,categorical__player_MN Samuels,0.0
player_strike_rate_rf,categorical__player_MN van Wyk,0.0
player_strike_rate_rf,categorical__player_MP Stoinis,0.0
player_strike_rate_rf,categorical__player_MP Yadav,0.0
player_strike_rate_rf,categorical__player_MR Marsh,0.0
player_strike_rate_rf,categorical__player_MS Bisla,0.0
player_strike_rate_rf,categorical__player_MS Wade,0.0
player_strike_rate_rf,categorical__player_MV Boucher,0.0
player_strike_rate_rf,categorical__player_MW Short,0.0
player_strike_rate_rf,categorical__player_Mandeep Singh,0.0
player_strike_rate_rf,categorical__player_Mashrafe Mortaza,0.0
player_strike_rate_rf,categorical__player_Mayank Dagar,0.0
player_strike_rate_rf,categorical__player_Mohammad Ashraful,0.0
player_strike_rate_rf,categorical__player_Mohammad Asif,0.0
player_strike_rate_rf,categorical__player_Mohammad Hafeez,0.0
player_strike_rate_rf,categorical__player_Mohammad Nabi,0.0
player_strike_rate_rf,categorical__player_Mohammed Shami,0.0
player_strike_rate_rf,categorical__player_Mohammed Siraj,0.0
player_strike_rate_rf,categorical__player_Mohit Rathee,0.0
player_strike_rate_rf,categorical__player_Mohsin Khan,0.0
player_strike_rate_rf,categorical__player_Monu Kumar,0.0
player_strike_rate_rf,categorical__player_Mujeeb Ur Rahman,0.0
player_strike_rate_rf,categorical__player_Mukesh Choudhary,0.0
player_strike_rate_rf,categorical__player_Mukesh Kumar,0.0
player_strike_rate_rf,categorical__player_Mustafizur Rahman,0.0
player_strike_rate_rf,categorical__player_N Burger,0.0
player_strike_rate_rf,categorical__player_N Jagadeesan,0.0
player_strike_rate_rf,categorical__player_N Rana,0.0
player_strike_rate_rf,categorical__player_N Saini,0.0
player_strike_rate_rf,categorical__player_N Thushara,0.0
player_strike_rate_rf,categorical__player_N Wadhera,0.0
player_strike_rate_rf,categorical__player_NA Saini,0.0
player_strike_rate_rf,categorical__player_NB Singh,0.0
player_strike_rate_rf,categorical__player_ND Doshi,0.0
player_strike_rate_rf,categorical__player_NJ Maddinson,0.0
player_strike_rate_rf,categorical__player_NK Patel,0.0
player_strike_rate_rf,categorical__player_NL McCullum,0.0
player_strike_rate_rf,categorical__player_NM Coulter-Nile,0.0
player_strike_rate_rf,categorical__player_NS Naik,0.0
player_strike_rate_rf,categorical__player_NT Ellis,0.0
player_strike_rate_rf,categorical__player_Naman Dhir,0.0
player_strike_rate_rf,categorical__player_Navdeep Saini,0.0
player_strike_rate_rf,categorical__player_Naveen-ul-Haq,0.0
player_strike_rate_rf,categorical__player_Nithish Kumar Reddy,0.0
player_strike_rate_rf,categorical__player_Noor Ahmad,0.0
player_strike_rate_rf,categorical__player_O Thomas,0.0
player_strike_rate_rf,categorical__player_OA Shah,0.0
player_strike_rate_rf,categorical__player_OC McCoy,0.0
player_strike_rate_rf,categorical__player_P Amarnath,0.0
player_strike_rate_rf,categorical__player_P Awana,0.0
player_strike_rate_rf,categorical__player_P Chopra,0.0
player_strike_rate_rf,categorical__player_P Dogra,0.0
player_strike_rate_rf,categorical__player_P Dubey,0.0
player_strike_rate_rf,categorical__player_P Kumar,0.0
player_strike_rate_rf,categorical__player_P Parameswaran,0.0
player_strike_rate_rf,categorical__player_P Prasanth,0.0
player_strike_rate_rf,categorical__player_P Ray Barman,0.0
player_strike_rate_rf,categorical__player_P Sahu,0.0
player_strike_rate_rf,categorical__player_P Simran Singh,0.0
player_strike_rate_rf,categorical__player_P Suyal,0.0
player_strike_rate_rf,categorical__player_PA Patel,0.0
player_strike_rate_rf,categorical__player_PA Reddy,0.0
player_strike_rate_rf,categorical__player_PBB Rajapaksa,0.0
player_strike_rate_rf,categorical__player_PD Collingwood,0.0
player_strike_rate_rf,categorical__player_PH Solanki,0.0
player_strike_rate_rf,categorical__player_PJ Sangwan,0.0
player_strike_rate_rf,categorical__player_PK Garg,0.0
player_strike_rate_rf,categorical__player_PM Sarvesh Kumar,0.0
player_strike_rate_rf,categorical__player_PP Ojha,0.0
player_strike_rate_rf,categorical__player_PR Shah,0.0
player_strike_rate_rf,categorical__player_PSP Handscomb,0.0
player_strike_rate_rf,categorical__player_PV Tambe,0.0
player_strike_rate_rf,categorical__player_Pankaj Singh,0.0
player_strike_rate_rf,categorical__player_Parvez Rasool,0.0
player_strike_rate_rf,categorical__player_Q de Kock,0.0
player_strike_rate_rf,categorical__player_R Bishnoi,0.0
player_strike_rate_rf,categorical__player_R Dravid,0.0
player_strike_rate_rf,categorical__player_R Goyal,0.0
player_strike_rate_rf,categorical__player_R Ninan,0.0
player_strike_rate_rf,categorical__player_R Parag,0.0
player_strike_rate_rf,categorical__player_R Powell,0.0
player_strike_rate_rf,categorical__player_R Ravindra,0.0
player_strike_rate_rf,categorical__player_R Sai Kishore,0.0
player_strike_rate_rf,categorical__player_R Sanjay Yadav,0.0
player_strike_rate_rf,categorical__player_R Sathish,0.0
player_strike_rate_rf,categorical__player_R Sharma,0.0
player_strike_rate_rf,categorical__player_R Shepherd,0.0
player_strike_rate_rf,categorical__player_R Shukla,0.0
player_strike_rate_rf,categorical__player_RA Bawa,0.0
player_strike_rate_rf,categorical__player_RA Shaikh,0.0
player_strike_rate_rf,categorical__player_RD Chahar,0.0
player_strike_rate_rf,categorical__player_RD Gaikwad,0.0
player_strike_rate_rf,categorical__player_RE van der Merwe,0.0
player_strike_rate_rf,categorical__player_RG More,0.0
player_strike_rate_rf,categorical__player_RJ Gleeson,0.0
player_strike_rate_rf,categorical__player_RJ Harris,0.0
player_strike_rate_rf,categorical__player_RJ Peterson,0.0
player_strike_rate_rf,categorical__player_RJW Topley,0.0
player_strike_rate_rf,categorical__player_RK Bhui,0.0
player_strike_rate_rf,categorical__player_RK Singh,0.0
player_strike_rate_rf,categorical__player_RM Patidar,0.0
player_strike_rate_rf,categorical__player_RP Meredith,0.0
player_strike_rate_rf,categorical__player_RP Singh,0.0
player_strike_rate_rf,categorical__player_RR Bhatkal,0.0
player_strike_rate_rf,categorical__player_RR Pant,0.0
player_strike_rate_rf,categorical__player_RR Powar,0.0
player_strike_rate_rf,categorical__player_RR Raje,0.0
player_strike_rate_rf,categorical__player_RR Rossouw,0.0
player_strike_rate_rf,categorical__player_RR Sarwan,0.0
player_strike_rate_rf,categorical__player_RS Bopara,0.0
player_strike_rate_rf,categorical__player_RS Gavaskar,0.0
player_strike_rate_rf,categorical__player_RS Hangargekar,0.0
player_strike_rate_rf,categorical__player_RS Sodhi,0.0
player_strike_rate_rf,categorical__player_RT Ponting,0.0
player_strike_rate_rf,categorical__player_RV Patel,0.0
player_strike_rate_rf,categorical__player_RV Uthappa,0.0
player_strike_rate_rf,categorical__player_RW Price,0.0
player_strike_rate_rf,categorical__player_Rahmanullah Gurbaz,0.0
player_strike_rate_rf,categorical__player_Rasikh Salam,0.0
player_strike_rate_rf,categorical__player_Ravi Bishnoi,0.0
player_strike_rate_rf,categorical__player_S Anirudha,0.0
player_strike_rate_rf,categorical__player_S Aravind,0.0
player_strike_rate_rf,categorical__player_S Badree,0.0
player_strike_rate_rf,categorical__player_S Badrinath,0.0
player_strike_rate_rf,categorical__player_S Chanderpaul,0.0
player_strike_rate_rf,categorical__player_S Dhawan,0.0
player_strike_rate_rf,categorical__player_S Gopal,0.0
player_strike_rate_rf,categorical__player_S Joseph,0.0
player_strike_rate_rf,categorical__player_S Kaul,0.0
player_strike_rate_rf,categorical__player_S Kaushik,0.0
player_strike_rate_rf,categorical__player_S Ladda,0.0
player_strike_rate_rf,categorical__player_S Lamichhane,0.0
player_strike_rate_rf,categorical__player_S Midhun,0.0
player_strike_rate_rf,categorical__player_S Nadeem,0.0
player_strike_rate_rf,categorical__player_S Narwal,0.0
player_strike_rate_rf,categorical__player_S Rana,0.0
player_strike_rate_rf,categorical__player_S Randiv,0.0
player_strike_rate_rf,categorical__player_S Sandeep Warrier,0.0
player_strike_rate_rf,categorical__player_S Sohal,0.0
player_strike_rate_rf,categorical__player_S Sreesanth,0.0
player_strike_rate_rf,categorical__player_S Sriram,0.0
player_strike_rate_rf,categorical__player_S Tyagi,0.0
player_strike_rate_rf,categorical__player_S Vidyut,0.0
player_strike_rate_rf,categorical__player_SA Abbott,0.0
player_strike_rate_rf,categorical__player_SA Asnodkar,0.0
player_strike_rate_rf,categorical__player_SB Dubey,0.0
player_strike_rate_rf,categorical__player_SB Jakati,0.0
player_strike_rate_rf,categorical__player_SB Joshi,0.0
player_strike_rate_rf,categorical__player_SB Wagh,0.0
player_strike_rate_rf,categorical__player_SC Ganguly,0.0
player_strike_rate_rf,categorical__player_SC Kuggeleijn,0.0
player_strike_rate_rf,categorical__player_SD Chitnis,0.0
player_strike_rate_rf,categorical__player_SD Hope,0.0
player_strike_rate_rf,categorical__player_SE Bond,0.0
player_strike_rate_rf,categorical__player_SE Marsh,0.0
player_strike_rate_rf,categorical__player_SE Rutherford,0.0
player_strike_rate_rf,categorical__player_SH Johnson,0.0
player_strike_rate_rf,categorical__player_SJ Srivastava,0.0
player_strike_rate_rf,categorical__player_SK Raina,0.0
player_strike_rate_rf,categorical__player_SK Trivedi,0.0
player_strike_rate_rf,categorical__player_SK Warne,0.0
player_strike_rate_rf,categorical__player_SM Boland,0.0
player_strike_rate_rf,categorical__player_SM Harwood,0.0
player_strike_rate_rf,categorical__player_SM Katich,0.0
player_strike_rate_rf,categorical__player_SO Hetmyer,0.0
player_strike_rate_rf,categorical__player_SP Fleming,0.0
player_strike_rate_rf,categorical__player_SP Goswami,0.0
player_strike_rate_rf,categorical__player_SPD Smith,0.0
player_strike_rate_rf,categorical__player_SR Tendulkar,0.0
player_strike_rate_rf,categorical__player_SS Cottrell,0.0
player_strike_rate_rf,categorical__player_SS Iyer,0.0
player_strike_rate_rf,categorical__player_SS Prabhudessai,0.0
player_strike_rate_rf,categorical__player_SS Sarkar,0.0
player_strike_rate_rf,categorical__player_SS Shaikh,0.0
player_strike_rate_rf,categorical__player_SS Tiwary,0.0
player_strike_rate_rf,categorical__player_SSB Magala,0.0
player_strike_rate_rf,categorical__player_ST Jayasuriya,0.0
player_strike_rate_rf,categorical__player_SV Samson,0.0
player_strike_rate_rf,categorical__player_SW Billings,0.0
player_strike_rate_rf,categorical__player_SW Tait,0.0
player_strike_rate_rf,categorical__player_SZ Mulani,0.0
player_strike_rate_rf,categorical__player_Sachin Baby,0.0
player_strike_rate_rf,categorical__player_Salman Butt,0.0
player_strike_rate_rf,categorical__player_Sameer Rizvi,0.0
player_strike_rate_rf,categorical__player_Sandeep Sharma,0.0
player_strike_rate_rf,categorical__player_Sanvir Singh,0.0
player_strike_rate_rf,categorical__player_Saurav Chauhan,0.0
player_strike_rate_rf,categorical__player_Shakib Al Hasan,0.0
player_strike_rate_rf,categorical__player_Shivam Mavi,0.0
player_strike_rate_rf,categorical__player_Shivam Singh,0.0
player_strike_rate_rf,categorical__player_Shoaib Ahmed,0.0
player_strike_rate_rf,categorical__player_Shoaib Akhtar,0.0
player_strike_rate_rf,categorical__player_Shoaib Malik,0.0
player_strike_rate_rf,categorical__player_Shubman Gill,0.0
player_strike_rate_rf,categorical__player_Sikandar Raza,0.0
player_strike_rate_rf,categorical__player_Simarjeet Singh,0.0
player_strike_rate_rf,categorical__player_Sohail Tanvir,0.0
player_strike_rate_rf,categorical__player_Sumit Kumar,0.0
player_strike_rate_rf,categorical__player_Sunny Singh,0.0
player_strike_rate_rf,categorical__player_Suyash Sharma,0.0
player_strike_rate_rf,categorical__player_Swapnil Singh,0.0
player_strike_rate_rf,categorical__player_T Banton,0.0
player_strike_rate_rf,categorical__player_T Henderson,0.0
player_strike_rate_rf,categorical__player_T Kohler-Cadmore,0.0
player_strike_rate_rf,categorical__player_T Kohli,0.0
player_strike_rate_rf,categorical__player_T Natarajan,0.0
player_strike_rate_rf,categorical__player_T Shamsi,0.0
player_strike_rate_rf,categorical__player_T Stubbs,0.0
player_strike_rate_rf,categorical__player_T Taibu,0.0
player_strike_rate_rf,categorical__player_T Thushara,0.0
player_strike_rate_rf,categorical__player_TA Boult,0.0
player_strike_rate_rf,categorical__player_TD Paine,0.0
player_strike_rate_rf,categorical__player_TG Southee,0.0
player_strike_rate_rf,categorical__player_TL Seifert,0.0
player_strike_rate_rf,categorical__player_TL Suman,0.0
player_strike_rate_rf,categorical__player_TM Dilshan,0.0
player_strike_rate_rf,categorical__player_TM Srivastava,0.0
player_strike_rate_rf,categorical__player_TP Sudhindra,0.0
player_strike_rate_rf,categorical__player_TR Birt,0.0
player_strike_rate_rf,categorical__player_TS Mills,0.0
player_strike_rate_rf,categorical__player_TU Deshpande,0.0
player_strike_rate_rf,categorical__player_Tanush Kotian,0.0
player_strike_rate_rf,categorical__player_Tilak Varma,0.0
player_strike_rate_rf,categorical__player_U Kaul,0.0
player_strike_rate_rf,categorical__player_UA Birla,0.0
player_strike_rate_rf,categorical__player_UBT Chand,0.0
player_strike_rate_rf,categorical__player_UT Khawaja,0.0
player_strike_rate_rf,categorical__player_UT Yadav,0.0
player_strike_rate_rf,categorical__player_V Kaverappa,0.0
player_strike_rate_rf,categorical__player_V Kohli,0.0
player_strike_rate_rf,categorical__player_V Pratap Singh,0.0
player_strike_rate_rf,categorical__player_V Viyaskanth,0.0
player_strike_rate_rf,categorical__player_VG Arora,0.0
player_strike_rate_rf,categorical__player_VH Zol,0.0
player_strike_rate_rf,categorical__player_VR Aaron,0.0
player_strike_rate_rf,categorical__player_VR Iyer,0.0
player_strike_rate_rf,categorical__player_VRV Singh,0.0
player_strike_rate_rf,categorical__player_VS Malik,0.0
player_strike_rate_rf,categorical__player_VS Yeligati,0.0
player_strike_rate_rf,categorical__player_VVS Laxman,0.0
player_strike_rate_rf,categorical__player_VY Mahesh,0.0
player_strike_rate_rf,categorical__player_Vijaykumar Vyshak,0.0
player_strike_rate_rf,categorical__player_Virat Singh,0.0
player_strike_rate_rf,categorical__player_Vishnu Vinod,0.0
player_strike_rate_rf,categorical__player_Vivrant Sharma,0.0
player_strike_rate_rf,categorical__player_W Jaffer,0.0
player_strike_rate_rf,categorical__player_WA Mota,0.0
player_strike_rate_rf,categorical__player_WD Parnell,0.0
player_strike_rate_rf,categorical__player_WG Jacks,0.0
player_strike_rate_rf,categorical__player_WPUJC Vaas,0.0
player_strike_rate_rf,categorical__player_X Thalaivan Sargunam,0.0
player_strike_rate_rf,categorical__player_Y Gnaneswara Rao,0.0
player_strike_rate_rf,categorical__player_Y Nagar,0.0
player_strike_rate_rf,categorical__player_Y Prithvi Raj,0.0
player_strike_rate_rf,categorical__player_YA Abdulla,0.0
player_strike_rate_rf,categorical__player_YBK Jaiswal,0.0
player_strike_rate_rf,categorical__player_YS Chahal,0.0
player_strike_rate_rf,categorical__player_YV Dhull,0.0
player_strike_rate_rf,categorical__player_YV Takawale,0.0
player_strike_rate_rf,categorical__player_Yash Dayal,0.0
player_strike_rate_rf,categorical__player_Yash Thakur,0.0
player_strike_rate_rf,categorical__player_Yashpal Singh,0.0
player_strike_rate_rf,categorical__player_Younis Khan,0.0
player_strike_rate_rf,categorical__player_Yudhvir Singh,0.0
player_strike_rate_rf,categorical__player_Z Khan,0.0
player_wickets_rf,numeric__recent_wickets,0.723917163099427
player_wickets_rf,numeric__recent_runs,0.09114212950797922
player_wickets_rf,numeric__recent_strike_rate,0.034071364565717924
player_wickets_rf,numeric__recent_fantasy_points,0.018159884043067724
player_wickets_rf,numeric__opposition_runs_avg,0.014966764890660136
player_wickets_rf,categorical__player_AS Joseph,0.005179412588234589
player_wickets_rf,numeric__season,0.004655635742938318
player_wickets_rf,categorical__player_AJ Tye,0.004359984139310779
player_wickets_rf,numeric__venue_runs_avg,0.003400011210315729
player_wickets_rf,categorical__player_Shoaib Akhtar,0.0027923288053791026
player_wickets_rf,categorical__player_SL Malinga,0.0026341536650734934
player_wickets_rf,categorical__venue_Dr. Y.S. Rajasekhara Reddy ACA-VDCA Cricket Stadium,0.0025658641991221317
player_wickets_rf,categorical__player_AD Russell,0.0023318429171142506
player_wickets_rf,categorical__player_A Mishra,0.002022399100913068
player_wickets_rf,categorical__player_Kamran Khan,0.0017510430126660085
player_wickets_rf,categorical__player_CH Morris,0.0017201686408324208
player_wickets_rf,categorical__player_RJ Peterson,0.0016891595462073888
player_wickets_rf,categorical__player_DJ Bravo,0.0016717598526414447
player_wickets_rf,categorical__opposition_Deccan Chargers,0.0015501625888672715
player_wickets_rf,categorical__player_JM Kemp,0.001539236752192415
player_wickets_rf,categorical__opposition_Chennai Super Kings,0.0014732091669297932
player_wickets_rf,categorical__player_UT Yadav,0.001430749896583685
player_wickets_rf,categorical__player_KK Cooper,0.001386755950901587
player_wickets_rf,categorical__player_PC Valthaty,0.0013540636524944374
player_wickets_rf,categorical__player_RA Jadeja,0.0013162793530565645
player_wickets_rf,categorical__player_SK Warne,0.0013015922598766162
player_wickets_rf,"categorical__venue_Bharat Ratna Shri Atal Bihari Vajpayee Ekana Cricket Stadium, Lucknow",0.0012532102962256439
player_wickets_rf,"categorical__venue_Vidarbha Cricket Association Stadium, Jamtha",0.0012176643015216302
player_wickets_rf,categorical__player_P Awana,0.001188329150452468
player_wickets_rf,categorical__player_MA Wood,0.0011663195460677469
player_wickets_rf,categorical__player_SR Watson,0.0011579478983460459
player_wickets_rf,"categorical__venue_MA Chidambaram Stadium, Chepauk, Chennai",0.0010923648258326993
player_wickets_rf,categorical__player_J Theron,0.0010577813913026128
player_wickets_rf,categorical__player_M Markande,0.001022847102930648
player_wickets_rf,categorical__player_M Theekshana,0.0010127384878588735
player_wickets_rf,categorical__player_K Rabada,0.000995214090224096
player_wickets_rf,categorical__player_Imran Tahir,0.000989153916885929
player_wickets_rf,categorical__player_PJ Cummins,0.0009740476356555212
player_wickets_rf,categorical__player_KP Appanna,0.0009740469868311088
player_wickets_rf,categorical__player_JO Holder,0.0009725788860062296
player_wickets_rf,categorical__player_JC Archer,0.0009248776670129997
player_wickets_rf,categorical__opposition_Punjab Kings,0.0009137641845062541
player_wickets_rf,categorical__player_PWH de Silva,0.0009133885708221898
player_wickets_rf,categorical__player_G Coetzee,0.0009111813713961051
player_wickets_rf,categorical__venue_M Chinnaswamy Stadium,0.0009021965809996584
player_wickets_rf,categorical__player_A Zampa,0.0008994472855217834
player_wickets_rf,categorical__player_JJ Bumrah,0.0008696120316010085
player_wickets_rf,categorical__player_Arshdeep Singh,0.000850778417386428
player_wickets_rf,categorical__player_P Negi,0.0008457277613866202
player_wickets_rf,categorical__player_DJG Sammy,0.000840828594764795
player_wickets_rf,categorical__player_JA Morkel,0.0008332365343043551
player_wickets_rf,categorical__player_A Chandila,0.000819421624707509
player_wickets_rf,categorical__player_Rashid Khan,0.0008122475530349036
player_wickets_rf,categorical__player_JDP Oram,0.0008065185029183658
player_wickets_rf,categorical__player_D Wiese,0.0007698061149626021
player_wickets_rf,categorical__player_YA Abdulla,0.0007637989368523199
player_wickets_rf,categorical__player_SP Narine,0.0007584549888561092
player_wickets_rf,categorical__team_Chennai Super Kings,0.0007522334156267498
player_wickets_rf,categorical__player_Yuvraj Singh,0.0007476946622237093
player_wickets_rf,categorical__player_Azhar Mahmood,0.0007444293528832722
player_wickets_rf,categorical__player_KH Pandya,0.0007228148163258865
player_wickets_rf,categorical__player_JP Faulkner,0.0007190492652270305
player_wickets_rf,categorical__player_SM Curran,0.0006972043350329117
player_wickets_rf,"categorical__venue_Zayed Cricket Stadium, Abu Dhabi",0.0006932406175078831
player_wickets_rf,categorical__player_S Aravind,0.0006697404320297337
player_wickets_rf,categorical__venue_Feroz Shah Kotla,0.000660632861153545
player_wickets_rf,categorical__player_HV Patel,0.0006449096977472369
player_wickets_rf,categorical__player_M Ntini,0.0006390573547342922
player_wickets_rf,categorical__venue_Green Park,0.0006273390951858011
player_wickets_rf,categorical__player_SB Jakati,0.0006260018830837724
player_wickets_rf,categorical__player_MR Marsh,0.0006219703033729929
player_wickets_rf,categorical__player_Mukesh Choudhary,0.000600673191460764
player_wickets_rf,"categorical__venue_Himachal Pradesh Cricket Association Stadium, Dharamsala",0.0005950949811147846
player_wickets_rf,categorical__team_Rajasthan Royals,0.0005722872811119204
player_wickets_rf,categorical__player_M Pathirana,0.0005236858743403686
player_wickets_rf,categorical__player_DS Kulkarni,0.0005205104780330967
player_wickets_rf,categorical__player_Harpreet Brar,0.0005096915321292667
player_wickets_rf,categorical__venue_Dubai International Cricket Stadium,0.0005004059280734054
player_wickets_rf,categorical__player_HH Pandya,0.0004853268672458604
player_wickets_rf,categorical__opposition_Gujarat Titans,0.00046302542737414074
player_wickets_rf,categorical__team_Rising Pune Supergiants,0.00046021298819199545
player_wickets_rf,categorical__player_YS Chahal,0.00045093884924011786
player_wickets_rf,categorical__opposition_Sunrisers Hyderabad,0.0004470050848528359
player_wickets_rf,categorical__player_MP Stoinis,0.00044580512446916844
player_wickets_rf,categorical__opposition_Royal Challengers Bengaluru,0.0004355857194149877
player_wickets_rf,categorical__opposition_Rajasthan Royals,0.00043293981102341566
player_wickets_rf,categorical__opposition_Kolkata Knight Riders,0.0003858107477326259
player_wickets_rf,categorical__player_AD Mathews,0.0003858017509548525
player_wickets_rf,"categorical__venue_Maharashtra Cricket Association Stadium, Pune",0.00038264155107259166
player_wickets_rf,categorical__player_JE Taylor,0.00037573560710750205
player_wickets_rf,categorical__opposition_Delhi Capitals,0.0003710369224541676
player_wickets_rf,categorical__opposition_Mumbai Indians,0.0003688373852200796
player_wickets_rf,categorical__venue_MA Chidambaram Stadium,0.00035768922839622214
player_wickets_rf,categorical__player_DR Sams,0.0003559621389619353
player_wickets_rf,"categorical__venue_Arun Jaitley Stadium, Delhi",0.0003546368685767634
player_wickets_rf,categorical__player_NLTC Perera,0.0003541763080267485
player_wickets_rf,"categorical__venue_Narendra Modi Stadium, Ahmedabad",0.00035340854332374454
player_wickets_rf,categorical__player_Akash Madhwal,0.00033960533643739827
player_wickets_rf,categorical__player_MA Starc,0.00033711388026820506
player_wickets_rf,categorical__venue_Subrata Roy Sahara Stadium,0.0003305181298589459
player_wickets_rf,categorical__player_MM Patel,0.00032954446984249567
player_wickets_rf,"categorical__venue_Rajiv Gandhi International Stadium, Uppal",0.0003280423043476052
player_wickets_rf,categorical__venue_Maharashtra Cricket Association Stadium,0.0003245306255906547
player_wickets_rf,"categorical__venue_Punjab Cricket Association Stadium, Mohali",0.0003178704703670415
player_wickets_rf,categorical__player_L Balaji,0.0003175216695624982
player_wickets_rf,categorical__opposition_Rising Pune Supergiants,0.00031383024536244404
player_wickets_rf,categorical__player_NM Coulter-Nile,0.00031375479505210875
player_wickets_rf,categorical__venue_Kingsmead,0.00030802536683718895
player_wickets_rf,"categorical__venue_Dr DY Patil Sports Academy, Mumbai",0.0003021202855369213
player_wickets_rf,categorical__player_Mohammed Shami,0.0003009182033415957
player_wickets_rf,"categorical__venue_Dr. Y.S. Rajasekhara Reddy ACA-VDCA Cricket Stadium, Visakhapatnam",0.0002989264770245498
player_wickets_rf,"categorical__venue_Brabourne Stadium, Mumbai",0.0002920535896047795
player_wickets_rf,categorical__player_RP Singh,0.0002858797645940884
player_wickets_rf,categorical__player_Yash Thakur,0.0002844669616447518
player_wickets_rf,categorical__venue_JSCA International Stadium Complex,0.00028335208052288394
player_wickets_rf,categorical__player_Sohail Tanvir,0.00027923085033179136
player_wickets_rf,categorical__player_OF Smith,0.0002762505387263876
player_wickets_rf,categorical__player_GB Hogg,0.000270611114581378
player_wickets_rf,categorical__team_Royal Challengers Bengaluru,0.0002635588971458251
player_wickets_rf,categorical__player_JH Kallis,0.00025752967122447937
player_wickets_rf,categorical__player_AU Rashid,0.0002559987996688578
player_wickets_rf,categorical__player_KR Sen,0.00025279124533211745
player_wickets_rf,categorical__player_PP Chawla,0.00025097166267790594
player_wickets_rf,categorical__player_KV Sharma,0.00024854537203985734
player_wickets_rf,categorical__player_RE van der Merwe,0.00024844171912244666
player_wickets_rf,categorical__player_Sandeep Sharma,0.00023805086918599164
player_wickets_rf,categorical__team_Mumbai Indians,0.0002350566883234135
player_wickets_rf,categorical__player_LR Shukla,0.00023201286721988507
player_wickets_rf,categorical__player_IK Pathan,0.00023176623030980416
player_wickets_rf,categorical__player_R Vinay Kumar,0.00022846408648447583
player_wickets_rf,categorical__player_Naveen-ul-Haq,0.000223507466831356
player_wickets_rf,categorical__team_Punjab Kings,0.0002176866908569426
player_wickets_rf,categorical__player_Harbhajan Singh,0.00021630103322537562
player_wickets_rf,categorical__player_Umar Gul,0.00021540738167962853
player_wickets_rf,"categorical__venue_Punjab Cricket Association IS Bindra Stadium, Mohali",0.00021288651703237521
player_wickets_rf,categorical__player_Vijaykumar Vyshak,0.0002125082621527603
player_wickets_rf,categorical__player_HR Shokeen,0.00020711539383954421
player_wickets_rf,categorical__player_Shahid Afridi,0.00020509409327125147
player_wickets_rf,categorical__venue_Punjab Cricket Association IS Bindra Stadium,0.00020481904645665546
player_wickets_rf,categorical__player_AN Ahmed,0.0002037745552310421
player_wickets_rf,"categorical__venue_Wankhede Stadium, Mumbai",0.00019866915244400762
player_wickets_rf,categorical__player_AD Mascarenhas,0.00019714752434413872
player_wickets_rf,categorical__venue_Brabourne Stadium,0.00019374164053474903
player_wickets_rf,categorical__player_AB Agarkar,0.00019223767973286821
player_wickets_rf,categorical__player_BE Hendricks,0.00019222385390437147
player_wickets_rf,categorical__player_JR Hazlewood,0.00019185903780556007
player_wickets_rf,categorical__venue_Rajiv Gandhi International Stadium,0.0001889045112192712
player_wickets_rf,categorical__venue_Eden Gardens,0.00018886911295167913
player_wickets_rf,categorical__player_Ramandeep Singh,0.00017534822041384476
player_wickets_rf,categorical__player_BB Sran,0.00017432068911883025
player_wickets_rf,"categorical__venue_Sardar Patel Stadium, Motera",0.00017158991206385498
player_wickets_rf,categorical__player_LS Livingstone,0.00015753325234345864
player_wickets_rf,categorical__player_Umran Malik,0.0001567211538655345
player_wickets_rf,categorical__player_B Kumar,0.0001529001319662537
player_wickets_rf,categorical__opposition_Lucknow Super Giants,0.00014966980804282558
player_wickets_rf,categorical__player_RS Hangargekar,0.000143122727350261
player_wickets_rf,categorical__venue_Sheikh Zayed Stadium,0.0001325566898703585
player_wickets_rf,categorical__venue_Arun Jaitley Stadium,0.00013193650718792667
player_wickets_rf,"categorical__venue_MA Chidambaram Stadium, Chepauk",0.00013165447252580268
player_wickets_rf,categorical__player_S Gopal,0.00012802850977995976
player_wickets_rf,categorical__player_CRD Fernando,0.00012613305222225393
player_wickets_rf,categorical__player_JP Duminy,0.00012611540371805155
player_wickets_rf,categorical__player_BJ Hodge,0.00012424045539438495
player_wickets_rf,categorical__player_PP Ojha,0.00011894401969162877
player_wickets_rf,categorical__player_CK Langeveldt,0.00011687537288623759
player_wickets_rf,categorical__player_M Kartik,0.00011683994639254609
player_wickets_rf,categorical__player_MM Sharma,0.00011590841146099775
player_wickets_rf,categorical__player_T Stubbs,0.0001151767499112599
player_wickets_rf,categorical__player_CR Woakes,0.00011140541610904874
player_wickets_rf,categorical__player_SN Thakur,0.00010986501531276907
player_wickets_rf,categorical__player_L Ngidi,0.00010955869763413668
player_wickets_rf,categorical__player_MC Henriques,0.00010866488520151234
player_wickets_rf,categorical__team_Gujarat Titans,0.00010862875385174987
player_wickets_rf,categorical__player_S Nadeem,0.00010707948708301208
player_wickets_rf,categorical__player_Shahbaz Ahmed,0.00010544679323164201
player_wickets_rf,categorical__venue_Nehru Stadium,0.00010440164693878074
player_wickets_rf,categorical__player_WD Parnell,0.00010172572537827325
player_wickets_rf,categorical__player_S Kaul,9.970372375038661e-05
player_wickets_rf,categorical__player_Kuldeep Yadav,9.753360399218847e-05
player_wickets_rf,categorical__venue_Himachal Pradesh Cricket Association Stadium,9.69369280004625e-05
player_wickets_rf,categorical__player_ST Jayasuriya,9.628779313171309e-05
player_wickets_rf,categorical__player_S Kaushik,9.400501138269704e-05
player_wickets_rf,categorical__player_Shakib Al Hasan,9.357995424116106e-05
player_wickets_rf,categorical__opposition_Kochi Tuskers Kerala,9.247528394867478e-05
player_wickets_rf,categorical__player_JEC Franklin,9.213147571246209e-05
player_wickets_rf,categorical__team_Pune Warriors,9.01388895381518e-05
player_wickets_rf,categorical__player_Basil Thampi,8.419724556117905e-05
player_wickets_rf,categorical__player_TK Curran,7.79978032641736e-05
player_wickets_rf,categorical__team_Kolkata Knight Riders,7.269844245175026e-05
player_wickets_rf,categorical__player_JR Hopes,7.003690377155948e-05
player_wickets_rf,categorical__player_TU Deshpande,6.880878744372208e-05
player_wickets_rf,categorical__player_Simarjeet Singh,6.836391784516434e-05
player_wickets_rf,categorical__venue_Dr DY Patil Sports Academy,6.409603796177055e-05
player_wickets_rf,categorical__team_Sunrisers Hyderabad,6.358075521445945e-05
player_wickets_rf,categorical__player_DL Chahar,6.208613164054618e-05
player_wickets_rf,categorical__venue_Sawai Mansingh Stadium,6.048563150054898e-05
player_wickets_rf,categorical__venue_Wankhede Stadium,5.635055253669167e-05
player_wickets_rf,categorical__player_RS Bopara,5.449007769595059e-05
player_wickets_rf,categorical__player_AM Nayar,5.203513759536677e-05
player_wickets_rf,categorical__opposition_Pune Warriors,5.1599231668966154e-05
player_wickets_rf,categorical__player_Washington Sundar,4.984655547999627e-05
player_wickets_rf,"categorical__venue_M Chinnaswamy Stadium, Bengaluru",4.911328210279333e-05
player_wickets_rf,categorical__venue_New Wanderers Stadium,4.435505296006214e-05
player_wickets_rf,categorical__player_SB Styris,3.85798551192608e-05
player_wickets_rf,categorical__venue_De Beers Diamond Oval,3.8159601142019327e-05
player_wickets_rf,categorical__player_DR Smith,3.6862132656397694e-05
player_wickets_rf,categorical__player_AR Patel,3.1878545846853416e-05
player_wickets_rf,categorical__player_DT Christian,3.132840525859367e-05
player_wickets_rf,categorical__player_AB Dinda,2.9535152476197942e-05
player_wickets_rf,categorical__player_Harmeet Singh,2.9009648806945885e-05
player_wickets_rf,categorical__venue_Sharjah Cricket Stadium,2.6251767630306464e-05
player_wickets_rf,categorical__venue_St George's Park,2.2833676432651845e-05
player_wickets_rf,categorical__team_Lucknow Super Giants,1.8937915283432177e-05
player_wickets_rf,categorical__player_DW Steyn,1.8915223471579028e-05
player_wickets_rf,categorical__player_MM Ali,1.547380370651179e-05
player_wickets_rf,categorical__player_GJ Maxwell,1.4568721572667145e-05
player_wickets_rf,categorical__team_Delhi Capitals,8.001669764898002e-06
player_wickets_rf,categorical__player_T Thushara,4.517073343642053e-06
player_wickets_rf,"categorical__venue_Maharaja Yadavindra Singh International Cricket Stadium, Mullanpur",4.500939242755124e-06
player_wickets_rf,categorical__player_KK Ahmed,4.3404126155620315e-06
player_wickets_rf,categorical__venue_Holkar Cricket Stadium,2.976448889077507e-06
player_wickets_rf,categorical__venue_Barabati Stadium,0.0
player_wickets_rf,"categorical__venue_Barsapara Cricket Stadium, Guwahati",0.0
player_wickets_rf,categorical__venue_Buffalo Park,0.0
player_wickets_rf,"categorical__venue_Eden Gardens, Kolkata",0.0
player_wickets_rf,categorical__venue_M.Chinnaswamy Stadium,0.0
player_wickets_rf,categorical__venue_Newlands,0.0
player_wickets_rf,categorical__venue_OUTsurance Oval,0.0
player_wickets_rf,"categorical__venue_Punjab Cricket Association IS Bindra Stadium, Mohali, Chandigarh",0.0
player_wickets_rf,"categorical__venue_Rajiv Gandhi International Stadium, Uppal, Hyderabad",0.0
player_wickets_rf,categorical__venue_Saurashtra Cricket Association Stadium,0.0
player_wickets_rf,"categorical__venue_Sawai Mansingh Stadium, Jaipur",0.0
player_wickets_rf,categorical__venue_Shaheed Veer Narayan Singh International Stadium,0.0
player_wickets_rf,categorical__venue_SuperSport Park,0.0
player_wickets_rf,categorical__team_Deccan Chargers,0.0
player_wickets_rf,categorical__team_Gujarat Lions,0.0
player_wickets_rf,categorical__team_Kochi Tuskers Kerala,0.0
player_wickets_rf,categorical__opposition_Gujarat Lions,0.0
player_wickets_rf,categorical__player_A Ashish Reddy,0.0
player_wickets_rf,categorical__player_A Badoni,0.0
player_wickets_rf,categorical__player_A Chopra,0.0
player_wickets_rf,categorical__player_A Choudhary,0.0
player_wickets_rf,categorical__player_A Dananjaya,0.0
player_wickets_rf,categorical__player_A Flintoff,0.0
player_wickets_rf,categorical__player_A Kamboj,0.0
player_wickets_rf,categorical__player_A Kumble,0.0
player_wickets_rf,categorical__player_A Manohar,0.0
player_wickets_rf,categorical__player_A Mithun,0.0
player_wickets_rf,categorical__player_A Mukund,0.0
player_wickets_rf,categorical__player_A Nehra,0.0
player_wickets_rf,categorical__player_A Nel,0.0
player_wickets_rf,categorical__player_A Nortje,0.0
player_wickets_rf,categorical__player_A Raghuvanshi,0.0
player_wickets_rf,categorical__player_A Singh,0.0
player_wickets_rf,categorical__player_A Symonds,0.0
player_wickets_rf,categorical__player_A Uniyal,0.0
player_wickets_rf,categorical__player_AA Bilakhia,0.0
player_wickets_rf,categorical__player_AA Chavan,0.0
player_wickets_rf,categorical__player_AA Jhunjhunwala,0.0
player_wickets_rf,categorical__player_AA Kazi,0.0
player_wickets_rf,categorical__player_AA Kulkarni,0.0
player_wickets_rf,categorical__player_AA Noffke,0.0
player_wickets_rf,categorical__player_AB Barath,0.0
player_wickets_rf,categorical__player_AB McDonald,0.0
player_wickets_rf,categorical__player_AB de Villiers,0.0
player_wickets_rf,categorical__player_AC Blizzard,0.0
player_wickets_rf,categorical__player_AC Gilchrist,0.0
player_wickets_rf,categorical__player_AC Thomas,0.0
player_wickets_rf,categorical__player_AC Voges,0.0
player_wickets_rf,categorical__player_AD Hales,0.0
player_wickets_rf,categorical__player_AD Nath,0.0
player_wickets_rf,categorical__player_AF Milne,0.0
player_wickets_rf,categorical__player_AG Murtaza,0.0
player_wickets_rf,categorical__player_AG Paunikar,0.0
player_wickets_rf,categorical__player_AJ Finch,0.0
player_wickets_rf,categorical__player_AJ Hosein,0.0
player_wickets_rf,categorical__player_AJ Turner,0.0
player_wickets_rf,categorical__player_AK Markram,0.0
player_wickets_rf,categorical__player_AL Menaria,0.0
player_wickets_rf,categorical__player_AM Rahane,0.0
player_wickets_rf,categorical__player_AM Salvi,0.0
player_wickets_rf,categorical__player_AN Ghosh,0.0
player_wickets_rf,categorical__player_AP Dole,0.0
player_wickets_rf,categorical__player_AP Majumdar,0.0
player_wickets_rf,categorical__player_AP Tare,0.0
player_wickets_rf,categorical__player_AR Bawne,0.0
player_wickets_rf,categorical__player_AS Rajpoot,0.0
player_wickets_rf,categorical__player_AS Raut,0.0
player_wickets_rf,categorical__player_AS Roy,0.0
player_wickets_rf,categorical__player_AS Yadav,0.0
player_wickets_rf,categorical__player_AT Carey,0.0
player_wickets_rf,categorical__player_AT Rayudu,0.0
player_wickets_rf,categorical__player_AUK Pathan,0.0
player_wickets_rf,categorical__player_Abdul Basith,0.0
player_wickets_rf,categorical__player_Abdul Samad,0.0
player_wickets_rf,categorical__player_Abhishek Sharma,0.0
player_wickets_rf,categorical__player_Abishek Porel,0.0
player_wickets_rf,categorical__player_Akash Deep,0.0
player_wickets_rf,categorical__player_Akash Singh,0.0
player_wickets_rf,categorical__player_Aman Hakim Khan,0.0
player_wickets_rf,categorical__player_Anand Rajan,0.0
player_wickets_rf,categorical__player_Anirudh Singh,0.0
player_wickets_rf,categorical__player_Ankit Sharma,0.0
player_wickets_rf,categorical__player_Ankit Soni,0.0
player_wickets_rf,categorical__player_Anmolpreet Singh,0.0
player_wickets_rf,categorical__player_Anuj Rawat,0.0
player_wickets_rf,categorical__player_Anureet Singh,0.0
player_wickets_rf,categorical__player_Arjun Tendulkar,0.0
player_wickets_rf,categorical__player_Arshad Khan,0.0
player_wickets_rf,categorical__player_Ashutosh Sharma,0.0
player_wickets_rf,categorical__player_Atharva Taide,0.0
player_wickets_rf,categorical__player_Avesh Khan,0.0
player_wickets_rf,categorical__player_Azmatullah Omarzai,0.0
player_wickets_rf,categorical__player_B Akhil,0.0
player_wickets_rf,categorical__player_B Chipli,0.0
player_wickets_rf,categorical__player_B Geeves,0.0
player_wickets_rf,categorical__player_B Indrajith,0.0
player_wickets_rf,categorical__player_B Laughlin,0.0
player_wickets_rf,categorical__player_B Lee,0.0
player_wickets_rf,categorical__player_B Sai Sudharsan,0.0
player_wickets_rf,categorical__player_B Stanlake,0.0
player_wickets_rf,categorical__player_B Sumanth,0.0
player_wickets_rf,categorical__player_BA Bhatt,0.0
player_wickets_rf,categorical__player_BA Stokes,0.0
player_wickets_rf,categorical__player_BAW Mendis,0.0
player_wickets_rf,categorical__player_BB McCullum,0.0
player_wickets_rf,categorical__player_BB Samantray,0.0
player_wickets_rf,categorical__player_BCJ Cutting,0.0
player_wickets_rf,categorical__player_BJ Haddin,0.0
player_wickets_rf,categorical__player_BJ Rohrer,0.0
player_wickets_rf,categorical__player_BMAJ Mendis,0.0
player_wickets_rf,categorical__player_BR Dunk,0.0
player_wickets_rf,categorical__player_BW Hilfenhaus,0.0
player_wickets_rf,categorical__player_Bipul Sharma,0.0
player_wickets_rf,categorical__player_C Ganapathy,0.0
player_wickets_rf,categorical__player_C Green,0.0
player_wickets_rf,categorical__player_C Madan,0.0
player_wickets_rf,categorical__player_C Munro,0.0
player_wickets_rf,categorical__player_C Nanda,0.0
player_wickets_rf,categorical__player_C Sakariya,0.0
player_wickets_rf,categorical__player_C de Grandhomme,0.0
player_wickets_rf,categorical__player_CA Ingram,0.0
player_wickets_rf,categorical__player_CA Lynn,0.0
player_wickets_rf,categorical__player_CA Pujara,0.0
player_wickets_rf,categorical__player_CH Gayle,0.0
player_wickets_rf,categorical__player_CJ Anderson,0.0
player_wickets_rf,categorical__player_CJ Dala,0.0
player_wickets_rf,categorical__player_CJ Ferguson,0.0
player_wickets_rf,categorical__player_CJ Jordan,0.0
player_wickets_rf,categorical__player_CJ McKay,0.0
player_wickets_rf,categorical__player_CK Kapugedera,0.0
player_wickets_rf,categorical__player_CL White,0.0
player_wickets_rf,categorical__player_CM Gautam,0.0
player_wickets_rf,categorical__player_CR Brathwaite,0.0
player_wickets_rf,categorical__player_CV Varun,0.0
player_wickets_rf,categorical__player_D Brevis,0.0
player_wickets_rf,categorical__player_D Ferreira,0.0
player_wickets_rf,categorical__player_D Jansen,0.0
player_wickets_rf,categorical__player_D Kalyankrishna,0.0
player_wickets_rf,categorical__player_D Padikkal,0.0
player_wickets_rf,categorical__player_D Pretorius,0.0
player_wickets_rf,categorical__player_D Salunkhe,0.0
player_wickets_rf,categorical__player_D du Preez,0.0
player_wickets_rf,categorical__player_DA Miller,0.0
player_wickets_rf,categorical__player_DA Warner,0.0
player_wickets_rf,categorical__player_DAJ Bracewell,0.0
player_wickets_rf,categorical__player_DB Das,0.0
player_wickets_rf,categorical__player_DB Ravi Teja,0.0
player_wickets_rf,categorical__player_DE Bollinger,0.0
player_wickets_rf,categorical__player_DG Nalkande,0.0
player_wickets_rf,categorical__player_DH Yagnik,0.0
player_wickets_rf,categorical__player_DJ Harris,0.0
player_wickets_rf,categorical__player_DJ Hooda,0.0
player_wickets_rf,categorical__player_DJ Hussey,0.0
player_wickets_rf,categorical__player_DJ Jacobs,0.0
player_wickets_rf,categorical__player_DJ Mitchell,0.0
player_wickets_rf,categorical__player_DJ Muthuswami,0.0
player_wickets_rf,categorical__player_DJ Thornely,0.0
player_wickets_rf,categorical__player_DJ Willey,0.0
player_wickets_rf,categorical__player_DJM Short,0.0
player_wickets_rf,categorical__player_DL Vettori,0.0
player_wickets_rf,categorical__player_DNT Zoysa,0.0
player_wickets_rf,categorical__player_DP Conway,0.0
player_wickets_rf,categorical__player_DP Nannes,0.0
player_wickets_rf,categorical__player_DP Vijaykumar,0.0
player_wickets_rf,categorical__player_DPMD Jayawardene,0.0
player_wickets_rf,categorical__player_DR Shorey,0.0
player_wickets_rf,categorical__player_DS Lehmann,0.0
player_wickets_rf,categorical__player_DT Patil,0.0
player_wickets_rf,categorical__player_Dhruv Jurel,0.0
player_wickets_rf,categorical__player_E Lewis,0.0
player_wickets_rf,categorical__player_EJG Morgan,0.0
player_wickets_rf,categorical__player_ER Dwivedi,0.0
player_wickets_rf,categorical__player_F Behardien,0.0
player_wickets_rf,categorical__player_F du Plessis,0.0
player_wickets_rf,categorical__player_FA Allen,0.0
player_wickets_rf,categorical__player_FH Edwards,0.0
player_wickets_rf,categorical__player_FY Fazal,0.0
player_wickets_rf,categorical__player_Fazalhaq Farooqi,0.0
player_wickets_rf,categorical__player_G Gambhir,0.0
player_wickets_rf,categorical__player_GC Smith,0.0
player_wickets_rf,categorical__player_GC Viljoen,0.0
player_wickets_rf,categorical__player_GD McGrath,0.0
player_wickets_rf,categorical__player_GD Phillips,0.0
player_wickets_rf,categorical__player_GH Vihari,0.0
player_wickets_rf,categorical__player_GHS Garton,0.0
player_wickets_rf,categorical__player_GJ Bailey,0.0
player_wickets_rf,categorical__player_GR Napier,0.0
player_wickets_rf,categorical__player_Gagandeep Singh,0.0
player_wickets_rf,categorical__player_Gulbadin Naib,0.0
player_wickets_rf,categorical__player_Gurkeerat Singh,0.0
player_wickets_rf,categorical__player_Gurnoor Brar,0.0
player_wickets_rf,categorical__player_H Das,0.0
player_wickets_rf,categorical__player_H Klaasen,0.0
player_wickets_rf,categorical__player_H Sharma,0.0
player_wickets_rf,categorical__player_HC Brook,0.0
player_wickets_rf,categorical__player_HE van der Dussen,0.0
player_wickets_rf,categorical__player_HF Gurney,0.0
player_wickets_rf,categorical__player_HH Gibbs,0.0
player_wickets_rf,categorical__player_HM Amla,0.0
player_wickets_rf,categorical__player_Harpreet Singh,0.0
player_wickets_rf,categorical__player_Harshit Rana,0.0
player_wickets_rf,categorical__player_I Sharma,0.0
player_wickets_rf,categorical__player_I Udana,0.0
player_wickets_rf,categorical__player_IC Pandey,0.0
player_wickets_rf,categorical__player_IC Porel,0.0
player_wickets_rf,categorical__player_IR Jaggi,0.0
player_wickets_rf,categorical__player_IS Sodhi,0.0
player_wickets_rf,categorical__player_Iqbal Abdulla,0.0
player_wickets_rf,categorical__player_Ishan Kishan,0.0
player_wickets_rf,categorical__player_J Arunkumar,0.0
player_wickets_rf,categorical__player_J Botha,0.0
player_wickets_rf,categorical__player_J Fraser-McGurk,0.0
player_wickets_rf,categorical__player_J Little,0.0
player_wickets_rf,categorical__player_J Suchith,0.0
player_wickets_rf,categorical__player_J Syed Mohammad,0.0
player_wickets_rf,categorical__player_J Yadav,0.0
player_wickets_rf,categorical__player_JA Richardson,0.0
player_wickets_rf,categorical__player_JC Buttler,0.0
player_wickets_rf,categorical__player_JD Ryder,0.0
player_wickets_rf,categorical__player_JD Unadkat,0.0
player_wickets_rf,categorical__player_JDS Neesham,0.0
player_wickets_rf,categorical__player_JJ Roy,0.0
player_wickets_rf,categorical__player_JJ van der Wath,0.0
player_wickets_rf,categorical__player_JL Denly,0.0
player_wickets_rf,categorical__player_JL Pattinson,0.0
player_wickets_rf,categorical__player_JM Bairstow,0.0
player_wickets_rf,categorical__player_JM Sharma,0.0
player_wickets_rf,categorical__player_JP Behrendorff,0.0
player_wickets_rf,categorical__player_JPR Scantlebury-Searles,0.0
player_wickets_rf,categorical__player_JR Philippe,0.0
player_wickets_rf,categorical__player_JW Hastings,0.0
player_wickets_rf,categorical__player_Jalaj S Saxena,0.0
player_wickets_rf,categorical__player_Jaskaran Singh,0.0
player_wickets_rf,categorical__player_Joginder Sharma,0.0
player_wickets_rf,categorical__player_K Goel,0.0
player_wickets_rf,categorical__player_K Gowtham,0.0
player_wickets_rf,categorical__player_K Kartikeya,0.0
player_wickets_rf,categorical__player_K Khejroliya,0.0
player_wickets_rf,categorical__player_K Santokie,0.0
player_wickets_rf,categorical__player_K Upadhyay,0.0
player_wickets_rf,categorical__player_K Yadav,0.0
player_wickets_rf,categorical__player_KA Jamieson,0.0
player_wickets_rf,categorical__player_KA Maharaj,0.0
player_wickets_rf,categorical__player_KA Pollard,0.0
player_wickets_rf,categorical__player_KAJ Roach,0.0
player_wickets_rf,categorical__player_KB Arun Karthik,0.0
player_wickets_rf,categorical__player_KC Cariappa,0.0
player_wickets_rf,categorical__player_KC Sangakkara,0.0
player_wickets_rf,categorical__player_KD Karthik,0.0
player_wickets_rf,categorical__player_KJ Abbott,0.0
player_wickets_rf,categorical__player_KK Nair,0.0
player_wickets_rf,categorical__player_KL Nagarkoti,0.0
player_wickets_rf,categorical__player_KL Rahul,0.0
player_wickets_rf,categorical__player_KM Asif,0.0
player_wickets_rf,categorical__player_KM Jadhav,0.0
player_wickets_rf,categorical__player_KMA Paul,0.0
player_wickets_rf,categorical__player_KMDN Kulasekara,0.0
player_wickets_rf,categorical__player_KP Pietersen,0.0
player_wickets_rf,categorical__player_KR Mayers,0.0
player_wickets_rf,categorical__player_KS Bharat,0.0
player_wickets_rf,categorical__player_KS Sharma,0.0
player_wickets_rf,categorical__player_KS Williamson,0.0
player_wickets_rf,categorical__player_KT Maphaka,0.0
player_wickets_rf,categorical__player_KW Richardson,0.0
player_wickets_rf,categorical__player_Kamran Akmal,0.0
player_wickets_rf,categorical__player_Karanveer Singh,0.0
player_wickets_rf,categorical__player_Kartik Tyagi,0.0
player_wickets_rf,categorical__player_Kumar Kushagra,0.0
player_wickets_rf,categorical__player_L Ablish,0.0
player_wickets_rf,categorical__player_L Ronchi,0.0
player_wickets_rf,categorical__player_L Wood,0.0
player_wickets_rf,categorical__player_LA Carseldine,0.0
player_wickets_rf,categorical__player_LA Pomersbach,0.0
player_wickets_rf,categorical__player_LB Williams,0.0
player_wickets_rf,categorical__player_LE Plunkett,0.0
player_wickets_rf,categorical__player_LH Ferguson,0.0
player_wickets_rf,categorical__player_LI Meriwala,0.0
player_wickets_rf,categorical__player_LJ Wright,0.0
player_wickets_rf,categorical__player_LMP Simmons,0.0
player_wickets_rf,categorical__player_LPC Silva,0.0
player_wickets_rf,categorical__player_LRPL Taylor,0.0
player_wickets_rf,categorical__player_Lalit Yadav,0.0
player_wickets_rf,categorical__player_M Ashwin,0.0
player_wickets_rf,categorical__player_M Jansen,0.0
player_wickets_rf,categorical__player_M Kaif,0.0
player_wickets_rf,categorical__player_M Klinger,0.0
player_wickets_rf,categorical__player_M Manhas,0.0
player_wickets_rf,categorical__player_M Morkel,0.0
player_wickets_rf,categorical__player_M Muralitharan,0.0
player_wickets_rf,categorical__player_M Prasidh Krishna,0.0
player_wickets_rf,categorical__player_M Rawat,0.0
player_wickets_rf,categorical__player_M Shahrukh Khan,0.0
player_wickets_rf,categorical__player_M Siddharth,0.0
player_wickets_rf,categorical__player_M Vijay,0.0
player_wickets_rf,categorical__player_M Vohra,0.0
player_wickets_rf,categorical__player_M de Lange,0.0
player_wickets_rf,categorical__player_MA Agarwal,0.0
player_wickets_rf,categorical__player_MA Khote,0.0
player_wickets_rf,categorical__player_MC Juneja,0.0
player_wickets_rf,categorical__player_MD Mishra,0.0
player_wickets_rf,categorical__player_MD Shanaka,0.0
player_wickets_rf,categorical__player_MDKJ Perera,0.0
player_wickets_rf,categorical__player_MEK Hussey,0.0
player_wickets_rf,categorical__player_MF Maharoof,0.0
player_wickets_rf,categorical__player_MG Bracewell,0.0
player_wickets_rf,categorical__player_MG Johnson,0.0
player_wickets_rf,categorical__player_MJ Clarke,0.0
player_wickets_rf,categorical__player_MJ Guptill,0.0
player_wickets_rf,categorical__player_MJ Henry,0.0
player_wickets_rf,categorical__player_MJ Lumb,0.0
player_wickets_rf,categorical__player_MJ McClenaghan,0.0
player_wickets_rf,categorical__player_MJ Santner,0.0
player_wickets_rf,categorical__player_MJ Suthar,0.0
player_wickets_rf,categorical__player_MK Lomror,0.0
player_wickets_rf,categorical__player_MK Pandey,0.0
player_wickets_rf,categorical__player_MK Tiwary,0.0
player_wickets_rf,categorical__player_ML Hayden,0.0
player_wickets_rf,categorical__player_MN Samuels,0.0
player_wickets_rf,categorical__player_MN van Wyk,0.0
player_wickets_rf,categorical__player_MP Yadav,0.0
player_wickets_rf,categorical__player_MS Bisla,0.0
player_wickets_rf,categorical__player_MS Dhoni,0.0
player_wickets_rf,categorical__player_MS Gony,0.0
player_wickets_rf,categorical__player_MS Wade,0.0
player_wickets_rf,categorical__player_MV Boucher,0.0
player_wickets_rf,categorical__player_MW Short,0.0
player_wickets_rf,categorical__player_Mandeep Singh,0.0
player_wickets_rf,categorical__player_Mashrafe Mortaza,0.0
player_wickets_rf,categorical__player_Mayank Dagar,0.0
player_wickets_rf,categorical__player_Misbah-ul-Haq,0.0
player_wickets_rf,categorical__player_Mohammad Ashraful,0.0
player_wickets_rf,categorical__player_Mohammad Asif,0.0
player_wickets_rf,categorical__player_Mohammad Hafeez,0.0
player_wickets_rf,categorical__player_Mohammad Nabi,0.0
player_wickets_rf,categorical__player_Mohammed Siraj,0.0
player_wickets_rf,categorical__player_Mohit Rathee,0.0
player_wickets_rf,categorical__player_Mohsin Khan,0.0
player_wickets_rf,categorical__player_Monu Kumar,0.0
player_wickets_rf,categorical__player_Mujeeb Ur Rahman,0.0
player_wickets_rf,categorical__player_Mukesh Kumar,0.0
player_wickets_rf,categorical__player_Mustafizur Rahman,0.0
player_wickets_rf,categorical__player_N Burger,0.0
player_wickets_rf,categorical__player_N Jagadeesan,0.0
player_wickets_rf,categorical__player_N Pooran,0.0
player_wickets_rf,categorical__player_N Rana,0.0
player_wickets_rf,categorical__player_N Saini,0.0
player_wickets_rf,categorical__player_N Thushara,0.0
player_wickets_rf,categorical__player_N Wadhera,0.0
player_wickets_rf,categorical__player_NA Saini,0.0
player_wickets_rf,categorical__player_NB Singh,0.0
player_wickets_rf,categorical__player_ND Doshi,0.0
player_wickets_rf,categorical__player_NJ Maddinson,0.0
player_wickets_rf,categorical__player_NK Patel,0.0
player_wickets_rf,categorical__player_NL McCullum,0.0
player_wickets_rf,categorical__player_NS Naik,0.0
player_wickets_rf,categorical__player_NT Ellis,0.0
player_wickets_rf,categorical__player_NV Ojha,0.0
player_wickets_rf,categorical__player_Naman Dhir,0.0
player_wickets_rf,categorical__player_Navdeep Saini,0.0
player_wickets_rf,categorical__player_Nithish Kumar Reddy,0.0
player_wickets_rf,categorical__player_Noor Ahmad,0.0
player_wickets_rf,categorical__player_O Thomas,0.0
player_wickets_rf,categorical__player_OA Shah,0.0
player_wickets_rf,categorical__player_OC McCoy,0.0
player_wickets_rf,categorical__player_P Amarnath,0.0
player_wickets_rf,categorical__player_P Chopra,0.0
player_wickets_rf,categorical__player_P Dogra,0.0
player_wickets_rf,categorical__player_P Dubey,0.0
player_wickets_rf,categorical__player_P Kumar,0.0
player_wickets_rf,categorical__player_P Parameswaran,0.0
player_wickets_rf,categorical__player_P Prasanth,0.0
player_wickets_rf,categorical__player_P Ray Barman,0.0
player_wickets_rf,categorical__player_P Sahu,0.0
player_wickets_rf,categorical__player_P Simran Singh,0.0
player_wickets_rf,categorical__player_P Suyal,0.0
player_wickets_rf,categorical__player_PA Patel,0.0
player_wickets_rf,categorical__player_PA Reddy,0.0
player_wickets_rf,categorical__player_PBB Rajapaksa,0.0
player_wickets_rf,categorical__player_PD Collingwood,0.0
player_wickets_rf,categorical__player_PD Salt,0.0
player_wickets_rf,categorical__player_PH Solanki,0.0
player_wickets_rf,categorical__player_PJ Sangwan,0.0
player_wickets_rf,categorical__player_PK Garg,0.0
player_wickets_rf,categorical__player_PM Sarvesh Kumar,0.0
player_wickets_rf,categorical__player_PN Mankad,0.0
player_wickets_rf,categorical__player_PP Shaw,0.0
player_wickets_rf,categorical__player_PR Shah,0.0
player_wickets_rf,categorical__player_PSP Handscomb,0.0
player_wickets_rf,categorical__player_PV Tambe,0.0
player_wickets_rf,categorical__player_PVD Chameera,0.0
player_wickets_rf,categorical__player_Pankaj Singh,0.0
player_wickets_rf,categorical__player_Parvez Rasool,0.0
player_wickets_rf,categorical__player_Q de Kock,0.0
player_wickets_rf,categorical__player_R Ashwin,0.0
player_wickets_rf,categorical__player_R Bhatia,0.0
player_wickets_rf,categorical__player_R Bishnoi,0.0
player_wickets_rf,categorical__player_R Dhawan,0.0
player_wickets_rf,categorical__player_R Dravid,0.0
player_wickets_rf,categorical__player_R Goyal,0.0
player_wickets_rf,categorical__player_R McLaren,0.0
player_wickets_rf,categorical__player_R Ninan,0.0
player_wickets_rf,categorical__player_R Parag,0.0
player_wickets_rf,categorical__player_R Powell,0.0
player_wickets_rf,categorical__player_R Rampaul,0.0
player_wickets_rf,categorical__player_R Ravindra,0.0
player_wickets_rf,categorical__player_R Sai Kishore,0.0
player_wickets_rf,categorical__player_R Sanjay Yadav,0.0
player_wickets_rf,categorical__player_R Sathish,0.0
player_wickets_rf,categorical__player_R Sharma,0.0
player_wickets_rf,categorical__player_R Shepherd,0.0
player_wickets_rf,categorical__player_R Shukla,0.0
player_wickets_rf,categorical__player_R Tewatia,0.0
player_wickets_rf,categorical__player_RA Bawa,0.0
player_wickets_rf,categorical__player_RA Shaikh,0.0
player_wickets_rf,categorical__player_RA Tripathi,0.0
player_wickets_rf,categorical__player_RD Chahar,0.0
player_wickets_rf,categorical__player_RD Gaikwad,0.0
player_wickets_rf,categorical__player_RE Levi,0.0
player_wickets_rf,categorical__player_RG More,0.0
player_wickets_rf,categorical__player_RG Sharma,0.0
player_wickets_rf,categorical__player_RJ Gleeson,0.0
player_wickets_rf,categorical__player_RJ Harris,0.0
player_wickets_rf,categorical__player_RJ Quiney,0.0
player_wickets_rf,categorical__player_RJW Topley,0.0
player_wickets_rf,categorical__player_RK Bhui,0.0
player_wickets_rf,categorical__player_RK Singh,0.0
player_wickets_rf,categorical__player_RM Patidar,0.0
player_wickets_rf,categorical__player_RN ten Doeschate,0.0
player_wickets_rf,categorical__player_RP Meredith,0.0
player_wickets_rf,categorical__player_RR Bhatkal,0.0
player_wickets_rf,categorical__player_RR Pant,0.0
player_wickets_rf,categorical__player_RR Powar,0.0
player_wickets_rf,categorical__player_RR Raje,0.0
player_wickets_rf,categorical__player_RR Rossouw,0.0
player_wickets_rf,categorical__player_RR Sarwan,0.0
player_wickets_rf,categorical__player_RS Gavaskar,0.0
player_wickets_rf,categorical__player_RS Sodhi,0.0
player_wickets_rf,categorical__player_RT Ponting,0.0
player_wickets_rf,categorical__player_RV Gomez,0.0
player_wickets_rf,categorical__player_RV Patel,0.0
player_wickets_rf,categorical__player_RV Uthappa,0.0
player_wickets_rf,categorical__player_RW Price,0.0
player_wickets_rf,categorical__player_Rahmanullah Gurbaz,0.0
player_wickets_rf,categorical__player_Rasikh Salam,0.0
player_wickets_rf,categorical__player_Ravi Bishnoi,0.0
player_wickets_rf,categorical__player_S Anirudha,0.0
player_wickets_rf,categorical__player_S Badree,0.0
player_wickets_rf,categorical__player_S Badrinath,0.0
player_wickets_rf,categorical__player_S Chanderpaul,0.0
player_wickets_rf,categorical__player_S Dhawan,0.0
player_wickets_rf,categorical__player_S Dube,0.0
player_wickets_rf,categorical__player_S Joseph,0.0
player_wickets_rf,categorical__player_S Ladda,0.0
player_wickets_rf,categorical__player_S Lamichhane,0.0
player_wickets_rf,categorical__player_S Midhun,0.0
player_wickets_rf,categorical__player_S Narwal,0.0
player_wickets_rf,categorical__player_S Rana,0.0
player_wickets_rf,categorical__player_S Randiv,0.0
player_wickets_rf,categorical__player_S Sandeep Warrier,0.0
player_wickets_rf,categorical__player_S Sohal,0.0
player_wickets_rf,categorical__player_S Sreesanth,0.0
player_wickets_rf,categorical__player_S Sriram,0.0
player_wickets_rf,categorical__player_S Tyagi,0.0
player_wickets_rf,categorical__player_S Vidyut,0.0
player_wickets_rf,categorical__player_SA Abbott,0.0
player_wickets_rf,categorical__player_SA Asnodkar,0.0
player_wickets_rf,categorical__player_SA Yadav,0.0
player_wickets_rf,categorical__player_SB Bangar,0.0
player_wickets_rf,categorical__player_SB Dubey,0.0
player_wickets_rf,categorical__player_SB Joshi,0.0
player_wickets_rf,categorical__player_SB Wagh,0.0
player_wickets_rf,categorical__player_SC Ganguly,0.0
player_wickets_rf,categorical__player_SC Kuggeleijn,0.0
player_wickets_rf,categorical__player_SD Chitnis,0.0
player_wickets_rf,categorical__player_SD Hope,0.0
player_wickets_rf,categorical__player_SE Bond,0.0
player_wickets_rf,categorical__player_SE Marsh,0.0
player_wickets_rf,categorical__player_SE Rutherford,0.0
player_wickets_rf,categorical__player_SH Johnson,0.0
player_wickets_rf,categorical__player_SJ Srivastava,0.0
player_wickets_rf,categorical__player_SK Raina,0.0
player_wickets_rf,categorical__player_SK Trivedi,0.0
player_wickets_rf,categorical__player_SM Boland,0.0
player_wickets_rf,categorical__player_SM Harwood,0.0
player_wickets_rf,categorical__player_SM Katich,0.0
player_wickets_rf,categorical__player_SM Pollock,0.0
player_wickets_rf,categorical__player_SMSM Senanayake,0.0
player_wickets_rf,categorical__player_SN Khan,0.0
player_wickets_rf,categorical__player_SO Hetmyer,0.0
player_wickets_rf,categorical__player_SP Fleming,0.0
player_wickets_rf,categorical__player_SP Goswami,0.0
player_wickets_rf,categorical__player_SP Jackson,0.0
player_wickets_rf,categorical__player_SPD Smith,0.0
player_wickets_rf,categorical__player_SR Tendulkar,0.0
player_wickets_rf,categorical__player_SS Cottrell,0.0
player_wickets_rf,categorical__player_SS Iyer,0.0
player_wickets_rf,categorical__player_SS Prabhudessai,0.0
player_wickets_rf,categorical__player_SS Sarkar,0.0
player_wickets_rf,categorical__player_SS Shaikh,0.0
player_wickets_rf,categorical__player_SS Tiwary,0.0
player_wickets_rf,categorical__player_SSB Magala,0.0
player_wickets_rf,categorical__player_STR Binny,0.0
player_wickets_rf,categorical__player_SV Samson,0.0
player_wickets_rf,categorical__player_SW Billings,0.0
player_wickets_rf,categorical__player_SW Tait,0.0
player_wickets_rf,categorical__player_SZ Mulani,0.0
player_wickets_rf,categorical__player_Sachin Baby,0.0
player_wickets_rf,categorical__player_Salman Butt,0.0
player_wickets_rf,categorical__player_Sameer Rizvi,0.0
player_wickets_rf,categorical__player_Sanvir Singh,0.0
player_wickets_rf,categorical__player_Saurav Chauhan,0.0
player_wickets_rf,categorical__player_Shashank Singh,0.0
player_wickets_rf,categorical__player_Shivam Mavi,0.0
player_wickets_rf,categorical__player_Shivam Sharma,0.0
player_wickets_rf,categorical__player_Shivam Singh,0.0
player_wickets_rf,categorical__player_Shoaib Ahmed,0.0
player_wickets_rf,categorical__player_Shoaib Malik,0.0
player_wickets_rf,categorical__player_Shubman Gill,0.0
player_wickets_rf,categorical__player_Sikandar Raza,0.0
player_wickets_rf,categorical__player_Sumit Kumar,0.0
player_wickets_rf,categorical__player_Sunny Singh,0.0
player_wickets_rf,categorical__player_Suyash Sharma,0.0
player_wickets_rf,categorical__player_Swapnil Singh,0.0
player_wickets_rf,categorical__player_T Banton,0.0
player_wickets_rf,categorical__player_T Henderson,0.0
player_wickets_rf,categorical__player_T Kohler-Cadmore,0.0
player_wickets_rf,categorical__player_T Kohli,0.0
player_wickets_rf,categorical__player_T Natarajan,0.0
player_wickets_rf,categorical__player_T Shamsi,0.0
player_wickets_rf,categorical__player_T Taibu,0.0
player_wickets_rf,categorical__player_TA Boult,0.0
player_wickets_rf,categorical__player_TD Paine,0.0
player_wickets_rf,categorical__player_TG Southee,0.0
player_wickets_rf,categorical__player_TH David,0.0
player_wickets_rf,categorical__player_TL Seifert,0.0
player_wickets_rf,categorical__player_TL Suman,0.0
player_wickets_rf,categorical__player_TM Dilshan,0.0
player_wickets_rf,categorical__player_TM Head,0.0
player_wickets_rf,categorical__player_TM Srivastava,0.0
player_wickets_rf,categorical__player_TP Sudhindra,0.0
player_wickets_rf,categorical__player_TR Birt,0.0
player_wickets_rf,categorical__player_TS Mills,0.0
player_wickets_rf,categorical__player_Tanush Kotian,0.0
player_wickets_rf,categorical__player_Tilak Varma,0.0
player_wickets_rf,categorical__player_U Kaul,0.0
player_wickets_rf,categorical__player_UA Birla,0.0
player_wickets_rf,categorical__player_UBT Chand,0.0
player_wickets_rf,categorical__player_UT Khawaja,0.0
player_wickets_rf,categorical__player_V Kaverappa,0.0
player_wickets_rf,categorical__player_V Kohli,0.0
player_wickets_rf,categorical__player_V Pratap Singh,0.0
player_wickets_rf,categorical__player_V Sehwag,0.0
player_wickets_rf,categorical__player_V Shankar,0.0
player_wickets_rf,categorical__player_V Viyaskanth,0.0
player_wickets_rf,categorical__player_VG Arora,0.0
player_wickets_rf,categorical__player_VH Zol,0.0
player_wickets_rf,categorical__player_VR Aaron,0.0
player_wickets_rf,categorical__player_VR Iyer,0.0
player_wickets_rf,categorical__player_VRV Singh,0.0
player_wickets_rf,categorical__player_VS Malik,0.0
player_wickets_rf,categorical__player_VS Yeligati,0.0
player_wickets_rf,categorical__player_VVS Laxman,0.0
player_wickets_rf,categorical__player_VY Mahesh,0.0
player_wickets_rf,categorical__player_Virat Singh,0.0
player_wickets_rf,categorical__player_Vishnu Vinod,0.0
player_wickets_rf,categorical__player_Vivrant Sharma,0.0
player_wickets_rf,categorical__player_W Jaffer,0.0
player_wickets_rf,categorical__player_WA Mota,0.0
player_wickets_rf,categorical__player_WG Jacks,0.0
player_wickets_rf,categorical__player_WP Saha,0.0
player_wickets_rf,categorical__player_WPUJC Vaas,0.0
player_wickets_rf,categorical__player_X Thalaivan Sargunam,0.0
player_wickets_rf,categorical__player_Y Gnaneswara Rao,0.0
player_wickets_rf,categorical__player_Y Nagar,0.0
player_wickets_rf,categorical__player_Y Prithvi Raj,0.0
player_wickets_rf,categorical__player_Y Venugopal Rao,0.0
player_wickets_rf,categorical__player_YBK Jaiswal,0.0
player_wickets_rf,categorical__player_YK Pathan,0.0
player_wickets_rf,categorical__player_YV Dhull,0.0
player_wickets_rf,categorical__player_YV Takawale,0.0
player_wickets_rf,categorical__player_Yash Dayal,0.0
player_wickets_rf,categorical__player_Yashpal Singh,0.0
player_wickets_rf,categorical__player_Younis Khan,0.0
player_wickets_rf,categorical__player_Yudhvir Singh,0.0
player_wickets_rf,categorical__player_Z Khan,0.0
random_forest,numeric__squad_strength_diff,0.11675806698665596
random_forest,numeric__avg_runs_diff,0.07744185924818757
random_forest,numeric__win_pct_diff,0.074748921471993
random_forest,numeric__toss_rate_diff,0.07463602349186953
random_forest,numeric__defend_diff,0.06685978671908525
random_forest,numeric__chase_diff,0.06051421396033881
random_forest,numeric__avg_conceded_diff,0.05305377045560229
random_forest,numeric__season_win_pct_diff,0.05182933971945384
random_forest,numeric__venue_win_pct_diff,0.03889716150241435
random_forest,numeric__h2h_team1_win_rate,0.036518327967021855
random_forest,numeric__recent10_form_diff,0.036033258110615966
random_forest,numeric__season,0.027698114668520256
random_forest,numeric__recent5_form_diff,0.02590607964511176
random_forest,categorical__team1_Pune Warriors,0.022655917808792378
random_forest,"categorical__venue_MA Chidambaram Stadium, Chepauk",0.02081055972698394
random_forest,categorical__team1_Gujarat Titans,0.0121668070866408
random_forest,categorical__toss_decision_field,0.009816399468200555
random_forest,categorical__team1_Punjab Kings,0.009542848958420908
random_forest,categorical__team2_Delhi Capitals,0.009273146645199829
random_forest,categorical__team2_Gujarat Titans,0.00906274568492398
random_forest,categorical__venue_Eden Gardens,0.008476623530247751
random_forest,categorical__team1_Mumbai Indians,0.008061651512211592
random_forest,"categorical__venue_Maharashtra Cricket Association Stadium, Pune",0.0070556445693956745
random_forest,categorical__venue_Maharashtra Cricket Association Stadium,0.00698655983279157
random_forest,numeric__toss_winner_is_team1,0.0067620334712190115
random_forest,categorical__team1_Deccan Chargers,0.006531148127811859
random_forest,categorical__venue_Subrata Roy Sahara Stadium,0.006417941032777724
random_forest,categorical__toss_decision_bat,0.00591966277777407
random_forest,categorical__venue_Sheikh Zayed Stadium,0.005720887578864531
random_forest,categorical__team2_Sunrisers Hyderabad,0.0055493163472456995
random_forest,categorical__team2_Mumbai Indians,0.005306348500015939
random_forest,categorical__venue_M Chinnaswamy Stadium,0.005008992230631598
random_forest,categorical__venue_Sawai Mansingh Stadium,0.004261531080603892
random_forest,categorical__team1_Chennai Super Kings,0.004235867823116252
random_forest,"categorical__venue_MA Chidambaram Stadium, Chepauk, Chennai",0.0038432116095378902
random_forest,categorical__team2_Royal Challengers Bengaluru,0.0033414048184535064
random_forest,categorical__team2_Rajasthan Royals,0.0033065723669033556
random_forest,categorical__venue_Wankhede Stadium,0.0032659181840779734
random_forest,categorical__team2_Pune Warriors,0.0031725764913653255
random_forest,categorical__team2_Chennai Super Kings,0.0031696275846439677
random_forest,categorical__venue_Feroz Shah Kotla,0.003137723809050359
random_forest,categorical__venue_SuperSport Park,0.003137281298577444
random_forest,categorical__venue_Sharjah Cricket Stadium,0.0029572490802993383
random_forest,categorical__team1_Delhi Capitals,0.0029201359826293866
random_forest,categorical__team1_Rajasthan Royals,0.0027180973424483527
random_forest,"categorical__venue_Wankhede Stadium, Mumbai",0.0026747507167510258
random_forest,categorical__venue_New Wanderers Stadium,0.0025954958177929243
random_forest,categorical__team1_Royal Challengers Bengaluru,0.002329964186960027
random_forest,categorical__team2_Punjab Kings,0.0023063756864948382
random_forest,categorical__venue_Punjab Cricket Association IS Bindra Stadium,0.0021099308905462625
random_forest,categorical__venue_Dr DY Patil Sports Academy,0.002005690334554629
random_forest,categorical__venue_Dubai International Cricket Stadium,0.0018601274961886672
random_forest,categorical__team1_Sunrisers Hyderabad,0.0018125566020175386
random_forest,"categorical__venue_Narendra Modi Stadium, Ahmedabad",0.0017827361365312117
random_forest,"categorical__venue_Sawai Mansingh Stadium, Jaipur",0.001753538510810855
random_forest,categorical__team2_Lucknow Super Giants,0.0017196106562298412
random_forest,"categorical__venue_Rajiv Gandhi International Stadium, Uppal",0.0016626372097383844
random_forest,categorical__team2_Rising Pune Supergiants,0.001601647548114585
random_forest,"categorical__venue_Zayed Cricket Stadium, Abu Dhabi",0.0015296095671892091
random_forest,categorical__team2_Deccan Chargers,0.0013722194522401872
random_forest,categorical__venue_Arun Jaitley Stadium,0.0012217805785025878
random_forest,categorical__team1_Kolkata Knight Riders,0.0012152774242794686
random_forest,categorical__team1_Gujarat Lions,0.00119481145199748
random_forest,"categorical__venue_Punjab Cricket Association Stadium, Mohali",0.0010217006546788536
random_forest,"categorical__venue_Brabourne Stadium, Mumbai",0.0010156138999753057
random_forest,categorical__venue_Kingsmead,0.000912038722190245
random_forest,categorical__venue_Brabourne Stadium,0.0008896929975645016
random_forest,categorical__venue_Saurashtra Cricket Association Stadium,0.0008656478942367706
random_forest,categorical__team2_Gujarat Lions,0.000802390119479094
random_forest,categorical__venue_St George's Park,0.0007844597978578996
random_forest,"categorical__venue_Rajiv Gandhi International Stadium, Uppal, Hyderabad",0.0007138460911655619
random_forest,categorical__team2_Kolkata Knight Riders,0.0007103915430804525
random_forest,categorical__venue_Himachal Pradesh Cricket Association Stadium,0.0005978274802824056
random_forest,"categorical__venue_M Chinnaswamy Stadium, Bengaluru",0.0005900348303564938
random_forest,"categorical__venue_Dr DY Patil Sports Academy, Mumbai",0.0005127568926144549
random_forest,categorical__team1_Lucknow Super Giants,0.00040990986017790945
random_forest,"categorical__venue_Bharat Ratna Shri Atal Bihari Vajpayee Ekana Cricket Stadium, Lucknow",0.000380137657893737
random_forest,categorical__team1_Kochi Tuskers Kerala,0.00030747069020049735
random_forest,categorical__team2_Kochi Tuskers Kerala,0.0003053756049601949
random_forest,"categorical__venue_Sardar Patel Stadium, Motera",0.00029287602338519706
random_forest,categorical__venue_Rajiv Gandhi International Stadium,0.0002627315979402395
random_forest,categorical__venue_Barabati Stadium,0.00025111764098812806
random_forest,"categorical__venue_Arun Jaitley Stadium, Delhi",8.98195560229909e-05
random_forest,categorical__team1_Rising Pune Supergiants,4.804386928235207e-05
random_forest,"categorical__venue_Barsapara Cricket Stadium, Guwahati",0.0
random_forest,categorical__venue_Buffalo Park,0.0
random_forest,categorical__venue_De Beers Diamond Oval,0.0
random_forest,categorical__venue_Dr. Y.S. Rajasekhara Reddy ACA-VDCA Cricket Stadium,0.0
random_forest,"categorical__venue_Dr. Y.S. Rajasekhara Reddy ACA-VDCA Cricket Stadium, Visakhapatnam",0.0
random_forest,"categorical__venue_Eden Gardens, Kolkata",0.0
random_forest,categorical__venue_Green Park,0.0
random_forest,"categorical__venue_Himachal Pradesh Cricket Association Stadium, Dharamsala",0.0
random_forest,categorical__venue_Holkar Cricket Stadium,0.0
random_forest,categorical__venue_JSCA International Stadium Complex,0.0
random_forest,categorical__venue_M.Chinnaswamy Stadium,0.0
random_forest,categorical__venue_MA Chidambaram Stadium,0.0
random_forest,"categorical__venue_Maharaja Yadavindra Singh International Cricket Stadium, Mullanpur",0.0
random_forest,categorical__venue_Nehru Stadium,0.0
random_forest,categorical__venue_Newlands,0.0
random_forest,categorical__venue_OUTsurance Oval,0.0
random_forest,"categorical__venue_Punjab Cricket Association IS Bindra Stadium, Mohali",0.0
random_forest,"categorical__venue_Punjab Cricket Association IS Bindra Stadium, Mohali, Chandigarh",0.0
random_forest,categorical__venue_Shaheed Veer Narayan Singh International Stadium,0.0
random_forest,"categorical__venue_Vidarbha Cricket Association Stadium, Jamtha",0.0
random_forest_regressor,numeric__season_avg_first_score,0.13337993983965815
random_forest_regressor,numeric__era_recent_avg_score,0.13099095451970172
random_forest_regressor,numeric__season,0.13095698320967808
random_forest_regressor,numeric__batting_team_avg_first_score,0.07552919267831709
random_forest_regressor,numeric__bowling_team_avg_first_conceded,0.0698385095500054
random_forest_regressor,numeric__recent10_batting_first_score,0.06936836189678944
random_forest_regressor,numeric__recent20_venue_score,0.06488767454521695
random_forest_regressor,numeric__recent10_bowling_conceded,0.06300224407359
random_forest_regressor,numeric__venue_team_avg_score,0.05782899549365325
random_forest_regressor,numeric__recent_batting_first_score,0.048879954615002476
random_forest_regressor,numeric__venue_avg_first_score,0.048621280699876215
random_forest_regressor,categorical__first_batting_team_Sunrisers Hyderabad,0.008328620814031787
random_forest_regressor,categorical__first_batting_team_Kolkata Knight Riders,0.005659916753248736
random_forest_regressor,numeric__toss_winner_bats_first,0.005633163166361191
random_forest_regressor,categorical__venue_Dr DY Patil Sports Academy,0.005621295559018298
random_forest_regressor,categorical__toss_decision_bat,0.005104294664939026
random_forest_regressor,categorical__toss_decision_field,0.005020024587827223
random_forest_regressor,categorical__first_bowling_team_Punjab Kings,0.004636101451829208
random_forest_regressor,categorical__venue_Sharjah Cricket Stadium,0.004048143999859711
random_forest_regressor,"categorical__venue_Arun Jaitley Stadium, Delhi",0.004030172954483439
random_forest_regressor,categorical__first_bowling_team_Chennai Super Kings,0.003435065414394273
random_forest_regressor,categorical__first_bowling_team_Mumbai Indians,0.0033371290717723935
random_forest_regressor,"categorical__venue_Bharat Ratna Shri Atal Bihari Vajpayee Ekana Cricket Stadium, Lucknow",0.0032435373528697364
random_forest_regressor,categorical__first_batting_team_Chennai Super Kings,0.0032345662592477916
random_forest_regressor,categorical__first_bowling_team_Kolkata Knight Riders,0.002999328818536913
random_forest_regressor,"categorical__venue_Brabourne Stadium, Mumbai",0.0027215322802918666
random_forest_regressor,"categorical__venue_Rajiv Gandhi International Stadium, Uppal",0.0026816048892525876
random_forest_regressor,categorical__venue_Eden Gardens,0.0026391516178982453
random_forest_regressor,categorical__first_batting_team_Punjab Kings,0.0025411724206430373
random_forest_regressor,categorical__first_batting_team_Royal Challengers Bengaluru,0.0022389639028694472
random_forest_regressor,categorical__first_batting_team_Rajasthan Royals,0.002127088887660392
random_forest_regressor,categorical__first_batting_team_Mumbai Indians,0.0020634620594339906
random_forest_regressor,"categorical__venue_MA Chidambaram Stadium, Chepauk",0.0018674877135430952
random_forest_regressor,categorical__first_batting_team_Delhi Capitals,0.0015940985940415954
random_forest_regressor,categorical__venue_M Chinnaswamy Stadium,0.0014367513007393802
random_forest_regressor,categorical__first_bowling_team_Delhi Capitals,0.0014255803703451598
random_forest_regressor,categorical__venue_Wankhede Stadium,0.0012998435479429698
random_forest_regressor,categorical__first_bowling_team_Royal Challengers Bengaluru,0.0012836604070479627
random_forest_regressor,"categorical__venue_Eden Gardens, Kolkata",0.0012583441621860393
random_forest_regressor,categorical__venue_Feroz Shah Kotla,0.001249525126693876
random_forest_regressor,categorical__first_bowling_team_Sunrisers Hyderabad,0.0011826060436277174
random_forest_regressor,categorical__venue_Sheikh Zayed Stadium,0.0011788118612911407
random_forest_regressor,categorical__venue_M.Chinnaswamy Stadium,0.0011595480644451092
random_forest_regressor,categorical__first_bowling_team_Pune Warriors,0.0009117315729484693
random_forest_regressor,"categorical__venue_Wankhede Stadium, Mumbai",0.0007498170337446852
random_forest_regressor,"categorical__venue_MA Chidambaram Stadium, Chepauk, Chennai",0.0007438391046291732
random_forest_regressor,categorical__first_bowling_team_Rajasthan Royals,0.0007320949293829717
random_forest_regressor,categorical__first_bowling_team_Gujarat Titans,0.0006739111936947477
random_forest_regressor,"categorical__venue_Punjab Cricket Association IS Bindra Stadium, Mohali",0.0006718967580681208
random_forest_regressor,"categorical__venue_Zayed Cricket Stadium, Abu Dhabi",0.0006340328243752902
random_forest_regressor,categorical__venue_Sawai Mansingh Stadium,0.0005749303923671769
random_forest_regressor,categorical__venue_Brabourne Stadium,0.0005730358955574025
random_forest_regressor,categorical__first_batting_team_Deccan Chargers,0.0005509476044727666
random_forest_regressor,categorical__first_bowling_team_Rising Pune Supergiants,0.0005488599858522057
random_forest_regressor,categorical__venue_Dubai International Cricket Stadium,0.0005468232696429337
random_forest_regressor,categorical__first_bowling_team_Gujarat Lions,0.00043843823728972143
random_forest_regressor,"categorical__venue_M Chinnaswamy Stadium, Bengaluru",0.0004250988130305968
random_forest_regressor,categorical__first_batting_team_Pune Warriors,0.00038127856852599986
random_forest_regressor,"categorical__venue_Dr DY Patil Sports Academy, Mumbai",0.0002699736082214529
random_forest_regressor,categorical__venue_Holkar Cricket Stadium,0.00023926146968975898
random_forest_regressor,"categorical__venue_Sawai Mansingh Stadium, Jaipur",0.0002057220258679566
random_forest_regressor,categorical__first_bowling_team_Lucknow Super Giants,0.00018860564291862527
random_forest_regressor,"categorical__venue_Rajiv Gandhi International Stadium, Uppal, Hyderabad",0.00013622809639475577
random_forest_regressor,categorical__first_batting_team_Gujarat Titans,0.00012526903573712635
random_forest_regressor,categorical__venue_Subrata Roy Sahara Stadium,0.00011351869772590036
random_forest_regressor,categorical__venue_Arun Jaitley Stadium,0.0
random_forest_regressor,categorical__venue_Barabati Stadium,0.0
random_forest_regressor,"categorical__venue_Barsapara Cricket Stadium, Guwahati",0.0
random_forest_regressor,categorical__venue_Buffalo Park,0.0
random_forest_regressor,categorical__venue_De Beers Diamond Oval,0.0
random_forest_regressor,categorical__venue_Dr. Y.S. Rajasekhara Reddy ACA-VDCA Cricket Stadium,0.0
random_forest_regressor,"categorical__venue_Dr. Y.S. Rajasekhara Reddy ACA-VDCA Cricket Stadium, Visakhapatnam",0.0
random_forest_regressor,categorical__venue_Green Park,0.0
random_forest_regressor,categorical__venue_Himachal Pradesh Cricket Association Stadium,0.0
random_forest_regressor,"categorical__venue_Himachal Pradesh Cricket Association Stadium, Dharamsala",0.0
random_forest_regressor,categorical__venue_JSCA International Stadium Complex,0.0
random_forest_regressor,categorical__venue_Kingsmead,0.0
random_forest_regressor,categorical__venue_MA Chidambaram Stadium,0.0
random_forest_regressor,"categorical__venue_Maharaja Yadavindra Singh International Cricket Stadium, Mullanpur",0.0
random_forest_regressor,categorical__venue_Maharashtra Cricket Association Stadium,0.0
random_forest_regressor,"categorical__venue_Maharashtra Cricket Association Stadium, Pune",0.0
random_forest_regressor,"categorical__venue_Narendra Modi Stadium, Ahmedabad",0.0
random_forest_regressor,categorical__venue_Nehru Stadium,0.0
random_forest_regressor,categorical__venue_New Wanderers Stadium,0.0
random_forest_regressor,categorical__venue_Newlands,0.0
random_forest_regressor,categorical__venue_OUTsurance Oval,0.0
random_forest_regressor,categorical__venue_Punjab Cricket Association IS Bindra Stadium,0.0
random_forest_regressor,"categorical__venue_Punjab Cricket Association IS Bindra Stadium, Mohali, Chandigarh",0.0
random_forest_regressor,"categorical__venue_Punjab Cricket Association Stadium, Mohali",0.0
random_forest_regressor,categorical__venue_Rajiv Gandhi International Stadium,0.0
random_forest_regressor,"categorical__venue_Sardar Patel Stadium, Motera",0.0
random_forest_regressor,categorical__venue_Saurashtra Cricket Association Stadium,0.0
random_forest_regressor,categorical__venue_Shaheed Veer Narayan Singh International Stadium,0.0
random_forest_regressor,categorical__venue_St George's Park,0.0
random_forest_regressor,categorical__venue_SuperSport Park,0.0
random_forest_regressor,"categorical__venue_Vidarbha Cricket Association Stadium, Jamtha",0.0
random_forest_regressor,categorical__first_batting_team_Gujarat Lions,0.0
random_forest_regressor,categorical__first_batting_team_Kochi Tuskers Kerala,0.0
random_forest_regressor,categorical__first_batting_team_Lucknow Super Giants,0.0
random_forest_regressor,categorical__first_batting_team_Rising Pune Supergiants,0.0
random_forest_regressor,categorical__first_bowling_team_Deccan Chargers,0.0
random_forest_regressor,categorical__first_bowling_team_Kochi Tuskers Kerala,0.0
xgboost,categorical__team2_Delhi Capitals,0.026401475071907043
xgboost,categorical__team1_Royal Challengers Bengaluru,0.026385633274912834
xgboost,categorical__team2_Sunrisers Hyderabad,0.025315362960100174
xgboost,categorical__venue_Wankhede Stadium,0.0251478161662817
xgboost,"categorical__venue_Rajiv Gandhi International Stadium, Uppal",0.023955876007676125
xgboost,numeric__squad_strength_diff,0.023366708308458328
xgboost,numeric__win_pct_diff,0.023144543170928955
xgboost,categorical__team1_Delhi Capitals,0.022870797663927078
xgboost,numeric__avg_runs_diff,0.022700119763612747
xgboost,categorical__toss_decision_bat,0.02161993458867073
xgboost,"categorical__venue_MA Chidambaram Stadium, Chepauk",0.020563334226608276
xgboost,categorical__venue_Feroz Shah Kotla,0.020294638350605965
xgboost,categorical__team1_Sunrisers Hyderabad,0.020181672647595406
xgboost,numeric__defend_diff,0.019928615540266037
xgboost,numeric__h2h_team1_win_rate,0.019635990262031555
xgboost,numeric__season,0.019491562619805336
xgboost,categorical__team1_Pune Warriors,0.019238969311118126
xgboost,categorical__venue_Sawai Mansingh Stadium,0.01905139535665512
xgboost,numeric__recent10_form_diff,0.019049743190407753
xgboost,numeric__recent5_form_diff,0.018873373046517372
xgboost,numeric__season_win_pct_diff,0.018516546115279198
xgboost,categorical__team2_Royal Challengers Bengaluru,0.01849259063601494
xgboost,categorical__team1_Rajasthan Royals,0.0184728242456913
xgboost,categorical__venue_Eden Gardens,0.018444301560521126
xgboost,"categorical__venue_Wankhede Stadium, Mumbai",0.018341612070798874
xgboost,categorical__team2_Punjab Kings,0.018187247216701508
xgboost,numeric__toss_rate_diff,0.01818467117846012
xgboost,categorical__venue_Sheikh Zayed Stadium,0.018166884779930115
xgboost,numeric__avg_conceded_diff,0.017905965447425842
xgboost,categorical__venue_Maharashtra Cricket Association Stadium,0.017772629857063293
xgboost,categorical__team1_Mumbai Indians,0.017246412113308907
xgboost,categorical__team1_Punjab Kings,0.01701640896499157
xgboost,numeric__venue_win_pct_diff,0.016939567402005196
xgboost,numeric__chase_diff,0.01683581806719303
xgboost,categorical__team2_Mumbai Indians,0.016781765967607498
xgboost,categorical__venue_M Chinnaswamy Stadium,0.016664065420627594
xgboost,numeric__toss_winner_is_team1,0.01623927615582943
xgboost,categorical__team2_Gujarat Titans,0.015985865145921707
xgboost,categorical__team1_Lucknow Super Giants,0.01591615378856659
xgboost,"categorical__venue_Maharashtra Cricket Association Stadium, Pune",0.015262174420058727
xgboost,categorical__venue_Dr. Y.S. Rajasekhara Reddy ACA-VDCA Cricket Stadium,0.015176871791481972
xgboost,categorical__venue_Dubai International Cricket Stadium,0.014890684746205807
xgboost,categorical__toss_decision_field,0.014494596049189568
xgboost,"categorical__venue_Narendra Modi Stadium, Ahmedabad",0.013930145651102066
xgboost,categorical__venue_Sharjah Cricket Stadium,0.013909672386944294
xgboost,categorical__team2_Chennai Super Kings,0.013555322773754597
xgboost,categorical__team1_Deccan Chargers,0.013402056880295277
xgboost,categorical__venue_SuperSport Park,0.012983097694814205
xgboost,categorical__team2_Pune Warriors,0.012134527787566185
xgboost,categorical__team1_Gujarat Lions,0.012066873721778393
xgboost,"categorical__venue_MA Chidambaram Stadium, Chepauk, Chennai",0.011972982436418533
xgboost,"categorical__venue_Punjab Cricket Association Stadium, Mohali",0.011847996152937412
xgboost,categorical__team1_Chennai Super Kings,0.011701080948114395
xgboost,categorical__venue_New Wanderers Stadium,0.011133224703371525
xgboost,categorical__venue_M.Chinnaswamy Stadium,0.01113110687583685
xgboost,categorical__venue_Saurashtra Cricket Association Stadium,0.010973358526825905
xgboost,categorical__team2_Rising Pune Supergiants,0.010106046684086323
xgboost,categorical__venue_Arun Jaitley Stadium,0.0
xgboost,"categorical__venue_Arun Jaitley Stadium, Delhi",0.0
xgboost,categorical__venue_Barabati Stadium,0.0
xgboost,"categorical__venue_Barsapara Cricket Stadium, Guwahati",0.0
xgboost,"categorical__venue_Bharat Ratna Shri Atal Bihari Vajpayee Ekana Cricket Stadium, Lucknow",0.0
xgboost,categorical__venue_Brabourne Stadium,0.0
xgboost,"categorical__venue_Brabourne Stadium, Mumbai",0.0
xgboost,categorical__venue_Buffalo Park,0.0
xgboost,categorical__venue_De Beers Diamond Oval,0.0
xgboost,categorical__venue_Dr DY Patil Sports Academy,0.0
xgboost,"categorical__venue_Dr DY Patil Sports Academy, Mumbai",0.0
xgboost,"categorical__venue_Dr. Y.S. Rajasekhara Reddy ACA-VDCA Cricket Stadium, Visakhapatnam",0.0
xgboost,"categorical__venue_Eden Gardens, Kolkata",0.0
xgboost,categorical__venue_Green Park,0.0
xgboost,categorical__venue_Himachal Pradesh Cricket Association Stadium,0.0
xgboost,"categorical__venue_Himachal Pradesh Cricket Association Stadium, Dharamsala",0.0
xgboost,categorical__venue_Holkar Cricket Stadium,0.0
xgboost,categorical__venue_JSCA International Stadium Complex,0.0
xgboost,categorical__venue_Kingsmead,0.0
xgboost,"categorical__venue_M Chinnaswamy Stadium, Bengaluru",0.0
xgboost,categorical__venue_MA Chidambaram Stadium,0.0
xgboost,"categorical__venue_Maharaja Yadavindra Singh International Cricket Stadium, Mullanpur",0.0
xgboost,categorical__venue_Nehru Stadium,0.0
xgboost,categorical__venue_Newlands,0.0
xgboost,categorical__venue_OUTsurance Oval,0.0
xgboost,categorical__venue_Punjab Cricket Association IS Bindra Stadium,0.0
xgboost,"categorical__venue_Punjab Cricket Association IS Bindra Stadium, Mohali",0.0
xgboost,"categorical__venue_Punjab Cricket Association IS Bindra Stadium, Mohali, Chandigarh",0.0
xgboost,categorical__venue_Rajiv Gandhi International Stadium,0.0
xgboost,"categorical__venue_Rajiv Gandhi International Stadium, Uppal, Hyderabad",0.0
xgboost,"categorical__venue_Sardar Patel Stadium, Motera",0.0
xgboost,"categorical__venue_Sawai Mansingh Stadium, Jaipur",0.0
xgboost,categorical__venue_Shaheed Veer Narayan Singh International Stadium,0.0
xgboost,categorical__venue_St George's Park,0.0
xgboost,categorical__venue_Subrata Roy Sahara Stadium,0.0
xgboost,"categorical__venue_Vidarbha Cricket Association Stadium, Jamtha",0.0
xgboost,"categorical__venue_Zayed Cricket Stadium, Abu Dhabi",0.0
xgboost,categorical__team1_Gujarat Titans,0.0
xgboost,categorical__team1_Kochi Tuskers Kerala,0.0
xgboost,categorical__team1_Kolkata Knight Riders,0.0
xgboost,categorical__team1_Rising Pune Supergiants,0.0
xgboost,categorical__team2_Deccan Chargers,0.0
xgboost,categorical__team2_Gujarat Lions,0.0
xgboost,categorical__team2_Kochi Tuskers Kerala,0.0
xgboost,categorical__team2_Kolkata Knight Riders,0.0
xgboost,categorical__team2_Lucknow Super Giants,0.0
xgboost,categorical__team2_Rajasthan Royals,0.0
xgboost_regressor,numeric__season,0.06296619027853012
xgboost_regressor,"categorical__venue_Punjab Cricket Association Stadium, Mohali",0.03671843931078911
xgboost_regressor,numeric__era_recent_avg_score,0.03192900866270065
xgboost_regressor,numeric__season_avg_first_score,0.030403248965740204
xgboost_regressor,categorical__first_bowling_team_Pune Warriors,0.026820477098226547
xgboost_regressor,categorical__first_bowling_team_Mumbai Indians,0.024054547771811485
xgboost_regressor,numeric__recent20_venue_score,0.023627985268831253
xgboost_regressor,categorical__venue_Sharjah Cricket Stadium,0.022292185574769974
xgboost_regressor,categorical__toss_decision_bat,0.02177329547703266
xgboost_regressor,categorical__venue_Eden Gardens,0.021753188222646713
xgboost_regressor,"categorical__venue_Arun Jaitley Stadium, Delhi",0.02138913981616497
xgboost_regressor,"categorical__venue_Eden Gardens, Kolkata",0.020726045593619347
xgboost_regressor,categorical__venue_Dr DY Patil Sports Academy,0.020226819440722466
xgboost_regressor,categorical__venue_Holkar Cricket Stadium,0.020074032247066498
xgboost_regressor,categorical__venue_Himachal Pradesh Cricket Association Stadium,0.019541140645742416
xgboost_regressor,categorical__first_bowling_team_Punjab Kings,0.019484257325530052
xgboost_regressor,numeric__batting_team_avg_first_score,0.019354116171598434
xgboost_regressor,numeric__recent10_batting_first_score,0.01912641152739525
xgboost_regressor,numeric__bowling_team_avg_first_conceded,0.01887880451977253
xgboost_regressor,numeric__recent_batting_first_score,0.018604695796966553
xgboost_regressor,"categorical__venue_Rajiv Gandhi International Stadium, Uppal",0.018396472558379173
xgboost_regressor,categorical__venue_Sheikh Zayed Stadium,0.01823893003165722
xgboost_regressor,"categorical__venue_Bharat Ratna Shri Atal Bihari Vajpayee Ekana Cricket Stadium, Lucknow",0.01811833120882511
xgboost_regressor,numeric__recent10_bowling_conceded,0.017395496368408203
xgboost_regressor,numeric__venue_avg_first_score,0.017180848866701126
xgboost_regressor,numeric__venue_team_avg_score,0.0158682893961668
xgboost_regressor,categorical__first_batting_team_Royal Challengers Bengaluru,0.015852754935622215
xgboost_regressor,categorical__venue_Sawai Mansingh Stadium,0.015626516193151474
xgboost_regressor,"categorical__venue_Brabourne Stadium, Mumbai",0.015597322024405003
xgboost_regressor,categorical__first_batting_team_Mumbai Indians,0.015195287764072418
xgboost_regressor,categorical__first_bowling_team_Rajasthan Royals,0.014848718419671059
xgboost_regressor,categorical__first_bowling_team_Rising Pune Supergiants,0.014219801872968674
xgboost_regressor,"categorical__venue_MA Chidambaram Stadium, Chepauk",0.01405715849250555
xgboost_regressor,categorical__first_bowling_team_Kolkata Knight Riders,0.013585679233074188
xgboost_regressor,categorical__venue_Dubai International Cricket Stadium,0.013513284735381603
xgboost_regressor,categorical__venue_Wankhede Stadium,0.013048289343714714
xgboost_regressor,"categorical__venue_Maharaja Yadavindra Singh International Cricket Stadium, Mullanpur",0.012956998310983181
xgboost_regressor,"categorical__venue_MA Chidambaram Stadium, Chepauk, Chennai",0.012876969762146473
xgboost_regressor,categorical__first_batting_team_Chennai Super Kings,0.012491162866353989
xgboost_regressor,categorical__first_bowling_team_Gujarat Lions,0.012457061558961868
xgboost_regressor,categorical__venue_Brabourne Stadium,0.012449471279978752
xgboost_regressor,categorical__first_bowling_team_Delhi Capitals,0.01208252739161253
xgboost_regressor,categorical__first_batting_team_Gujarat Titans,0.011861678212881088
xgboost_regressor,categorical__venue_Newlands,0.011548117734491825
xgboost_regressor,categorical__toss_decision_field,0.010607068426907063
xgboost_regressor,"categorical__venue_Dr. Y.S. Rajasekhara Reddy ACA-VDCA Cricket Stadium, Visakhapatnam",0.010455234907567501
xgboost_regressor,categorical__first_batting_team_Delhi Capitals,0.010373500175774097
xgboost_regressor,categorical__venue_Feroz Shah Kotla,0.010343745350837708
xgboost_regressor,categorical__first_bowling_team_Chennai Super Kings,0.01015863474458456
xgboost_regressor,"categorical__venue_Zayed Cricket Stadium, Abu Dhabi",0.010092982091009617
xgboost_regressor,categorical__venue_M Chinnaswamy Stadium,0.009861916303634644
xgboost_regressor,categorical__first_batting_team_Pune Warriors,0.009073481895029545
xgboost_regressor,categorical__venue_M.Chinnaswamy Stadium,0.009052151814103127
xgboost_regressor,categorical__first_batting_team_Punjab Kings,0.008505390025675297
xgboost_regressor,categorical__venue_Subrata Roy Sahara Stadium,0.008163710124790668
xgboost_regressor,categorical__first_batting_team_Sunrisers Hyderabad,0.0075708613730967045
xgboost_regressor,numeric__toss_winner_bats_first,0.0069625177420675755
xgboost_regressor,"categorical__venue_Rajiv Gandhi International Stadium, Uppal, Hyderabad",0.0065416027791798115
xgboost_regressor,categorical__first_bowling_team_Gujarat Titans,0.006334382575005293
xgboost_regressor,categorical__first_batting_team_Deccan Chargers,0.005081517156213522
xgboost_regressor,categorical__first_batting_team_Rajasthan Royals,0.004693141207098961
xgboost_regressor,categorical__first_bowling_team_Royal Challengers Bengaluru,0.003829005640000105
xgboost_regressor,categorical__first_bowling_team_Sunrisers Hyderabad,0.0013598720543086529
xgboost_regressor,categorical__first_batting_team_Kolkata Knight Riders,0.0008079585968516767
xgboost_regressor,categorical__venue_Maharashtra Cricket Association Stadium,0.0005778077174909413
xgboost_regressor,categorical__first_bowling_team_Lucknow Super Giants,0.0003300542593933642
xgboost_regressor,categorical__venue_SuperSport Park,1.1213155630684923e-05
xgboost_regressor,categorical__venue_Barabati Stadium,8.96735741662269e-07
xgboost_regressor,categorical__venue_Arun Jaitley Stadium,0.0
xgboost_regressor,"categorical__venue_Barsapara Cricket Stadium, Guwahati",0.0
xgboost_regressor,categorical__venue_Buffalo Park,0.0
xgboost_regressor,categorical__venue_De Beers Diamond Oval,0.0
xgboost_regressor,"categorical__venue_Dr DY Patil Sports Academy, Mumbai",0.0
xgboost_regressor,categorical__venue_Dr. Y.S. Rajasekhara Reddy ACA-VDCA Cricket Stadium,0.0
xgboost_regressor,categorical__venue_Green Park,0.0
xgboost_regressor,"categorical__venue_Himachal Pradesh Cricket Association Stadium, Dharamsala",0.0
xgboost_regressor,categorical__venue_JSCA International Stadium Complex,0.0
xgboost_regressor,categorical__venue_Kingsmead,0.0
xgboost_regressor,"categorical__venue_M Chinnaswamy Stadium, Bengaluru",0.0
xgboost_regressor,categorical__venue_MA Chidambaram Stadium,0.0
xgboost_regressor,"categorical__venue_Maharashtra Cricket Association Stadium, Pune",0.0
xgboost_regressor,"categorical__venue_Narendra Modi Stadium, Ahmedabad",0.0
xgboost_regressor,categorical__venue_Nehru Stadium,0.0
xgboost_regressor,categorical__venue_New Wanderers Stadium,0.0
xgboost_regressor,categorical__venue_OUTsurance Oval,0.0
xgboost_regressor,categorical__venue_Punjab Cricket Association IS Bindra Stadium,0.0
xgboost_regressor,"categorical__venue_Punjab Cricket Association IS Bindra Stadium, Mohali",0.0
xgboost_regressor,"categorical__venue_Punjab Cricket Association IS Bindra Stadium, Mohali, Chandigarh",0.0
xgboost_regressor,categorical__venue_Rajiv Gandhi International Stadium,0.0
xgboost_regressor,"categorical__venue_Sardar Patel Stadium, Motera",0.0
xgboost_regressor,categorical__venue_Saurashtra Cricket Association Stadium,0.0
xgboost_regressor,"categorical__venue_Sawai Mansingh Stadium, Jaipur",0.0
xgboost_regressor,categorical__venue_Shaheed Veer Narayan Singh International Stadium,0.0
xgboost_regressor,categorical__venue_St George's Park,0.0
xgboost_regressor,"categorical__venue_Vidarbha Cricket Association Stadium, Jamtha",0.0
xgboost_regressor,"categorical__venue_Wankhede Stadium, Mumbai",0.0
xgboost_regressor,categorical__first_batting_team_Gujarat Lions,0.0
xgboost_regressor,categorical__first_batting_team_Kochi Tuskers Kerala,0.0
xgboost_regressor,categorical__first_batting_team_Lucknow Super Giants,0.0
xgboost_regressor,categorical__first_batting_team_Rising Pune Supergiants,0.0
xgboost_regressor,categorical__first_bowling_team_Deccan Chargers,0.0
xgboost_regressor,categorical__first_bowling_team_Kochi Tuskers Kerala,0.0
