match_id,season,date,venue,team1,team2,toss_winner,toss_decision,team1_won,team1_team_win_pct,team2_team_win_pct,team1_team_recent5_form,team2_team_recent5_form,team1_team_toss_win_rate,team2_team_toss_win_rate,team1_team_chase_success_rate,team2_team_chase_success_rate,team1_team_defend_success_rate,team2_team_defend_success_rate,h2h_team1_win_rate,toss_winner_is_team1,win_pct_diff,recent5_form_diff,recent10_form_diff,toss_rate_diff,chase_diff,defend_diff,venue_win_pct_diff,season_win_pct_diff,avg_runs_diff,avg_conceded_diff,squad_strength_diff,team1_team_recent10_form,team2_team_recent10_form,team1_team_venue_win_pct,team2_team_venue_win_pct,team1_team_season_win_pct,team2_team_season_win_pct,team1_team_avg_runs,team2_team_avg_runs,team1_team_avg_conceded,team2_team_avg_conceded,team1_squad_strength,team2_squad_strength
335982,2008,2008-04-18,M Chinnaswamy Stadium,Royal Challengers Bengaluru,Kolkata Knight Riders,Royal Challengers Bengaluru,field,0,0.5,0.5,0.5,0.5,0.5,0.5,0.5,0.5,0.5,0.5,0.5,1,0.0,0.0,0.0,0.0,0.0,0.0,0.0,0.0,0.0,0.0,0.5,0.5,0.5,0.5,0.5,0.5,0.5,158.87974394147233,158.87974394147233,158.87974394147233,158.87974394147233,,
335983,2008,2008-04-19,"Punjab Cricket Association Stadium, Mohali",Punjab Kings,Chennai Super Kings,Chennai Super Kings,bat,0,0.5,0.5,0.5,0.5,0.5,0.5,0.5,0.5,0.5,0.5,0.5,0,0.0,0.0,0.0,0.0,0.0,0.0,0.0,0.0,0.0,0.0,0.5,0.5,0.5,0.5,0.5,0.5,0.5,158.87974394147233,158.87974394147233,158.87974394147233,158.87974394147233,,
335984,2008,2008-04-19,Feroz Shah Kotla,Delhi Capitals,Rajasthan Royals,Rajasthan Royals,bat,1,0.5,0.5,0.5,0.5,0.5,0.5,0.5,0.5,0.5,0.5,0.5,0,0.0,0.0,0.0,0.0,0.0,0.0,0.0,0.0,0.0,0.0,0.5,0.5,0.5,0.5,0.5,0.5,0.5,158.87974394147233,158.87974394147233,158.87974394147233,158.87974394147233,,
335985,2008,2008-04-20,Wankhede Stadium,Mumbai Indians,Royal Challengers Bengaluru,Mumbai Indians,bat,0,0.5,0.0,0.5,0.0,0.5,1.0,0.5,0.0,0.5,0.5,0.5,1,0.5,0.5,0.5,-0.5,0.5,0.0,0.0,0.5,76.87974394147233,-63.12025605852767,0.5,0.5,0.0,0.5,0.5,0.5,0.0,158.87974394147233,82.0,158.87974394147233,222.0,,0.0
335986,2008,2008-04-20,Eden Gardens,Kolkata Knight Riders,Deccan Chargers,Deccan Chargers,bat,1,1.0,0.5,1.0,0.5,0.0,0.5,0.5,0.5,1.0,0.5,0.5,0,0.5,0.5,0.5,-0.5,0.0,0.5,0.0,0.5,63.12025605852767,-76.87974394147233,0.5,1.0,0.5,0.5,0.5,1.0,0.5,222.0,158.87974394147233,82.0,158.87974394147233,0.0,
335987,2008,2008-04-21,Sawai Mansingh Stadium,Rajasthan Royals,Punjab Kings,Punjab Kings,bat,1,0.0,0.0,0.0,0.0,1.0,0.0,0.5,0.0,0.0,0.5,0.5,0,0.0,0.0,0.0,1.0,0.5,-0.5,0.0,0.0,-78.0,-108.0,0.0,0.0,0.0,0.5,0.5,0.0,0.0,129.0,207.0,132.0,240.0,0.0,0.0
335988,2008,2008-04-22,"Rajiv Gandhi International Stadium, Uppal",Deccan Chargers,Delhi Capitals,Deccan Chargers,bat,0,0.0,1.0,0.0,1.0,1.0,0.0,0.5,1.0,0.0,0.5,0.5,1,-1.0,-1.0,-1.0,1.0,-0.5,-0.5,0.0,-1.0,-22.0,-17.0,0.0,0.0,1.0,0.5,0.5,0.0,1.0,110.0,132.0,112.0,129.0,0.0,0.0
335989,2008,2008-04-23,"MA Chidambaram Stadium, Chepauk",Chennai Super Kings,Mumbai Indians,Mumbai Indians,field,1,1.0,0.0,1.0,0.0,1.0,1.0,0.5,0.5,1.0,0.0,0.5,0,1.0,1.0,1.0,0.0,0.0,1.0,0.0,1.0,75.0,41.0,0.0,1.0,0.0,0.5,0.5,1.0,0.0,240.0,165.0,207.0,166.0,0.0,0.0
335990,2008,2008-04-24,"Rajiv Gandhi International Stadium, Uppal",Deccan Chargers,Rajasthan Royals,Rajasthan Royals,field,0,0.0,0.5,0.0,0.5,1.0,0.5,0.5,1.0,0.0,0.0,0.5,0,-0.5,-0.5,-0.5,0.5,-0.5,0.0,-0.5,-0.5,-22.5,-21.5,23.5,0.0,0.5,0.0,0.5,0.0,0.5,126.0,148.5,127.5,149.0,96.0,72.5
335991,2008,2008-04-25,"Punjab Cricket Association Stadium, Mohali",Punjab Kings,Mumbai Indians,Mumbai Indians,field,1,0.0,0.0,0.0,0.0,0.5,1.0,0.0,0.0,0.0,0.0,0.5,0,0.0,0.0,0.0,-0.5,0.0,0.0,-0.5,0.0,3.0,17.0,26.5,0.0,0.0,0.0,0.5,0.0,0.0,186.5,183.5,204.0,187.0,142.5,116.0
335992,2008,2008-04-26,M Chinnaswamy Stadium,Royal Challengers Bengaluru,Rajasthan Royals,Rajasthan Royals,field,0,0.5,0.6666666666666666,0.5,0.6666666666666666,0.5,0.6666666666666666,0.5,1.0,0.5,0.0,0.5,0,-0.16666666666666663,-0.16666666666666663,-0.16666666666666663,-0.16666666666666663,-0.5,0.5,-0.5,-0.16666666666666663,-47.33333333333334,22.833333333333343,-72.33333333333333,0.5,0.6666666666666666,0.0,0.5,0.5,0.6666666666666666,124.0,171.33333333333334,193.5,170.66666666666666,49.0,121.33333333333333
335993,2008,2008-04-26,"MA Chidambaram Stadium, Chepauk",Chennai Super Kings,Kolkata Knight Riders,Kolkata Knight Riders,bat,1,1.0,1.0,1.0,1.0,0.5,0.0,0.5,1.0,1.0,1.0,0.5,0,0.0,0.0,0.0,0.5,-0.5,0.0,0.5,0.0,57.0,108.5,-68.0,1.0,1.0,1.0,0.5,1.0,1.0,224.0,167.0,204.5,96.0,136.5,204.5
335994,2008,2008-04-27,Dr DY Patil Sports Academy,Mumbai Indians,Deccan Chargers,Deccan Chargers,field,0,0.0,0.0,0.0,0.0,1.0,0.6666666666666666,0.0,0.5,0.0,0.0,0.5,0,0.0,0.0,0.0,0.33333333333333337,-0.5,0.0,0.0,0.0,5.666666666666657,28.0,41.16666666666667,0.0,0.0,0.5,0.5,0.0,0.0,161.0,155.33333333333334,185.33333333333334,157.33333333333334,156.33333333333334,115.16666666666667
335995,2008,2008-04-27,"Punjab Cricket Association Stadium, Mohali",Punjab Kings,Delhi Capitals,Delhi Capitals,bat,1,0.3333333333333333,1.0,0.3333333333333333,1.0,0.3333333333333333,0.0,0.0,1.0,0.5,0.5,0.5,0,-0.6666666666666667,-0.6666666666666667,-0.6666666666666667,0.3333333333333333,-1.0,0.0,0.0,-0.6666666666666667,47.5,39.16666666666666,23.5,0.3333333333333333,1.0,0.5,0.5,0.3333333333333333,1.0,185.0,137.5,174.66666666666666,135.5,159.0,135.5
335996,2008,2008-04-28,M Chinnaswamy Stadium,Royal Challengers Bengaluru,Chennai Super Kings,Chennai Super Kings,bat,0,0.3333333333333333,1.0,0.3333333333333333,1.0,0.3333333333333333,0.3333333333333333,0.5,1.0,0.0,1.0,0.5,0,-0.6666666666666667,-0.6666666666666667,-0.6666666666666667,0.0,-0.5,-1.0,-0.5,-0.6666666666666667,-72.33333333333333,-10.333333333333343,-71.83333333333333,0.3333333333333333,1.0,0.0,0.5,0.3333333333333333,1.0,127.66666666666667,200.0,175.0,185.33333333333334,87.66666666666667,159.5
335997,2008,2008-04-29,Eden Gardens,Kolkata Knight Riders,Mumbai Indians,Kolkata Knight Riders,bat,0,0.6666666666666666,0.0,0.6666666666666666,0.0,0.3333333333333333,0.75,1.0,0.0,0.5,0.0,0.5,1,0.6666666666666666,0.6666666666666666,0.6666666666666666,-0.4166666666666667,1.0,0.5,0.5,0.6666666666666666,1.0833333333333428,-63.08333333333333,80.45833333333334,0.6666666666666666,0.0,1.0,0.5,0.6666666666666666,0.0,160.33333333333334,159.25,114.66666666666667,177.75,244.5,164.04166666666666
335998,2008,2008-04-30,Feroz Shah Kotla,Delhi Capitals,Royal Challengers Bengaluru,Royal Challengers Bengaluru,field,1,0.6666666666666666,0.25,0.6666666666666666,0.25,0.3333333333333333,0.25,1.0,0.3333333333333333,0.0,0.0,0.5,0,0.41666666666666663,0.41666666666666663,0.41666666666666663,0.08333333333333331,0.6666666666666667,0.0,0.5,0.41666666666666663,7.333333333333343,-31.416666666666657,70.25,0.6666666666666666,0.25,1.0,0.5,0.6666666666666666,0.25,144.33333333333334,137.0,144.33333333333334,175.75,181.83333333333334,111.58333333333334
335999,2008,2008-05-01,"Rajiv Gandhi International Stadium, Uppal",Deccan Chargers,Punjab Kings,Punjab Kings,field,0,0.25,0.5,0.25,0.5,0.75,0.25,1.0,0.5,0.0,0.5,0.5,0,-0.25,-0.25,-0.25,0.5,0.5,-0.5,-0.5,-0.25,-24.0,-14.0,-52.66666666666666,0.25,0.5,0.0,0.5,0.25,0.5,155.25,179.25,156.5,170.5,121.25,173.91666666666666
336000,2008,2008-05-01,Sawai Mansingh Stadium,Rajasthan Royals,Kolkata Knight Riders,Rajasthan Royals,bat,1,0.75,0.5,0.75,0.5,0.75,0.5,1.0,1.0,0.0,0.3333333333333333,0.5,1,0.25,0.25,0.25,0.25,0.0,-0.3333333333333333,0.5,0.25,8.5,41.25,-83.79166666666666,0.75,0.5,1.0,0.5,0.75,0.5,163.0,154.5,161.75,120.5,157.0,240.79166666666666
336001,2008,2008-05-02,"MA Chidambaram Stadium, Chepauk",Chennai Super Kings,Delhi Capitals,Chennai Super Kings,bat,0,1.0,0.75,1.0,0.75,0.5,0.25,1.0,1.0,1.0,0.5,0.5,1,0.25,0.25,0.25,0.25,0.0,0.5,0.5,0.25,38.5,26.75,-8.958333333333343,1.0,0.75,1.0,0.5,1.0,0.75,194.5,156.0,180.25,153.5,185.83333333333334,194.79166666666669
336003,2008,2008-05-03,"Punjab Cricket Association Stadium, Mohali",Punjab Kings,Kolkata Knight Riders,Punjab Kings,bat,1,0.6,0.4,0.6,0.4,0.4,0.4,0.6666666666666666,0.5,0.5,0.3333333333333333,0.5,1,0.19999999999999996,0.19999999999999996,0.19999999999999996,0.0,0.16666666666666663,0.16666666666666669,0.16666666666666663,0.19999999999999996,23.0,33.599999999999994,-42.400000000000006,0.6,0.4,0.6666666666666666,0.5,0.6,0.4,176.8,153.8,169.2,135.6,184.78333333333333,227.18333333333334
336034,2008,2008-05-03,M Chinnaswamy Stadium,Royal Challengers Bengaluru,Deccan Chargers,Deccan Chargers,field,1,0.2,0.2,0.2,0.2,0.4,0.6,0.25,1.0,0.0,0.0,0.5,0,0.0,0.0,0.0,-0.19999999999999996,-0.75,0.0,-0.5,0.0,-11.199999999999989,20.200000000000017,-7.349999999999994,0.2,0.2,0.0,0.5,0.2,0.2,145.8,157.0,178.8,158.6,128.81666666666666,136.16666666666666
336004,2008,2008-05-04,Dr DY Patil Sports Academy,Mumbai Indians,Delhi Capitals,Delhi Capitals,field,1,0.2,0.8,0.2,0.8,0.6,0.2,0.3333333333333333,1.0,0.0,0.5,0.5,0,-0.6000000000000001,-0.6000000000000001,-0.6000000000000001,0.39999999999999997,-0.6666666666666667,-0.5,-0.5,-0.6000000000000001,-4.199999999999989,13.0,-35.03333333333336,0.2,0.8,0.0,0.5,0.2,0.8,155.0,159.2,169.6,156.6,162.76666666666665,197.8
336005,2008,2008-05-04,Sawai Mansingh Stadium,Rajasthan Royals,Chennai Super Kings,Chennai Super Kings,bat,1,0.8,0.8,0.8,0.8,0.8,0.6,1.0,1.0,0.5,0.75,0.5,0,0.0,0.0,0.0,0.20000000000000007,0.0,-0.25,0.5,0.0,-19.80000000000001,-19.0,-11.46666666666664,0.8,0.8,1.0,0.5,0.8,0.8,169.6,189.4,159.6,178.6,177.88333333333335,189.35
336006,2008,2008-05-05,M Chinnaswamy Stadium,Royal Challengers Bengaluru,Punjab Kings,Punjab Kings,field,0,0.3333333333333333,0.6666666666666666,0.4,0.8,0.3333333333333333,0.5,0.25,0.6666666666666666,0.5,0.6666666666666666,0.5,0,-0.3333333333333333,-0.4,-0.3333333333333333,-0.16666666666666669,-0.41666666666666663,-0.16666666666666663,-0.25,-0.3333333333333333,-29.5,5.333333333333343,-69.12777777777777,0.3333333333333333,0.6666666666666666,0.25,0.5,0.3333333333333333,0.6666666666666666,147.5,177.0,174.5,169.16666666666666,135.85833333333332,204.9861111111111
336007,2008,2008-05-06,"MA Chidambaram Stadium, Chepauk",Chennai Super Kings,Deccan Chargers,Deccan Chargers,field,0,0.6666666666666666,0.16666666666666666,0.6,0.2,0.6666666666666666,0.6666666666666666,1.0,0.5,0.6,0.0,0.5,0,0.5,0.39999999999999997,0.5,0.0,0.5,0.6,0.16666666666666663,0.5,19.666666666666657,9.0,50.45277777777778,0.6666666666666666,0.16666666666666666,0.6666666666666666,0.5,0.6666666666666666,0.16666666666666666,176.0,156.33333333333334,167.16666666666666,158.16666666666666,194.40833333333333,143.95555555555555
336008,2008,2008-05-07,Dr DY Patil Sports Academy,Mumbai Indians,Rajasthan Royals,Mumbai Indians,field,1,0.3333333333333333,0.8333333333333334,0.4,1.0,0.5,0.6666666666666666,0.3333333333333333,1.0,0.3333333333333333,0.5,0.5,1,-0.5,-0.6,-0.5,-0.16666666666666663,-0.6666666666666667,-0.16666666666666669,0.0,-0.5,-3.5,12.333333333333343,-27.030555555555594,0.3333333333333333,0.8333333333333334,0.5,0.5,0.3333333333333333,0.8333333333333334,156.16666666666666,159.66666666666666,163.5,151.16666666666666,167.73888888888888,194.76944444444447
336009,2008,2008-05-08,Feroz Shah Kotla,Delhi Capitals,Chennai Super Kings,Chennai Super Kings,field,0,0.6666666666666666,0.5714285714285714,0.6,0.4,0.3333333333333333,0.5714285714285714,0.75,1.0,0.5,0.5,1.0,0,0.09523809523809523,0.19999999999999996,0.09523809523809523,-0.23809523809523808,-0.25,0.0,0.5,0.09523809523809523,-16.595238095238074,-6.928571428571416,8.286904761904793,0.6666666666666666,0.5714285714285714,1.0,0.5,0.6666666666666666,0.5714285714285714,154.83333333333334,171.42857142857142,157.5,164.42857142857142,200.9416666666667,192.6547619047619
336010,2008,2008-05-08,Eden Gardens,Kolkata Knight Riders,Royal Challengers Bengaluru,Kolkata Knight Riders,bat,1,0.3333333333333333,0.2857142857142857,0.2,0.2,0.3333333333333333,0.2857142857142857,0.3333333333333333,0.25,0.3333333333333333,0.3333333333333333,1.0,1,0.047619047619047616,0.0,0.047619047619047616,0.047619047619047616,0.08333333333333331,0.0,0.0,0.047619047619047616,11.904761904761926,-25.047619047619065,81.41230158730158,0.3333333333333333,0.2857142857142857,0.5,0.5,0.3333333333333333,0.2857142857142857,156.33333333333334,144.42857142857142,142.66666666666666,167.71428571428572,225.71944444444443,144.30714285714285
336011,2008,2008-05-09,Sawai Mansingh Stadium,Rajasthan Royals,Deccan Chargers,Rajasthan Royals,field,1,0.7142857142857143,0.2857142857142857,0.8,0.4,0.5714285714285714,0.7142857142857143,1.0,0.6666666666666666,0.3333333333333333,0.0,1.0,1,0.4285714285714286,0.4,0.4285714285714286,-0.1428571428571429,0.33333333333333337,0.3333333333333333,0.5,0.4285714285714286,-3.571428571428555,-11.714285714285722,57.621428571428595,0.7142857142857143,0.2857142857142857,1.0,0.5,0.7142857142857143,0.2857142857142857,151.57142857142858,155.14285714285714,144.42857142857142,156.14285714285714,208.15476190476193,150.53333333333333
336013,2008,2008-05-10,"MA Chidambaram Stadium, Chepauk",Chennai Super Kings,Punjab Kings,Punjab Kings,field,1,0.625,0.7142857142857143,0.4,1.0,0.625,0.5714285714285714,1.0,0.75,0.5,0.6666666666666666,1.0,0,-0.0892857142857143,-0.6,-0.0892857142857143,0.0535714285714286,0.25,-0.16666666666666663,0.0,-0.0892857142857143,3.642857142857139,4.25,-18.59910714285712,0.625,0.7142857142857143,0.5,0.5,0.625,0.7142857142857143,173.5,169.85714285714286,167.25,163.0,194.96041666666667,213.5595238095238
336014,2008,2008-05-11,"Rajiv Gandhi International Stadium, Uppal",Deccan Chargers,Kolkata Knight Riders,Kolkata Knight Riders,bat,0,0.25,0.42857142857142855,0.4,0.2,0.625,0.42857142857142855,0.6666666666666666,0.3333333333333333,0.0,0.5,0.0,0,-0.17857142857142855,0.2,-0.17857142857142855,0.19642857142857145,0.3333333333333333,-0.5,-0.5,-0.17857142857142855,0.8214285714285836,14.25,-61.52619047619049,0.25,0.42857142857142855,0.0,0.5,0.25,0.42857142857142855,153.25,152.42857142857142,154.25,140.0,160.63333333333333,222.15952380952382
336015,2008,2008-05-11,Sawai Mansingh Stadium,Rajasthan Royals,Delhi Capitals,Rajasthan Royals,field,1,0.75,0.5714285714285714,0.8,0.4,0.625,0.2857142857142857,1.0,0.75,0.3333333333333333,0.3333333333333333,0.0,1,0.1785714285714286,0.4,0.1785714285714286,0.3392857142857143,0.25,0.0,0.5,0.1785714285714286,-9.178571428571416,-17.98214285714286,10.951488095238119,0.75,0.5714285714285714,1.0,0.5,0.75,0.5714285714285714,150.25,159.42857142857142,143.875,161.85714285714286,212.67291666666668,201.72142857142856
336016,2008,2008-05-12,"Punjab Cricket Association Stadium, Mohali",Punjab Kings,Royal Challengers Bengaluru,Royal Challengers Bengaluru,bat,1,0.625,0.25,0.8,0.2,0.625,0.25,0.6,0.2,0.6666666666666666,0.3333333333333333,1.0,0,0.375,0.6000000000000001,0.375,0.375,0.39999999999999997,0.3333333333333333,0.25,0.375,27.125,2.375,71.75833333333333,0.625,0.25,0.75,0.5,0.625,0.25,169.0,141.875,165.25,162.875,218.53958333333333,146.78125
336017,2008,2008-05-13,Eden Gardens,Kolkata Knight Riders,Delhi Capitals,Kolkata Knight Riders,bat,1,0.5,0.5,0.4,0.4,0.5,0.25,0.3333333333333333,0.75,0.6,0.25,0.5,1,0.0,0.0,0.0,0.25,-0.4166666666666667,0.35,0.16666666666666663,0.0,-0.125,-16.375,11.716666666666669,0.5,0.5,0.6666666666666666,0.5,0.5,0.5,158.875,159.0,145.125,161.5,215.58125,203.86458333333334
336018,2008,2008-05-14,Wankhede Stadium,Mumbai Indians,Chennai Super Kings,Mumbai Indians,field,1,0.42857142857142855,0.6666666666666666,0.6,0.4,0.5714285714285714,0.5555555555555556,0.5,1.0,0.3333333333333333,0.5714285714285714,0.0,1,-0.23809523809523808,0.19999999999999996,-0.23809523809523808,0.015873015873015817,-0.5,-0.23809523809523808,-0.5,-0.23809523809523808,-25.61904761904762,-11.92063492063491,-26.951587301587296,0.42857142857142855,0.6666666666666666,0.0,0.5,0.42857142857142855,0.6666666666666666,148.71428571428572,174.33333333333334,154.85714285714286,166.77777777777777,171.57619047619048,198.52777777777777
336020,2008,2008-05-15,Feroz Shah Kotla,Delhi Capitals,Deccan Chargers,Deccan Chargers,field,1,0.4444444444444444,0.2222222222222222,0.2,0.2,0.2222222222222222,0.5555555555555556,0.6,0.5,0.25,0.0,1.0,0,0.2222222222222222,0.0,0.2222222222222222,-0.33333333333333337,0.09999999999999998,0.25,0.16666666666666663,0.2222222222222222,-2.7777777777778,-1.4444444444444287,43.1888888888889,0.4444444444444444,0.2222222222222222,0.6666666666666666,0.5,0.4444444444444444,0.2222222222222222,153.55555555555554,156.33333333333334,158.33333333333334,159.77777777777777,209.0462962962963,165.8574074074074
336021,2008,2008-05-16,Wankhede Stadium,Mumbai Indians,Kolkata Knight Riders,Mumbai Indians,field,1,0.5,0.5555555555555556,0.8,0.6,0.625,0.5555555555555556,0.6,0.3333333333333333,0.3333333333333333,0.6666666666666666,1.0,1,-0.05555555555555558,0.20000000000000007,-0.05555555555555558,0.06944444444444442,0.26666666666666666,-0.3333333333333333,0.0,-0.05555555555555558,-6.125,13.777777777777771,-36.00416666666666,0.5,0.5555555555555556,0.5,0.5,0.5,0.5555555555555556,149.875,156.0,155.0,141.22222222222223,176.97916666666666,212.98333333333332
336022,2008,2008-05-17,Feroz Shah Kotla,Delhi Capitals,Punjab Kings,Delhi Capitals,bat,0,0.5,0.6666666666666666,0.2,0.8,0.2,0.5555555555555556,0.6,0.6666666666666666,0.4,0.6666666666666666,0.0,1,-0.16666666666666663,-0.6000000000000001,-0.16666666666666663,-0.35555555555555557,-0.06666666666666665,-0.2666666666666666,0.25,-0.16666666666666663,-8.622222222222234,-2.077777777777783,-12.003518518518547,0.5,0.6666666666666666,0.75,0.5,0.5,0.6666666666666666,157.6,166.22222222222223,160.7,162.77777777777777,209.58166666666665,221.5851851851852
336023,2008,2008-05-17,Sawai Mansingh Stadium,Rajasthan Royals,Royal Challengers Bengaluru,Royal Challengers Bengaluru,field,1,0.7777777777777778,0.2222222222222222,0.8,0.2,0.6666666666666666,0.3333333333333333,1.0,0.2,0.3333333333333333,0.25,1.0,0,0.5555555555555556,0.6000000000000001,0.5555555555555556,0.3333333333333333,0.8,0.08333333333333331,0.5,0.5555555555555556,9.222222222222229,-15.555555555555543,61.948148148148135,0.7777777777777778,0.2222222222222222,1.0,0.5,0.7777777777777778,0.2222222222222222,151.22222222222223,142.0,145.22222222222223,160.77777777777777,211.6648148148148,149.71666666666667
336024,2008,2008-05-18,"Rajiv Gandhi International Stadium, Uppal",Deccan Chargers,Mumbai Indians,Deccan Chargers,field,0,0.2,0.5555555555555556,0.2,1.0,0.6,0.6666666666666666,0.4,0.6666666666666666,0.0,0.3333333333333333,1.0,1,-0.35555555555555557,-0.8,-0.35555555555555557,-0.06666666666666665,-0.2666666666666666,-0.3333333333333333,-0.5,-0.35555555555555557,18.122222222222234,17.97777777777776,-15.145370370370358,0.2,0.5555555555555556,0.0,0.5,0.2,0.5555555555555556,158.9,140.77777777777777,163.2,145.22222222222223,167.39166666666668,182.53703703703704
336025,2008,2008-05-18,Eden Gardens,Kolkata Knight Riders,Chennai Super Kings,Kolkata Knight Riders,bat,0,0.5,0.6,0.6,0.4,0.5,0.5,0.3333333333333333,1.0,0.5714285714285714,0.5,0.0,1,-0.09999999999999998,0.19999999999999996,-0.09999999999999998,0.0,-0.6666666666666667,0.0714285714285714,0.25,-0.09999999999999998,-25.400000000000006,-32.0,16.97,0.5,0.6,0.75,0.5,0.5,0.6,147.1,172.5,133.9,165.9,220.185,203.215
336026,2008,2008-05-19,M Chinnaswamy Stadium,Royal Challengers Bengaluru,Delhi Capitals,Delhi Capitals,field,0,0.2,0.45454545454545453,0.2,0.2,0.4,0.2727272727272727,0.16666666666666666,0.6,0.25,0.3333333333333333,0.0,0,-0.2545454545454545,0.0,-0.2,0.12727272727272732,-0.43333333333333335,-0.08333333333333331,-0.3,-0.2545454545454545,-13.0,9.76363636363638,-60.265000000000015,0.2,0.4,0.2,0.5,0.2,0.45454545454545453,141.0,154.0,164.4,154.63636363636363,151.385,211.65
336027,2008,2008-05-20,Eden Gardens,Kolkata Knight Riders,Rajasthan Royals,Rajasthan Royals,field,0,0.45454545454545453,0.8,0.6,0.8,0.5454545454545454,0.6,0.3333333333333333,1.0,0.5,0.5,0.0,0,-0.3454545454545455,-0.20000000000000007,-0.4,-0.054545454545454564,-0.6666666666666667,0.0,0.09999999999999998,-0.3454545454545455,-8.527272727272731,-17.172727272727272,5.9710606060605755,0.4,0.8,0.6,0.5,0.45454545454545453,0.8,147.27272727272728,155.8,126.72727272727273,143.9,220.12272727272727,214.1516666666667
336028,2008,2008-05-21,Wankhede Stadium,Mumbai Indians,Punjab Kings,Mumbai Indians,field,0,0.6,0.7,1.0,0.8,0.6,0.5,0.6666666666666666,0.7142857142857143,0.5,0.6666666666666666,0.0,1,-0.09999999999999998,0.19999999999999996,-0.09999999999999998,0.09999999999999998,-0.04761904761904767,-0.16666666666666663,0.16666666666666663,-0.09999999999999998,-14.5,-12.300000000000011,-40.15833333333333,0.6,0.7,0.6666666666666666,0.5,0.6,0.7,144.5,159.0,146.0,158.3,186.60833333333332,226.76666666666665
336029,2008,2008-05-21,"MA Chidambaram Stadium, Chepauk",Chennai Super Kings,Royal Challengers Bengaluru,Royal Challengers Bengaluru,bat,0,0.6363636363636364,0.18181818181818182,0.6,0.0,0.45454545454545453,0.36363636363636365,1.0,0.16666666666666666,0.5,0.2,1.0,0,0.45454545454545453,0.6,0.39999999999999997,0.09090909090909088,0.8333333333333334,0.3,0.09999999999999998,0.45454545454545453,19.636363636363626,0.545454545454561,47.42121212121211,0.6,0.2,0.6,0.5,0.6363636363636364,0.18181818181818182,161.8181818181818,142.1818181818182,164.36363636363637,163.8181818181818,200.4439393939394,153.02272727272728
336031,2008,2008-05-23,"Punjab Cricket Association Stadium, Mohali",Punjab Kings,Deccan Chargers,Punjab Kings,field,1,0.7272727272727273,0.18181818181818182,0.8,0.2,0.45454545454545453,0.6363636363636364,0.7142857142857143,0.3333333333333333,0.75,0.0,1.0,1,0.5454545454545454,0.6000000000000001,0.6000000000000001,-0.18181818181818182,0.380952380952381,0.75,0.30000000000000004,0.5454545454545454,3.3636363636363455,-3.5454545454545325,57.49545454545452,0.8,0.2,0.8,0.5,0.7272727272727273,0.18181818181818182,161.72727272727272,158.36363636363637,161.0,164.54545454545453,226.06969696969693,168.5742424242424
336032,2008,2008-05-24,Feroz Shah Kotla,Delhi Capitals,Mumbai Indians,Delhi Capitals,field,1,0.5,0.5454545454545454,0.4,0.8,0.3333333333333333,0.6363636363636364,0.6666666666666666,0.5714285714285714,0.3333333333333333,0.5,0.0,1,-0.045454545454545414,-0.4,-0.19999999999999996,-0.30303030303030304,0.09523809523809523,-0.16666666666666669,0.09999999999999998,-0.045454545454545414,5.878787878787875,4.674242424242436,21.59583333333333,0.4,0.6,0.6,0.5,0.5,0.5454545454545454,154.33333333333334,148.45454545454547,154.58333333333334,149.9090909090909,211.01250000000002,189.41666666666669
336033,2008,2008-05-24,"MA Chidambaram Stadium, Chepauk",Chennai Super Kings,Rajasthan Royals,Rajasthan Royals,bat,0,0.5833333333333334,0.8181818181818182,0.6,0.8,0.4166666666666667,0.6363636363636364,0.75,1.0,0.5,0.5,0.0,0,-0.23484848484848486,-0.20000000000000007,-0.4,-0.21969696969696967,-0.25,0.0,0.0,-0.23484848484848486,2.3939393939393767,16.98484848484847,-18.89154040404037,0.5,0.9,0.5,0.5,0.5833333333333334,0.8181818181818182,157.66666666666666,155.27272727272728,161.16666666666666,144.1818181818182,200.12361111111113,219.0151515151515
336002,2008,2008-05-25,"Rajiv Gandhi International Stadium, Uppal",Deccan Chargers,Royal Challengers Bengaluru,Deccan Chargers,bat,0,0.16666666666666666,0.25,0.0,0.2,0.5833333333333334,0.4166666666666667,0.3333333333333333,0.16666666666666666,0.0,0.3333333333333333,0.0,1,-0.08333333333333334,-0.2,0.0,0.16666666666666669,0.16666666666666666,-0.3333333333333333,-0.5,-0.08333333333333334,18.916666666666657,6.166666666666657,13.23888888888888,0.2,0.2,0.0,0.5,0.16666666666666666,0.25,159.75,140.83333333333334,165.66666666666666,159.5,169.99305555555554,156.75416666666666
336035,2008,2008-05-25,Eden Gardens,Kolkata Knight Riders,Punjab Kings,Punjab Kings,bat,1,0.4166666666666667,0.75,0.4,0.8,0.5,0.5,0.3333333333333333,0.75,0.4444444444444444,0.75,0.0,0,-0.3333333333333333,-0.4,-0.6000000000000001,0.0,-0.4166666666666667,-0.3055555555555556,0.0,-0.3333333333333333,-15.833333333333343,-33.5,-12.00555555555556,0.3,0.9,0.5,0.5,0.4166666666666667,0.75,147.25,163.08333333333334,128.66666666666666,162.16666666666666,216.92499999999998,228.93055555555554
336036,2008,2008-05-26,Sawai Mansingh Stadium,Rajasthan Royals,Mumbai Indians,Rajasthan Royals,field,1,0.8333333333333334,0.5,1.0,0.6,0.6666666666666666,0.5833333333333334,1.0,0.5714285714285714,0.6,0.4,0.0,1,0.33333333333333337,0.4,0.30000000000000004,0.08333333333333326,0.4285714285714286,0.19999999999999996,0.5,0.33333333333333337,9.166666666666657,-3.4166666666666856,28.256944444444457,0.9,0.6,1.0,0.5,0.8333333333333334,0.5,159.91666666666666,150.75,148.91666666666666,152.33333333333334,219.6138888888889,191.35694444444445
336037,2008,2008-05-27,"Rajiv Gandhi International Stadium, Uppal",Deccan Chargers,Chennai Super Kings,Deccan Chargers,bat,0,0.15384615384615385,0.5384615384615384,0.0,0.4,0.6153846153846154,0.38461538461538464,0.3333333333333333,0.6,0.0,0.5,1.0,1,-0.3846153846153846,-0.4,-0.2,0.23076923076923078,-0.26666666666666666,-0.5,-0.5,-0.3846153846153846,-0.8461538461538396,1.076923076923066,-28.43589743589746,0.2,0.4,0.0,0.5,0.15384615384615385,0.5384615384615384,160.15384615384616,161.0,166.07692307692307,165.0,171.4474358974359,199.88333333333335
336012,2008,2008-05-28,M Chinnaswamy Stadium,Royal Challengers Bengaluru,Mumbai Indians,Mumbai Indians,field,0,0.3076923076923077,0.46153846153846156,0.4,0.4,0.38461538461538464,0.5384615384615384,0.2857142857142857,0.5714285714285714,0.3333333333333333,0.3333333333333333,1.0,0,-0.15384615384615385,0.0,-0.3,-0.1538461538461538,-0.2857142857142857,0.0,-0.33333333333333337,-0.15384615384615385,-7.15384615384616,8.076923076923094,-36.69999999999999,0.3,0.6,0.16666666666666666,0.5,0.3076923076923077,0.46153846153846156,143.15384615384616,150.30769230769232,159.92307692307693,151.84615384615384,156.6346153846154,193.33461538461538
336019,2008,2008-05-28,"Punjab Cricket Association Stadium, Mohali",Punjab Kings,Rajasthan Royals,Rajasthan Royals,field,1,0.6923076923076923,0.8461538461538461,0.8,1.0,0.5384615384615384,0.6923076923076923,0.75,1.0,0.6,0.6,0.0,0,-0.15384615384615385,-0.19999999999999996,-0.09999999999999998,-0.15384615384615385,-0.25,0.0,0.33333333333333337,-0.15384615384615385,5.076923076923094,14.538461538461547,6.961538461538453,0.8,0.9,0.8333333333333334,0.5,0.6923076923076923,0.8461538461538461,163.92307692307693,158.84615384615384,163.15384615384616,148.6153846153846,228.28205128205127,221.32051282051282
336038,2008,2008-05-30,Wankhede Stadium,Delhi Capitals,Rajasthan Royals,Delhi Capitals,field,0,0.5384615384615384,0.7857142857142857,0.6,0.8,0.38461538461538464,0.7142857142857143,0.7142857142857143,0.8888888888888888,0.3333333333333333,0.6,0.5,1,-0.24725274725274726,-0.20000000000000007,-0.30000000000000004,-0.32967032967032966,-0.17460317460317454,-0.26666666666666666,0.0,-0.24725274725274726,-4.126373626373635,2.445054945054949,-5.936080586080578,0.5,0.8,0.5,0.5,0.5384615384615384,0.7857142857142857,156.23076923076923,160.35714285714286,156.23076923076923,153.78571428571428,212.71153846153845,218.64761904761903
336039,2008,2008-05-31,Wankhede Stadium,Chennai Super Kings,Punjab Kings,Punjab Kings,bat,1,0.5714285714285714,0.7142857142857143,0.4,0.8,0.35714285714285715,0.5,0.6666666666666666,0.75,0.5,0.6666666666666666,1.0,0,-0.1428571428571429,-0.4,-0.4,-0.14285714285714285,-0.08333333333333337,-0.16666666666666663,-1.0,-0.1428571428571429,-7.928571428571416,-0.6428571428571388,-28.288095238095224,0.4,0.8,0.0,1.0,0.5714285714285714,0.7142857142857143,160.07142857142858,168.0,163.71428571428572,164.35714285714286,198.67738095238096,226.96547619047618
336040,2008,2008-06-01,Dr DY Patil Sports Academy,Chennai Super Kings,Rajasthan Royals,Rajasthan Royals,field,0,0.6,0.8,0.6,0.8,0.3333333333333333,0.6666666666666666,0.7142857142857143,0.8888888888888888,0.5,0.6666666666666666,0.0,0,-0.20000000000000007,-0.20000000000000007,-0.30000000000000004,-0.3333333333333333,-0.17460317460317454,-0.16666666666666663,0.5,-0.20000000000000007,-5.333333333333343,10.933333333333337,-23.665555555555557,0.5,0.8,0.5,0.0,0.6,0.8,157.13333333333333,162.46666666666667,160.26666666666668,149.33333333333334,197.60555555555555,221.2711111111111
392181,2009,2009-04-18,Newlands,Chennai Super Kings,Mumbai Indians,Chennai Super Kings,field,0,0.5625,0.5,0.4,0.4,0.3125,0.5714285714285714,0.7142857142857143,0.625,0.4444444444444444,0.3333333333333333,0.5,1,0.0625,0.0,-0.19999999999999996,-0.2589285714285714,0.0892857142857143,0.1111111111111111,0.0,0.0,8.928571428571416,10.785714285714278,6.419494047619025,0.5,0.7,0.5,0.5,0.5,0.5,157.5,148.57142857142858,160.5,149.71428571428572,199.93020833333333,193.5107142857143
392182,2009,2009-04-18,Newlands,Royal Challengers Bengaluru,Rajasthan Royals,Royal Challengers Bengaluru,bat,1,0.2857142857142857,0.8125,0.4,0.8,0.35714285714285715,0.6875,0.2857142857142857,0.9,0.2857142857142857,0.6666666666666666,0.0,1,-0.5267857142857143,-0.4,-0.5,-0.33035714285714285,-0.6142857142857143,-0.38095238095238093,0.0,0.0,-20.91964285714286,7.3125,-63.923809523809524,0.3,0.8,0.5,0.5,0.5,0.5,141.64285714285714,162.5625,157.5,150.1875,159.66785714285714,223.59166666666667
392183,2009,2009-04-19,Newlands,Delhi Capitals,Punjab Kings,Delhi Capitals,field,1,0.5,0.6666666666666666,0.6,0.6,0.42857142857142855,0.5333333333333333,0.625,0.75,0.3333333333333333,0.5714285714285714,0.0,1,-0.16666666666666663,0.0,-0.29999999999999993,-0.10476190476190478,-0.125,-0.23809523809523808,0.0,0.0,-12.980952380952402,-2.347619047619048,-13.488968253968238,0.4,0.7,0.5,0.5,0.5,0.5,151.28571428571428,164.26666666666668,158.78571428571428,161.13333333333333,213.33214285714286,226.8211111111111
392184,2009,2009-04-19,Newlands,Deccan Chargers,Kolkata Knight Riders,Kolkata Knight Riders,bat,1,0.14285714285714285,0.46153846153846156,0.0,0.4,0.6428571428571429,0.46153846153846156,0.3333333333333333,0.5,0.0,0.4444444444444444,0.0,0,-0.3186813186813187,-0.4,-0.30000000000000004,0.18131868131868134,-0.16666666666666669,-0.4444444444444444,0.0,0.0,9.829670329670336,32.63186813186812,-42.595512820512795,0.1,0.4,0.5,0.5,0.5,0.5,159.21428571428572,149.3846153846154,164.78571428571428,132.15384615384616,172.25833333333335,214.85384615384615
392185,2009,2009-04-20,St George's Park,Royal Challengers Bengaluru,Chennai Super Kings,Chennai Super Kings,bat,0,0.3333333333333333,0.5294117647058824,0.6,0.4,0.4,0.35294117647058826,0.2857142857142857,0.625,0.375,0.4444444444444444,0.5,0,-0.19607843137254904,0.19999999999999996,-0.09999999999999998,0.047058823529411764,-0.3392857142857143,-0.06944444444444442,0.0,1.0,-15.756862745098033,-9.898039215686254,-39.565294117647056,0.4,0.5,0.5,0.5,1.0,0.0,141.06666666666666,156.8235294117647,150.86666666666667,160.76470588235293,161.63666666666668,201.20196078431374
392186,2009,2009-04-21,Kingsmead,Punjab Kings,Kolkata Knight Riders,Kolkata Knight Riders,field,0,0.625,0.42857142857142855,0.4,0.2,0.5,0.5,0.75,0.5,0.5,0.4,0.5,0,0.19642857142857145,0.2,0.19999999999999996,0.0,0.25,0.09999999999999998,0.0,0.0,14.571428571428584,24.54464285714286,10.81086309523809,0.6,0.4,0.5,0.5,0.0,0.0,160.5,145.92857142857142,154.6875,130.14285714285714,221.63229166666667,210.82142857142858
392188,2009,2009-04-22,Newlands,Royal Challengers Bengaluru,Deccan Chargers,Deccan Chargers,bat,0,0.3125,0.2,0.6,0.2,0.375,0.6,0.25,0.42857142857142855,0.375,0.0,1.0,0,0.11249999999999999,0.39999999999999997,0.09999999999999998,-0.22499999999999998,-0.17857142857142855,0.375,0.0,-0.5,-17.84583333333333,-7.908333333333331,-7.408402777777781,0.3,0.2,1.0,1.0,0.5,1.0,137.6875,155.53333333333333,152.625,160.53333333333333,164.059375,171.46777777777777
392189,2009,2009-04-23,Kingsmead,Chennai Super Kings,Delhi Capitals,Delhi Capitals,bat,0,0.5555555555555556,0.5333333333333333,0.6,0.6,0.3888888888888889,0.4666666666666667,0.625,0.6666666666666666,0.5,0.3333333333333333,0.5,0,0.022222222222222254,0.0,0.09999999999999998,-0.07777777777777778,-0.04166666666666663,0.16666666666666669,0.0,-0.5,12.98888888888888,1.5333333333333314,-4.54814814814813,0.5,0.4,0.5,0.5,0.5,1.0,158.05555555555554,145.06666666666666,156.66666666666666,155.13333333333333,205.7351851851852,210.28333333333333
392190,2009,2009-04-23,Newlands,Kolkata Knight Riders,Rajasthan Royals,Kolkata Knight Riders,field,0,0.4666666666666667,0.7647058823529411,0.4,0.6,0.5333333333333333,0.6470588235294118,0.6,0.8181818181818182,0.4,0.6666666666666666,0.0,1,-0.29803921568627445,-0.19999999999999996,-0.30000000000000004,-0.11372549019607847,-0.21818181818181825,-0.2666666666666666,0.0,0.5,-14.94509803921568,-17.176470588235304,-19.39784313725488,0.5,0.8,0.0,0.0,0.5,0.0,141.46666666666667,156.41176470588235,132.0,149.1764705882353,204.87666666666667,224.27450980392155
392191,2009,2009-04-24,Kingsmead,Royal Challengers Bengaluru,Punjab Kings,Royal Challengers Bengaluru,bat,0,0.29411764705882354,0.5882352941176471,0.4,0.2,0.35294117647058826,0.47058823529411764,0.2222222222222222,0.75,0.375,0.4444444444444444,0.0,1,-0.29411764705882354,0.2,-0.2,-0.11764705882352938,-0.5277777777777778,-0.06944444444444442,0.5,0.3333333333333333,-21.35294117647058,4.235294117647044,-49.88039215686271,0.3,0.5,0.5,0.0,0.3333333333333333,0.0,139.0,160.35294117647058,154.47058823529412,150.23529411764707,166.79705882352943,216.67745098039214
392192,2009,2009-04-25,Kingsmead,Deccan Chargers,Mumbai Indians,Deccan Chargers,bat,1,0.25,0.5333333333333333,0.4,0.4,0.625,0.5333333333333333,0.42857142857142855,0.625,0.1111111111111111,0.42857142857142855,0.5,1,-0.2833333333333333,0.0,-0.39999999999999997,0.09166666666666667,-0.19642857142857145,-0.31746031746031744,0.0,0.0,7.645833333333343,11.033333333333331,-22.727847222222238,0.3,0.7,0.5,0.5,1.0,1.0,157.3125,149.66666666666666,160.5,149.46666666666667,173.45104166666667,196.1788888888889
392194,2009,2009-04-26,St George's Park,Royal Challengers Bengaluru,Delhi Capitals,Royal Challengers Bengaluru,bat,0,0.2777777777777778,0.5625,0.2,0.8,0.3888888888888889,0.5,0.2222222222222222,0.6666666666666666,0.3333333333333333,0.42857142857142855,0.0,1,-0.2847222222222222,-0.6000000000000001,-0.2,-0.1111111111111111,-0.4444444444444444,-0.09523809523809523,-0.5,-0.75,-7.201388888888886,-1.1875,-39.023958333333354,0.3,0.5,0.0,0.5,0.25,1.0,140.61111111111111,147.8125,155.5,156.6875,168.35833333333332,207.38229166666667
392195,2009,2009-04-26,Newlands,Punjab Kings,Rajasthan Royals,Punjab Kings,bat,1,0.6111111111111112,0.7777777777777778,0.4,0.6,0.4444444444444444,0.6111111111111112,0.7777777777777778,0.8181818181818182,0.4444444444444444,0.7142857142857143,0.5,1,-0.16666666666666663,-0.19999999999999996,-0.20000000000000007,-0.16666666666666674,-0.04040404040404044,-0.2698412698412699,-0.5,-0.16666666666666669,5.0,2.0,-13.097222222222257,0.6,0.8,0.0,0.5,0.3333333333333333,0.5,161.05555555555554,156.05555555555554,151.22222222222223,149.22222222222223,212.3898148148148,225.48703703703706
392196,2009,2009-04-27,Kingsmead,Chennai Super Kings,Deccan Chargers,Deccan Chargers,field,0,0.5263157894736842,0.29411764705882354,0.4,0.6,0.3684210526315789,0.6470588235294118,0.5555555555555556,0.42857142857142855,0.5,0.2,0.5,0,0.23219814241486064,-0.19999999999999996,0.10000000000000003,-0.27863777089783287,0.12698412698412703,0.3,-1.0,-0.6666666666666667,1.2693498452012477,-1.8668730650154828,33.65030959752326,0.4,0.3,0.0,1.0,0.3333333333333333,1.0,159.21052631578948,157.94117647058823,158.3684210526316,160.23529411764707,209.18070175438598,175.53039215686272
392197,2009,2009-04-27,St George's Park,Kolkata Knight Riders,Mumbai Indians,Mumbai Indians,bat,0,0.4375,0.5,0.4,0.4,0.5625,0.5,0.5,0.5555555555555556,0.4,0.42857142857142855,0.0,0,-0.0625,0.0,-0.09999999999999998,0.0625,-0.05555555555555558,-0.028571428571428525,0.0,-0.16666666666666669,-8.0625,-17.5,-1.5489583333333314,0.5,0.6,0.5,0.5,0.3333333333333333,0.5,142.0,150.0625,133.125,150.625,200.734375,202.28333333333333
392198,2009,2009-04-28,SuperSport Park,Delhi Capitals,Rajasthan Royals,Delhi Capitals,bat,0,0.5882352941176471,0.7368421052631579,0.8,0.6,0.47058823529411764,0.5789473684210527,0.7,0.75,0.42857142857142855,0.7142857142857143,0.3333333333333333,1,-0.14860681114551078,0.20000000000000007,-0.09999999999999998,-0.10835913312693501,-0.050000000000000044,-0.28571428571428575,0.0,0.6666666666666667,-5.7956656346749185,7.551083591331292,-20.90794633642929,0.6,0.7,0.5,0.5,1.0,0.3333333333333333,147.94117647058823,153.73684210526315,156.23529411764707,148.68421052631578,206.47450980392156,227.38245614035085
392199,2009,2009-04-29,Kingsmead,Royal Challengers Bengaluru,Kolkata Knight Riders,Kolkata Knight Riders,bat,1,0.2631578947368421,0.4117647058823529,0.2,0.4,0.42105263157894735,0.5294117647058824,0.2222222222222222,0.42857142857142855,0.3,0.4,0.0,0,-0.14860681114551083,-0.2,-0.10000000000000003,-0.10835913312693501,-0.20634920634920634,-0.10000000000000003,-1.0,-0.04999999999999999,1.8173374613002977,18.916408668730668,-31.864241486068124,0.3,0.4,0.0,1.0,0.2,0.25,141.05263157894737,139.23529411764707,155.21052631578948,136.2941176470588,168.02105263157895,199.88529411764708
392200,2009,2009-04-29,Kingsmead,Punjab Kings,Mumbai Indians,Punjab Kings,bat,1,0.631578947368421,0.5294117647058824,0.4,0.6,0.47368421052631576,0.5294117647058824,0.7777777777777778,0.5555555555555556,0.5,0.5,1.0,1,0.10216718266253866,-0.19999999999999996,0.0,-0.055727554179566596,0.2222222222222222,0.0,0.5,-0.16666666666666663,7.659442724458188,1.8049535603715299,2.8116099071207543,0.6,0.6,0.5,0.0,0.5,0.6666666666666666,159.89473684210526,152.23529411764707,149.1578947368421,147.35294117647058,210.64298245614034,207.8313725490196
392201,2009,2009-04-30,SuperSport Park,Deccan Chargers,Delhi Capitals,Delhi Capitals,field,0,0.3333333333333333,0.5555555555555556,0.8,0.6,0.6666666666666666,0.5,0.5,0.7,0.2,0.375,0.0,0,-0.22222222222222227,0.20000000000000007,-0.19999999999999996,0.16666666666666663,-0.19999999999999996,-0.175,0.5,0.25,10.888888888888886,4.7777777777777715,-28.480555555555554,0.4,0.6,0.5,0.0,1.0,0.75,158.55555555555554,147.66666666666666,160.5,155.72222222222223,178.0009259259259,206.48148148148147
392202,2009,2009-04-30,SuperSport Park,Chennai Super Kings,Rajasthan Royals,Rajasthan Royals,field,1,0.5,0.75,0.2,0.6,0.35,0.55,0.5555555555555556,0.7692307692307693,0.45454545454545453,0.7142857142857143,0.0,0,-0.25,-0.39999999999999997,-0.29999999999999993,-0.20000000000000007,-0.2136752136752137,-0.25974025974025977,-0.5,-0.25,6.099999999999994,10.5,-18.099999999999994,0.4,0.7,0.5,1.0,0.25,0.5,159.5,153.4,158.9,148.4,210.17166666666668,228.27166666666668
392203,2009,2009-05-01,Buffalo Park,Kolkata Knight Riders,Mumbai Indians,Mumbai Indians,bat,0,0.3888888888888889,0.5,0.2,0.6,0.5555555555555556,0.5,0.42857142857142855,0.5,0.36363636363636365,0.5,0.0,0,-0.1111111111111111,-0.39999999999999997,-0.2,0.05555555555555558,-0.07142857142857145,-0.13636363636363635,0.0,-0.3,-11.0,-9.111111111111114,-15.254629629629619,0.3,0.5,0.5,0.5,0.2,0.5,139.22222222222223,150.22222222222223,136.66666666666666,145.77777777777777,197.53055555555557,212.78518518518518
392204,2009,2009-05-01,Kingsmead,Royal Challengers Bengaluru,Punjab Kings,Royal Challengers Bengaluru,bat,1,0.3,0.65,0.2,0.6,0.4,0.5,0.3,0.7777777777777778,0.3,0.5454545454545454,0.0,1,-0.35000000000000003,-0.39999999999999997,-0.19999999999999996,-0.09999999999999998,-0.4777777777777778,-0.24545454545454543,-0.16666666666666663,-0.26666666666666666,-16.69999999999999,6.900000000000006,-40.925833333333316,0.4,0.6,0.5,0.6666666666666666,0.3333333333333333,0.6,141.15,157.85,154.4,147.5,168.4,209.32583333333332
392205,2009,2009-05-02,St George's Park,Deccan Chargers,Rajasthan Royals,Deccan Chargers,bat,0,0.3157894736842105,0.7142857142857143,0.8,0.4,0.631578947368421,0.5714285714285714,0.5,0.7142857142857143,0.18181818181818182,0.7142857142857143,0.0,1,-0.3984962406015038,0.4,-0.19999999999999996,0.06015037593984962,-0.2142857142857143,-0.5324675324675325,0.0,0.4,5.904761904761898,10.804511278195491,-48.29920634920637,0.4,0.6,0.5,0.5,0.8,0.4,158.0,152.0952380952381,159.94736842105263,149.14285714285714,180.51666666666665,228.81587301587302
392206,2009,2009-05-02,New Wanderers Stadium,Chennai Super Kings,Delhi Capitals,Delhi Capitals,field,1,0.5238095238095238,0.5789473684210527,0.4,0.8,0.3333333333333333,0.5263157894736842,0.5555555555555556,0.7272727272727273,0.5,0.375,0.3333333333333333,0,-0.05513784461152882,-0.4,-0.29999999999999993,-0.19298245614035087,-0.1717171717171717,0.125,0.0,-0.4,11.924812030075202,2.0175438596491233,4.1309106098579775,0.4,0.7,0.5,0.5,0.4,0.8,159.71428571428572,147.78947368421052,157.33333333333334,155.31578947368422,210.23968253968255,206.10877192982457
392207,2009,2009-05-03,St George's Park,Punjab Kings,Kolkata Knight Riders,Kolkata Knight Riders,bat,1,0.6190476190476191,0.3684210526315789,0.6,0.2,0.47619047619047616,0.5263157894736842,0.7,0.375,0.5454545454545454,0.36363636363636365,0.3333333333333333,0,0.25062656641604014,0.39999999999999997,0.3,-0.05012531328320802,0.32499999999999996,0.18181818181818177,0.5,0.33333333333333337,17.64661654135338,10.11779448621553,12.570342522974073,0.5,0.2,0.5,0.0,0.5,0.16666666666666666,156.85714285714286,139.21052631578948,147.38095238095238,137.26315789473685,209.91507936507935,197.34473684210528
392208,2009,2009-05-03,New Wanderers Stadium,Royal Challengers Bengaluru,Mumbai Indians,Mumbai Indians,bat,1,0.3333333333333333,0.5263157894736842,0.4,0.6,0.42857142857142855,0.5263157894736842,0.3,0.5,0.36363636363636365,0.5555555555555556,0.5,0,-0.19298245614035087,-0.19999999999999996,0.0,-0.09774436090225563,-0.2,-0.19191919191919193,0.0,-0.17142857142857143,-8.771929824561397,8.150375939849624,-46.064243943191315,0.5,0.5,0.5,0.5,0.42857142857142855,0.6,141.33333333333334,150.10526315789474,153.57142857142858,145.42105263157896,168.97698412698412,215.04122807017544
392209,2009,2009-05-04,Buffalo Park,Chennai Super Kings,Deccan Chargers,Chennai Super Kings,bat,1,0.5454545454545454,0.3,0.6,0.6,0.3181818181818182,0.65,0.5555555555555556,0.5,0.5384615384615384,0.16666666666666666,0.3333333333333333,1,0.24545454545454543,0.0,0.09999999999999998,-0.33181818181818185,0.05555555555555558,0.3717948717948718,0.0,-0.16666666666666663,2.7136363636363683,-2.277272727272731,29.378863636363633,0.5,0.4,0.5,0.5,0.5,0.6666666666666666,159.86363636363637,157.15,156.77272727272728,159.05,212.11969696969697,182.74083333333334
392210,2009,2009-05-05,Kingsmead,Punjab Kings,Rajasthan Royals,Punjab Kings,field,0,0.6363636363636364,0.7272727272727273,0.8,0.6,0.45454545454545453,0.5454545454545454,0.7272727272727273,0.7333333333333333,0.5454545454545454,0.7142857142857143,0.6666666666666666,1,-0.09090909090909094,0.20000000000000007,-0.09999999999999998,-0.09090909090909088,-0.006060606060605989,-0.1688311688311689,0.0,0.0714285714285714,5.0909090909090935,-1.1363636363636545,-14.750757575757603,0.5,0.6,0.5,0.5,0.5714285714285714,0.5,156.72727272727272,151.63636363636363,147.63636363636363,148.77272727272728,212.1371212121212,226.8878787878788
392211,2009,2009-05-05,Kingsmead,Delhi Capitals,Kolkata Knight Riders,Kolkata Knight Riders,bat,1,0.55,0.35,0.6,0.0,0.55,0.55,0.6666666666666666,0.375,0.375,0.3333333333333333,0.0,0,0.20000000000000007,0.6,0.39999999999999997,0.0,0.29166666666666663,0.041666666666666685,0.5,0.5238095238095237,7.75,17.599999999999994,8.195833333333354,0.6,0.2,1.0,0.5,0.6666666666666666,0.14285714285714285,147.65,139.9,155.7,138.1,206.07333333333335,197.8775
392212,2009,2009-05-06,SuperSport Park,Deccan Chargers,Mumbai Indians,Deccan Chargers,bat,1,0.2857142857142857,0.5,0.4,0.4,0.6190476190476191,0.55,0.4444444444444444,0.5,0.16666666666666666,0.5,0.6666666666666666,1,-0.2142857142857143,0.0,0.0,0.06904761904761902,-0.05555555555555558,-0.33333333333333337,-0.5,0.0714285714285714,4.378571428571405,14.302380952380958,-33.16408730158727,0.4,0.4,0.0,0.5,0.5714285714285714,0.5,154.42857142857142,150.05,159.95238095238096,145.65,184.01507936507937,217.17916666666665
392213,2009,2009-05-07,SuperSport Park,Royal Challengers Bengaluru,Rajasthan Royals,Rajasthan Royals,field,0,0.36363636363636365,0.7391304347826086,0.6,0.6,0.4090909090909091,0.5217391304347826,0.36363636363636365,0.7333333333333333,0.36363636363636365,0.75,0.3333333333333333,0,-0.375494071146245,0.0,-0.09999999999999998,-0.11264822134387348,-0.36969696969696964,-0.38636363636363635,0.0,-0.0714285714285714,-12.490118577075094,5.2766798418972485,-56.96413043478262,0.5,0.6,0.5,0.5,0.5,0.5714285714285714,141.72727272727272,154.2173913043478,153.36363636363637,148.08695652173913,170.04166666666666,227.00579710144928
392214,2009,2009-05-07,SuperSport Park,Chennai Super Kings,Punjab Kings,Chennai Super Kings,bat,1,0.5652173913043478,0.6086956521739131,0.6,0.6,0.34782608695652173,0.4782608695652174,0.5555555555555556,0.6666666666666666,0.5714285714285714,0.5454545454545454,1.0,1,-0.0434782608695653,0.0,0.09999999999999998,-0.13043478260869568,-0.11111111111111105,0.025974025974025983,0.5,0.0714285714285714,4.956521739130437,3.9130434782608745,2.857246376811588,0.6,0.5,1.0,0.5,0.5714285714285714,0.5,160.65217391304347,155.69565217391303,154.30434782608697,150.3913043478261,216.68840579710144,213.83115942028985
392215,2009,2009-05-08,Buffalo Park,Delhi Capitals,Mumbai Indians,Mumbai Indians,bat,1,0.5714285714285714,0.47619047619047616,0.6,0.4,0.5238095238095238,0.5238095238095238,0.6923076923076923,0.45454545454545453,0.375,0.5,0.5,0,0.09523809523809523,0.19999999999999996,0.29999999999999993,0.0,0.23776223776223776,-0.125,-0.5,0.28571428571428575,-0.809523809523796,10.0,-10.157936507936483,0.7,0.4,0.5,1.0,0.7142857142857143,0.42857142857142855,148.0952380952381,148.9047619047619,155.61904761904762,145.61904761904762,206.96507936507936,217.12301587301585
392216,2009,2009-05-09,De Beers Diamond Oval,Deccan Chargers,Punjab Kings,Punjab Kings,field,0,0.3181818181818182,0.5833333333333334,0.4,0.4,0.6363636363636364,0.4583333333333333,0.4444444444444444,0.6153846153846154,0.23076923076923078,0.5454545454545454,0.0,0,-0.2651515151515152,0.0,0.09999999999999998,0.17803030303030304,-0.170940170940171,-0.31468531468531463,0.0,0.18055555555555558,-2.458333333333343,6.575757575757564,-30.8806186868687,0.5,0.4,0.5,0.5,0.625,0.4444444444444444,154.0,156.45833333333334,158.4090909090909,151.83333333333334,183.53257575757576,214.41319444444446
392217,2009,2009-05-09,De Beers Diamond Oval,Chennai Super Kings,Rajasthan Royals,Rajasthan Royals,bat,1,0.5833333333333334,0.75,0.8,0.8,0.375,0.5416666666666666,0.5555555555555556,0.75,0.6,0.75,0.25,0,-0.16666666666666663,0.0,-0.09999999999999998,-0.16666666666666663,-0.19444444444444442,-0.15000000000000002,0.0,0.0,9.416666666666657,8.833333333333343,-7.325000000000017,0.6,0.7,0.5,0.5,0.625,0.625,161.66666666666666,152.25,155.125,146.29166666666666,220.46388888888887,227.7888888888889
392218,2009,2009-05-10,St George's Park,Royal Challengers Bengaluru,Mumbai Indians,Mumbai Indians,bat,0,0.34782608695652173,0.45454545454545453,0.6,0.2,0.391304347826087,0.5454545454545454,0.36363636363636365,0.45454545454545453,0.3333333333333333,0.45454545454545453,0.6666666666666666,0,-0.1067193675889328,0.39999999999999997,0.0,-0.15415019762845844,-0.09090909090909088,-0.12121212121212122,-1.0,0.06944444444444442,-7.278656126482218,6.984189723320156,-43.081389986824774,0.4,0.4,0.0,1.0,0.4444444444444444,0.375,140.1304347826087,147.4090909090909,151.34782608695653,144.36363636363637,173.19057971014493,216.2719696969697
392219,2009,2009-05-10,New Wanderers Stadium,Delhi Capitals,Kolkata Knight Riders,Delhi Capitals,field,1,0.5909090909090909,0.3333333333333333,0.6,0.0,0.5,0.5714285714285714,0.7142857142857143,0.375,0.375,0.3076923076923077,0.5,1,0.2575757575757576,0.6,0.49999999999999994,-0.0714285714285714,0.3392857142857143,0.06730769230769229,-0.5,0.625,6.155844155844136,14.818181818181813,9.860461760461732,0.7,0.2,0.0,0.5,0.75,0.125,146.72727272727272,140.57142857142858,153.8181818181818,139.0,207.38030303030303,197.5198412698413
392220,2009,2009-05-11,De Beers Diamond Oval,Deccan Chargers,Rajasthan Royals,Deccan Chargers,bat,1,0.30434782608695654,0.72,0.2,0.6,0.6086956521739131,0.56,0.4444444444444444,0.75,0.21428571428571427,0.6666666666666666,0.0,1,-0.41565217391304343,-0.39999999999999997,-0.09999999999999998,0.04869565217391303,-0.3055555555555556,-0.45238095238095233,0.0,0.0,2.848695652173916,12.7895652173913,-43.712492753623195,0.5,0.6,0.0,0.0,0.5555555555555556,0.5555555555555556,154.6086956521739,151.76,158.8695652173913,146.08,186.0355072463768,229.748
392221,2009,2009-05-12,SuperSport Park,Royal Challengers Bengaluru,Kolkata Knight Riders,Royal Challengers Bengaluru,field,1,0.3333333333333333,0.3181818181818182,0.6,0.0,0.375,0.5454545454545454,0.3333333333333333,0.375,0.3333333333333333,0.2857142857142857,0.3333333333333333,1,0.015151515151515138,0.6,0.2,-0.17045454545454541,-0.041666666666666685,0.047619047619047616,-0.5,0.2888888888888889,0.3939393939393767,13.219696969696969,-25.346717171717188,0.4,0.2,0.0,0.5,0.4,0.1111111111111111,140.16666666666666,139.77272727272728,151.58333333333334,138.36363636363637,172.54722222222222,197.8939393939394
392222,2009,2009-05-12,SuperSport Park,Punjab Kings,Mumbai Indians,Punjab Kings,bat,0,0.6,0.4782608695652174,0.4,0.4,0.48,0.5652173913043478,0.6428571428571429,0.45454545454545453,0.5454545454545454,0.5,1.0,1,0.12173913043478257,0.0,0.0,-0.0852173913043478,0.18831168831168837,0.045454545454545414,0.0,0.05555555555555558,9.133913043478259,8.262608695652176,-0.0972173913043548,0.5,0.5,0.0,0.0,0.5,0.4444444444444444,156.96,147.82608695652175,152.48,144.2173913043478,214.08466666666666,214.18188405797102
392223,2009,2009-05-13,Kingsmead,Deccan Chargers,Delhi Capitals,Deccan Chargers,field,0,0.3333333333333333,0.6086956521739131,0.4,0.8,0.625,0.5217391304347826,0.4444444444444444,0.7333333333333333,0.26666666666666666,0.375,0.0,1,-0.27536231884057977,-0.4,-0.09999999999999998,0.1032608695652174,-0.28888888888888886,-0.10833333333333334,0.0,-0.1777777777777778,9.300724637681157,4.480072463768124,-18.429649758454104,0.6,0.7,1.0,1.0,0.6,0.7777777777777778,155.08333333333334,145.7826086956522,156.95833333333334,152.47826086956522,188.1486111111111,206.5782608695652
392224,2009,2009-05-14,Kingsmead,Royal Challengers Bengaluru,Chennai Super Kings,Chennai Super Kings,bat,1,0.36,0.6,0.6,1.0,0.4,0.36,0.38461538461538464,0.6,0.3333333333333333,0.6,0.3333333333333333,0,-0.24,-0.4,-0.19999999999999996,0.040000000000000036,-0.21538461538461534,-0.26666666666666666,0.6666666666666666,-0.2121212121212121,-19.24000000000001,-2.0800000000000125,-51.2286666666667,0.4,0.6,0.6666666666666666,0.0,0.45454545454545453,0.6666666666666666,141.6,160.84,152.44,154.52,171.39533333333333,222.62400000000002
392225,2009,2009-05-14,Kingsmead,Mumbai Indians,Rajasthan Royals,Rajasthan Royals,bat,0,0.5,0.6923076923076923,0.4,0.6,0.5416666666666666,0.5384615384615384,0.5,0.7058823529411765,0.5,0.6666666666666666,0.5,0,-0.1923076923076923,-0.19999999999999996,0.0,0.0032051282051281937,-0.20588235294117652,-0.16666666666666663,-1.0,0.0,-3.5192307692307736,-3.6794871794871824,-16.526335470085456,0.5,0.5,0.0,1.0,0.5,0.5,146.75,150.26923076923077,143.16666666666666,146.84615384615384,211.71597222222223,228.2423076923077
392226,2009,2009-05-15,OUTsurance Oval,Delhi Capitals,Punjab Kings,Punjab Kings,field,0,0.625,0.5769230769230769,0.8,0.4,0.5,0.5,0.7333333333333333,0.6428571428571429,0.4444444444444444,0.5,0.3333333333333333,0,0.04807692307692313,0.4,0.30000000000000004,0.0,0.09047619047619038,-0.05555555555555558,0.0,0.3454545454545455,-8.583333333333343,1.525641025641022,-6.885737179487165,0.8,0.5,0.5,0.5,0.8,0.45454545454545453,146.91666666666666,155.5,152.83333333333334,151.30769230769232,206.71875,213.60448717948717
392227,2009,2009-05-16,St George's Park,Chennai Super Kings,Mumbai Indians,Mumbai Indians,bat,1,0.5769230769230769,0.48,0.8,0.4,0.38461538461538464,0.52,0.6,0.46153846153846156,0.5625,0.5,0.3333333333333333,0,0.09692307692307689,0.4,0.19999999999999996,-0.13538461538461538,0.1384615384615384,0.0625,0.0,0.14545454545454545,13.015384615384619,10.413846153846151,14.038974358974372,0.6,0.4,1.0,1.0,0.6,0.45454545454545453,159.6153846153846,146.6,153.65384615384616,143.24,224.1423076923077,210.10333333333332
392228,2009,2009-05-16,New Wanderers Stadium,Deccan Chargers,Kolkata Knight Riders,Deccan Chargers,field,1,0.32,0.30434782608695654,0.4,0.0,0.64,0.5217391304347826,0.4,0.375,0.26666666666666666,0.26666666666666666,0.3333333333333333,1,0.015652173913043466,0.4,0.4,0.11826086956521742,0.025000000000000022,0.0,0.5,0.44545454545454544,14.10260869565218,17.599999999999994,-4.253739130434781,0.5,0.1,0.5,0.0,0.5454545454545454,0.1,155.32,141.2173913043478,157.6,140.0,190.73466666666667,194.98840579710145
392229,2009,2009-05-17,New Wanderers Stadium,Deccan Chargers,Punjab Kings,Deccan Chargers,field,0,0.34615384615384615,0.5925925925925926,0.6,0.4,0.6538461538461539,0.5185185185185185,0.45454545454545453,0.6666666666666666,0.26666666666666666,0.5,0.0,1,-0.24643874643874641,0.19999999999999996,-0.09999999999999998,0.13532763532763536,-0.2121212121212121,-0.23333333333333334,0.5,0.08333333333333337,1.4344729344729217,7.544159544159527,-19.95090218423553,0.5,0.6,1.0,0.5,0.5833333333333334,0.5,155.73076923076923,154.2962962962963,157.69230769230768,150.14814814814815,191.87564102564102,211.82654320987655
392230,2009,2009-05-17,OUTsurance Oval,Delhi Capitals,Rajasthan Royals,Delhi Capitals,bat,1,0.6,0.7037037037037037,0.8,0.6,0.48,0.5555555555555556,0.7333333333333333,0.7058823529411765,0.4,0.7,0.25,1,-0.10370370370370374,0.20000000000000007,0.09999999999999998,-0.0755555555555556,0.027450980392156765,-0.29999999999999993,-0.5,0.18181818181818188,-4.234074074074073,4.936296296296291,-18.843777777777774,0.7,0.6,0.0,0.5,0.7272727272727273,0.5454545454545454,145.84,150.07407407407408,151.64,146.7037037037037,207.834,226.67777777777778
392231,2009,2009-05-18,SuperSport Park,Chennai Super Kings,Kolkata Knight Riders,Chennai Super Kings,bat,0,0.5925925925925926,0.2916666666666667,0.8,0.0,0.37037037037037035,0.5,0.6363636363636364,0.375,0.5625,0.25,1.0,1,0.3009259259259259,0.8,0.6,-0.12962962962962965,0.26136363636363635,0.3125,1.0,0.5454545454545454,17.296296296296305,12.324074074074076,30.26666666666665,0.7,0.1,1.0,0.0,0.6363636363636364,0.09090909090909091,159.2962962962963,142.0,153.40740740740742,141.08333333333334,224.65555555555554,194.38888888888889
392232,2009,2009-05-19,New Wanderers Stadium,Royal Challengers Bengaluru,Delhi Capitals,Delhi Capitals,bat,1,0.38461538461538464,0.6153846153846154,0.6,0.8,0.38461538461538464,0.5,0.42857142857142855,0.7333333333333333,0.3333333333333333,0.45454545454545453,0.0,0,-0.23076923076923078,-0.20000000000000007,-0.19999999999999996,-0.11538461538461536,-0.30476190476190473,-0.12121212121212122,0.5,-0.25,-4.769230769230774,0.5,-36.45256410256408,0.5,0.7,1.0,0.5,0.5,0.75,141.23076923076923,146.0,151.53846153846155,151.03846153846155,171.2570512820513,207.70961538461538
392233,2009,2009-05-20,Kingsmead,Kolkata Knight Riders,Rajasthan Royals,Kolkata Knight Riders,field,1,0.32,0.6785714285714286,0.2,0.4,0.48,0.5357142857142857,0.4444444444444444,0.6666666666666666,0.25,0.7,0.0,1,-0.3585714285714286,-0.2,-0.4,-0.055714285714285716,-0.2222222222222222,-0.44999999999999996,-0.6666666666666667,-0.33333333333333337,-5.691428571428588,-3.8614285714285757,-32.09661904761904,0.1,0.5,0.3333333333333333,1.0,0.16666666666666666,0.5,143.88,149.57142857142858,142.96,146.82142857142858,194.90933333333334,227.00595238095238
392234,2009,2009-05-20,Kingsmead,Chennai Super Kings,Punjab Kings,Chennai Super Kings,bat,1,0.5714285714285714,0.6071428571428571,0.6,0.6,0.39285714285714285,0.5,0.6363636363636364,0.6666666666666666,0.5294117647058824,0.5384615384615384,1.0,1,-0.0357142857142857,0.0,0.0,-0.10714285714285715,-0.030303030303030276,-0.009049773755656076,-0.4,0.044871794871794934,6.75,5.142857142857139,12.813690476190459,0.6,0.6,0.0,0.4,0.5833333333333334,0.5384615384615384,160.32142857142858,153.57142857142858,154.67857142857142,149.53571428571428,223.21071428571426,210.3970238095238
392235,2009,2009-05-21,SuperSport Park,Delhi Capitals,Mumbai Indians,Delhi Capitals,field,1,0.5925925925925926,0.46153846153846156,0.6,0.4,0.5185185185185185,0.5384615384615384,0.7333333333333333,0.46153846153846156,0.4166666666666667,0.46153846153846156,0.6666666666666666,1,0.131054131054131,0.19999999999999996,0.19999999999999996,-0.019943019943019946,0.2717948717948717,-0.04487179487179488,0.0,0.2756410256410256,-1.0598290598290703,6.90598290598291,-1.1778490028490296,0.6,0.4,0.5,0.5,0.6923076923076923,0.4166666666666667,145.55555555555554,146.6153846153846,150.44444444444446,143.53846153846155,207.89074074074074,209.06858974358977
392236,2009,2009-05-21,SuperSport Park,Royal Challengers Bengaluru,Deccan Chargers,Royal Challengers Bengaluru,bat,1,0.4074074074074074,0.3333333333333333,0.6,0.4,0.37037037037037035,0.6666666666666666,0.4666666666666667,0.4166666666666667,0.3333333333333333,0.26666666666666666,0.6666666666666666,1,0.07407407407407407,0.19999999999999996,0.19999999999999996,-0.2962962962962963,0.04999999999999999,0.06666666666666665,0.0,0.0,-13.888888888888886,-5.925925925925924,-21.92901234567904,0.6,0.4,0.5,0.5,0.5384615384615384,0.5384615384615384,141.0,154.88888888888889,150.88888888888889,156.8148148148148,171.70679012345678,193.63580246913583
392237,2009,2009-05-22,SuperSport Park,Delhi Capitals,Deccan Chargers,Deccan Chargers,field,0,0.6071428571428571,0.32142857142857145,0.6,0.4,0.5357142857142857,0.6428571428571429,0.75,0.38461538461538464,0.4166666666666667,0.26666666666666666,1.0,0,0.28571428571428564,0.19999999999999996,0.39999999999999997,-0.1071428571428572,0.36538461538461536,0.15000000000000002,0.3333333333333333,0.2142857142857143,-8.714285714285722,-6.321428571428555,13.545833333333348,0.7,0.3,0.6666666666666666,0.3333333333333333,0.7142857142857143,0.5,146.28571428571428,155.0,150.96428571428572,157.28571428571428,207.3232142857143,193.77738095238095
392238,2009,2009-05-23,New Wanderers Stadium,Royal Challengers Bengaluru,Chennai Super Kings,Royal Challengers Bengaluru,field,1,0.42857142857142855,0.5862068965517241,0.8,0.6,0.39285714285714285,0.41379310344827586,0.4666666666666667,0.6363636363636364,0.38461538461538464,0.5555555555555556,0.5,1,-0.15763546798029554,0.20000000000000007,0.0,-0.020935960591133007,-0.16969696969696968,-0.17094017094017094,0.0,-0.04395604395604402,-16.757389162561594,-1.37438423645321,-49.46795977011493,0.7,0.7,1.0,1.0,0.5714285714285714,0.6153846153846154,142.03571428571428,158.79310344827587,151.14285714285714,152.51724137931035,172.24583333333334,221.71379310344827
392239,2009,2009-05-24,New Wanderers Stadium,Royal Challengers Bengaluru,Deccan Chargers,Royal Challengers Bengaluru,field,0,0.4482758620689655,0.3448275862068966,1.0,0.4,0.41379310344827586,0.6551724137931034,0.5,0.42857142857142855,0.38461538461538464,0.26666666666666666,0.75,1,0.10344827586206895,0.6,0.4,-0.24137931034482757,0.07142857142857145,0.11794871794871797,0.5,0.06666666666666665,-12.68965517241378,-6.172413793103459,-20.725287356321843,0.8,0.4,1.0,0.5,0.6,0.5333333333333333,142.27586206896552,154.9655172413793,150.9655172413793,157.13793103448276,172.7425287356322,193.46781609195403
419106,2010,2010-03-12,Dr DY Patil Sports Academy,Deccan Chargers,Kolkata Knight Riders,Deccan Chargers,field,0,0.36666666666666664,0.34615384615384615,0.6,0.4,0.6333333333333333,0.5,0.42857142857142855,0.5,0.3125,0.25,0.5,1,0.020512820512820495,0.19999999999999996,0.3,0.1333333333333333,-0.07142857142857145,0.0625,0.5,0.0,12.29743589743589,15.120512820512829,-0.7072649572649539,0.5,0.2,1.0,0.5,0.5,0.5,154.56666666666666,142.26923076923077,156.46666666666667,141.34615384615384,193.60555555555555,194.3128205128205
419107,2010,2010-03-13,Brabourne Stadium,Mumbai Indians,Rajasthan Royals,Mumbai Indians,bat,1,0.4444444444444444,0.6551724137931034,0.4,0.2,0.5185185185185185,0.5172413793103449,0.46153846153846156,0.6666666666666666,0.42857142857142855,0.6363636363636364,0.3333333333333333,1,-0.210727969348659,0.2,-0.2,0.0012771392081736277,-0.20512820512820507,-0.2077922077922078,0.0,0.0,-0.6002554278416312,-0.9054916985951422,-18.99793529161346,0.3,0.5,0.5,0.5,0.5,0.5,147.2962962962963,147.89655172413794,144.37037037037038,145.27586206896552,207.4216049382716,226.41954022988506
419108,2010,2010-03-13,"Punjab Cricket Association Stadium, Mohali",Punjab Kings,Delhi Capitals,Delhi Capitals,field,0,0.5862068965517241,0.5862068965517241,0.6,0.4,0.4827586206896552,0.5172413793103449,0.625,0.75,0.5384615384615384,0.38461538461538464,0.75,0,0.0,0.19999999999999996,-0.09999999999999998,-0.03448275862068967,-0.125,0.1538461538461538,0.8571428571428571,0.0,4.931034482758605,-2.6896551724137794,1.9471264367816161,0.5,0.6,0.8571428571428571,0.0,0.5,0.5,151.44827586206895,146.51724137931035,148.3793103448276,151.06896551724137,209.21781609195403,207.27068965517242
419109,2010,2010-03-14,Eden Gardens,Kolkata Knight Riders,Royal Challengers Bengaluru,Kolkata Knight Riders,field,1,0.37037037037037035,0.43333333333333335,0.6,0.8,0.48148148148148145,0.43333333333333335,0.5,0.47058823529411764,0.29411764705882354,0.38461538461538464,0.5,1,-0.062962962962963,-0.20000000000000007,-0.39999999999999997,0.04814814814814811,0.02941176470588236,-0.0904977375565611,0.5714285714285714,0.5,0.8629629629629676,-9.033333333333331,20.289382716049403,0.3,0.7,0.5714285714285714,0.0,1.0,0.5,142.96296296296296,142.1,141.66666666666666,150.7,194.09382716049384,173.80444444444444
419110,2010,2010-03-14,"MA Chidambaram Stadium, Chepauk",Chennai Super Kings,Deccan Chargers,Deccan Chargers,bat,0,0.5666666666666667,0.3548387096774194,0.4,0.4,0.4,0.6451612903225806,0.6363636363636364,0.4,0.5263157894736842,0.3125,0.5,0,0.21182795698924728,0.0,0.19999999999999996,-0.2451612903225806,0.23636363636363633,0.21381578947368418,-0.5714285714285714,0.5,3.9473118279570087,-4.212903225806457,27.116021505376324,0.7,0.5,0.42857142857142855,1.0,0.5,0.0,158.36666666666667,154.41935483870967,152.4,156.61290322580646,221.4633333333333,194.347311827957
419111,2010,2010-03-15,"Sardar Patel Stadium, Motera",Rajasthan Royals,Delhi Capitals,Delhi Capitals,field,0,0.6333333333333333,0.6,0.2,0.6,0.5,0.5333333333333333,0.631578947368421,0.7647058823529411,0.6363636363636364,0.38461538461538464,0.6,0,0.033333333333333326,-0.39999999999999997,-0.29999999999999993,-0.033333333333333326,-0.1331269349845201,0.2517482517482517,0.0,-1.0,3.4000000000000057,-3.26666666666668,15.957222222222214,0.4,0.7,0.5,0.5,0.0,1.0,149.9,146.5,147.5,150.76666666666668,224.02555555555554,208.06833333333333
419112,2010,2010-03-16,M Chinnaswamy Stadium,Royal Challengers Bengaluru,Punjab Kings,Punjab Kings,bat,1,0.41935483870967744,0.5666666666666667,0.6,0.4,0.41935483870967744,0.4666666666666667,0.47058823529411764,0.625,0.35714285714285715,0.5,0.25,0,-0.14731182795698922,0.19999999999999996,0.19999999999999996,-0.04731182795698924,-0.15441176470588236,-0.14285714285714285,-0.8571428571428572,0.0,-9.262365591397838,1.9258064516128854,-33.76754480286738,0.6,0.4,0.14285714285714285,1.0,0.0,0.0,141.8709677419355,151.13333333333333,150.2258064516129,148.3,174.64301075268818,208.41055555555556
419113,2010,2010-03-16,Eden Gardens,Kolkata Knight Riders,Chennai Super Kings,Chennai Super Kings,bat,0,0.39285714285714285,0.5483870967741935,0.8,0.4,0.5,0.3870967741935484,0.5454545454545454,0.5833333333333334,0.29411764705882354,0.5263157894736842,0.3333333333333333,0,-0.15552995391705066,0.4,-0.19999999999999996,0.11290322580645162,-0.037878787878787956,-0.23219814241486064,-0.375,1.0,-15.672811059907815,-12.184331797235046,-25.40030721966204,0.4,0.6,0.625,1.0,1.0,0.0,142.71428571428572,158.38709677419354,141.42857142857142,153.61290322580646,196.51904761904763,221.91935483870967
419114,2010,2010-03-17,Feroz Shah Kotla,Delhi Capitals,Mumbai Indians,Delhi Capitals,field,0,0.6129032258064516,0.4642857142857143,0.6,0.4,0.5483870967741935,0.5357142857142857,0.7777777777777778,0.46153846153846156,0.38461538461538464,0.4666666666666667,0.75,1,0.14861751152073732,0.19999999999999996,0.29999999999999993,0.012672811059907807,0.3162393162393162,-0.08205128205128204,0.6666666666666666,0.0,-3.252304147465452,3.808755760368655,1.98746159754225,0.7,0.4,0.6666666666666666,0.0,1.0,1.0,146.3548387096774,149.60714285714286,150.4516129032258,146.64285714285714,208.07258064516128,206.08511904761903
419115,2010,2010-03-18,M Chinnaswamy Stadium,Royal Challengers Bengaluru,Rajasthan Royals,Royal Challengers Bengaluru,field,1,0.4375,0.6129032258064516,0.6,0.2,0.40625,0.4838709677419355,0.5,0.631578947368421,0.35714285714285715,0.5833333333333334,0.25,1,-0.17540322580645162,0.39999999999999997,0.19999999999999996,-0.0776209677419355,-0.13157894736842102,-0.22619047619047622,-0.75,0.5,-5.800403225806463,4.552419354838719,-48.83185483870969,0.6,0.4,0.25,1.0,0.5,0.0,143.8125,149.61290322580646,151.875,147.32258064516128,175.75416666666666,224.58602150537635
419116,2010,2010-03-19,Feroz Shah Kotla,Delhi Capitals,Chennai Super Kings,Delhi Capitals,bat,0,0.59375,0.5625,0.6,0.4,0.5625,0.40625,0.7368421052631579,0.5833333333333334,0.38461538461538464,0.55,0.5,1,0.03125,0.19999999999999996,0.0,0.15625,0.15350877192982448,-0.1653846153846154,-0.4285714285714286,0.16666666666666663,-13.03125,0.34375,-13.582812500000017,0.6,0.6,0.5714285714285714,1.0,0.6666666666666666,0.5,145.53125,158.5625,152.5625,152.21875,207.8328125,221.415625
419117,2010,2010-03-19,Barabati Stadium,Deccan Chargers,Punjab Kings,Punjab Kings,field,1,0.375,0.5483870967741935,0.6,0.4,0.65625,0.4838709677419355,0.4,0.625,0.35294117647058826,0.4666666666666667,0.0,0,-0.1733870967741935,0.19999999999999996,0.09999999999999998,0.1723790322580645,-0.22499999999999998,-0.11372549019607842,0.0,0.5,2.7247983870967687,6.590725806451616,-12.949563172043014,0.5,0.4,0.5,0.5,0.5,0.0,155.53125,152.80645161290323,156.6875,150.09677419354838,195.08645833333333,208.03602150537634
419118,2010,2010-03-20,"Sardar Patel Stadium, Motera",Rajasthan Royals,Kolkata Knight Riders,Rajasthan Royals,bat,1,0.59375,0.3793103448275862,0.0,0.8,0.46875,0.4827586206896552,0.631578947368421,0.5,0.5384615384615384,0.29411764705882354,0.75,1,0.2144396551724138,-0.8,-0.10000000000000003,-0.014008620689655193,0.13157894736842102,0.2443438914027149,-0.5,-0.6666666666666666,6.260775862068954,3.418103448275872,25.955136494252912,0.3,0.4,0.0,0.5,0.0,0.6666666666666666,147.8125,141.55172413793105,145.625,142.20689655172413,223.31145833333335,197.35632183908044
419119,2010,2010-03-20,Brabourne Stadium,Mumbai Indians,Royal Challengers Bengaluru,Mumbai Indians,bat,0,0.4827586206896552,0.45454545454545453,0.4,0.6,0.5172413793103449,0.42424242424242425,0.46153846153846156,0.5263157894736842,0.5,0.35714285714285715,0.5,1,0.028213166144200663,-0.19999999999999996,-0.29999999999999993,0.09299895506792061,-0.06477732793522262,0.14285714285714285,0.5,0.33333333333333337,9.692789968652022,-4.3364681295715855,29.834674329501922,0.4,0.7,1.0,0.5,1.0,0.6666666666666666,151.9655172413793,142.27272727272728,145.72413793103448,150.06060606060606,206.3235632183908,176.48888888888888
419120,2010,2010-03-21,Barabati Stadium,Deccan Chargers,Delhi Capitals,Deccan Chargers,bat,1,0.3939393939393939,0.5757575757575758,0.8,0.4,0.6363636363636364,0.5757575757575758,0.4,0.7368421052631579,0.3888888888888889,0.35714285714285715,0.2,1,-0.18181818181818188,0.4,0.09999999999999998,0.06060606060606055,-0.33684210526315783,0.031746031746031744,0.5,0.16666666666666663,9.24242424242425,3.212121212121218,-10.329797979797974,0.6,0.5,1.0,0.5,0.6666666666666666,0.5,155.96969696969697,146.72727272727272,156.9090909090909,153.6969696969697,196.4959595959596,206.82575757575756
419121,2010,2010-03-21,"MA Chidambaram Stadium, Chepauk",Chennai Super Kings,Punjab Kings,Chennai Super Kings,field,0,0.5757575757575758,0.53125,0.6,0.2,0.3939393939393939,0.5,0.6153846153846154,0.5882352941176471,0.55,0.4666666666666667,1.0,1,0.0445075757575758,0.39999999999999997,0.3,-0.10606060606060608,0.02714932126696834,0.08333333333333337,0.375,0.6666666666666666,6.358901515151501,2.493371212121218,12.431139520202038,0.6,0.3,0.375,0.0,0.6666666666666666,0.0,159.5151515151515,153.15625,153.21212121212122,150.71875,220.75353535353537,208.32239583333333
419122,2010,2010-03-22,Brabourne Stadium,Mumbai Indians,Kolkata Knight Riders,Kolkata Knight Riders,bat,1,0.4666666666666667,0.36666666666666664,0.4,0.6,0.5333333333333333,0.4666666666666667,0.46153846153846156,0.46153846153846156,0.47058823529411764,0.29411764705882354,1.0,0,0.10000000000000003,-0.19999999999999996,0.0,0.06666666666666665,0.0,0.1764705882352941,0.0,0.16666666666666663,10.633333333333326,2.9666666666666686,10.21111111111108,0.4,0.4,0.5,0.5,0.6666666666666666,0.5,151.93333333333334,141.3,146.03333333333333,143.06666666666666,206.68944444444443,196.47833333333335
419123,2010,2010-03-23,M Chinnaswamy Stadium,Royal Challengers Bengaluru,Chennai Super Kings,Chennai Super Kings,field,1,0.47058823529411764,0.5588235294117647,0.6,0.4,0.4117647058823529,0.4117647058823529,0.55,0.5714285714285714,0.35714285714285715,0.55,0.6,0,-0.08823529411764708,0.19999999999999996,0.30000000000000004,0.0,-0.021428571428571352,-0.1928571428571429,-0.6666666666666667,0.25,-16.176470588235276,-2.617647058823536,-42.132352941176464,0.8,0.5,0.3333333333333333,1.0,0.75,0.5,142.64705882352942,158.8235294117647,150.08823529411765,152.7058823529412,177.60392156862747,219.73627450980393
419124,2010,2010-03-24,"Punjab Cricket Association Stadium, Mohali",Punjab Kings,Rajasthan Royals,Punjab Kings,field,0,0.5454545454545454,0.6060606060606061,0.2,0.2,0.48484848484848486,0.48484848484848486,0.5882352941176471,0.631578947368421,0.5,0.5714285714285714,0.5,1,-0.06060606060606066,0.0,0.10000000000000003,0.0,-0.04334365325077394,-0.0714285714285714,0.75,0.0,4.21212121212119,5.0,-13.557070707070693,0.4,0.3,0.75,0.0,0.25,0.25,152.63636363636363,148.42424242424244,150.27272727272728,145.27272727272728,207.91464646464647,221.47171717171716
419125,2010,2010-03-25,"Brabourne Stadium, Mumbai",Chennai Super Kings,Mumbai Indians,Mumbai Indians,field,0,0.5428571428571428,0.4838709677419355,0.4,0.6,0.42857142857142855,0.5161290322580645,0.5333333333333333,0.5,0.55,0.47058823529411764,0.5,0,0.05898617511520732,-0.19999999999999996,-0.09999999999999998,-0.08755760368663595,0.033333333333333326,0.0794117647058824,0.0,-0.35,6.078341013824883,6.905990783410147,12.797895545314873,0.4,0.5,0.5,0.5,0.4,0.75,158.14285714285714,152.06451612903226,153.22857142857143,146.32258064516128,218.9038095238095,206.10591397849464
419128,2010,2010-03-25,M Chinnaswamy Stadium,Royal Challengers Bengaluru,Delhi Capitals,Royal Challengers Bengaluru,field,0,0.4857142857142857,0.5588235294117647,0.8,0.4,0.4,0.5588235294117647,0.55,0.7,0.4,0.35714285714285715,0.25,1,-0.07310924369747901,0.4,0.4,-0.1588235294117647,-0.1499999999999999,0.04285714285714287,-0.6,0.4,-3.6899159663865646,-4.548739495798344,-27.945728291316527,0.8,0.4,0.4,1.0,0.8,0.4,143.45714285714286,147.14705882352942,149.65714285714284,154.2058823529412,179.23809523809524,207.18382352941177
419126,2010,2010-03-26,"Sardar Patel Stadium, Motera",Rajasthan Royals,Deccan Chargers,Deccan Chargers,bat,1,0.6176470588235294,0.4117647058823529,0.4,0.8,0.47058823529411764,0.6470588235294118,0.631578947368421,0.4,0.6,0.42105263157894735,0.75,0,0.20588235294117652,-0.4,-0.3,-0.17647058823529416,0.231578947368421,0.17894736842105263,0.0,-0.35,-6.970588235294116,-11.558823529411768,22.552941176470597,0.3,0.6,0.5,0.5,0.4,0.75,149.44117647058823,156.41176470588235,145.47058823529412,157.02941176470588,220.6578431372549,198.1049019607843
419127,2010,2010-03-27,"Punjab Cricket Association Stadium, Mohali",Punjab Kings,Kolkata Knight Riders,Kolkata Knight Riders,bat,0,0.5294117647058824,0.3548387096774194,0.2,0.4,0.5,0.4838709677419355,0.5555555555555556,0.46153846153846156,0.5,0.2777777777777778,0.5,0,0.174573055028463,-0.2,0.0,0.016129032258064502,0.09401709401709402,0.2222222222222222,0.6666666666666666,-0.2,10.875711574952561,7.7514231499051505,14.272375079063863,0.4,0.4,0.6666666666666666,0.0,0.2,0.4,152.61764705882354,141.74193548387098,151.23529411764707,143.48387096774192,209.54656862745097,195.2741935483871
419129,2010,2010-03-28,"Sardar Patel Stadium, Motera",Rajasthan Royals,Chennai Super Kings,Rajasthan Royals,bat,1,0.6285714285714286,0.5277777777777778,0.6,0.4,0.45714285714285713,0.4166666666666667,0.65,0.5333333333333333,0.6,0.5238095238095238,0.6,1,0.10079365079365077,0.19999999999999996,0.0,0.04047619047619044,0.1166666666666667,0.07619047619047614,0.16666666666666663,0.16666666666666669,-9.264285714285705,-8.457142857142856,2.2493915343915205,0.4,0.4,0.6666666666666666,0.5,0.5,0.3333333333333333,149.4857142857143,158.75,145.54285714285714,154.0,220.6447619047619,218.3953703703704
419130,2010,2010-03-28,Dr DY Patil Sports Academy,Deccan Chargers,Mumbai Indians,Deccan Chargers,field,0,0.4,0.5,0.6,0.8,0.6571428571428571,0.53125,0.4,0.5333333333333333,0.4,0.47058823529411764,0.75,1,-0.09999999999999998,-0.20000000000000007,0.0,0.12589285714285714,-0.1333333333333333,-0.07058823529411762,-0.16666666666666663,-0.20000000000000007,3.202678571428578,9.482142857142861,-5.698258928571448,0.6,0.6,0.5,0.6666666666666666,0.6,0.8,156.17142857142858,152.96875,156.85714285714286,147.375,200.1647619047619,205.86302083333334
419131,2010,2010-03-29,Feroz Shah Kotla,Delhi Capitals,Kolkata Knight Riders,Delhi Capitals,bat,1,0.5714285714285714,0.375,0.4,0.4,0.5428571428571428,0.5,0.7,0.46153846153846156,0.4,0.3157894736842105,0.6666666666666666,1,0.1964285714285714,0.0,0.0,0.042857142857142816,0.2384615384615384,0.08421052631578951,0.0,0.0,5.140178571428578,11.042857142857144,11.346339285714294,0.5,0.5,0.5,0.5,0.5,0.5,148.17142857142858,143.03125,154.54285714285714,143.5,205.5557142857143,194.209375
419132,2010,2010-03-30,Brabourne Stadium,Mumbai Indians,Punjab Kings,Mumbai Indians,field,1,0.5151515151515151,0.5142857142857142,0.8,0.2,0.5151515151515151,0.4857142857142857,0.5333333333333333,0.5263157894736842,0.5,0.5,0.25,1,0.0008658008658009031,0.6000000000000001,0.3,0.02943722943722943,0.007017543859649145,0.0,0.16666666666666663,0.6666666666666667,1.174025974025966,-5.2640692640692635,-3.5538816738816763,0.6,0.3,0.6666666666666666,0.5,0.8333333333333334,0.16666666666666666,153.54545454545453,152.37142857142857,146.87878787878788,152.14285714285714,205.2570707070707,208.8109523809524
419133,2010,2010-03-31,"MA Chidambaram Stadium, Chepauk",Chennai Super Kings,Royal Challengers Bengaluru,Royal Challengers Bengaluru,bat,1,0.5135135135135135,0.4722222222222222,0.2,0.8,0.40540540540540543,0.4166666666666667,0.5,0.5238095238095238,0.5238095238095238,0.4,0.3333333333333333,0,0.04129129129129128,-0.6000000000000001,-0.39999999999999997,-0.011261261261261257,-0.023809523809523836,0.12380952380952381,-0.6666666666666667,-0.38095238095238093,14.700450450450433,4.038288288288271,37.45215215215214,0.3,0.7,0.3333333333333333,1.0,0.2857142857142857,0.6666666666666666,158.78378378378378,144.08333333333334,154.6216216216216,150.58333333333334,218.72252252252252,181.2703703703704
419134,2010,2010-03-31,Feroz Shah Kotla,Delhi Capitals,Rajasthan Royals,Delhi Capitals,bat,1,0.5833333333333334,0.6388888888888888,0.4,0.8,0.5555555555555556,0.4722222222222222,0.7,0.65,0.4375,0.625,0.5,1,-0.05555555555555547,-0.4,0.0,0.08333333333333337,0.04999999999999993,-0.1875,0.5555555555555556,0.0,-1.2777777777777715,8.111111111111086,-14.187962962962985,0.5,0.5,0.5555555555555556,0.0,0.5714285714285714,0.5714285714285714,148.97222222222223,150.25,154.05555555555554,145.94444444444446,205.67083333333332,219.8587962962963
419135,2010,2010-04-01,Eden Gardens,Kolkata Knight Riders,Deccan Chargers,Kolkata Knight Riders,bat,1,0.36363636363636365,0.3888888888888889,0.2,0.6,0.48484848484848486,0.6666666666666666,0.42857142857142855,0.375,0.3157894736842105,0.4,0.6,1,-0.02525252525252525,-0.39999999999999997,0.0,-0.18181818181818177,0.05357142857142855,-0.08421052631578951,0.5555555555555556,-0.07142857142857145,-12.623737373737384,-12.76262626262627,-5.817760942760941,0.5,0.5,0.5555555555555556,0.0,0.42857142857142855,0.5,142.84848484848484,155.47222222222223,144.5151515151515,157.27777777777777,194.4090909090909,200.22685185185185
419136,2010,2010-04-02,"Punjab Cricket Association Stadium, Mohali",Punjab Kings,Royal Challengers Bengaluru,Punjab Kings,bat,0,0.5,0.4594594594594595,0.2,0.6,0.4722222222222222,0.43243243243243246,0.5263157894736842,0.5238095238095238,0.47058823529411764,0.375,0.6,1,0.040540540540540515,-0.39999999999999997,-0.3,0.03978978978978975,0.0025062656641603454,0.09558823529411764,0.6,-0.42857142857142855,8.12612612612611,1.5803303303303267,26.413350850850804,0.3,0.6,0.6,0.0,0.14285714285714285,0.5714285714285714,152.66666666666666,144.54054054054055,152.47222222222223,150.8918918918919,209.24398148148146,182.83063063063065
419137,2010,2010-04-03,"MA Chidambaram Stadium, Chepauk",Chennai Super Kings,Rajasthan Royals,Chennai Super Kings,bat,1,0.5263157894736842,0.6216216216216216,0.2,0.8,0.39473684210526316,0.4594594594594595,0.5294117647058824,0.6190476190476191,0.5238095238095238,0.625,0.3333333333333333,1,-0.09530583214793742,-0.6000000000000001,0.0,-0.06472261735419632,-0.08963585434173671,-0.10119047619047616,-0.6,-0.125,9.408961593172137,7.708392603129425,-0.20692271218590008,0.4,0.4,0.4,1.0,0.375,0.5,158.8684210526316,149.45945945945945,154.78947368421052,147.0810810810811,219.0894736842105,219.2963963963964
419138,2010,2010-04-03,Brabourne Stadium,Mumbai Indians,Deccan Chargers,Mumbai Indians,bat,1,0.5294117647058824,0.3783783783783784,0.8,0.4,0.5294117647058824,0.6486486486486487,0.5625,0.35294117647058826,0.5,0.4,0.4,1,0.15103338632750396,0.4,0.09999999999999998,-0.11923688394276633,0.20955882352941174,0.09999999999999998,0.25,0.42857142857142855,-1.660572337042936,-10.565977742448325,5.126165871754097,0.6,0.5,0.75,0.5,0.8571428571428571,0.42857142857142855,153.85294117647058,155.51351351351352,147.35294117647058,157.9189189189189,205.6171568627451,200.490990990991
419139,2010,2010-04-04,Eden Gardens,Kolkata Knight Riders,Punjab Kings,Kolkata Knight Riders,bat,0,0.38235294117647056,0.4864864864864865,0.4,0.2,0.5,0.4864864864864865,0.42857142857142855,0.5263157894736842,0.35,0.4444444444444444,0.6,1,-0.10413354531001595,0.2,0.39999999999999997,0.013513513513513487,-0.09774436090225563,-0.09444444444444444,0.6,0.375,-9.461844197138305,-8.441971383147859,-16.2642951775305,0.6,0.2,0.6,0.0,0.5,0.125,143.97058823529412,153.43243243243242,144.88235294117646,153.32432432432432,193.65147058823527,209.91576576576577
419140,2010,2010-04-04,Feroz Shah Kotla,Delhi Capitals,Royal Challengers Bengaluru,Delhi Capitals,bat,1,0.5945945945945946,0.47368421052631576,0.6,0.6,0.5675675675675675,0.42105263157894735,0.7,0.5454545454545454,0.47058823529411764,0.375,0.8,1,0.12091038406827886,0.0,0.0,0.1465149359886202,0.15454545454545454,0.09558823529411764,0.6,0.0,4.448079658605991,1.477951635846381,22.89338549075393,0.6,0.6,0.6,0.0,0.625,0.625,150.02702702702703,145.57894736842104,153.16216216216216,151.68421052631578,207.06531531531533,184.1719298245614
419141,2010,2010-04-05,"Vidarbha Cricket Association Stadium, Jamtha",Deccan Chargers,Rajasthan Royals,Rajasthan Royals,bat,0,0.3684210526315789,0.6052631578947368,0.2,0.6,0.631578947368421,0.4473684210526316,0.3333333333333333,0.5909090909090909,0.4,0.625,0.2,0,-0.2368421052631579,-0.39999999999999997,0.09999999999999998,0.18421052631578944,-0.2575757575757576,-0.22499999999999998,0.0,-0.06944444444444442,3.05263157894737,8.76315789473685,-19.001315789473693,0.5,0.4,0.5,0.5,0.375,0.4444444444444444,154.44736842105263,151.39473684210526,158.44736842105263,149.68421052631578,200.84122807017542,219.8425438596491
419142,2010,2010-04-06,"MA Chidambaram Stadium, Chepauk",Chennai Super Kings,Mumbai Indians,Chennai Super Kings,bat,1,0.5384615384615384,0.5428571428571428,0.4,1.0,0.41025641025641024,0.5428571428571428,0.5294117647058824,0.5625,0.5454545454545454,0.5263157894736842,0.4,1,-0.00439560439560438,-0.6,-0.29999999999999993,-0.13260073260073257,-0.03308823529411764,0.019138755980861233,0.45454545454545453,-0.4305555555555556,6.559706959706972,10.10989010989013,12.549780219780217,0.4,0.7,0.45454545454545453,0.0,0.4444444444444444,0.875,161.10256410256412,154.54285714285714,156.53846153846155,146.42857142857142,218.74358974358975,206.19380952380953
419143,2010,2010-04-07,Sawai Mansingh Stadium,Rajasthan Royals,Punjab Kings,Punjab Kings,bat,1,0.6153846153846154,0.5,0.6,0.2,0.46153846153846156,0.47368421052631576,0.5909090909090909,0.55,0.6470588235294118,0.4444444444444444,0.6,0,0.11538461538461542,0.39999999999999997,0.3,-0.012145748987854199,0.040909090909090895,0.20261437908496738,1.0,0.2777777777777778,-3.1734143049932584,-4.680836707152508,10.888652721547487,0.5,0.2,1.0,0.0,0.5,0.2222222222222222,151.5897435897436,154.76315789473685,149.87179487179486,154.55263157894737,220.36452991452992,209.47587719298244
419144,2010,2010-04-07,Eden Gardens,Kolkata Knight Riders,Delhi Capitals,Kolkata Knight Riders,bat,1,0.37142857142857144,0.6052631578947368,0.4,0.8,0.5142857142857142,0.5789473684210527,0.42857142857142855,0.7,0.3333333333333333,0.5,0.25,1,-0.2338345864661654,-0.4,-0.09999999999999998,-0.06466165413533842,-0.2714285714285714,-0.16666666666666669,0.5454545454545454,-0.2222222222222222,-5.349624060150376,-6.428571428571416,-14.652017543859643,0.5,0.6,0.5454545454545454,0.0,0.4444444444444444,0.6666666666666666,145.57142857142858,150.92105263157896,146.57142857142858,153.0,193.33,207.98201754385966
419145,2010,2010-04-08,M Chinnaswamy Stadium,Royal Challengers Bengaluru,Deccan Chargers,Deccan Chargers,field,0,0.46153846153846156,0.358974358974359,0.4,0.0,0.41025641025641024,0.6153846153846154,0.5217391304347826,0.3157894736842105,0.375,0.4,0.6,0,0.10256410256410259,0.4,0.09999999999999998,-0.20512820512820518,0.20594965675057209,-0.025000000000000022,0.36363636363636365,0.22222222222222227,-8.897435897435912,-5.948717948717928,-15.74444444444444,0.5,0.4,0.36363636363636365,0.0,0.5555555555555556,0.3333333333333333,145.6153846153846,154.51282051282053,152.51282051282053,158.46153846153845,185.11623931623933,200.86068376068377
419146,2010,2010-04-09,"Punjab Cricket Association Stadium, Mohali",Punjab Kings,Mumbai Indians,Mumbai Indians,bat,1,0.48717948717948717,0.5277777777777778,0.2,0.8,0.48717948717948717,0.5277777777777778,0.55,0.5294117647058824,0.42105263157894735,0.5263157894736842,0.6,0,-0.04059829059829062,-0.6000000000000001,-0.49999999999999994,-0.04059829059829062,0.020588235294117685,-0.10526315789473684,0.5454545454545454,-0.5777777777777777,0.5512820512820724,7.670940170940156,2.627813390313378,0.2,0.7,0.5454545454545454,0.0,0.2,0.7777777777777778,154.71794871794873,154.16666666666666,154.6153846153846,146.94444444444446,209.12179487179486,206.49398148148148
419147,2010,2010-04-10,"Vidarbha Cricket Association Stadium, Jamtha",Deccan Chargers,Chennai Super Kings,Chennai Super Kings,bat,1,0.375,0.55,0.2,0.6,0.625,0.425,0.35,0.5294117647058824,0.4,0.5652173913043478,0.6,0,-0.17500000000000004,-0.39999999999999997,-0.09999999999999998,0.2,-0.17941176470588238,-0.16521739130434776,-0.5,-0.09999999999999998,-5.899999999999977,2.9499999999999886,-18.678333333333313,0.4,0.5,0.0,0.5,0.4,0.5,155.3,161.2,159.1,156.15,200.95916666666668,219.6375
419148,2010,2010-04-10,M Chinnaswamy Stadium,Royal Challengers Bengaluru,Kolkata Knight Riders,Royal Challengers Bengaluru,field,1,0.45,0.3888888888888889,0.2,0.6,0.4,0.5277777777777778,0.5217391304347826,0.42857142857142855,0.35294117647058826,0.36363636363636365,0.4,1,0.061111111111111116,-0.39999999999999997,0.0,-0.12777777777777777,0.09316770186335405,-0.010695187165775388,-0.6666666666666667,0.0,0.019444444444445708,6.211111111111109,-9.0336111111111,0.5,0.5,0.3333333333333333,1.0,0.5,0.5,146.575,146.55555555555554,153.35,147.13888888888889,185.14833333333334,194.18194444444444
419149,2010,2010-04-11,Feroz Shah Kotla,Delhi Capitals,Punjab Kings,Delhi Capitals,bat,0,0.5897435897435898,0.5,0.8,0.4,0.5641025641025641,0.475,0.6666666666666666,0.5714285714285714,0.5,0.42105263157894735,0.4,1,0.08974358974358976,0.4,0.3,0.08910256410256412,0.09523809523809523,0.07894736842105265,-0.36363636363636365,0.32727272727272727,-3.4666666666666686,-0.8820512820512647,1.1941987179487228,0.6,0.3,0.6363636363636364,1.0,0.6,0.2727272727272727,151.33333333333334,154.8,153.71794871794873,154.6,209.46794871794873,208.27375
419150,2010,2010-04-11,Sawai Mansingh Stadium,Rajasthan Royals,Mumbai Indians,Rajasthan Royals,field,0,0.625,0.5135135135135135,0.6,0.6,0.45,0.5405405405405406,0.6086956521739131,0.5294117647058824,0.6470588235294118,0.5,0.5,1,0.11148648648648651,0.0,-0.09999999999999998,-0.09054054054054056,0.07928388746803072,0.1470588235294118,1.0,-0.15454545454545454,-2.437162162162167,2.7067567567567323,13.890867117117125,0.6,0.7,1.0,0.0,0.5454545454545454,0.7,151.725,154.16216216216216,149.95,147.24324324324326,221.49041666666668,207.59954954954955
419151,2010,2010-04-12,"Vidarbha Cricket Association Stadium, Jamtha",Deccan Chargers,Royal Challengers Bengaluru,Royal Challengers Bengaluru,field,1,0.3902439024390244,0.4634146341463415,0.4,0.4,0.6097560975609756,0.4146341463414634,0.38095238095238093,0.5416666666666666,0.4,0.35294117647058826,0.5,0,-0.07317073170731708,0.0,-0.09999999999999998,0.1951219512195122,-0.1607142857142857,0.047058823529411764,0.0,-0.09090909090909088,7.951219512195138,5.073170731707336,17.32764227642275,0.5,0.6,0.5,0.5,0.45454545454545453,0.5454545454545454,154.90243902439025,146.9512195121951,158.58536585365854,153.5121951219512,201.45772357723575,184.130081300813
419152,2010,2010-04-13,Brabourne Stadium,Mumbai Indians,Delhi Capitals,Mumbai Indians,bat,1,0.5263157894736842,0.575,0.6,0.6,0.5263157894736842,0.575,0.5294117647058824,0.6666666666666666,0.5238095238095238,0.47368421052631576,0.4,1,-0.048684210526315774,0.0,0.19999999999999996,-0.048684210526315774,-0.13725490196078427,0.05012531328320807,0.30000000000000004,0.18181818181818188,4.359210526315792,-5.701315789473682,-1.419978070175432,0.7,0.5,0.8,0.5,0.7272727272727273,0.5454545454545454,154.68421052631578,150.325,146.97368421052633,152.675,208.38377192982455,209.80374999999998
419153,2010,2010-04-13,"MA Chidambaram Stadium, Chepauk",Chennai Super Kings,Kolkata Knight Riders,Kolkata Knight Riders,bat,1,0.5365853658536586,0.3783783783783784,0.6,0.4,0.43902439024390244,0.5135135135135135,0.5294117647058824,0.42857142857142855,0.5416666666666666,0.34782608695652173,0.75,0,0.15820698747528017,0.19999999999999996,0.09999999999999998,-0.07448912326961105,0.10084033613445381,0.1938405797101449,0.5,0.0,13.715227422544501,8.191166776532611,25.128609096901783,0.5,0.4,0.5,0.0,0.45454545454545453,0.45454545454545453,160.6341463414634,146.9189189189189,155.73170731707316,147.54054054054055,220.23536585365852,195.10675675675674
419154,2010,2010-04-14,Sawai Mansingh Stadium,Rajasthan Royals,Royal Challengers Bengaluru,Rajasthan Royals,bat,0,0.6097560975609756,0.4523809523809524,0.4,0.4,0.4634146341463415,0.42857142857142855,0.5833333333333334,0.52,0.6470588235294118,0.35294117647058826,0.6,1,0.1573751451800232,0.0,0.09999999999999998,0.03484320557491294,0.06333333333333335,0.29411764705882354,0.8888888888888888,0.0,4.627758420441353,-2.9157955865273095,38.35902051877662,0.6,0.5,0.8888888888888888,0.0,0.5,0.5,151.3658536585366,146.73809523809524,150.53658536585365,153.45238095238096,222.69552845528455,184.33650793650793
419155,2010,2010-04-15,"MA Chidambaram Stadium, Chepauk",Chennai Super Kings,Delhi Capitals,Chennai Super Kings,bat,0,0.5476190476190477,0.5609756097560976,0.8,0.4,0.42857142857142855,0.5609756097560976,0.5555555555555556,0.6363636363636364,0.5416666666666666,0.47368421052631576,0.6,1,-0.013356562137049943,0.4,0.09999999999999998,-0.13240418118466907,-0.08080808080808077,0.06798245614035087,-0.46153846153846156,0.0,10.043554006968662,1.918699186991887,10.594337979094064,0.5,0.4,0.5384615384615384,1.0,0.5,0.5,160.21428571428572,150.17073170731706,155.33333333333334,153.41463414634146,220.38214285714284,209.78780487804877
419156,2010,2010-04-16,Himachal Pradesh Cricket Association Stadium,Punjab Kings,Deccan Chargers,Deccan Chargers,field,0,0.5121951219512195,0.40476190476190477,0.6,0.6,0.4634146341463415,0.5952380952380952,0.5909090909090909,0.38095238095238093,0.42105263157894735,0.42857142857142855,0.8,0,0.10743321718931476,0.0,-0.09999999999999998,-0.13182346109175375,0.20995670995671,-0.007518796992481203,0.0,-0.16666666666666669,-1.0534262485481918,-4.558652729384448,6.439818041037512,0.4,0.5,0.5,0.5,0.3333333333333333,0.5,153.7560975609756,154.8095238095238,153.53658536585365,158.0952380952381,208.73902439024388,202.29920634920637
419157,2010,2010-04-17,M Chinnaswamy Stadium,Royal Challengers Bengaluru,Mumbai Indians,Royal Challengers Bengaluru,field,0,0.46511627906976744,0.5384615384615384,0.4,0.6,0.4186046511627907,0.5384615384615384,0.5384615384615384,0.5294117647058824,0.35294117647058826,0.5454545454545454,0.6,1,-0.073345259391771,-0.19999999999999996,-0.19999999999999996,-0.11985688729874772,0.009049773755656076,-0.19251336898395716,-0.6153846153846154,-0.21153846153846156,-9.014907573047111,6.009540846750156,-24.626406281057427,0.5,0.7,0.38461538461538464,1.0,0.5384615384615384,0.75,146.3953488372093,155.4102564102564,152.90697674418604,146.89743589743588,184.6449612403101,209.27136752136752
419158,2010,2010-04-17,Eden Gardens,Kolkata Knight Riders,Rajasthan Royals,Rajasthan Royals,bat,1,0.3684210526315789,0.5952380952380952,0.4,0.4,0.5263157894736842,0.47619047619047616,0.42857142857142855,0.5833333333333334,0.3333333333333333,0.6111111111111112,0.2,0,-0.2268170426065163,0.0,-0.3,0.05012531328320802,-0.15476190476190482,-0.27777777777777785,-0.41666666666666663,-0.04487179487179488,-4.1466165413533815,-2.6741854636591427,-27.129406850459475,0.3,0.6,0.5833333333333334,1.0,0.4166666666666667,0.46153846153846156,146.71052631578948,150.85714285714286,147.42105263157896,150.0952380952381,195.48289473684213,222.6123015873016
419159,2010,2010-04-18,Himachal Pradesh Cricket Association Stadium,Punjab Kings,Chennai Super Kings,Chennai Super Kings,field,0,0.5,0.5348837209302325,0.6,0.6,0.4523809523809524,0.4418604651162791,0.5909090909090909,0.5555555555555556,0.4,0.52,0.16666666666666666,0,-0.03488372093023251,0.0,0.0,0.010520487264673306,0.03535353535353536,-0.12,-0.5,-0.15384615384615385,-4.85492801771872,-0.22978959025471113,-11.668327796234735,0.4,0.4,0.0,0.5,0.3076923076923077,0.46153846153846156,154.23809523809524,159.09302325581396,154.11904761904762,154.34883720930233,209.61190476190478,221.28023255813952
419160,2010,2010-04-18,Feroz Shah Kotla,Delhi Capitals,Deccan Chargers,Deccan Chargers,bat,0,0.5714285714285714,0.4186046511627907,0.4,0.8,0.5476190476190477,0.6046511627906976,0.6521739130434783,0.4090909090909091,0.47368421052631576,0.42857142857142855,0.6666666666666666,0,0.15282392026578068,-0.4,0.0,-0.057032115171649966,0.24308300395256915,0.045112781954887216,0.5833333333333334,0.0,-6.063122923588054,-6.036544850498359,5.720874861572526,0.5,0.5,0.5833333333333334,0.0,0.5384615384615384,0.5384615384615384,149.28571428571428,155.34883720930233,152.42857142857142,158.46511627906978,208.8642857142857,203.14341085271317
419161,2010,2010-04-19,Eden Gardens,Kolkata Knight Riders,Mumbai Indians,Mumbai Indians,bat,1,0.38461538461538464,0.55,0.4,0.6,0.5128205128205128,0.525,0.4666666666666667,0.5294117647058824,0.3333333333333333,0.5652173913043478,0.0,0,-0.1653846153846154,-0.19999999999999996,-0.4,-0.012179487179487247,-0.06274509803921569,-0.23188405797101447,-0.3846153846153846,-0.3076923076923077,-9.941025641025647,0.45064102564103337,-14.573942307692306,0.4,0.8,0.6153846153846154,1.0,0.46153846153846156,0.7692307692307693,146.35897435897436,156.3,147.02564102564102,146.575,195.67564102564103,210.24958333333333
419162,2010,2010-04-21,Dr DY Patil Sports Academy,Royal Challengers Bengaluru,Mumbai Indians,Mumbai Indians,bat,0,0.45454545454545453,0.5365853658536586,0.4,0.6,0.4318181818181818,0.5365853658536586,0.5185185185185185,0.5294117647058824,0.35294117647058826,0.5416666666666666,0.5,0,-0.08203991130820404,-0.19999999999999996,-0.29999999999999993,-0.10476718403547675,-0.01089324618736387,-0.18872549019607837,-0.25,-0.2142857142857143,-9.618070953436785,7.480044345898023,-24.667738359201792,0.4,0.7,0.5,0.75,0.5,0.7142857142857143,146.11363636363637,155.73170731707316,153.77272727272728,146.29268292682926,185.07575757575756,209.74349593495936
419163,2010,2010-04-22,Dr DY Patil Sports Academy,Chennai Super Kings,Deccan Chargers,Chennai Super Kings,bat,1,0.5454545454545454,0.4318181818181818,0.6,1.0,0.45454545454545453,0.6136363636363636,0.5789473684210527,0.4090909090909091,0.52,0.45454545454545453,0.3333333333333333,1,0.11363636363636359,-0.4,0.0,-0.15909090909090912,0.16985645933014354,0.06545454545454549,-0.3333333333333333,-0.0714285714285714,4.7954545454545325,-2.704545454545439,18.397348484848465,0.5,0.5,0.0,0.3333333333333333,0.5,0.5714285714285714,159.9090909090909,155.11363636363637,155.20454545454547,157.9090909090909,221.7965909090909,203.39924242424243
419164,2010,2010-04-24,Dr DY Patil Sports Academy,Royal Challengers Bengaluru,Deccan Chargers,Deccan Chargers,bat,1,0.4444444444444444,0.4222222222222222,0.4,0.8,0.4222222222222222,0.6,0.5,0.391304347826087,0.35294117647058826,0.45454545454545453,0.42857142857142855,0,0.0222222222222222,-0.4,-0.2,-0.17777777777777776,0.10869565217391303,-0.10160427807486627,-0.25,-0.06666666666666665,-7.800000000000011,-3.111111111111086,-18.44074074074075,0.3,0.5,0.0,0.25,0.4666666666666667,0.5333333333333333,146.17777777777778,153.9777777777778,154.44444444444446,157.55555555555554,185.50074074074072,203.94148148148147
419165,2010,2010-04-25,Dr DY Patil Sports Academy,Chennai Super Kings,Mumbai Indians,Chennai Super Kings,bat,1,0.5555555555555556,0.5476190476190477,0.6,0.8,0.4666666666666667,0.5476190476190477,0.5789473684210527,0.5294117647058824,0.5384615384615384,0.56,0.5,1,0.007936507936507908,-0.20000000000000007,-0.09999999999999998,-0.080952380952381,0.049535603715170295,-0.021538461538461617,-0.30000000000000004,-0.19999999999999996,3.106349206349222,7.709523809523802,11.14452380952386,0.6,0.7,0.5,0.8,0.5333333333333333,0.7333333333333333,159.51111111111112,156.4047619047619,154.06666666666666,146.35714285714286,221.69888888888892,210.55436507936506
501198,2011,2011-04-08,"MA Chidambaram Stadium, Chepauk",Chennai Super Kings,Kolkata Knight Riders,Chennai Super Kings,bat,1,0.5652173913043478,0.4,0.8,0.6,0.4782608695652174,0.5,0.5789473684210527,0.5,0.5555555555555556,0.3333333333333333,0.8,1,0.16521739130434776,0.20000000000000007,0.19999999999999996,-0.021739130434782594,0.07894736842105265,0.22222222222222227,0.5,0.0,13.620652173913044,7.216304347826082,26.808532608695657,0.7,0.5,0.5,0.0,0.5,0.5,159.69565217391303,146.075,153.8913043478261,146.675,222.00978260869567,195.20125000000002
501199,2011,2011-04-09,"Rajiv Gandhi International Stadium, Uppal",Deccan Chargers,Rajasthan Royals,Rajasthan Royals,field,0,0.41304347826086957,0.5813953488372093,0.6,0.4,0.6086956521739131,0.4883720930232558,0.391304347826087,0.5833333333333334,0.43478260869565216,0.5789473684210527,0.16666666666666666,0,-0.16835187057633977,0.19999999999999996,0.0,0.12032355915065729,-0.1920289855072464,-0.1441647597254005,-1.0,0.0,1.9944388270980937,6.302325581395337,-18.126188068756335,0.5,0.5,0.0,1.0,0.5,0.5,152.41304347826087,150.41860465116278,156.0,149.69767441860466,204.02536231884056,222.1515503875969
501200,2011,2011-04-09,Nehru Stadium,Kochi Tuskers Kerala,Royal Challengers Bengaluru,Kochi Tuskers Kerala,bat,0,0.5,0.45652173913043476,0.5,0.4,0.5,0.41304347826086957,0.5,0.5172413793103449,0.5,0.35294117647058826,0.5,1,0.043478260869565244,0.09999999999999998,0.09999999999999998,0.08695652173913043,-0.017241379310344862,0.14705882352941174,0.0,0.0,14.010178724081015,6.010178724081015,0.5,0.5,0.4,0.5,0.5,0.5,0.5,158.87974394147233,144.8695652173913,158.87974394147233,152.8695652173913,,185.53333333333333
501201,2011,2011-04-10,Feroz Shah Kotla,Delhi Capitals,Mumbai Indians,Delhi Capitals,bat,0,0.5581395348837209,0.5348837209302325,0.2,0.6,0.5348837209302325,0.5348837209302325,0.625,0.5,0.47368421052631576,0.56,0.5,1,0.023255813953488413,-0.39999999999999997,-0.09999999999999998,0.0,0.125,-0.08631578947368429,0.038461538461538436,0.0,-7.232558139534888,5.395348837209298,-2.920542635658876,0.5,0.6,0.5384615384615384,0.5,0.5,0.5,148.93023255813952,156.1627906976744,152.25581395348837,146.86046511627907,208.1790697674419,211.09961240310076
501202,2011,2011-04-10,Dr DY Patil Sports Academy,Pune Warriors,Punjab Kings,Punjab Kings,bat,1,0.5,0.4883720930232558,0.5,0.4,0.5,0.4418604651162791,0.5,0.5909090909090909,0.5,0.38095238095238093,0.5,0,0.011627906976744207,0.09999999999999998,0.2,0.05813953488372092,-0.09090909090909094,0.11904761904761907,0.0,0.0,3.7634648717048833,3.8099764996118495,0.5,0.5,0.3,0.5,0.5,0.5,0.5,158.87974394147233,155.11627906976744,158.87974394147233,155.06976744186048,,210.6581395348837
501203,2011,2011-04-11,Eden Gardens,Kolkata Knight Riders,Deccan Chargers,Kolkata Knight Riders,bat,1,0.3902439024390244,0.40425531914893614,0.4,0.4,0.4878048780487805,0.5957446808510638,0.47058823529411764,0.391304347826087,0.3333333333333333,0.4166666666666667,0.6666666666666666,1,-0.01401141670991174,0.0,0.0,-0.10793980280228332,0.07928388746803067,-0.08333333333333337,0.6428571428571429,0.0,-5.889984431759217,-8.851582771146838,-8.73226950354612,0.5,0.5,0.6428571428571429,0.0,0.0,0.0,146.1951219512195,152.08510638297872,146.82926829268294,155.68085106382978,194.45,203.1822695035461
501204,2011,2011-04-12,Sawai Mansingh Stadium,Rajasthan Royals,Delhi Capitals,Delhi Capitals,bat,1,0.5909090909090909,0.5454545454545454,0.4,0.2,0.5,0.5454545454545454,0.6,0.625,0.5789473684210527,0.45,0.42857142857142855,0,0.045454545454545525,0.2,0.0,-0.045454545454545414,-0.025000000000000022,0.12894736842105264,0.8,1.0,2.5,-1.636363636363626,13.667045454545445,0.5,0.5,0.8,0.0,1.0,0.0,150.20454545454547,147.70454545454547,149.4090909090909,151.04545454545453,221.58295454545453,207.91590909090908
501205,2011,2011-04-12,M Chinnaswamy Stadium,Royal Challengers Bengaluru,Mumbai Indians,Mumbai Indians,field,0,0.46808510638297873,0.5454545454545454,0.6,0.6,0.40425531914893614,0.5227272727272727,0.5333333333333333,0.5263157894736842,0.35294117647058826,0.56,0.42857142857142855,0,-0.07736943907156668,0.0,-0.09999999999999998,-0.11847195357833656,0.007017543859649145,-0.2070588235294118,-0.6428571428571428,0.0,-9.629593810444874,7.360735009671174,-27.071881044487412,0.5,0.6,0.35714285714285715,1.0,1.0,1.0,145.2340425531915,154.86363636363637,153.04255319148936,145.6818181818182,184.27092198581562,211.34280303030303
501206,2011,2011-04-13,"Punjab Cricket Association Stadium, Mohali",Punjab Kings,Chennai Super Kings,Punjab Kings,field,1,0.4772727272727273,0.574468085106383,0.4,0.8,0.45454545454545453,0.48936170212765956,0.5909090909090909,0.5789473684210527,0.36363636363636365,0.5714285714285714,0.14285714285714285,1,-0.09719535783365574,-0.4,-0.5,-0.03481624758220503,0.011961722488038284,-0.20779220779220775,-0.41666666666666663,-1.0,-5.416827852998068,0.28384912959381836,-12.596276595744683,0.3,0.8,0.5833333333333334,1.0,0.0,1.0,154.13636363636363,159.5531914893617,154.11363636363637,153.82978723404256,209.175,221.7712765957447
501207,2011,2011-04-13,Dr DY Patil Sports Academy,Pune Warriors,Kochi Tuskers Kerala,Kochi Tuskers Kerala,bat,1,1.0,0.0,1.0,0.0,0.0,1.0,1.0,0.5,0.5,0.0,0.5,0,1.0,1.0,1.0,-1.0,0.5,0.5,0.5,1.0,-48.0,-50.0,-38.0,1.0,0.0,1.0,0.5,1.0,0.0,113.0,161.0,112.0,162.0,147.6,185.6
501208,2011,2011-04-14,"Rajiv Gandhi International Stadium, Uppal",Deccan Chargers,Royal Challengers Bengaluru,Royal Challengers Bengaluru,field,1,0.3958333333333333,0.4583333333333333,0.2,0.4,0.5833333333333334,0.3958333333333333,0.375,0.5333333333333333,0.4166666666666667,0.3333333333333333,0.5,0,-0.0625,-0.2,0.09999999999999998,0.18750000000000006,-0.15833333333333333,0.08333333333333337,-1.0,-0.5,7.0,3.0,18.625694444444434,0.5,0.4,0.0,1.0,0.0,0.5,152.125,145.125,155.83333333333334,152.83333333333334,202.27847222222223,183.6527777777778
501209,2011,2011-04-15,Sawai Mansingh Stadium,Rajasthan Royals,Kolkata Knight Riders,Kolkata Knight Riders,field,0,0.6,0.40476190476190477,0.4,0.6,0.4888888888888889,0.5,0.6153846153846154,0.47058823529411764,0.5789473684210527,0.36,0.6666666666666666,0,0.1952380952380952,-0.19999999999999996,0.0,-0.011111111111111127,0.14479638009049778,0.21894736842105267,0.8181818181818182,0.5,3.649206349206338,2.444444444444457,28.011190476190478,0.5,0.5,0.8181818181818182,0.0,1.0,0.5,150.24444444444444,146.5952380952381,149.44444444444446,147.0,221.78222222222223,193.77103174603175
501210,2011,2011-04-15,Wankhede Stadium,Mumbai Indians,Kochi Tuskers Kerala,Kochi Tuskers Kerala,field,0,0.5555555555555556,0.0,0.6,0.0,0.5333333333333333,1.0,0.55,0.5,0.56,0.0,0.5,0,0.5555555555555556,0.6,0.6,-0.4666666666666667,0.050000000000000044,0.56,0.0,1.0,0.09999999999999432,-10.944444444444457,23.801851851851865,0.6,0.0,0.5,0.5,1.0,0.0,154.6,154.5,145.55555555555554,156.5,211.60185185185188,187.8
501211,2011,2011-04-16,"MA Chidambaram Stadium, Chepauk",Chennai Super Kings,Royal Challengers Bengaluru,Chennai Super Kings,bat,1,0.5625,0.4489795918367347,0.8,0.4,0.4791666666666667,0.40816326530612246,0.5789473684210527,0.5161290322580645,0.5517241379310345,0.3333333333333333,0.42857142857142855,1,0.11352040816326531,0.4,0.29999999999999993,0.07100340136054423,0.06281833616298815,0.21839080459770116,0.033333333333333326,0.16666666666666669,15.084608843537438,1.3601190476190652,38.005633503401356,0.7,0.4,0.5333333333333333,0.5,0.5,0.3333333333333333,160.14583333333334,145.0612244897959,154.64583333333334,153.28571428571428,221.15937499999998,183.15374149659863
501212,2011,2011-04-16,"Rajiv Gandhi International Stadium, Uppal",Deccan Chargers,Punjab Kings,Punjab Kings,field,0,0.40816326530612246,0.4888888888888889,0.2,0.4,0.5714285714285714,0.4666666666666667,0.375,0.6086956521739131,0.44,0.36363636363636365,0.3333333333333333,0,-0.08072562358276641,-0.2,0.19999999999999996,0.10476190476190472,-0.23369565217391308,0.07636363636363636,-0.8888888888888888,-0.16666666666666669,-2.408163265306115,0.6843537414965795,-7.514331065759649,0.6,0.4,0.1111111111111111,1.0,0.3333333333333333,0.5,152.59183673469389,155.0,155.55102040816325,154.86666666666667,201.12789115646257,208.64222222222222
501213,2011,2011-04-17,Dr DY Patil Sports Academy,Pune Warriors,Delhi Capitals,Delhi Capitals,field,0,1.0,0.5333333333333333,1.0,0.2,0.0,0.5555555555555556,1.0,0.625,0.5,0.42857142857142855,0.5,0,0.4666666666666667,0.8,0.6,-0.5555555555555556,0.375,0.07142857142857145,1.0,1.0,-15.777777777777771,-21.066666666666663,-34.895555555555546,1.0,0.4,1.0,0.0,1.0,0.0,132.0,147.77777777777777,130.0,151.06666666666666,172.0,206.89555555555555
501214,2011,2011-04-17,Eden Gardens,Kolkata Knight Riders,Rajasthan Royals,Kolkata Knight Riders,field,1,0.4186046511627907,0.5869565217391305,0.8,0.4,0.5116279069767442,0.4782608695652174,0.5,0.6153846153846154,0.36,0.55,0.42857142857142855,1,-0.16835187057633977,0.4,0.19999999999999996,0.0333670374115268,-0.11538461538461542,-0.19000000000000006,0.16666666666666663,0.0,-3.5278058645096166,-2.394843276036397,-28.25933602965958,0.6,0.4,0.6666666666666666,0.5,0.6666666666666666,0.6666666666666666,146.90697674418604,150.43478260869566,147.27906976744185,149.67391304347825,193.1624031007752,221.4217391304348
501215,2011,2011-04-18,Nehru Stadium,Kochi Tuskers Kerala,Chennai Super Kings,Kochi Tuskers Kerala,field,1,0.3333333333333333,0.5714285714285714,0.3333333333333333,0.8,1.0,0.4897959183673469,1.0,0.5789473684210527,0.0,0.5666666666666667,0.5,1,-0.23809523809523808,-0.46666666666666673,-0.36666666666666664,0.5102040816326531,0.42105263157894735,-0.5666666666666667,-0.5,-0.3333333333333333,3.7210884353741562,10.204081632653072,-33.560204081632634,0.3333333333333333,0.7,0.0,0.5,0.3333333333333333,0.6666666666666666,164.33333333333334,160.6122448979592,165.0,154.79591836734693,187.20000000000002,220.76020408163265
501216,2011,2011-04-19,Feroz Shah Kotla,Delhi Capitals,Deccan Chargers,Deccan Chargers,bat,0,0.5434782608695652,0.4,0.4,0.2,0.5652173913043478,0.56,0.64,0.375,0.42857142857142855,0.4230769230769231,0.5714285714285714,0,0.14347826086956517,0.2,-0.09999999999999998,0.005217391304347729,0.265,0.005494505494505475,0.0,0.08333333333333331,-4.144347826086971,-3.9121739130434605,5.22188405797101,0.4,0.5,0.5,0.5,0.3333333333333333,0.25,148.69565217391303,152.84,151.84782608695653,155.76,205.81521739130434,200.59333333333333
501218,2011,2011-04-20,Wankhede Stadium,Mumbai Indians,Pune Warriors,Pune Warriors,bat,1,0.5434782608695652,0.6666666666666666,0.6,0.6666666666666666,0.5217391304347826,0.0,0.55,1.0,0.5384615384615384,0.0,0.5,0,-0.12318840579710144,-0.06666666666666665,-0.06666666666666665,0.5217391304347826,-0.44999999999999996,0.5384615384615384,-0.09999999999999998,0.0,4.8623188405796895,-3.608695652173907,32.93128019323672,0.6,0.6666666666666666,0.4,0.5,0.6666666666666666,0.6666666666666666,155.19565217391303,150.33333333333334,146.3913043478261,150.0,211.97572463768117,179.04444444444445
501219,2011,2011-04-20,Eden Gardens,Kolkata Knight Riders,Kochi Tuskers Kerala,Kolkata Knight Riders,field,0,0.4318181818181818,0.5,0.8,0.5,0.5227272727272727,1.0,0.5263157894736842,1.0,0.36,0.0,0.5,1,-0.06818181818181818,0.30000000000000004,0.09999999999999998,-0.4772727272727273,-0.4736842105263158,0.36,0.1875,0.25,-11.5,-10.72727272727272,3.6647727272727195,0.6,0.5,0.6875,0.5,0.75,0.5,145.5,157.0,145.77272727272728,156.5,193.7814393939394,190.11666666666667
501220,2011,2011-04-21,"Punjab Cricket Association Stadium, Mohali",Punjab Kings,Rajasthan Royals,Rajasthan Royals,field,1,0.5,0.574468085106383,0.4,0.4,0.4782608695652174,0.46808510638297873,0.625,0.6153846153846154,0.36363636363636365,0.5238095238095238,0.3333333333333333,0,-0.07446808510638303,0.0,0.09999999999999998,0.010175763182238673,0.009615384615384581,-0.1601731601731602,0.11538461538461542,0.16666666666666663,6.281683626271956,6.789084181313598,-12.762002775208117,0.5,0.4,0.6153846153846154,0.5,0.6666666666666666,0.5,155.2391304347826,148.95744680851064,155.08695652173913,148.29787234042553,207.9358695652174,220.6978723404255
501221,2011,2011-04-22,Wankhede Stadium,Mumbai Indians,Chennai Super Kings,Chennai Super Kings,field,1,0.5531914893617021,0.56,0.6,0.6,0.5106382978723404,0.48,0.5714285714285714,0.5789473684210527,0.5384615384615384,0.5483870967741935,0.42857142857142855,0,-0.006808510638297904,0.0,0.09999999999999998,0.030638297872340403,-0.007518796992481258,-0.00992555831265507,0.0,0.25,-5.488085106382982,-8.612765957446811,-7.890886524822662,0.7,0.6,0.5,0.5,0.75,0.5,154.53191489361703,160.02,145.7872340425532,154.4,212.67411347517734,220.565
501222,2011,2011-04-22,Eden Gardens,Kolkata Knight Riders,Royal Challengers Bengaluru,Royal Challengers Bengaluru,field,0,0.4222222222222222,0.44,0.6,0.4,0.5333333333333333,0.4,0.5,0.5,0.36,0.3333333333333333,0.5,0,-0.01777777777777778,0.19999999999999996,0.19999999999999996,0.1333333333333333,0.0,0.026666666666666672,0.6470588235294118,0.35,-0.3333333333333428,-8.413333333333327,11.69651851851853,0.6,0.4,0.6470588235294118,0.0,0.6,0.25,145.06666666666666,145.4,145.46666666666667,153.88,194.35518518518518,182.65866666666665
501223,2011,2011-04-23,Feroz Shah Kotla,Delhi Capitals,Punjab Kings,Punjab Kings,field,1,0.5319148936170213,0.5106382978723404,0.2,0.6,0.5531914893617021,0.46808510638297873,0.6153846153846154,0.625,0.42857142857142855,0.391304347826087,0.3333333333333333,0,0.021276595744680882,-0.39999999999999997,-0.3,0.08510638297872342,-0.009615384615384581,0.037267080745341574,-0.5333333333333333,-0.5,-7.319148936170222,-2.7234042553191387,-2.532978723404284,0.3,0.6,0.4666666666666667,1.0,0.25,0.75,148.7659574468085,156.08510638297872,152.19148936170214,154.91489361702128,205.31489361702126,207.84787234042554
501224,2011,2011-04-24,"Rajiv Gandhi International Stadium, Uppal",Deccan Chargers,Mumbai Indians,Deccan Chargers,field,0,0.4117647058823529,0.5625,0.4,0.8,0.5686274509803921,0.5,0.375,0.5714285714285714,0.4444444444444444,0.5555555555555556,0.5,1,-0.15073529411764708,-0.4,-0.19999999999999996,0.06862745098039214,-0.1964285714285714,-0.11111111111111116,-0.9,-0.4,-1.591911764705884,9.686274509803923,-12.988909313725486,0.5,0.7,0.1,1.0,0.4,0.8,153.13725490196077,154.72916666666666,155.68627450980392,146.0,200.0169934640523,213.00590277777778
501225,2011,2011-04-24,Sawai Mansingh Stadium,Rajasthan Royals,Kochi Tuskers Kerala,Rajasthan Royals,field,1,0.5625,0.6,0.4,0.6,0.4791666666666667,0.8,0.5925925925925926,1.0,0.5238095238095238,0.3333333333333333,0.5,1,-0.03749999999999998,-0.19999999999999996,-0.19999999999999996,-0.32083333333333336,-0.40740740740740744,0.19047619047619052,0.25,-0.19999999999999996,-3.083333333333343,-1.1291666666666629,29.698333333333323,0.4,0.6,0.75,0.5,0.4,0.6,148.91666666666666,152.0,149.27083333333334,150.4,219.59166666666667,189.89333333333335
501226,2011,2011-04-25,"MA Chidambaram Stadium, Chepauk",Chennai Super Kings,Pune Warriors,Pune Warriors,field,1,0.5490196078431373,0.5,0.4,0.5,0.49019607843137253,0.25,0.55,1.0,0.5483870967741935,0.0,0.5,0,0.0490196078431373,-0.09999999999999998,0.09999999999999998,0.24019607843137253,-0.44999999999999996,0.5483870967741935,0.0625,-0.09999999999999998,17.691176470588232,11.088235294117652,36.86339869281048,0.6,0.5,0.5625,0.5,0.4,0.5,159.94117647058823,142.25,154.58823529411765,143.5,220.2467320261438,183.38333333333333
501227,2011,2011-04-26,Feroz Shah Kotla,Delhi Capitals,Royal Challengers Bengaluru,Royal Challengers Bengaluru,field,0,0.5416666666666666,0.45098039215686275,0.4,0.4,0.5416666666666666,0.4117647058823529,0.6153846153846154,0.5151515151515151,0.45454545454545453,0.3333333333333333,0.8333333333333334,0,0.09068627450980388,0.0,-0.10000000000000003,0.1299019607843137,0.10023310023310028,0.12121212121212122,0.5,0.0,4.498774509803923,-0.9865196078431495,22.98464052287585,0.3,0.4,0.5,0.0,0.4,0.4,150.47916666666666,145.98039215686273,153.22916666666666,154.2156862745098,204.98333333333335,181.9986928104575
501228,2011,2011-04-27,Dr DY Patil Sports Academy,Pune Warriors,Chennai Super Kings,Pune Warriors,bat,0,0.4,0.5576923076923077,0.4,0.4,0.4,0.4807692307692308,0.6666666666666666,0.55,0.0,0.5625,0.0,1,-0.1576923076923077,0.0,-0.19999999999999996,-0.08076923076923076,0.11666666666666659,-0.5625,0.0,-0.09999999999999998,-22.39615384615385,-10.665384615384625,-37.32512820512818,0.4,0.6,0.6666666666666666,0.6666666666666666,0.4,0.5,137.2,159.59615384615384,143.2,153.8653846153846,182.34666666666666,219.67179487179484
501229,2011,2011-04-27,Nehru Stadium,Kochi Tuskers Kerala,Deccan Chargers,Kochi Tuskers Kerala,field,0,0.5,0.40384615384615385,0.6,0.4,0.6666666666666666,0.5769230769230769,1.0,0.36,0.25,0.4444444444444444,0.5,1,0.09615384615384615,0.19999999999999996,0.09999999999999998,0.08974358974358976,0.64,-0.19444444444444442,0.0,0.16666666666666669,-7.955128205128204,-12.166666666666657,-13.855555555555554,0.5,0.4,0.5,0.5,0.5,0.3333333333333333,144.83333333333334,152.78846153846155,143.83333333333334,156.0,185.61111111111111,199.46666666666667
501230,2011,2011-04-28,Feroz Shah Kotla,Delhi Capitals,Kolkata Knight Riders,Delhi Capitals,field,0,0.5306122448979592,0.41304347826086957,0.4,0.6,0.5306122448979592,0.5217391304347826,0.6153846153846154,0.5,0.43478260869565216,0.34615384615384615,0.6,1,0.11756876663708965,-0.19999999999999996,-0.2,0.008873114463176623,0.11538461538461542,0.08862876254180602,0.47058823529411764,-0.16666666666666669,5.043034605146403,7.279059449866907,9.652462289263553,0.3,0.5,0.47058823529411764,0.0,0.3333333333333333,0.5,150.6734693877551,145.6304347826087,153.3877551020408,146.1086956521739,205.0122448979592,195.35978260869564
501231,2011,2011-04-29,Sawai Mansingh Stadium,Rajasthan Royals,Mumbai Indians,Rajasthan Royals,field,1,0.5714285714285714,0.5714285714285714,0.4,0.8,0.4897959183673469,0.4897959183673469,0.6071428571428571,0.5714285714285714,0.5238095238095238,0.5714285714285714,0.4,1,0.0,-0.4,-0.29999999999999993,0.0,0.0357142857142857,-0.04761904761904756,0.2692307692307693,-0.33333333333333337,-6.9387755102040956,2.6734693877551194,5.35340136054424,0.4,0.7,0.7692307692307693,0.5,0.5,0.8333333333333334,148.14285714285714,155.08163265306123,148.44897959183675,145.77551020408163,218.98367346938778,213.63027210884354
501232,2011,2011-04-29,M Chinnaswamy Stadium,Royal Challengers Bengaluru,Pune Warriors,Pune Warriors,field,1,0.46153846153846156,0.3333333333333333,0.4,0.2,0.4230769230769231,0.5,0.5294117647058824,0.6666666666666666,0.3333333333333333,0.0,0.5,0,0.12820512820512825,0.2,0.16666666666666669,-0.07692307692307693,-0.13725490196078427,0.3333333333333333,-0.16666666666666669,0.16666666666666669,8.43589743589743,10.826923076923066,-9.91837606837609,0.5,0.3333333333333333,0.3333333333333333,0.5,0.5,0.3333333333333333,146.26923076923077,137.83333333333334,154.32692307692307,143.5,182.13717948717948,192.05555555555557
501233,2011,2011-04-30,Nehru Stadium,Kochi Tuskers Kerala,Delhi Capitals,Delhi Capitals,bat,0,0.42857142857142855,0.52,0.6,0.4,0.7142857142857143,0.54,0.6666666666666666,0.5925925925925926,0.25,0.43478260869565216,0.5,0,-0.09142857142857147,0.19999999999999996,0.12857142857142856,0.17428571428571427,0.07407407407407407,-0.18478260869565216,-0.16666666666666669,0.14285714285714285,-15.565714285714279,-11.565714285714279,-20.83104761904761,0.42857142857142855,0.3,0.3333333333333333,0.5,0.42857142857142855,0.2857142857142857,134.71428571428572,150.28,141.71428571428572,153.28,184.1809523809524,205.012
501234,2011,2011-04-30,Eden Gardens,Kolkata Knight Riders,Punjab Kings,Kolkata Knight Riders,field,1,0.425531914893617,0.5,0.6,0.6,0.5106382978723404,0.4791666666666667,0.5,0.6,0.37037037037037035,0.391304347826087,0.5,1,-0.07446808510638298,0.0,0.09999999999999998,0.0314716312056737,-0.09999999999999998,-0.020933977455716624,0.11111111111111116,-0.02857142857142858,-11.36081560283688,-10.712765957446805,-12.646786347517718,0.6,0.5,0.6111111111111112,0.5,0.5714285714285714,0.6,145.68085106382978,157.04166666666666,145.7872340425532,156.5,195.45425531914896,208.10104166666667
501235,2011,2011-05-01,Sawai Mansingh Stadium,Rajasthan Royals,Pune Warriors,Rajasthan Royals,field,1,0.58,0.2857142857142857,0.4,0.0,0.5,0.5714285714285714,0.6206896551724138,0.5,0.5238095238095238,0.0,0.5,1,0.29428571428571426,0.4,0.11428571428571432,-0.0714285714285714,0.12068965517241381,0.5238095238095238,0.2857142857142857,0.2857142857142857,6.794285714285735,-1.4971428571428476,25.373523809523817,0.4,0.2857142857142857,0.7857142857142857,0.5,0.5714285714285714,0.2857142857142857,147.08,140.28571428571428,147.36,148.85714285714286,218.56400000000002,193.1904761904762
501236,2011,2011-05-01,"MA Chidambaram Stadium, Chepauk",Chennai Super Kings,Deccan Chargers,Chennai Super Kings,bat,1,0.5660377358490566,0.41509433962264153,0.6,0.6,0.4716981132075472,0.5660377358490566,0.5714285714285714,0.36,0.5625,0.4642857142857143,0.42857142857142855,1,0.15094339622641506,0.0,0.29999999999999993,-0.09433962264150941,0.2114285714285714,0.0982142857142857,-0.4117647058823529,0.14285714285714285,6.981132075471692,-0.830188679245282,20.355974842767296,0.7,0.4,0.5882352941176471,1.0,0.5714285714285714,0.42857142857142855,159.32075471698113,152.33962264150944,153.62264150943398,154.45283018867926,219.5194968553459,199.1635220125786
501237,2011,2011-05-02,Wankhede Stadium,Mumbai Indians,Punjab Kings,Punjab Kings,field,1,0.56,0.4897959183673469,0.6,0.6,0.48,0.46938775510204084,0.5714285714285714,0.6,0.5517241379310345,0.375,0.3333333333333333,0,0.07020408163265313,0.0,0.09999999999999998,0.010612244897959144,-0.02857142857142858,0.17672413793103448,0.0714285714285714,0.2142857142857143,-2.4053061224489625,-10.995102040816334,5.35313605442181,0.6,0.5,0.5714285714285714,0.5,0.7142857142857143,0.5,153.86,156.26530612244898,144.76,155.75510204081633,214.12966666666668,208.77653061224487
501238,2011,2011-05-02,Feroz Shah Kotla,Delhi Capitals,Kochi Tuskers Kerala,Kochi Tuskers Kerala,field,0,0.5294117647058824,0.375,0.4,0.4,0.5490196078431373,0.625,0.5925925925925926,0.5,0.4583333333333333,0.25,1.0,0,0.15441176470588236,0.0,0.025000000000000022,-0.0759803921568627,0.09259259259259256,0.20833333333333331,-0.05555555555555558,0.0,17.661764705882348,8.98284313725489,23.347058823529437,0.4,0.375,0.4444444444444444,0.5,0.375,0.375,150.41176470588235,132.75,152.6078431372549,143.625,204.58039215686276,181.23333333333332
501239,2011,2011-05-03,"Rajiv Gandhi International Stadium, Uppal",Deccan Chargers,Kolkata Knight Riders,Deccan Chargers,field,0,0.4074074074074074,0.4375,0.4,0.6,0.5555555555555556,0.5208333333333334,0.34615384615384615,0.5238095238095238,0.4642857142857143,0.37037037037037035,0.2857142857142857,1,-0.030092592592592615,-0.19999999999999996,-0.39999999999999997,0.03472222222222221,-0.1776556776556777,0.09391534391534395,-0.9090909090909091,-0.25,7.076388888888886,9.418981481481495,3.7013503086419632,0.3,0.7,0.09090909090909091,1.0,0.375,0.625,152.22222222222223,145.14583333333334,154.64814814814815,145.22916666666666,199.1753086419753,195.47395833333334
501240,2011,2011-05-04,"MA Chidambaram Stadium, Chepauk",Chennai Super Kings,Rajasthan Royals,Rajasthan Royals,bat,1,0.5740740740740741,0.5882352941176471,0.6,0.6,0.48148148148148145,0.5098039215686274,0.5714285714285714,0.6333333333333333,0.5757575757575758,0.5238095238095238,0.42857142857142855,0,-0.014161220043573008,0.0,0.19999999999999996,-0.02832244008714596,-0.06190476190476191,0.051948051948051965,0.11111111111111116,0.0,12.406318082788658,6.20697167755992,1.0957153231663028,0.7,0.5,0.6111111111111112,0.5,0.625,0.625,159.42592592592592,147.01960784313727,153.4814814814815,147.27450980392157,219.3506172839506,218.2549019607843
501241,2011,2011-05-04,Dr DY Patil Sports Academy,Pune Warriors,Mumbai Indians,Pune Warriors,field,0,0.25,0.5686274509803921,0.0,0.8,0.5,0.47058823529411764,0.5,0.5714285714285714,0.0,0.5666666666666667,0.0,1,-0.31862745098039214,-0.8,-0.44999999999999996,0.02941176470588236,-0.0714285714285714,-0.5666666666666667,-0.16666666666666663,-0.5,-13.335784313725497,3.661764705882348,-18.546732026143815,0.25,0.7,0.5,0.6666666666666666,0.25,0.75,140.625,153.9607843137255,148.25,144.58823529411765,195.53333333333333,214.08006535947715
501242,2011,2011-05-05,Nehru Stadium,Kochi Tuskers Kerala,Kolkata Knight Riders,Kolkata Knight Riders,field,1,0.4444444444444444,0.4489795918367347,0.4,0.6,0.6666666666666666,0.5102040816326531,0.6,0.5238095238095238,0.25,0.39285714285714285,1.0,0,-0.004535147392290273,-0.19999999999999996,-0.25555555555555554,0.15646258503401356,0.07619047619047614,-0.14285714285714285,-0.25,-0.2222222222222222,-11.96598639455783,-2.0839002267573505,-15.837830687830689,0.4444444444444444,0.7,0.25,0.5,0.4444444444444444,0.6666666666666666,133.66666666666666,145.6326530612245,143.22222222222223,145.30612244897958,179.54074074074072,195.3785714285714
501243,2011,2011-05-05,"Rajiv Gandhi International Stadium, Uppal",Deccan Chargers,Delhi Capitals,Delhi Capitals,field,0,0.4,0.5192307692307693,0.4,0.4,0.5636363636363636,0.5384615384615384,0.3333333333333333,0.5925925925925926,0.4642857142857143,0.44,0.5,0,-0.11923076923076925,0.0,0.0,0.025174825174825166,-0.25925925925925924,0.0242857142857143,-0.9166666666666666,0.0,1.9520979020979041,2.5244755244755197,-5.743053613053604,0.3,0.3,0.08333333333333333,1.0,0.3333333333333333,0.3333333333333333,152.16363636363636,150.21153846153845,154.9090909090909,152.3846153846154,198.96848484848485,204.71153846153845
501244,2011,2011-05-06,M Chinnaswamy Stadium,Royal Challengers Bengaluru,Punjab Kings,Punjab Kings,field,1,0.4716981132075472,0.48,0.6,0.4,0.41509433962264153,0.48,0.5294117647058824,0.5769230769230769,0.3684210526315789,0.375,0.5,0,-0.008301886792452806,0.19999999999999996,0.09999999999999998,-0.06490566037735845,-0.04751131221719451,-0.006578947368421073,-0.125,0.14285714285714285,-8.935471698113219,-1.480377358490557,-26.97106289308175,0.5,0.4,0.375,0.5,0.5714285714285714,0.42857142857142855,146.9245283018868,155.86,154.33962264150944,155.82,182.2566037735849,209.22766666666666
501245,2011,2011-05-07,Eden Gardens,Kolkata Knight Riders,Chennai Super Kings,Chennai Super Kings,bat,1,0.44,0.5818181818181818,0.6,0.8,0.52,0.4727272727272727,0.5,0.5909090909090909,0.39285714285714285,0.5757575757575758,0.16666666666666666,0,-0.1418181818181818,-0.20000000000000007,-0.09999999999999998,0.0472727272727273,-0.09090909090909094,-0.18290043290043295,-0.368421052631579,-0.06666666666666665,-13.736363636363649,-7.843636363636364,-23.606696969696998,0.6,0.7,0.631578947368421,1.0,0.6,0.6666666666666666,145.5,159.23636363636365,145.52,153.36363636363637,195.563,219.169696969697
501246,2011,2011-05-07,Wankhede Stadium,Mumbai Indians,Delhi Capitals,Delhi Capitals,field,1,0.5769230769230769,0.5283018867924528,0.8,0.4,0.46153846153846156,0.5471698113207547,0.5714285714285714,0.6071428571428571,0.5806451612903226,0.44,0.5714285714285714,0,0.04862119013062405,0.4,0.29999999999999993,-0.08563134978229314,-0.0357142857142857,0.14064516129032262,0.625,0.37777777777777777,3.322206095790989,-8.330551523947747,9.239991533623623,0.7,0.4,0.625,0.0,0.7777777777777778,0.4,154.07692307692307,150.75471698113208,144.48076923076923,152.81132075471697,214.23621794871795,204.99622641509433
501247,2011,2011-05-08,M Chinnaswamy Stadium,Royal Challengers Bengaluru,Kochi Tuskers Kerala,Kochi Tuskers Kerala,bat,1,0.48148148148148145,0.5,0.8,0.4,0.4074074074074074,0.6,0.5294117647058824,0.6,0.4,0.4,1.0,0,-0.018518518518518545,0.4,0.09999999999999998,-0.1925925925925926,-0.07058823529411762,0.0,-0.08823529411764708,0.125,12.099999999999994,10.903703703703684,1.2988888888888823,0.6,0.5,0.4117647058823529,0.5,0.625,0.5,148.0,135.9,153.7037037037037,142.8,182.70555555555555,181.40666666666667
501248,2011,2011-05-08,"Punjab Cricket Association Stadium, Mohali",Punjab Kings,Pune Warriors,Punjab Kings,bat,0,0.47058823529411764,0.2222222222222222,0.2,0.0,0.49019607843137253,0.5555555555555556,0.5555555555555556,0.4,0.375,0.0,0.0,1,0.24836601307189543,0.2,0.07777777777777778,-0.06535947712418305,0.15555555555555556,0.375,0.1428571428571429,0.1527777777777778,14.712418300653582,7.22875816993465,16.7615468409586,0.3,0.2222222222222222,0.6428571428571429,0.5,0.375,0.2222222222222222,155.15686274509804,140.44444444444446,156.7843137254902,149.55555555555554,209.61339869281045,192.85185185185185
501249,2011,2011-05-09,Sawai Mansingh Stadium,Rajasthan Royals,Chennai Super Kings,Rajasthan Royals,field,0,0.5769230769230769,0.5714285714285714,0.6,0.8,0.5192307692307693,0.48214285714285715,0.6333333333333333,0.5909090909090909,0.5,0.5588235294117647,0.5,1,0.005494505494505475,-0.20000000000000007,-0.09999999999999998,0.03708791208791212,0.042424242424242364,-0.05882352941176472,0.8,-0.0444444444444444,-11.409340659340643,-4.406593406593402,-1.4957875457875502,0.5,0.6,0.8,0.0,0.5555555555555556,0.6,147.01923076923077,158.42857142857142,147.30769230769232,151.71428571428572,217.94230769230768,219.43809523809523
501250,2011,2011-05-10,"Rajiv Gandhi International Stadium, Uppal",Deccan Chargers,Pune Warriors,Deccan Chargers,bat,0,0.39285714285714285,0.3,0.2,0.2,0.5535714285714286,0.5,0.3333333333333333,0.5,0.4482758620689655,0.0,0.5,1,0.09285714285714286,0.0,0.0,0.0535714285714286,-0.16666666666666669,0.4482758620689655,-0.4230769230769231,0.0,14.171428571428578,8.839285714285722,6.470238095238102,0.3,0.3,0.07692307692307693,0.5,0.3,0.3,152.57142857142858,138.4,155.33928571428572,146.5,198.28690476190476,191.81666666666666
501251,2011,2011-05-10,"Punjab Cricket Association Stadium, Mohali",Punjab Kings,Mumbai Indians,Mumbai Indians,field,1,0.46153846153846156,0.5849056603773585,0.0,0.8,0.5,0.4528301886792453,0.5555555555555556,0.5714285714285714,0.36,0.59375,0.5714285714285714,0,-0.12336719883889691,-0.8,-0.5,0.047169811320754707,-0.015873015873015817,-0.23375,0.6,-0.46666666666666673,-0.06676342525400969,11.567489114658912,-5.51216134494436,0.3,0.8,0.6,0.0,0.3333333333333333,0.8,154.46153846153845,154.52830188679246,156.07692307692307,144.50943396226415,208.85544871794872,214.36761006289308
501252,2011,2011-05-11,Sawai Mansingh Stadium,Rajasthan Royals,Royal Challengers Bengaluru,Royal Challengers Bengaluru,field,0,0.5660377358490566,0.4909090909090909,0.6,1.0,0.5283018867924528,0.4,0.6129032258064516,0.5428571428571428,0.5,0.4,0.5,0,0.07512864493996568,-0.4,-0.19999999999999996,0.1283018867924528,0.07004608294930881,0.09999999999999998,0.25,-0.16666666666666663,-0.881646655231549,-4.955403087478572,34.06041166380791,0.5,0.7,0.75,0.5,0.5,0.6666666666666666,146.75471698113208,147.63636363636363,148.22641509433961,153.1818181818182,217.61132075471698,183.55090909090907
501253,2011,2011-05-12,"MA Chidambaram Stadium, Chepauk",Chennai Super Kings,Delhi Capitals,Chennai Super Kings,bat,1,0.5789473684210527,0.5185185185185185,0.8,0.4,0.47368421052631576,0.5555555555555556,0.5909090909090909,0.5862068965517241,0.5714285714285714,0.44,0.5,1,0.060428849902534165,0.4,0.19999999999999996,-0.08187134502923982,0.004702194357366851,0.1314285714285714,-0.368421052631579,0.2727272727272727,8.42105263157896,-1.8918128654970587,13.900974658869387,0.6,0.4,0.631578947368421,1.0,0.6363636363636364,0.36363636363636365,159.08771929824562,150.66666666666666,151.3859649122807,153.27777777777777,219.36023391812864,205.45925925925926
501254,2011,2011-05-13,Holkar Cricket Stadium,Kochi Tuskers Kerala,Punjab Kings,Punjab Kings,field,0,0.45454545454545453,0.4716981132075472,0.4,0.2,0.6363636363636364,0.49056603773584906,0.6,0.5555555555555556,0.3333333333333333,0.38461538461538464,0.5,0,-0.017152658662092646,0.2,0.09999999999999998,0.1457975986277873,0.0444444444444444,-0.05128205128205132,0.0,0.05454545454545451,-19.71355060034307,-13.319039451114918,-28.939937106918222,0.5,0.4,0.5,0.5,0.45454545454545453,0.4,134.9090909090909,154.62264150943398,141.45454545454547,154.77358490566039,178.93333333333334,207.87327044025156
501255,2011,2011-05-14,M Chinnaswamy Stadium,Royal Challengers Bengaluru,Kolkata Knight Riders,Royal Challengers Bengaluru,field,1,0.5,0.45098039215686275,1.0,0.8,0.4107142857142857,0.5098039215686274,0.5555555555555556,0.5217391304347826,0.4,0.39285714285714285,0.5714285714285714,1,0.04901960784313725,0.19999999999999996,0.0,-0.09908963585434172,0.033816425120772986,0.007142857142857173,-0.05555555555555558,0.0636363636363636,3.8532913165266223,8.151610644257687,-9.884558823529403,0.7,0.7,0.4444444444444444,0.5,0.7,0.6363636363636364,147.69642857142858,143.84313725490196,153.05357142857142,144.90196078431373,185.4125,195.2970588235294
501256,2011,2011-05-14,Wankhede Stadium,Mumbai Indians,Deccan Chargers,Deccan Chargers,bat,0,0.5740740740740741,0.38596491228070173,0.6,0.2,0.46296296296296297,0.5614035087719298,0.5454545454545454,0.3333333333333333,0.59375,0.43333333333333335,0.5714285714285714,0,0.18810916179337234,0.39999999999999997,0.39999999999999997,-0.09844054580896683,0.2121212121212121,0.16041666666666665,0.16666666666666663,0.4545454545454546,0.9970760233917986,-10.165692007797276,16.24793697205979,0.7,0.3,0.6666666666666666,0.5,0.7272727272727273,0.2727272727272727,153.27777777777777,152.28070175438597,144.85185185185185,155.01754385964912,214.30524691358025,198.05730994152046
501257,2011,2011-05-15,Himachal Pradesh Cricket Association Stadium,Punjab Kings,Delhi Capitals,Delhi Capitals,field,1,0.48148148148148145,0.509090909090909,0.4,0.4,0.5,0.5454545454545454,0.5714285714285714,0.5666666666666667,0.38461538461538464,0.44,0.5714285714285714,0,-0.027609427609427584,0.0,0.09999999999999998,-0.045454545454545414,0.004761904761904745,-0.055384615384615365,-0.5,0.12121212121212122,4.311111111111103,1.5127946127946075,2.1634287317620817,0.5,0.4,0.0,0.5,0.45454545454545453,0.3333333333333333,155.11111111111111,150.8,155.2037037037037,153.6909090909091,207.50524691358024,205.34181818181816
501258,2011,2011-05-15,Holkar Cricket Stadium,Kochi Tuskers Kerala,Rajasthan Royals,Kochi Tuskers Kerala,field,1,0.4166666666666667,0.5555555555555556,0.4,0.4,0.5833333333333334,0.5185185185185185,0.6,0.6129032258064516,0.2857142857142857,0.4782608695652174,0.0,1,-0.1388888888888889,0.0,0.09999999999999998,0.06481481481481488,-0.012903225806451646,-0.1925465838509317,-0.5,-0.037878787878787845,-8.240740740740733,-3.5277777777777715,-40.52592592592595,0.5,0.4,0.0,0.5,0.4166666666666667,0.45454545454545453,138.5,146.74074074074073,144.75,148.27777777777777,176.5222222222222,217.04814814814816
501259,2011,2011-05-16,Dr DY Patil Sports Academy,Pune Warriors,Deccan Chargers,Deccan Chargers,field,0,0.36363636363636365,0.39655172413793105,0.4,0.2,0.45454545454545453,0.5689655172413793,0.5714285714285714,0.3333333333333333,0.0,0.45161290322580644,1.0,0,-0.0329153605015674,0.2,-0.10000000000000003,-0.1144200626959248,0.23809523809523808,-0.45161290322580644,0.2,0.03030303030303033,-13.71003134796237,-8.954545454545467,-1.6374085684430497,0.3,0.4,0.4,0.2,0.36363636363636365,0.3333333333333333,138.27272727272728,151.98275862068965,145.54545454545453,154.5,196.0878787878788,197.72528735632184
501260,2011,2011-05-17,Himachal Pradesh Cricket Association Stadium,Punjab Kings,Royal Challengers Bengaluru,Punjab Kings,bat,1,0.4909090909090909,0.5087719298245614,0.6,1.0,0.4909090909090909,0.42105263157894735,0.5714285714285714,0.5675675675675675,0.4074074074074074,0.4,0.42857142857142855,1,-0.017862838915470525,-0.4,-0.19999999999999996,0.06985645933014356,0.0038610038610038533,0.007407407407407363,-0.16666666666666669,-0.2272727272727273,8.434449760765546,3.0156299840510314,19.890414673046223,0.5,0.7,0.3333333333333333,0.5,0.5,0.7272727272727273,155.38181818181818,146.94736842105263,154.94545454545454,151.9298245614035,207.0851515151515,187.19473684210527
501261,2011,2011-05-18,"MA Chidambaram Stadium, Chepauk",Chennai Super Kings,Kochi Tuskers Kerala,Chennai Super Kings,bat,1,0.5862068965517241,0.46153846153846156,0.8,0.6,0.4827586206896552,0.6153846153846154,0.5909090909090909,0.6666666666666666,0.5833333333333334,0.2857142857142857,0.0,1,0.12466843501326252,0.20000000000000007,0.19999999999999996,-0.13262599469496023,-0.07575757575757569,0.29761904761904767,0.15000000000000002,0.20512820512820507,23.9946949602122,10.423076923076934,46.26666666666668,0.7,0.5,0.65,0.5,0.6666666666666666,0.46153846153846156,159.3793103448276,135.3846153846154,151.5,141.07692307692307,219.93333333333334,173.66666666666666
501262,2011,2011-05-19,Dr DY Patil Sports Academy,Pune Warriors,Kolkata Knight Riders,Kolkata Knight Riders,field,0,0.3333333333333333,0.4423076923076923,0.4,0.6,0.4166666666666667,0.5,0.5714285714285714,0.5217391304347826,0.0,0.3793103448275862,0.5,0,-0.10897435897435898,-0.19999999999999996,-0.39999999999999997,-0.08333333333333331,0.0496894409937888,-0.3793103448275862,-0.6666666666666667,-0.25000000000000006,-4.705128205128204,0.7820512820512704,4.1058760683760624,0.2,0.6,0.3333333333333333,1.0,0.3333333333333333,0.5833333333333334,138.08333333333334,142.78846153846155,144.91666666666666,144.1346153846154,198.99722222222223,194.89134615384617
501263,2011,2011-05-20,Wankhede Stadium,Mumbai Indians,Rajasthan Royals,Mumbai Indians,bat,0,0.5636363636363636,0.5454545454545454,0.6,0.2,0.45454545454545453,0.509090909090909,0.5217391304347826,0.6129032258064516,0.59375,0.4583333333333333,0.5,1,0.018181818181818188,0.39999999999999997,0.3,-0.05454545454545451,-0.09116409537166903,0.13541666666666669,-0.4,0.24999999999999994,6.927272727272708,-2.690909090909088,-1.2493939393939684,0.6,0.3,0.6,1.0,0.6666666666666666,0.4166666666666667,152.76363636363635,145.83636363636364,144.6727272727273,147.36363636363637,214.5360606060606,215.78545454545457
501264,2011,2011-05-21,Himachal Pradesh Cricket Association Stadium,Punjab Kings,Deccan Chargers,Punjab Kings,field,0,0.5,0.4067796610169492,0.8,0.4,0.5,0.576271186440678,0.5714285714285714,0.35714285714285715,0.42857142857142855,0.45161290322580644,0.7142857142857143,1,0.09322033898305082,0.4,0.09999999999999998,-0.07627118644067798,0.21428571428571425,-0.02304147465437789,-0.5,0.1538461538461538,5.0042372881355845,0.15284503631963275,9.675963478611777,0.5,0.4,0.5,1.0,0.5384615384615384,0.38461538461538464,156.75,151.74576271186442,154.33928571428572,154.1864406779661,206.95505952380952,197.27909604519775
501265,2011,2011-05-21,Feroz Shah Kotla,Delhi Capitals,Pune Warriors,Delhi Capitals,bat,0,0.5,0.3076923076923077,0.2,0.4,0.5535714285714286,0.38461538461538464,0.5483870967741935,0.5714285714285714,0.44,0.0,1.0,1,0.1923076923076923,-0.2,0.09999999999999998,0.16895604395604397,-0.02304147465437789,0.44,-0.07894736842105265,0.0,14.086538461538453,11.059065934065927,4.9764652014651745,0.3,0.2,0.42105263157894735,0.5,0.3076923076923077,0.3076923076923077,150.625,136.53846153846155,153.98214285714286,142.92307692307693,205.18928571428572,200.21282051282054
501266,2011,2011-05-22,M Chinnaswamy Stadium,Royal Challengers Bengaluru,Chennai Super Kings,Royal Challengers Bengaluru,field,1,0.5,0.5932203389830508,0.8,0.8,0.41379310344827586,0.4915254237288136,0.5526315789473685,0.5909090909090909,0.4,0.5945945945945946,0.5,1,-0.09322033898305082,0.0,0.0,-0.07773232028053773,-0.038277511961722466,-0.1945945945945946,-0.026315789473684237,-0.02564102564102566,-12.754237288135585,1.9883109292811412,-31.055971166958926,0.7,0.7,0.47368421052631576,0.5,0.6666666666666666,0.6923076923076923,146.5,159.25423728813558,153.31034482758622,151.32203389830508,189.0310344827586,220.08700564971753
501267,2011,2011-05-22,Eden Gardens,Kolkata Knight Riders,Mumbai Indians,Mumbai Indians,field,0,0.4528301886792453,0.5535714285714286,0.6,0.4,0.5094339622641509,0.4642857142857143,0.5416666666666666,0.5217391304347826,0.3793103448275862,0.5757575757575758,0.16666666666666666,0,-0.10074123989218331,0.19999999999999996,0.0,0.04514824797843664,0.019927536231884035,-0.1964472309299896,0.15000000000000002,0.0,-10.071091644204841,-0.8406334231806056,-20.078913971248852,0.6,0.6,0.65,0.5,0.6153846153846154,0.6153846153846154,142.33962264150944,152.41071428571428,143.64150943396226,144.48214285714286,194.75471698113208,214.83363095238093
501268,2011,2011-05-24,Wankhede Stadium,Royal Challengers Bengaluru,Chennai Super Kings,Chennai Super Kings,field,0,0.5084745762711864,0.5833333333333334,0.8,0.6,0.423728813559322,0.48333333333333334,0.5641025641025641,0.5909090909090909,0.4,0.5789473684210527,0.5555555555555556,0,-0.07485875706214695,0.20000000000000007,0.10000000000000009,-0.05960451977401132,-0.026806526806526842,-0.17894736842105263,0.6666666666666667,0.049450549450549386,-12.529943502824835,1.9313559322033882,-30.048493408662893,0.8,0.7,1.0,0.3333333333333333,0.6923076923076923,0.6428571428571429,146.20338983050848,158.73333333333332,152.88135593220338,150.95,189.82372881355934,219.87222222222223
501269,2011,2011-05-25,Wankhede Stadium,Mumbai Indians,Kolkata Knight Riders,Mumbai Indians,field,1,0.5614035087719298,0.4444444444444444,0.4,0.4,0.47368421052631576,0.5,0.5416666666666666,0.5416666666666666,0.5757575757575758,0.36666666666666664,0.8571428571428571,1,0.11695906432748537,0.0,0.09999999999999998,-0.026315789473684237,0.0,0.20909090909090916,0.5454545454545454,0.07142857142857151,9.915204678362556,0.7397660818713518,19.29346978557504,0.6,0.5,0.5454545454545454,0.0,0.6428571428571429,0.5714285714285714,152.859649122807,142.94444444444446,145.01754385964912,144.27777777777777,214.07865497076023,194.78518518518518
501270,2011,2011-05-27,"MA Chidambaram Stadium, Chepauk",Royal Challengers Bengaluru,Mumbai Indians,Mumbai Indians,field,1,0.5,0.5689655172413793,0.6,0.4,0.4166666666666667,0.4827586206896552,0.5641025641025641,0.56,0.38095238095238093,0.5757575757575758,0.375,0,-0.06896551724137934,0.19999999999999996,0.20000000000000007,-0.06609195402298851,0.004102564102564044,-0.19480519480519487,0.3333333333333333,-0.023809523809523725,-6.092528735632186,8.231609195402285,-23.129022988505767,0.8,0.6,0.3333333333333333,0.0,0.6428571428571429,0.6666666666666666,146.68333333333334,152.77586206896552,153.28333333333333,145.05172413793105,190.2,213.32902298850576
501271,2011,2011-05-28,"MA Chidambaram Stadium, Chepauk",Chennai Super Kings,Royal Challengers Bengaluru,Chennai Super Kings,bat,1,0.5901639344262295,0.5081967213114754,0.8,0.6,0.4918032786885246,0.4098360655737705,0.6086956521739131,0.5641025641025641,0.5789473684210527,0.4090909090909091,0.5,1,0.08196721311475408,0.20000000000000007,0.0,0.08196721311475408,0.044593088071348985,0.16985645933014354,0.16666666666666663,0.0,11.721311475409834,-1.754098360655746,28.789071038251365,0.8,0.8,0.6666666666666666,0.5,0.6666666666666666,0.6666666666666666,159.0327868852459,147.31147540983608,151.34426229508196,153.0983606557377,219.22185792349725,190.4327868852459
548306,2012,2012-04-04,"MA Chidambaram Stadium, Chepauk",Chennai Super Kings,Mumbai Indians,Mumbai Indians,field,0,0.5967741935483871,0.559322033898305,0.8,0.4,0.5,0.4915254237288136,0.6086956521739131,0.5384615384615384,0.5897435897435898,0.5757575757575758,0.5,0,0.037452159650082084,0.4,0.30000000000000004,0.008474576271186418,0.07023411371237465,0.013986013986013957,0.6818181818181818,0.0,7.180973209404044,5.545379989065083,6.091880809185341,0.8,0.5,0.6818181818181818,0.0,0.5,0.5,159.7741935483871,152.59322033898306,151.2741935483871,145.72881355932202,218.8763440860215,212.78446327683616
548307,2012,2012-04-05,Eden Gardens,Kolkata Knight Riders,Delhi Capitals,Delhi Capitals,field,0,0.43636363636363634,0.49122807017543857,0.4,0.2,0.4909090909090909,0.5614035087719298,0.5416666666666666,0.5483870967741935,0.3548387096774194,0.4230769230769231,0.5,0,-0.05486443381180223,0.2,0.2,-0.07049441786283889,-0.006720430107526876,-0.0682382133995037,0.6190476190476191,0.0,-5.946730462519923,-9.636688311688317,-8.13339712918662,0.5,0.3,0.6190476190476191,0.0,0.5,0.5,143.01818181818183,148.96491228070175,144.34545454545454,153.98214285714286,194.6981818181818,202.83157894736843
548308,2012,2012-04-06,Wankhede Stadium,Mumbai Indians,Pune Warriors,Mumbai Indians,field,0,0.5666666666666667,0.2857142857142857,0.6,0.4,0.5,0.35714285714285715,0.5555555555555556,0.5714285714285714,0.5757575757575758,0.0,1.0,1,0.28095238095238095,0.19999999999999996,0.39999999999999997,0.14285714285714285,-0.015873015873015817,0.5757575757575758,0.5833333333333334,0.5,15.428205128205121,8.452380952380935,14.133293650793632,0.6,0.2,0.5833333333333334,0.0,1.0,0.5,151.96666666666667,136.53846153846155,145.16666666666666,136.71428571428572,211.98805555555555,197.85476190476192
548309,2012,2012-04-06,Sawai Mansingh Stadium,Rajasthan Royals,Punjab Kings,Punjab Kings,field,1,0.5535714285714286,0.49122807017543857,0.2,0.8,0.5,0.5087719298245614,0.625,0.5517241379310345,0.4583333333333333,0.42857142857142855,0.5714285714285714,0,0.062343358395990034,-0.6000000000000001,0.0,-0.00877192982456143,0.07327586206896552,0.029761904761904767,0.7058823529411765,0.0,-10.410087719298247,-7.998120300751879,6.968588137009164,0.4,0.4,0.7058823529411765,0.0,0.5,0.5,145.625,156.03508771929825,147.10714285714286,155.10526315789474,214.69285714285712,207.72426900584796
548310,2012,2012-04-07,M Chinnaswamy Stadium,Royal Challengers Bengaluru,Delhi Capitals,Delhi Capitals,field,1,0.5,0.5,0.4,0.2,0.4032258064516129,0.5689655172413793,0.55,0.5625,0.4090909090909091,0.4230769230769231,0.2857142857142857,0,0.0,0.2,0.39999999999999997,-0.16573971078976646,-0.012499999999999956,-0.013986013986013957,-0.5,-0.5,-0.8142380422691815,0.9530277306168671,-12.313125695216911,0.7,0.3,0.5,1.0,0.5,1.0,147.30645161290323,148.1206896551724,153.93548387096774,152.98245614035088,190.59032258064516,202.90344827586208
548311,2012,2012-04-07,Dr. Y.S. Rajasekhara Reddy ACA-VDCA Cricket Stadium,Deccan Chargers,Chennai Super Kings,Deccan Chargers,field,0,0.4166666666666667,0.5873015873015873,0.6,0.6,0.5666666666666667,0.49206349206349204,0.35714285714285715,0.6086956521739131,0.46875,0.575,0.5,1,-0.17063492063492064,0.0,-0.19999999999999996,0.07460317460317462,-0.25155279503105593,-0.10624999999999996,0.0,0.5,-6.499206349206332,2.8515873015873012,-20.37894179894181,0.5,0.7,0.5,0.5,0.5,0.0,152.51666666666668,159.015873015873,153.55,150.6984126984127,198.06444444444443,218.44338624338624
548312,2012,2012-04-08,Sawai Mansingh Stadium,Rajasthan Royals,Kolkata Knight Riders,Kolkata Knight Riders,field,1,0.5614035087719298,0.42857142857142855,0.4,0.2,0.49122807017543857,0.48214285714285715,0.625,0.5416666666666666,0.48,0.34375,0.5,0,0.13283208020050125,0.2,0.0,0.009085213032581418,0.08333333333333337,0.13624999999999998,0.2222222222222222,1.0,4.224624060150376,3.7797619047619264,19.68302005012532,0.5,0.5,0.7222222222222222,0.5,1.0,0.0,146.42105263157896,142.19642857142858,147.33333333333334,143.55357142857142,213.95087719298246,194.26785714285714
548313,2012,2012-04-08,Subrata Roy Sahara Stadium,Pune Warriors,Punjab Kings,Pune Warriors,bat,1,0.3333333333333333,0.4827586206896552,0.4,0.6,0.3333333333333333,0.5172413793103449,0.5714285714285714,0.5333333333333333,0.14285714285714285,0.42857142857142855,1.0,1,-0.14942528735632188,-0.19999999999999996,-0.10000000000000003,-0.18390804597701155,0.03809523809523807,-0.2857142857142857,0.0,1.0,-20.103448275862064,-21.390804597701134,-12.138141762452108,0.3,0.4,0.5,0.5,1.0,0.0,136.0,156.10344827586206,134.33333333333334,155.72413793103448,195.99777777777777,208.13591954022988
548314,2012,2012-04-09,Dr. Y.S. Rajasekhara Reddy ACA-VDCA Cricket Stadium,Deccan Chargers,Mumbai Indians,Deccan Chargers,bat,0,0.4098360655737705,0.5573770491803278,0.6,0.6,0.5737704918032787,0.5081967213114754,0.3448275862068966,0.5357142857142857,0.46875,0.5757575757575758,0.5,1,-0.14754098360655732,0.0,-0.09999999999999998,0.06557377049180324,-0.19088669950738912,-0.1070075757575758,-0.5,-0.5,0.836065573770469,9.295081967213122,-14.47240437158473,0.4,0.5,0.0,0.5,0.0,0.5,151.9672131147541,151.13114754098362,154.19672131147541,144.9016393442623,197.82404371584698,212.2964480874317
548315,2012,2012-04-10,M Chinnaswamy Stadium,Royal Challengers Bengaluru,Kolkata Knight Riders,Royal Challengers Bengaluru,field,0,0.5079365079365079,0.42105263157894735,0.6,0.2,0.3968253968253968,0.49122807017543857,0.55,0.52,0.43478260869565216,0.34375,0.625,1,0.08688387635756056,0.39999999999999997,0.29999999999999993,-0.09440267335004177,0.030000000000000027,0.09103260869565216,0.19047619047619052,1.0,5.267335004177113,9.754385964912274,-3.251127819548884,0.7,0.4,0.5238095238095238,0.3333333333333333,1.0,0.0,147.46031746031747,142.19298245614036,153.66666666666666,143.91228070175438,190.55238095238093,193.8035087719298
548316,2012,2012-04-10,Feroz Shah Kotla,Delhi Capitals,Chennai Super Kings,Delhi Capitals,field,1,0.4915254237288136,0.59375,0.2,0.6,0.576271186440678,0.484375,0.5454545454545454,0.6086956521739131,0.4230769230769231,0.5853658536585366,0.42857142857142855,1,-0.10222457627118642,-0.39999999999999997,-0.39999999999999997,0.09189618644067798,-0.06324110671936767,-0.16228893058161348,-0.6,0.0,-11.614671610169495,2.8485991379310462,-14.77581214689269,0.3,0.7,0.4,1.0,0.5,0.5,147.9322033898305,159.546875,153.05172413793105,150.203125,202.77627118644065,217.55208333333334
548317,2012,2012-04-11,Wankhede Stadium,Mumbai Indians,Rajasthan Royals,Rajasthan Royals,field,1,0.5645161290322581,0.5689655172413793,0.6,0.6,0.5,0.4827586206896552,0.5517241379310345,0.625,0.5757575757575758,0.5,0.42857142857142855,0,-0.004449388209121219,0.0,-0.09999999999999998,0.017241379310344807,-0.07327586206896552,0.0757575757575758,-0.46153846153846156,-0.33333333333333337,4.259733036707445,-2.4510567296996726,-2.92423989618095,0.5,0.6,0.5384615384615384,1.0,0.6666666666666666,1.0,150.98387096774192,146.72413793103448,144.79032258064515,147.24137931034483,211.972311827957,214.89655172413794
548318,2012,2012-04-12,"MA Chidambaram Stadium, Chepauk",Chennai Super Kings,Royal Challengers Bengaluru,Royal Challengers Bengaluru,bat,1,0.5846153846153846,0.5,0.6,0.4,0.47692307692307695,0.40625,0.6086956521739131,0.5365853658536586,0.5714285714285714,0.43478260869565216,0.5454545454545454,0,0.08461538461538465,0.19999999999999996,0.0,0.07067307692307695,0.07211028632025451,0.13664596273291924,0.25217391304347825,-0.16666666666666669,11.706490384615392,-4.243750000000006,26.732051282051287,0.6,0.6,0.6521739130434783,0.4,0.3333333333333333,0.5,158.7846153846154,147.078125,149.6,153.84375,217.2820512820513,190.55
548319,2012,2012-04-12,"Punjab Cricket Association Stadium, Mohali",Punjab Kings,Pune Warriors,Punjab Kings,field,1,0.4745762711864407,0.375,0.4,0.4,0.5084745762711864,0.375,0.5161290322580645,0.5714285714285714,0.42857142857142855,0.25,0.0,1,0.09957627118644069,0.0,0.0,0.13347457627118642,-0.055299539170506895,0.17857142857142855,-0.375,-1.0,17.898305084745772,20.960805084745772,12.720444915254234,0.4,0.4,0.625,1.0,0.0,1.0,155.89830508474577,138.0,155.89830508474577,134.9375,208.4183615819209,195.69791666666666
548320,2012,2012-04-13,Eden Gardens,Kolkata Knight Riders,Rajasthan Royals,Rajasthan Royals,bat,1,0.43103448275862066,0.559322033898305,0.2,0.6,0.4827586206896552,0.4915254237288136,0.52,0.6060606060606061,0.36363636363636365,0.5,0.4444444444444444,0,-0.12828755113968437,-0.39999999999999997,-0.09999999999999998,-0.008766803039158388,-0.08606060606060606,-0.13636363636363635,0.2575757575757576,-0.3333333333333333,-4.532437171244908,-4.533021624780815,-21.708927527761517,0.4,0.5,0.5909090909090909,0.3333333333333333,0.3333333333333333,0.6666666666666666,142.58620689655172,147.11864406779662,143.55172413793105,148.08474576271186,193.473275862069,215.1822033898305
548322,2012,2012-04-14,Subrata Roy Sahara Stadium,Pune Warriors,Chennai Super Kings,Chennai Super Kings,bat,1,0.35294117647058826,0.5909090909090909,0.4,0.6,0.35294117647058826,0.4696969696969697,0.5714285714285714,0.625,0.2222222222222222,0.5714285714285714,0.0,0,-0.23796791443850268,-0.19999999999999996,-0.29999999999999993,-0.11675579322638147,-0.0535714285714286,-0.3492063492063492,0.5,0.16666666666666663,-22.96780303030303,-16.615864527629242,-20.010576351752803,0.4,0.7,1.0,0.5,0.6666666666666666,0.5,136.5625,159.53030303030303,133.8235294117647,150.43939393939394,197.01568627450982,217.02626262626262
548323,2012,2012-04-15,Eden Gardens,Kolkata Knight Riders,Punjab Kings,Kolkata Knight Riders,field,0,0.4406779661016949,0.48333333333333334,0.4,0.4,0.4745762711864407,0.5166666666666667,0.5384615384615384,0.53125,0.36363636363636365,0.42857142857142855,0.5714285714285714,1,-0.04265536723163843,0.0,-0.09999999999999998,-0.04209039548022603,0.007211538461538436,-0.0649350649350649,0.27536231884057977,0.16666666666666669,-12.741807909604518,-11.877683615819222,-15.240371939736349,0.4,0.5,0.6086956521739131,0.3333333333333333,0.5,0.3333333333333333,142.4915254237288,155.23333333333332,143.33898305084745,155.21666666666667,193.41101694915255,208.6513888888889
548324,2012,2012-04-15,M Chinnaswamy Stadium,Royal Challengers Bengaluru,Rajasthan Royals,Rajasthan Royals,bat,0,0.49230769230769234,0.55,0.4,0.6,0.4153846153846154,0.5,0.5365853658536586,0.6060606060606061,0.4166666666666667,0.48148148148148145,0.5714285714285714,0,-0.05769230769230771,-0.19999999999999996,0.09999999999999998,-0.08461538461538459,-0.06947524020694751,-0.06481481481481477,0.0,-0.16666666666666669,1.119230769230768,6.776923076923083,-24.817115384615363,0.5,0.4,0.5,0.5,0.3333333333333333,0.5,147.96923076923076,146.85,154.6769230769231,147.9,190.49538461538464,215.3125
548325,2012,2012-04-16,Wankhede Stadium,Mumbai Indians,Delhi Capitals,Delhi Capitals,field,0,0.5714285714285714,0.5,0.6,0.4,0.49206349206349204,0.5833333333333334,0.5517241379310345,0.5588235294117647,0.5882352941176471,0.4230769230769231,0.625,0,0.0714285714285714,0.19999999999999996,0.09999999999999998,-0.09126984126984133,-0.007099391480730244,0.165158371040724,0.5714285714285714,0.08333333333333337,4.3976190476190595,-7.131557707828875,8.833386243386258,0.5,0.4,0.5714285714285714,0.0,0.75,0.6666666666666666,151.71428571428572,147.31666666666666,145.1904761904762,152.32203389830508,211.96005291005292,203.12666666666667
548326,2012,2012-04-17,Sawai Mansingh Stadium,Rajasthan Royals,Deccan Chargers,Deccan Chargers,bat,1,0.5573770491803278,0.4032258064516129,0.6,0.6,0.5081967213114754,0.5806451612903226,0.6060606060606061,0.3448275862068966,0.5,0.45454545454545453,0.8571428571428571,0,0.15415124272871494,0.0,0.0,-0.0724484399788472,0.2612330198537095,0.04545454545454547,0.7368421052631579,0.6,-4.102591221575892,-6.295081967213122,16.93239908337739,0.4,0.4,0.7368421052631579,0.0,0.6,0.0,147.63934426229508,151.74193548387098,147.70491803278688,154.0,215.32540983606557,198.39301075268818
548327,2012,2012-04-17,M Chinnaswamy Stadium,Royal Challengers Bengaluru,Pune Warriors,Pune Warriors,bat,1,0.48484848484848486,0.3888888888888889,0.2,0.6,0.4090909090909091,0.3333333333333333,0.5238095238095238,0.625,0.4166666666666667,0.2222222222222222,1.0,0,0.09595959595959597,-0.39999999999999997,-0.09999999999999998,0.0757575757575758,-0.10119047619047616,0.19444444444444448,0.4782608695652174,-0.5,10.081996434937594,20.287878787878782,-6.030303030303003,0.4,0.5,0.4782608695652174,0.0,0.25,0.75,147.78787878787878,137.7058823529412,155.28787878787878,135.0,190.669696969697,196.7
548328,2012,2012-04-18,"Punjab Cricket Association Stadium, Mohali",Punjab Kings,Kolkata Knight Riders,Punjab Kings,bat,0,0.4918032786885246,0.43333333333333335,0.4,0.4,0.5081967213114754,0.48333333333333334,0.53125,0.5185185185185185,0.4482758620689655,0.36363636363636365,0.5,1,0.05846994535519123,0.0,0.19999999999999996,0.024863387978142082,0.01273148148148151,0.08463949843260188,0.1470588235294118,0.09999999999999998,12.568579234972674,11.65273224043716,16.191734972677608,0.6,0.4,0.6470588235294118,0.5,0.5,0.4,154.88524590163934,142.31666666666666,154.8360655737705,143.18333333333334,209.3292349726776,193.1375
548321,2012,2012-04-19,Feroz Shah Kotla,Delhi Capitals,Deccan Chargers,Deccan Chargers,bat,1,0.5081967213114754,0.3968253968253968,0.6,0.4,0.5901639344262295,0.5873015873015873,0.5714285714285714,0.3448275862068966,0.4230769230769231,0.4411764705882353,0.5555555555555556,0,0.11137132448607862,0.19999999999999996,0.10000000000000003,0.0028623471246421728,0.22660098522167482,-0.01809954751131221,-0.23809523809523808,0.75,-6.018214936247745,-3.3658730158730066,4.669589730245491,0.4,0.3,0.42857142857142855,0.6666666666666666,0.75,0.0,146.4262295081967,152.44444444444446,151.31666666666666,154.68253968253967,203.6754098360656,199.0058201058201
548330,2012,2012-04-19,"MA Chidambaram Stadium, Chepauk",Chennai Super Kings,Pune Warriors,Pune Warriors,field,1,0.582089552238806,0.3684210526315789,0.4,0.6,0.47761194029850745,0.3684210526315789,0.625,0.625,0.5581395348837209,0.2,0.6666666666666666,0,0.21366849960722706,-0.19999999999999996,0.09999999999999998,0.10919088766692853,0.0,0.3581395348837209,0.6666666666666666,-0.19999999999999996,19.296019900497527,12.838177533385704,20.31836868290131,0.6,0.5,0.6666666666666666,0.0,0.4,0.6,159.46268656716418,140.16666666666666,150.52238805970148,137.68421052631578,217.02363184079604,196.70526315789473
548331,2012,2012-04-20,"Punjab Cricket Association Stadium, Mohali",Punjab Kings,Royal Challengers Bengaluru,Royal Challengers Bengaluru,field,0,0.4838709677419355,0.4925373134328358,0.4,0.4,0.5161290322580645,0.40298507462686567,0.53125,0.5348837209302325,0.43333333333333335,0.4166666666666667,0.5,0,-0.008666345690900301,0.0,0.19999999999999996,0.11314395763119883,-0.003633720930232509,0.016666666666666663,0.11111111111111116,0.0,6.02888781896965,-1.2994703899855722,19.288055689295476,0.6,0.4,0.6111111111111112,0.5,0.4,0.4,154.38709677419354,148.3582089552239,154.38709677419354,155.6865671641791,209.64327956989248,190.355223880597
548332,2012,2012-04-21,"MA Chidambaram Stadium, Chepauk",Chennai Super Kings,Rajasthan Royals,Rajasthan Royals,bat,1,0.5882352941176471,0.5645161290322581,0.6,0.6,0.47058823529411764,0.5,0.625,0.6176470588235294,0.5681818181818182,0.5,0.5555555555555556,0,0.02371916508538896,0.0,0.09999999999999998,-0.02941176470588236,0.007352941176470562,0.06818181818181823,0.34666666666666673,-0.16666666666666663,11.09392789373814,2.0455407969639623,1.321876976597082,0.6,0.5,0.68,0.3333333333333333,0.5,0.6666666666666666,159.52941176470588,148.43548387096774,150.52941176470588,148.48387096774192,216.88504901960783,215.56317204301075
548333,2012,2012-04-21,Feroz Shah Kotla,Delhi Capitals,Pune Warriors,Delhi Capitals,field,0,0.5161290322580645,0.35,0.8,0.4,0.5806451612903226,0.4,0.5833333333333334,0.5555555555555556,0.4230769230769231,0.2,0.5,1,0.16612903225806452,0.4,0.09999999999999998,0.1806451612903226,0.02777777777777779,0.22307692307692306,0.45454545454545453,0.30000000000000004,5.940577249575568,12.409836065573757,7.77322580645162,0.5,0.4,0.45454545454545453,0.0,0.8,0.5,146.67741935483872,140.73684210526315,151.40983606557376,139.0,203.6032258064516,195.82999999999998
548334,2012,2012-04-22,Wankhede Stadium,Mumbai Indians,Punjab Kings,Mumbai Indians,bat,0,0.5625,0.47619047619047616,0.6,0.4,0.484375,0.5079365079365079,0.5517241379310345,0.53125,0.5714285714285714,0.41935483870967744,0.375,1,0.08630952380952384,0.19999999999999996,0.0,-0.02356150793650791,0.020474137931034475,0.15207373271889396,0.2,0.26666666666666666,-3.7425595238095184,-10.196428571428584,3.4824694113756607,0.5,0.5,0.5333333333333333,0.3333333333333333,0.6,0.3333333333333333,150.78125,154.52380952380952,144.375,154.57142857142858,212.40442708333333,208.92195767195767
548335,2012,2012-04-22,Barabati Stadium,Deccan Chargers,Kolkata Knight Riders,Kolkata Knight Riders,field,0,0.390625,0.4426229508196721,0.2,0.6,0.59375,0.47540983606557374,0.3448275862068966,0.5357142857142857,0.42857142857142855,0.36363636363636365,0.25,0,-0.05199795081967212,-0.39999999999999997,-0.10000000000000003,0.11834016393442626,-0.19088669950738912,0.0649350649350649,0.5,-0.5,10.450051229508205,11.92802254098362,7.12932889344259,0.3,0.4,1.0,0.5,0.0,0.5,152.515625,142.0655737704918,154.796875,142.86885245901638,199.98697916666666,192.85765027322407
548336,2012,2012-04-23,Sawai Mansingh Stadium,Rajasthan Royals,Royal Challengers Bengaluru,Rajasthan Royals,field,0,0.5555555555555556,0.5,0.4,0.4,0.5079365079365079,0.4117647058823529,0.6176470588235294,0.5454545454545454,0.4827586206896552,0.4166666666666667,0.5,1,0.05555555555555558,0.0,0.0,0.09617180205415499,0.07219251336898402,0.06609195402298851,0.08333333333333337,0.0714285714285714,-0.22082166199814424,-7.3338001867413425,25.904450669156546,0.5,0.5,0.75,0.6666666666666666,0.5714285714285714,0.5,148.3968253968254,148.61764705882354,148.46031746031747,155.7941176470588,216.18386243386243,190.27941176470588
548337,2012,2012-04-24,Subrata Roy Sahara Stadium,Pune Warriors,Delhi Capitals,Pune Warriors,bat,0,0.38095238095238093,0.5079365079365079,0.4,0.6,0.38095238095238093,0.5873015873015873,0.5555555555555556,0.5675675675675675,0.2727272727272727,0.4230769230769231,0.3333333333333333,1,-0.12698412698412698,-0.19999999999999996,0.0,-0.2063492063492064,-0.012012012012011963,-0.15034965034965037,0.5,-0.09523809523809523,-3.7793650793650784,-11.493087557603673,-9.51746031746032,0.4,0.4,1.0,0.5,0.5714285714285714,0.6666666666666666,143.3,147.0793650793651,140.57142857142858,152.06451612903226,194.26666666666665,203.78412698412697
548339,2012,2012-04-25,"Punjab Cricket Association Stadium, Mohali",Punjab Kings,Mumbai Indians,Punjab Kings,bat,0,0.484375,0.5538461538461539,0.6,0.4,0.5,0.49230769230769234,0.5454545454545454,0.5517241379310345,0.41935483870967744,0.5555555555555556,0.6666666666666666,1,-0.06947115384615388,0.19999999999999996,0.0,0.007692307692307665,-0.006269592476489061,-0.13620071684587814,0.5789473684210527,-0.07142857142857145,3.7026442307692378,10.026201923076911,-3.849210737179476,0.5,0.5,0.5789473684210527,0.0,0.42857142857142855,0.5,154.671875,150.96923076923076,154.703125,144.6769230769231,209.00130208333334,212.85051282051282
548341,2012,2012-04-26,Subrata Roy Sahara Stadium,Pune Warriors,Deccan Chargers,Deccan Chargers,bat,0,0.36363636363636365,0.38461538461538464,0.4,0.0,0.4090909090909091,0.5846153846153846,0.5555555555555556,0.3448275862068966,0.25,0.4166666666666667,0.5,0,-0.02097902097902099,0.4,0.10000000000000003,-0.17552447552447553,0.210727969348659,-0.16666666666666669,0.16666666666666663,0.5,-8.679120879120887,-13.460139860139861,-7.374592074592044,0.4,0.3,0.6666666666666666,0.5,0.5,0.0,143.42857142857142,152.1076923076923,140.9090909090909,154.36923076923077,192.9818181818182,200.35641025641024
548342,2012,2012-04-27,Feroz Shah Kotla,Delhi Capitals,Mumbai Indians,Mumbai Indians,field,1,0.515625,0.5606060606060606,0.8,0.6,0.578125,0.48484848484848486,0.5789473684210527,0.5666666666666667,0.4230769230769231,0.5555555555555556,0.4444444444444444,0,-0.04498106060606055,0.20000000000000007,-0.09999999999999998,0.09327651515151514,0.012280701754386003,-0.1324786324786325,-0.23188405797101447,0.1428571428571429,-4.1789772727272805,6.937950937950944,-9.502398989899007,0.5,0.6,0.43478260869565216,0.6666666666666666,0.7142857142857143,0.5714285714285714,147.09375,151.27272727272728,151.96825396825398,145.03030303030303,203.7625,213.264898989899
548343,2012,2012-04-28,"MA Chidambaram Stadium, Chepauk",Chennai Super Kings,Punjab Kings,Punjab Kings,bat,0,0.5942028985507246,0.47692307692307695,0.6,0.4,0.463768115942029,0.5076923076923077,0.64,0.5454545454545454,0.5681818181818182,0.40625,0.75,0,0.11727982162764766,0.19999999999999996,0.19999999999999996,-0.043924191750278674,0.0945454545454546,0.16193181818181823,0.1923076923076923,0.1964285714285714,4.470903010033453,-4.490078037904112,8.101553325901165,0.6,0.4,0.6923076923076923,0.5,0.5714285714285714,0.375,159.34782608695653,154.87692307692308,150.46376811594203,154.95384615384614,216.99975845410628,208.89820512820512
548344,2012,2012-04-28,Eden Gardens,Kolkata Knight Riders,Royal Challengers Bengaluru,Kolkata Knight Riders,bat,1,0.45161290322580644,0.5072463768115942,0.8,0.6,0.4838709677419355,0.4057971014492754,0.5517241379310345,0.5454545454545454,0.36363636363636365,0.44,0.4444444444444444,1,-0.055633473585787796,0.20000000000000007,0.0,0.07807386629266011,0.006269592476489061,-0.07636363636363636,0.25000000000000006,0.0,-7.380317905563345,-13.011921458625523,2.6354955586722895,0.5,0.5,0.5833333333333334,0.3333333333333333,0.5714285714285714,0.5714285714285714,141.82258064516128,149.20289855072463,142.59677419354838,155.6086956521739,192.87607526881723,190.24057971014494
548345,2012,2012-04-29,Feroz Shah Kotla,Delhi Capitals,Rajasthan Royals,Delhi Capitals,bat,1,0.5230769230769231,0.546875,0.8,0.4,0.5692307692307692,0.515625,0.5789473684210527,0.6,0.4444444444444444,0.4827586206896552,0.5,1,-0.023798076923076894,0.4,0.09999999999999998,0.05360576923076921,-0.021052631578947323,-0.038314176245210774,0.4583333333333333,0.25,-0.2971153846153811,3.15625,-12.599306891025634,0.6,0.5,0.4583333333333333,0.0,0.75,0.5,148.01538461538462,148.3125,152.25,149.09375,203.9723076923077,216.57161458333334
548346,2012,2012-04-29,Wankhede Stadium,Mumbai Indians,Deccan Chargers,Mumbai Indians,field,1,0.5522388059701493,0.3939393939393939,0.4,0.2,0.4925373134328358,0.5909090909090909,0.5483870967741935,0.3448275862068966,0.5555555555555556,0.43243243243243246,0.5555555555555556,1,0.15829941203075537,0.2,0.09999999999999998,-0.09837177747625514,0.20355951056729693,0.12312312312312312,-0.5,0.33333333333333337,-0.9326096788783502,-8.484170058796934,13.257832051861925,0.5,0.4,0.5,1.0,0.5,0.16666666666666666,151.55223880597015,152.4848484848485,145.955223880597,154.43939393939394,213.29975124378112,200.0419191919192
548347,2012,2012-04-30,"MA Chidambaram Stadium, Chepauk",Chennai Super Kings,Kolkata Knight Riders,Chennai Super Kings,bat,0,0.5857142857142857,0.4603174603174603,0.6,0.8,0.45714285714285713,0.49206349206349204,0.6153846153846154,0.5517241379310345,0.5681818181818182,0.38235294117647056,0.7142857142857143,1,0.12539682539682545,-0.20000000000000007,0.09999999999999998,-0.03492063492063491,0.06366047745358094,0.18582887700534767,0.6666666666666666,-0.125,16.612698412698393,7.939682539682536,23.35791005291003,0.6,0.5,0.6666666666666666,0.0,0.5,0.625,159.2,142.5873015873016,150.54285714285714,142.6031746031746,216.35976190476188,193.00185185185185
548348,2012,2012-05-01,Barabati Stadium,Deccan Chargers,Pune Warriors,Deccan Chargers,bat,1,0.3880597014925373,0.34782608695652173,0.2,0.2,0.582089552238806,0.391304347826087,0.3448275862068966,0.5,0.42105263157894735,0.25,0.6666666666666666,1,0.040233614536015594,0.0,0.0,0.190785204412719,-0.15517241379310343,0.17105263157894735,0.16666666666666663,-0.30158730158730157,7.565128900949816,11.163530175210894,7.575492104693922,0.4,0.4,0.6666666666666666,0.5,0.14285714285714285,0.4444444444444444,151.70149253731344,144.13636363636363,153.6417910447761,142.47826086956522,200.67114427860696,193.09565217391304
548349,2012,2012-05-01,Sawai Mansingh Stadium,Rajasthan Royals,Delhi Capitals,Rajasthan Royals,bat,0,0.5384615384615384,0.5303030303030303,0.4,0.8,0.5076923076923077,0.5757575757575758,0.5833333333333334,0.5789473684210527,0.4827586206896552,0.4642857142857143,0.4444444444444444,1,0.00815850815850816,-0.4,-0.19999999999999996,-0.06806526806526814,0.004385964912280715,0.018472906403940892,0.7142857142857143,-0.33333333333333337,0.27808857808858534,-3.092307692307685,12.165944055944067,0.5,0.7,0.7142857142857143,0.0,0.4444444444444444,0.7777777777777778,148.35384615384615,148.07575757575756,149.13846153846154,152.23076923076923,216.56897435897437,204.4030303030303
548350,2012,2012-05-02,M Chinnaswamy Stadium,Royal Challengers Bengaluru,Punjab Kings,Punjab Kings,field,0,0.5,0.48484848484848486,0.6,0.4,0.4,0.5151515151515151,0.5333333333333333,0.5454545454545454,0.44,0.42424242424242425,0.5555555555555556,0,0.015151515151515138,0.19999999999999996,0.09999999999999998,-0.11515151515151512,-0.012121212121212088,0.015757575757575748,0.16666666666666669,0.05555555555555558,-5.779653679653677,1.2363636363636203,-18.645324675324673,0.5,0.4,0.5,0.3333333333333333,0.5,0.4444444444444444,149.11428571428573,154.8939393939394,156.1,154.86363636363637,190.32285714285715,208.96818181818182
548351,2012,2012-05-03,Subrata Roy Sahara Stadium,Pune Warriors,Mumbai Indians,Mumbai Indians,bat,0,0.3333333333333333,0.5588235294117647,0.2,0.4,0.375,0.5,0.45454545454545453,0.5625,0.25,0.5555555555555556,0.3333333333333333,0,-0.2254901960784314,-0.2,-0.09999999999999998,-0.125,-0.10795454545454547,-0.3055555555555556,0.0,-0.15555555555555556,-5.417519181585675,-0.9877450980392268,-20.699264705882342,0.4,0.5,0.5,0.5,0.4,0.5555555555555556,145.3913043478261,150.80882352941177,144.29166666666666,145.27941176470588,192.8166666666667,213.51593137254903
548352,2012,2012-05-04,"MA Chidambaram Stadium, Chepauk",Chennai Super Kings,Deccan Chargers,Chennai Super Kings,bat,1,0.5774647887323944,0.39705882352941174,0.4,0.4,0.4647887323943662,0.5882352941176471,0.6153846153846154,0.3448275862068966,0.5555555555555556,0.4358974358974359,0.5555555555555556,1,0.18040596520298263,0.0,0.09999999999999998,-0.12344656172328089,0.27055702917771884,0.11965811965811968,-0.023809523809523725,0.19444444444444442,6.7096106048052775,-3.5321043910522008,15.610321734327556,0.5,0.4,0.6428571428571429,0.6666666666666666,0.4444444444444444,0.25,158.91549295774647,152.2058823529412,150.3943661971831,153.9264705882353,216.37159624413147,200.7612745098039
548353,2012,2012-05-05,Eden Gardens,Kolkata Knight Riders,Pune Warriors,Kolkata Knight Riders,bat,1,0.46875,0.32,0.8,0.2,0.484375,0.36,0.5666666666666667,0.4166666666666667,0.38235294117647056,0.25,1.0,1,0.14875,0.6000000000000001,0.3,0.12437500000000001,0.14999999999999997,0.13235294117647056,0.09999999999999998,0.303030303030303,-1.7447916666666572,-0.7731249999999932,0.22069791666669403,0.6,0.3,0.6,0.5,0.6666666666666666,0.36363636363636365,142.546875,144.29166666666666,142.546875,143.32,193.34869791666668,193.128
548354,2012,2012-05-05,"Punjab Cricket Association Stadium, Mohali",Punjab Kings,Rajasthan Royals,Rajasthan Royals,bat,0,0.4925373134328358,0.5303030303030303,0.6,0.2,0.5223880597014925,0.5151515151515151,0.5588235294117647,0.5833333333333334,0.42424242424242425,0.4666666666666667,0.375,0,-0.03776571687019448,0.39999999999999997,0.09999999999999998,0.007236544549977353,-0.02450980392156865,-0.04242424242424242,0.21666666666666673,0.09999999999999998,6.772501130710083,5.849841700587973,-7.628784109754264,0.5,0.4,0.55,0.3333333333333333,0.5,0.4,155.01492537313433,148.24242424242425,154.91044776119404,149.06060606060606,209.11641791044775,216.74520202020202
548355,2012,2012-05-06,Wankhede Stadium,Mumbai Indians,Chennai Super Kings,Mumbai Indians,field,1,0.5652173913043478,0.5833333333333334,0.6,0.6,0.5072463768115942,0.4722222222222222,0.5625,0.6153846153846154,0.5675675675675675,0.5652173913043478,0.5555555555555556,1,-0.018115942028985588,0.0,0.09999999999999998,0.035024154589372025,-0.05288461538461542,0.002350176263219761,0.02941176470588236,0.09999999999999998,-8.568236714975825,-5.490338164251199,-2.6491646537842257,0.6,0.5,0.5294117647058824,0.5,0.6,0.5,150.36231884057972,158.93055555555554,144.8985507246377,150.38888888888889,213.45338164251206,216.10254629629628
548356,2012,2012-05-06,M Chinnaswamy Stadium,Royal Challengers Bengaluru,Deccan Chargers,Royal Challengers Bengaluru,field,1,0.49295774647887325,0.391304347826087,0.6,0.4,0.39436619718309857,0.5797101449275363,0.5333333333333333,0.3333333333333333,0.4230769230769231,0.4358974358974359,0.4444444444444444,1,0.10165339865278628,0.19999999999999996,0.10000000000000003,-0.1853439477444377,0.2,-0.01282051282051283,-0.020000000000000018,0.2222222222222222,-2.9344764237599463,2.182690344968364,-10.366761924202223,0.4,0.3,0.48,0.5,0.4444444444444444,0.2222222222222222,149.2394366197183,152.17391304347825,156.19718309859155,154.0144927536232,190.43661971830986,200.80338164251208
548357,2012,2012-05-07,Feroz Shah Kotla,Delhi Capitals,Kolkata Knight Riders,Delhi Capitals,bat,0,0.5373134328358209,0.47692307692307695,0.8,1.0,0.5671641791044776,0.49230769230769234,0.5897435897435898,0.5666666666666667,0.4642857142857143,0.4,0.5714285714285714,1,0.06039035591274394,-0.19999999999999996,0.10000000000000009,0.07485648679678525,0.023076923076923106,0.06428571428571428,-0.020000000000000018,0.10000000000000009,5.353386911595862,9.506759906759896,10.900524301569078,0.8,0.7,0.48,0.5,0.8,0.7,148.01492537313433,142.66153846153847,152.06060606060606,142.55384615384617,204.67462686567166,193.77410256410258
548358,2012,2012-05-08,Subrata Roy Sahara Stadium,Pune Warriors,Rajasthan Royals,Pune Warriors,bat,0,0.3076923076923077,0.5373134328358209,0.0,0.2,0.34615384615384615,0.5223880597014925,0.38461538461538464,0.5833333333333334,0.25,0.4838709677419355,0.0,1,-0.22962112514351318,-0.2,-0.2,-0.17623421354764635,-0.19871794871794873,-0.2338709677419355,-0.09999999999999998,-0.12121212121212122,-4.431641791044768,-5.2588978185993085,-24.815135859165707,0.2,0.4,0.4,0.5,0.3333333333333333,0.45454545454545453,144.24,148.67164179104478,143.57692307692307,148.83582089552237,191.9846153846154,216.79975124378112
548359,2012,2012-05-08,"Rajiv Gandhi International Stadium, Uppal",Deccan Chargers,Punjab Kings,Deccan Chargers,field,0,0.38571428571428573,0.4852941176470588,0.4,0.6,0.5714285714285714,0.5147058823529411,0.3333333333333333,0.5428571428571428,0.425,0.42424242424242425,0.375,1,-0.09957983193277309,-0.19999999999999996,-0.3,0.05672268907563027,-0.2095238095238095,0.0007575757575757347,-0.9285714285714286,-0.2545454545454545,-2.120168067226899,-0.7781512605042167,-8.693851540616265,0.2,0.5,0.07142857142857142,1.0,0.2,0.45454545454545453,152.5857142857143,154.7058823529412,154.45714285714286,155.23529411764707,200.68261904761903,209.3764705882353
548360,2012,2012-05-09,Wankhede Stadium,Mumbai Indians,Royal Challengers Bengaluru,Royal Challengers Bengaluru,field,0,0.5714285714285714,0.5,0.8,0.6,0.5142857142857142,0.4027777777777778,0.5757575757575758,0.5434782608695652,0.5675675675675675,0.4230769230769231,0.5555555555555556,0,0.0714285714285714,0.20000000000000007,0.09999999999999998,0.11150793650793644,0.03227931488801061,0.14449064449064447,0.05555555555555558,0.13636363636363635,0.9638888888888744,-11.241666666666646,22.326349206349192,0.6,0.5,0.5555555555555556,0.5,0.6363636363636364,0.5,150.7,149.73611111111111,145.3,156.54166666666666,213.33190476190475,191.00555555555556
548329,2012,2012-05-10,"Rajiv Gandhi International Stadium, Uppal",Deccan Chargers,Delhi Capitals,Deccan Chargers,bat,0,0.38028169014084506,0.5294117647058824,0.2,0.8,0.5774647887323944,0.5735294117647058,0.3225806451612903,0.5897435897435898,0.425,0.4482758620689655,0.4,1,-0.1491300745650373,-0.6000000000000001,-0.49999999999999994,0.003935376967688531,-0.26716294458229944,-0.023275862068965536,-0.9333333333333333,-0.5454545454545454,4.390637945318957,2.5865040992221964,-3.672466169566434,0.2,0.7,0.06666666666666667,1.0,0.18181818181818182,0.7272727272727273,152.4788732394366,148.08823529411765,154.67605633802816,152.08955223880596,200.78145539906103,204.45392156862746
548361,2012,2012-05-10,Sawai Mansingh Stadium,Rajasthan Royals,Chennai Super Kings,Chennai Super Kings,field,0,0.5441176470588235,0.5753424657534246,0.4,0.4,0.5147058823529411,0.4657534246575342,0.5945945945945946,0.6153846153846154,0.4838709677419355,0.5531914893617021,0.4,0,-0.031224818694601142,0.0,-0.09999999999999998,0.048952457695406904,-0.02079002079002079,-0.06932052161976665,0.18181818181818177,0.04545454545454547,-10.785052377115221,-2.2270346494762236,1.2085247112543698,0.4,0.5,0.6818181818181818,0.5,0.5,0.45454545454545453,148.33823529411765,159.12328767123287,148.48529411764707,150.7123287671233,217.16446078431372,215.95593607305935
548362,2012,2012-05-11,Subrata Roy Sahara Stadium,Pune Warriors,Royal Challengers Bengaluru,Pune Warriors,field,0,0.2962962962962963,0.5068493150684932,0.0,0.6,0.37037037037037035,0.410958904109589,0.38461538461538464,0.5531914893617021,0.23076923076923078,0.4230769230769231,0.0,1,-0.2105530187721969,-0.6,-0.3,-0.04058853373921867,-0.1685761047463175,-0.1923076923076923,-0.16666666666666669,-0.2377622377622377,-6.13013698630138,-13.402841197361738,-0.11374936580418193,0.2,0.5,0.3333333333333333,0.5,0.3076923076923077,0.5454545454545454,143.5,149.63013698630138,142.92592592592592,156.32876712328766,191.16296296296295,191.27671232876713
548363,2012,2012-05-12,Eden Gardens,Kolkata Knight Riders,Mumbai Indians,Mumbai Indians,bat,0,0.48484848484848486,0.5633802816901409,1.0,0.6,0.48484848484848486,0.5070422535211268,0.5806451612903226,0.5757575757575758,0.4,0.5526315789473685,0.125,0,-0.07853179684165601,0.4,0.20000000000000007,-0.02219376867264189,0.004887585532746819,-0.15263157894736845,-0.05128205128205121,0.14393939393939392,-7.730046948356801,-2.5413999146393564,-19.631864418836273,0.8,0.6,0.6153846153846154,0.6666666666666666,0.7272727272727273,0.5833333333333334,142.83333333333334,150.56338028169014,142.71212121212122,145.25352112676057,194.21085858585857,213.84272300469485
548364,2012,2012-05-12,"MA Chidambaram Stadium, Chepauk",Chennai Super Kings,Delhi Capitals,Chennai Super Kings,field,1,0.581081081081081,0.5362318840579711,0.4,0.8,0.47297297297297297,0.5652173913043478,0.6296296296296297,0.6,0.5531914893617021,0.4482758620689655,0.5,1,0.044849197023109966,-0.4,-0.30000000000000004,-0.09224441833137481,0.029629629629629672,0.10491562729273662,-0.011494252873563204,-0.25,9.950058754406598,-2.224562798092194,11.65104125864994,0.5,0.8,0.6551724137931034,0.6666666666666666,0.5,0.75,158.6891891891892,148.7391304347826,150.3783783783784,152.60294117647058,215.73896396396395,204.087922705314
548365,2012,2012-05-13,Sawai Mansingh Stadium,Rajasthan Royals,Pune Warriors,Rajasthan Royals,bat,1,0.5362318840579711,0.2857142857142857,0.4,0.0,0.5072463768115942,0.39285714285714285,0.5945945945945946,0.35714285714285715,0.46875,0.23076923076923078,1.0,1,0.25051759834368537,0.4,0.30000000000000004,0.11438923395445139,0.23745173745173748,0.23798076923076922,0.6521739130434783,0.17582417582417587,4.718196457326883,4.173913043478251,27.28332470669426,0.4,0.1,0.6521739130434783,0.0,0.46153846153846156,0.2857142857142857,148.0144927536232,143.2962962962963,148.17391304347825,144.0,217.7243961352657,190.44107142857143
548366,2012,2012-05-13,"Punjab Cricket Association Stadium, Mohali",Punjab Kings,Deccan Chargers,Deccan Chargers,bat,1,0.4927536231884058,0.375,0.6,0.2,0.5072463768115942,0.5833333333333334,0.5428571428571428,0.3225806451612903,0.4411764705882353,0.4146341463414634,0.6666666666666666,0,0.11775362318840582,0.39999999999999997,0.39999999999999997,-0.07608695652173914,0.2202764976958525,0.026542324246771887,0.5238095238095238,0.33333333333333337,1.9692028985507193,-0.12137681159421732,8.55017109500804,0.6,0.2,0.5238095238095238,0.0,0.5,0.16666666666666666,154.92753623188406,152.95833333333334,155.08695652173913,155.20833333333334,209.231884057971,200.68171296296296
548367,2012,2012-05-14,M Chinnaswamy Stadium,Royal Challengers Bengaluru,Mumbai Indians,Mumbai Indians,field,0,0.5135135135135135,0.5694444444444444,0.6,0.8,0.40540540540540543,0.5138888888888888,0.5531914893617021,0.5757575757575758,0.4444444444444444,0.5641025641025641,0.5,0,-0.05593093093093093,-0.20000000000000007,0.0,-0.10848348348348341,-0.022566086395873652,-0.11965811965811968,-0.5,-0.03205128205128205,-1.0540540540540633,10.69219219219221,-21.82043293293293,0.6,0.6,0.5,1.0,0.5833333333333334,0.6153846153846154,149.94594594594594,151.0,156.0810810810811,145.38888888888889,191.61891891891892,213.43935185185185
548368,2012,2012-05-14,Eden Gardens,Kolkata Knight Riders,Chennai Super Kings,Chennai Super Kings,field,0,0.47761194029850745,0.5866666666666667,0.8,0.6,0.47761194029850745,0.48,0.5625,0.6428571428571429,0.4,0.5531914893617021,0.375,0,-0.10905472636815922,0.20000000000000007,0.20000000000000007,-0.0023880597014925287,-0.0803571428571429,-0.15319148936170213,-0.07407407407407407,0.1282051282051282,-15.091741293532323,-6.594825870646787,-20.615383084577104,0.8,0.6,0.5925925925925926,0.6666666666666666,0.6666666666666666,0.5384615384615384,143.01492537313433,158.10666666666665,143.29850746268656,149.89333333333335,194.95995024875623,215.57533333333333
548369,2012,2012-05-15,Feroz Shah Kotla,Delhi Capitals,Punjab Kings,Punjab Kings,bat,1,0.5285714285714286,0.5,0.6,0.8,0.5571428571428572,0.5,0.6,0.5555555555555556,0.43333333333333335,0.4411764705882353,0.375,0,0.02857142857142858,-0.20000000000000007,0.09999999999999998,0.05714285714285716,0.0444444444444444,-0.007843137254901933,-0.20512820512820507,0.15384615384615385,-7.2428571428571615,-3.5277432712215386,-5.679047619047594,0.7,0.6,0.46153846153846156,0.6666666666666666,0.6923076923076923,0.5384615384615384,148.24285714285713,155.4857142857143,152.05797101449275,155.5857142857143,204.0209523809524,209.7
548370,2012,2012-05-16,Wankhede Stadium,Mumbai Indians,Kolkata Knight Riders,Mumbai Indians,field,0,0.5753424657534246,0.47058823529411764,0.8,0.6,0.5205479452054794,0.47058823529411764,0.5882352941176471,0.5625,0.5641025641025641,0.3888888888888889,0.8888888888888888,1,0.10475423045930699,0.20000000000000007,-0.09999999999999998,0.04995970991136178,0.02573529411764708,0.1752136752136752,0.5263157894736842,0.027472527472527486,8.066075745366618,2.195608380338456,17.573781224818703,0.6,0.7,0.5263157894736842,0.0,0.6428571428571429,0.6153846153846154,151.3013698630137,143.23529411764707,145.73972602739727,143.5441176470588,213.27990867579908,195.70612745098038
548371,2012,2012-05-17,Himachal Pradesh Cricket Association Stadium,Punjab Kings,Chennai Super Kings,Punjab Kings,field,1,0.49295774647887325,0.5921052631578947,0.6,0.8,0.5070422535211268,0.4868421052631579,0.5555555555555556,0.6551724137931034,0.42857142857142855,0.5531914893617021,0.3333333333333333,1,-0.09914751667902144,-0.20000000000000007,-0.09999999999999998,0.020200148257968842,-0.09961685823754785,-0.1246200607902736,-0.6,-0.0714285714285714,-2.9203113417346174,5.366197183098592,-5.41490919199407,0.5,0.6,0.4,1.0,0.5,0.5714285714285714,155.2112676056338,158.1315789473684,155.3661971830986,150.0,209.96338028169015,215.37828947368422
548372,2012,2012-05-17,Feroz Shah Kotla,Delhi Capitals,Royal Challengers Bengaluru,Delhi Capitals,field,0,0.5352112676056338,0.5066666666666667,0.6,0.6,0.5492957746478874,0.4,0.6097560975609756,0.5531914893617021,0.43333333333333335,0.42857142857142855,0.625,1,0.028544600938967046,0.0,0.09999999999999998,0.14929577464788735,0.05656460819927345,0.0047619047619048005,0.14814814814814814,0.17582417582417587,-2.099906103286372,-4.47809523809525,11.408187793427231,0.7,0.6,0.48148148148148145,0.3333333333333333,0.7142857142857143,0.5384615384615384,148.1267605633803,150.22666666666666,151.82857142857142,156.30666666666667,203.65352112676055,192.24533333333332
548373,2012,2012-05-18,"Rajiv Gandhi International Stadium, Uppal",Deccan Chargers,Rajasthan Royals,Rajasthan Royals,bat,1,0.3698630136986301,0.5428571428571428,0.0,0.6,0.589041095890411,0.5142857142857142,0.3225806451612903,0.5945945945945946,0.40476190476190477,0.48484848484848486,0.125,0,-0.1729941291585127,-0.6,-0.3,0.07475538160469675,-0.2720139494333043,-0.0800865800865801,-0.9375,-0.34615384615384615,5.137181996086099,7.896868884540112,-17.034354207436394,0.2,0.5,0.0625,1.0,0.15384615384615385,0.5,153.46575342465752,148.32857142857142,155.73972602739727,147.84285714285716,200.96826484018266,218.00261904761905
548374,2012,2012-05-19,Himachal Pradesh Cricket Association Stadium,Punjab Kings,Delhi Capitals,Delhi Capitals,field,0,0.5,0.5277777777777778,0.6,0.4,0.5138888888888888,0.5555555555555556,0.5675675675675675,0.5952380952380952,0.42857142857142855,0.43333333333333335,0.5555555555555556,0,-0.02777777777777779,0.19999999999999996,0.0,-0.04166666666666674,-0.02767052767052769,-0.0047619047619048005,0.5,-0.1333333333333333,6.0,2.1566901408450576,6.895833333333314,0.6,0.6,0.5,0.0,0.5333333333333333,0.6666666666666666,154.76388888888889,148.76388888888889,154.875,152.71830985915494,210.05833333333334,203.16250000000002
548375,2012,2012-05-19,Subrata Roy Sahara Stadium,Pune Warriors,Kolkata Knight Riders,Kolkata Knight Riders,bat,0,0.27586206896551724,0.4782608695652174,0.0,0.6,0.3793103448275862,0.463768115942029,0.3333333333333333,0.5625,0.23076923076923078,0.40540540540540543,0.0,0,-0.20239880059970017,-0.6,-0.6,-0.0844577711144428,-0.22916666666666669,-0.17463617463617465,-0.2142857142857143,-0.37619047619047624,-0.5455486542442998,1.8675662168915608,-6.916708312510394,0.1,0.7,0.2857142857142857,0.5,0.26666666666666666,0.6428571428571429,142.64285714285714,143.18840579710144,144.89655172413794,143.02898550724638,189.46034482758623,196.37705314009662
548376,2012,2012-05-20,"Rajiv Gandhi International Stadium, Uppal",Deccan Chargers,Royal Challengers Bengaluru,Royal Challengers Bengaluru,field,1,0.3783783783783784,0.5131578947368421,0.2,0.8,0.581081081081081,0.39473684210526316,0.34375,0.5531914893617021,0.40476190476190477,0.4482758620689655,0.5,0,-0.13477951635846375,-0.6000000000000001,-0.39999999999999997,0.18634423897581787,-0.20944148936170215,-0.04351395730706076,-0.38235294117647056,-0.3571428571428571,2.0426742532005733,-1.4647937411095313,8.826446183025126,0.3,0.7,0.11764705882352941,0.5,0.21428571428571427,0.5714285714285714,153.1216216216216,151.07894736842104,155.33783783783784,156.80263157894737,201.2632882882883,192.43684210526317
548377,2012,2012-05-20,Sawai Mansingh Stadium,Rajasthan Royals,Mumbai Indians,Rajasthan Royals,bat,0,0.5352112676056338,0.5675675675675675,0.6,0.6,0.5211267605633803,0.527027027027027,0.5945945945945946,0.5714285714285714,0.47058823529411764,0.5641025641025641,0.5,1,-0.03235629996193379,0.0,-0.19999999999999996,-0.0059002664636467195,0.02316602316602323,-0.09351432880844646,0.3333333333333333,-0.1333333333333333,-2.702131709173983,1.9012181195279823,5.629311001141986,0.4,0.6,0.6666666666666666,0.3333333333333333,0.4666666666666667,0.6,148.01408450704224,150.71621621621622,147.56338028169014,145.66216216216216,218.2730046948357,212.6436936936937
548378,2012,2012-05-22,Subrata Roy Sahara Stadium,Delhi Capitals,Kolkata Knight Riders,Kolkata Knight Riders,bat,0,0.5342465753424658,0.4857142857142857,0.6,0.6,0.5616438356164384,0.4714285714285714,0.6046511627906976,0.5625,0.43333333333333335,0.42105263157894735,0.5,0,0.04853228962818007,0.0,-0.10000000000000009,0.09021526418786696,0.04215116279069764,0.012280701754386003,0.0,0.02083333333333337,5.626614481409007,10.112698412698393,5.7976484018264784,0.7,0.8,1.0,1.0,0.6875,0.6666666666666666,148.7123287671233,143.0857142857143,152.55555555555554,142.44285714285715,202.54931506849314,196.75166666666667
548379,2012,2012-05-23,M Chinnaswamy Stadium,Chennai Super Kings,Mumbai Indians,Mumbai Indians,field,1,0.5844155844155844,0.5733333333333334,0.6,0.6,0.4805194805194805,0.52,0.6551724137931034,0.5833333333333334,0.5416666666666666,0.5641025641025641,0.4,0,0.011082251082251027,0.0,-0.09999999999999998,-0.039480519480519505,0.07183908045977005,-0.022435897435897467,-0.6666666666666667,-0.09166666666666667,6.756363636363631,3.769350649350656,2.9683953823953573,0.6,0.7,0.3333333333333333,1.0,0.5333333333333333,0.625,157.63636363636363,150.88,149.64935064935065,145.88,215.04350649350647,212.0751111111111
548380,2012,2012-05-25,"MA Chidambaram Stadium, Chepauk",Delhi Capitals,Chennai Super Kings,Delhi Capitals,field,0,0.527027027027027,0.5897435897435898,0.4,0.8,0.5540540540540541,0.47435897435897434,0.5909090909090909,0.6551724137931034,0.43333333333333335,0.5510204081632653,0.4444444444444444,1,-0.06271656271656278,-0.4,0.0,0.07969507969507972,-0.06426332288401249,-0.1176870748299319,-0.16666666666666663,0.0845588235294118,-9.36417186417188,3.043905865823689,-12.302997227997253,0.6,0.6,0.5,0.6666666666666666,0.6470588235294118,0.5625,148.64864864864865,158.01282051282053,152.68493150684932,149.64102564102564,202.40405405405406,214.7070512820513
548381,2012,2012-05-27,"MA Chidambaram Stadium, Chepauk",Kolkata Knight Riders,Chennai Super Kings,Chennai Super Kings,bat,1,0.49295774647887325,0.5949367088607594,0.6,0.8,0.4788732394366197,0.46835443037974683,0.5625,0.6551724137931034,0.4358974358974359,0.56,0.3333333333333333,0,-0.1019789623818862,-0.20000000000000007,0.20000000000000007,0.010518809056872858,-0.09267241379310343,-0.12410256410256415,-0.42741935483870963,0.09926470588235292,-15.470672134070242,-7.00356569798538,-17.12286206691624,0.8,0.6,0.25,0.6774193548387096,0.6875,0.5882352941176471,143.35211267605635,158.8227848101266,142.46478873239437,149.46835443037975,197.22840375586856,214.3512658227848
597998,2013,2013-04-03,Eden Gardens,Kolkata Knight Riders,Delhi Capitals,Kolkata Knight Riders,field,1,0.5,0.52,0.8,0.4,0.4722222222222222,0.56,0.5757575757575758,0.5777777777777777,0.4358974358974359,0.43333333333333335,0.5555555555555556,1,-0.020000000000000018,0.4,0.30000000000000004,-0.08777777777777784,-0.002020202020201922,0.002564102564102555,0.23809523809523808,0.0,-4.452222222222218,-10.496621621621614,-4.3344351851851854,0.8,0.5,0.5714285714285714,0.3333333333333333,0.5,0.5,144.02777777777777,148.48,143.125,153.6216216216216,197.46689814814815,201.80133333333333
597999,2013,2013-04-04,M Chinnaswamy Stadium,Royal Challengers Bengaluru,Mumbai Indians,Mumbai Indians,field,1,0.5064935064935064,0.5657894736842105,0.6,0.6,0.4025974025974026,0.5263157894736842,0.5416666666666666,0.5675675675675675,0.4482758620689655,0.5641025641025641,0.45454545454545453,0,-0.05929596719070407,0.0,0.0,-0.12371838687628156,-0.025900900900900914,-0.11582670203359857,-0.3185185185185186,0.0,-0.14097744360901743,10.05946684894053,-18.89650831624516,0.6,0.6,0.48148148148148145,0.8,0.5,0.5,150.71428571428572,150.85526315789474,156.4805194805195,146.42105263157896,192.90129870129869,211.79780701754385
598000,2013,2013-04-05,"Rajiv Gandhi International Stadium, Uppal",Sunrisers Hyderabad,Pune Warriors,Pune Warriors,field,1,0.5,0.26666666666666666,0.5,0.0,0.5,0.36666666666666664,0.5,0.3125,0.5,0.23076923076923078,0.5,0,0.23333333333333334,0.5,0.4,0.13333333333333336,0.1875,0.2692307692307692,-0.5,0.0,17.6383646311275,14.279743941472333,0.5,0.5,0.1,0.5,1.0,0.5,0.5,158.87974394147233,141.24137931034483,158.87974394147233,144.6,,187.98277777777778
598001,2013,2013-04-06,Feroz Shah Kotla,Delhi Capitals,Rajasthan Royals,Rajasthan Royals,bat,0,0.5131578947368421,0.5277777777777778,0.2,0.4,0.5526315789473685,0.5277777777777778,0.5777777777777777,0.5945945945945946,0.41935483870967744,0.45714285714285713,0.6,0,-0.014619883040935644,-0.2,0.10000000000000003,0.024853801169590684,-0.016816816816816904,-0.03778801843317969,0.4642857142857143,-0.5,0.0021929824561368605,5.515555555555551,-16.65776072124754,0.4,0.3,0.4642857142857143,0.0,0.0,0.5,148.21052631578948,148.20833333333334,153.29333333333332,147.77777777777777,201.58552631578948,218.24328703703702
598002,2013,2013-04-06,"MA Chidambaram Stadium, Chepauk",Chennai Super Kings,Mumbai Indians,Mumbai Indians,bat,0,0.5875,0.5584415584415584,0.6,0.4,0.475,0.5324675324675324,0.6551724137931034,0.5526315789473685,0.5490196078431373,0.5641025641025641,0.45454545454545453,0,0.029058441558441617,0.19999999999999996,0.0,-0.057467532467532445,0.10254083484573495,-0.015082956259426794,0.40625,0.5,8.316396103896096,3.4545454545454675,3.3676758658008907,0.6,0.6,0.65625,0.25,0.5,0.0,159.2125,150.8961038961039,150.0,146.54545454545453,214.40187500000002,211.03419913419913
598003,2013,2013-04-07,Subrata Roy Sahara Stadium,Pune Warriors,Punjab Kings,Pune Warriors,bat,0,0.25806451612903225,0.4931506849315068,0.0,0.6,0.3870967741935484,0.5068493150684932,0.29411764705882354,0.5675675675675675,0.23076923076923078,0.4166666666666667,0.75,1,-0.23508616880247457,-0.6,-0.6,-0.1197525408749448,-0.273449920508744,-0.1858974358974359,0.25,-0.5,-14.575342465753437,-10.739726027397268,-21.700891147444423,0.0,0.6,0.25,0.0,0.0,0.5,140.0,154.57534246575344,144.0,154.73972602739727,188.26075268817203,209.96164383561646
598004,2013,2013-04-07,"Rajiv Gandhi International Stadium, Uppal",Sunrisers Hyderabad,Royal Challengers Bengaluru,Royal Challengers Bengaluru,bat,1,1.0,0.5128205128205128,1.0,0.6,0.0,0.3974358974358974,0.5,0.5416666666666666,1.0,0.4666666666666667,0.5,0,0.4871794871794872,0.4,0.4,-0.3974358974358974,-0.04166666666666663,0.5333333333333333,0.6666666666666667,0.0,-24.78205128205127,-52.448717948717956,-26.51794871794874,1.0,0.6,1.0,0.3333333333333333,1.0,1.0,126.0,150.78205128205127,104.0,156.44871794871796,167.2,193.71794871794873
598005,2013,2013-04-08,Sawai Mansingh Stadium,Rajasthan Royals,Kolkata Knight Riders,Kolkata Knight Riders,field,1,0.5342465753424658,0.5068493150684932,0.4,1.0,0.5342465753424658,0.4794520547945205,0.5945945945945946,0.5882352941176471,0.4722222222222222,0.4358974358974359,0.5,0,0.0273972602739726,-0.6,-0.4,0.05479452054794526,0.006359300476947549,0.03632478632478631,0.3066666666666667,0.0,4.616438356164366,5.027397260273972,19.658904109589002,0.4,0.8,0.64,0.3333333333333333,1.0,1.0,148.43835616438355,143.82191780821918,147.94520547945206,142.91780821917808,217.13584474885843,197.47694063926943
598006,2013,2013-04-09,Wankhede Stadium,Mumbai Indians,Delhi Capitals,Mumbai Indians,bat,1,0.5641025641025641,0.5064935064935064,0.4,0.2,0.5384615384615384,0.5454545454545454,0.5526315789473685,0.5652173913043478,0.575,0.41935483870967744,0.5,1,0.05760905760905766,0.2,0.3,-0.006993006993006978,-0.012585812356979309,0.15564516129032252,0.16666666666666669,0.5,2.495337995337991,-6.998650472334674,9.587440337440341,0.6,0.3,0.5,0.3333333333333333,0.5,0.0,150.85897435897436,148.36363636363637,146.44871794871796,153.44736842105263,210.70042735042736,201.11298701298702
598048,2013,2013-04-09,M Chinnaswamy Stadium,Royal Challengers Bengaluru,Sunrisers Hyderabad,Sunrisers Hyderabad,bat,1,0.5063291139240507,1.0,0.4,1.0,0.4050632911392405,0.0,0.5416666666666666,1.0,0.45161290322580644,1.0,0.0,0,-0.49367088607594933,-0.6,-0.5,0.4050632911392405,-0.45833333333333337,-0.5483870967741935,0.0,-0.5,22.518987341772146,39.1139240506329,11.072151898734177,0.5,1.0,0.5,0.5,0.5,1.0,150.51898734177215,128.0,156.1139240506329,117.0,194.17215189873417,183.1
598007,2013,2013-04-10,"Punjab Cricket Association Stadium, Mohali",Punjab Kings,Chennai Super Kings,Chennai Super Kings,field,0,0.5,0.5802469135802469,0.6,0.4,0.5,0.4691358024691358,0.5789473684210527,0.6333333333333333,0.4166666666666667,0.5490196078431373,0.4,0,-0.08024691358024694,0.19999999999999996,0.0,0.030864197530864224,-0.05438596491228065,-0.13235294117647062,0.045454545454545414,1.0,-5.125125125125123,4.011177844511167,-4.26695028361695,0.6,0.6,0.5454545454545454,0.5,1.0,0.0,153.83783783783784,158.96296296296296,153.98648648648648,149.97530864197532,210.1324324324324,214.39938271604936
598008,2013,2013-04-11,M Chinnaswamy Stadium,Royal Challengers Bengaluru,Kolkata Knight Riders,Royal Challengers Bengaluru,field,1,0.5125,0.5,0.6,0.8,0.4,0.4864864864864865,0.5510204081632653,0.5714285714285714,0.45161290322580644,0.4358974358974359,0.5,1,0.012499999999999956,-0.20000000000000007,-0.09999999999999998,-0.08648648648648649,-0.020408163265306145,0.015715467328370536,0.017241379310344862,0.16666666666666663,7.094932432432415,13.24256756756759,-2.956036036036039,0.6,0.7,0.5172413793103449,0.5,0.6666666666666666,0.5,150.6625,143.56756756756758,156.175,142.93243243243242,194.655,197.61103603603604
598009,2013,2013-04-11,Subrata Roy Sahara Stadium,Pune Warriors,Rajasthan Royals,Rajasthan Royals,bat,1,0.25,0.5405405405405406,0.0,0.6,0.40625,0.527027027027027,0.29411764705882354,0.5945945945945946,0.21428571428571427,0.4864864864864865,0.0,0,-0.29054054054054057,-0.6,-0.5,-0.12077702702702697,-0.3004769475357711,-0.2722007722007722,-0.7777777777777778,-1.0,-9.700959023539667,-5.01013513513513,-28.445256193693695,0.0,0.5,0.2222222222222222,1.0,0.0,1.0,138.67741935483872,148.3783783783784,142.625,147.63513513513513,188.34010416666666,216.78536036036036
598010,2013,2013-04-12,Feroz Shah Kotla,Delhi Capitals,Sunrisers Hyderabad,Delhi Capitals,bat,0,0.5,0.6666666666666666,0.0,0.6666666666666666,0.5384615384615384,0.3333333333333333,0.5531914893617021,1.0,0.41935483870967744,0.5,0.5,1,-0.16666666666666663,-0.6666666666666666,-0.36666666666666664,0.20512820512820512,-0.44680851063829785,-0.08064516129032256,-0.051724137931034475,-0.6666666666666666,9.576923076923066,22.16883116883116,5.365384615384613,0.3,0.6666666666666666,0.4482758620689655,0.5,0.0,0.6666666666666666,148.57692307692307,139.0,154.16883116883116,132.0,201.06538461538463,195.70000000000002
598011,2013,2013-04-13,Wankhede Stadium,Mumbai Indians,Pune Warriors,Mumbai Indians,bat,1,0.569620253164557,0.2727272727272727,0.6,0.2,0.5443037974683544,0.3939393939393939,0.5526315789473685,0.3333333333333333,0.5853658536585366,0.21428571428571427,0.75,1,0.2968929804372843,0.39999999999999997,0.5,0.15036440352896052,0.21929824561403516,0.37108013937282225,0.023809523809523836,0.3333333333333333,12.626186708860757,3.986574606827787,23.02467075821508,0.6,0.1,0.5238095238095238,0.5,0.6666666666666666,0.3333333333333333,151.59493670886076,138.96875,146.68354430379748,142.6969696969697,210.2029535864979,187.17828282828282
598012,2013,2013-04-13,"MA Chidambaram Stadium, Chepauk",Chennai Super Kings,Royal Challengers Bengaluru,Chennai Super Kings,field,1,0.5853658536585366,0.5185185185185185,0.6,0.6,0.47560975609756095,0.4074074074074074,0.6451612903225806,0.56,0.5490196078431373,0.45161290322580644,0.5833333333333334,1,0.06684733514001806,0.0,-0.09999999999999998,0.06820234869015357,0.08516129032258057,0.09740670461733086,0.30303030303030304,-0.25,7.966425775368862,-6.318879855465212,18.822515808491403,0.6,0.7,0.6363636363636364,0.3333333333333333,0.5,0.75,158.71951219512195,150.7530864197531,149.82926829268294,156.14814814814815,214.3262195121951,195.5037037037037
598013,2013,2013-04-14,Eden Gardens,Kolkata Knight Riders,Sunrisers Hyderabad,Kolkata Knight Riders,bat,1,0.49333333333333335,0.75,0.6,0.75,0.48,0.25,0.5714285714285714,1.0,0.425,0.5,0.5,1,-0.25666666666666665,-0.15000000000000002,-0.15000000000000002,0.22999999999999998,-0.4285714285714286,-0.07500000000000001,0.08620689655172409,-0.4166666666666667,10.706666666666678,15.633333333333326,0.4078888888888912,0.6,0.75,0.5862068965517241,0.5,0.3333333333333333,0.75,143.70666666666668,133.0,143.13333333333333,127.5,197.6828888888889,197.275
598014,2013,2013-04-14,Sawai Mansingh Stadium,Rajasthan Royals,Punjab Kings,Rajasthan Royals,field,1,0.5333333333333333,0.49333333333333335,0.4,0.4,0.5333333333333333,0.49333333333333335,0.5945945945945946,0.5789473684210527,0.47368421052631576,0.40540540540540543,0.6666666666666666,1,0.03999999999999998,0.0,-0.09999999999999998,0.03999999999999998,0.015647226173541973,0.06827880512091034,0.6538461538461539,0.16666666666666663,-5.293333333333322,-6.146666666666675,5.786444444444442,0.5,0.6,0.6538461538461539,0.0,0.6666666666666666,0.5,148.33333333333334,153.62666666666667,147.64,153.78666666666666,216.2931111111111,210.50666666666666
598015,2013,2013-04-15,"MA Chidambaram Stadium, Chepauk",Chennai Super Kings,Pune Warriors,Pune Warriors,bat,0,0.5903614457831325,0.2647058823529412,0.6,0.2,0.4819277108433735,0.38235294117647056,0.65625,0.3157894736842105,0.5490196078431373,0.21428571428571427,0.75,0,0.32565556343019136,0.39999999999999997,0.6,0.09957476966690293,0.3404605263157895,0.334733893557423,0.6470588235294118,0.41666666666666663,19.746622855056586,6.129695251594626,29.124586581620605,0.7,0.1,0.6470588235294118,0.0,0.6666666666666666,0.25,158.80722891566265,139.06060606060606,150.0120481927711,143.88235294117646,214.87409638554217,185.74950980392157
598016,2013,2013-04-16,"Punjab Cricket Association Stadium, Mohali",Punjab Kings,Kolkata Knight Riders,Kolkata Knight Riders,field,1,0.4868421052631579,0.5,0.4,0.6,0.4868421052631579,0.4868421052631579,0.5789473684210527,0.5714285714285714,0.39473684210526316,0.43902439024390244,0.4444444444444444,0,-0.01315789473684209,-0.19999999999999996,-0.09999999999999998,0.0,0.007518796992481258,-0.04428754813863928,-0.14492753623188404,-0.16666666666666669,9.05263157894737,10.434210526315809,12.49057017543862,0.5,0.6,0.5217391304347826,0.6666666666666666,0.3333333333333333,0.5,153.23684210526315,144.18421052631578,153.42105263157896,142.98684210526315,210.1276315789474,197.63706140350877
598017,2013,2013-04-16,M Chinnaswamy Stadium,Royal Challengers Bengaluru,Delhi Capitals,Royal Challengers Bengaluru,field,1,0.5121951219512195,0.4936708860759494,0.6,0.0,0.4024390243902439,0.5443037974683544,0.56,0.5531914893617021,0.4375,0.40625,0.4444444444444444,1,0.018524235875270134,0.6,0.39999999999999997,-0.14186477307811052,0.006808510638297904,0.03125,-0.1333333333333333,0.6,2.787588761963576,2.601626016260184,-4.590686425851601,0.6,0.2,0.5333333333333333,0.6666666666666666,0.6,0.0,150.9268292682927,148.13924050632912,156.26829268292684,153.66666666666666,196.16585365853658,200.75654008438818
598018,2013,2013-04-17,Maharashtra Cricket Association Stadium,Pune Warriors,Sunrisers Hyderabad,Pune Warriors,field,0,0.2857142857142857,0.6,0.4,0.6,0.4,0.2,0.3157894736842105,0.6666666666666666,0.26666666666666666,0.5,0.0,1,-0.3142857142857143,-0.19999999999999996,-0.39999999999999997,0.2,-0.3508771929824561,-0.23333333333333334,0.0,-0.19999999999999996,6.847058823529409,5.628571428571433,-16.143333333333317,0.2,0.6,0.5,0.5,0.4,0.6,139.64705882352942,132.8,143.62857142857143,138.0,184.0366666666667,200.18
598019,2013,2013-04-17,Sawai Mansingh Stadium,Rajasthan Royals,Mumbai Indians,Rajasthan Royals,bat,1,0.5394736842105263,0.575,0.6,0.6,0.5394736842105263,0.55,0.6052631578947368,0.5526315789473685,0.47368421052631576,0.5952380952380952,0.4444444444444444,1,-0.03552631578947363,0.0,0.0,-0.010526315789473717,0.05263157894736836,-0.12155388471177947,0.16666666666666663,0.0,-3.948026315789491,0.7039473684210407,6.014539473684209,0.6,0.6,0.6666666666666666,0.5,0.75,0.75,148.03947368421052,151.9875,147.32894736842104,146.625,216.11162280701754,210.09708333333333
598020,2013,2013-04-18,Feroz Shah Kotla,Delhi Capitals,Chennai Super Kings,Chennai Super Kings,bat,0,0.4875,0.5833333333333334,0.0,0.4,0.5375,0.47619047619047616,0.5531914893617021,0.6363636363636364,0.3939393939393939,0.5490196078431373,0.4,0,-0.09583333333333338,-0.4,-0.39999999999999997,0.061309523809523814,-0.0831721470019342,-0.15508021390374338,-0.23333333333333328,-0.5,-10.336309523809518,3.526522001205535,-14.693988095238097,0.2,0.6,0.43333333333333335,0.6666666666666666,0.0,0.5,148.1875,158.52380952380952,153.64556962025316,150.11904761904762,200.62208333333334,215.31607142857143
598021,2013,2013-04-19,"Rajiv Gandhi International Stadium, Uppal",Sunrisers Hyderabad,Punjab Kings,Punjab Kings,bat,1,0.6666666666666666,0.4935064935064935,0.6,0.4,0.16666666666666666,0.4805194805194805,0.6666666666666666,0.5789473684210527,0.6666666666666666,0.41025641025641024,0.5,0,0.17316017316017313,0.19999999999999996,0.16666666666666663,-0.31385281385281383,0.08771929824561397,0.2564102564102564,0.0,0.16666666666666663,-22.785714285714278,-20.41558441558442,-10.786796536796544,0.6666666666666666,0.5,1.0,1.0,0.6666666666666666,0.5,130.5,153.28571428571428,133.0,153.41558441558442,198.71666666666667,209.5034632034632
598022,2013,2013-04-20,Eden Gardens,Kolkata Knight Riders,Chennai Super Kings,Kolkata Knight Riders,bat,0,0.4935064935064935,0.5882352941176471,0.4,0.6,0.4935064935064935,0.4823529411764706,0.5555555555555556,0.6363636363636364,0.43902439024390244,0.5576923076923077,0.4,1,-0.09472880061115357,-0.19999999999999996,0.0,0.011153552330022909,-0.08080808080808077,-0.11866791744840527,-0.15000000000000002,-0.19999999999999996,-14.348357524828117,-6.160580595874734,-17.78401833460657,0.6,0.6,0.6,0.75,0.4,0.6,144.2987012987013,158.64705882352942,143.16883116883116,149.3294117647059,197.67813852813853,215.4621568627451
598023,2013,2013-04-20,M Chinnaswamy Stadium,Royal Challengers Bengaluru,Rajasthan Royals,Royal Challengers Bengaluru,field,1,0.5180722891566265,0.5454545454545454,0.6,0.8,0.40963855421686746,0.5454545454545454,0.5686274509803921,0.6052631578947368,0.4375,0.48717948717948717,0.5555555555555556,1,-0.027382256297918905,-0.20000000000000007,0.0,-0.13581599123767796,-0.0366357069143447,-0.04967948717948717,-0.11827956989247312,-0.13333333333333341,2.4982005945861374,9.606477859489928,-18.719060658217273,0.6,0.6,0.5483870967741935,0.6666666666666666,0.6666666666666666,0.8,150.93975903614458,148.44155844155844,156.21686746987953,146.6103896103896,197.18072289156626,215.89978354978354
598024,2013,2013-04-21,Feroz Shah Kotla,Delhi Capitals,Mumbai Indians,Mumbai Indians,bat,1,0.48148148148148145,0.5679012345679012,0.0,0.6,0.5308641975308642,0.5432098765432098,0.5416666666666666,0.5384615384615384,0.3939393939393939,0.5952380952380952,0.45454545454545453,0,-0.08641975308641975,-0.6,-0.5,-0.012345679012345623,0.0032051282051281937,-0.2012987012987013,-0.08064516129032256,-0.6,-3.864197530864203,6.812808641975323,-9.91296296296295,0.1,0.6,0.41935483870967744,0.5,0.0,0.6,147.3827160493827,151.2469135802469,153.8375,147.02469135802468,200.44650205761317,210.35946502057612
598025,2013,2013-04-21,"Punjab Cricket Association Stadium, Mohali",Punjab Kings,Pune Warriors,Punjab Kings,field,1,0.48717948717948717,0.2777777777777778,0.4,0.4,0.48717948717948717,0.4166666666666667,0.5789473684210527,0.3,0.4,0.26666666666666666,0.4,1,0.20940170940170938,0.0,0.3,0.07051282051282048,0.27894736842105267,0.13333333333333336,0.04166666666666663,0.06666666666666671,14.15457875457875,10.132478632478609,25.7278133903134,0.5,0.2,0.5416666666666666,0.5,0.4,0.3333333333333333,152.89743589743588,138.74285714285713,153.07692307692307,142.94444444444446,209.25790598290598,183.53009259259258
598026,2013,2013-04-22,"MA Chidambaram Stadium, Chepauk",Chennai Super Kings,Rajasthan Royals,Rajasthan Royals,bat,1,0.5930232558139535,0.5384615384615384,0.8,0.6,0.47674418604651164,0.5384615384615384,0.6470588235294118,0.6052631578947368,0.5576923076923077,0.475,0.6363636363636364,0,0.05456171735241511,0.20000000000000007,0.09999999999999998,-0.061717352415026794,0.04179566563467496,0.08269230769230773,0.37857142857142856,0.0,10.205724508050082,2.669051878354196,-0.11390379646189785,0.6,0.5,0.6285714285714286,0.25,0.6666666666666666,0.6666666666666666,158.24418604651163,148.03846153846155,148.97674418604652,146.30769230769232,215.7230620155039,215.8369658119658
598027,2013,2013-04-23,M Chinnaswamy Stadium,Royal Challengers Bengaluru,Pune Warriors,Pune Warriors,field,1,0.5238095238095238,0.2702702702702703,0.8,0.4,0.4166666666666667,0.40540540540540543,0.5769230769230769,0.3,0.4375,0.25,1.0,0,0.25353925353925355,0.4,0.39999999999999997,0.011261261261261257,0.2769230769230769,0.1875,0.5625,0.4285714285714286,10.57936507936509,11.641891891891902,14.15791505791509,0.6,0.2,0.5625,0.0,0.7142857142857143,0.2857142857142857,150.60714285714286,140.02777777777777,155.75,144.1081081081081,197.75476190476192,183.59684684684683
598059,2013,2013-04-23,Feroz Shah Kotla,Delhi Capitals,Punjab Kings,Punjab Kings,field,0,0.4878048780487805,0.4936708860759494,0.2,0.4,0.524390243902439,0.4936708860759494,0.5510204081632653,0.5897435897435898,0.3939393939393939,0.4,0.5,0,-0.005866008027168912,-0.2,-0.3,0.030719357826489657,-0.038723181580324506,-0.0060606060606061,-0.0625,-0.35714285714285715,-5.718894720592772,0.4449132676980696,-8.771781414016687,0.2,0.5,0.4375,0.5,0.14285714285714285,0.5,147.59756097560975,153.31645569620252,153.92592592592592,153.48101265822785,200.00691056910568,208.77869198312237
598029,2013,2013-04-24,Eden Gardens,Kolkata Knight Riders,Mumbai Indians,Kolkata Knight Riders,bat,0,0.48717948717948717,0.5609756097560976,0.2,0.6,0.5,0.5487804878048781,0.5555555555555556,0.5384615384615384,0.42857142857142855,0.5813953488372093,0.2,1,-0.07379612257661045,-0.39999999999999997,0.09999999999999998,-0.04878048780487809,0.017094017094017144,-0.1528239202657808,-0.16935483870967738,-0.16666666666666669,-7.391494684177616,-4.320825515947462,-12.83504273504272,0.6,0.5,0.5806451612903226,0.75,0.3333333333333333,0.5,143.97435897435898,151.3658536585366,142.92307692307693,147.2439024390244,198.15662393162393,210.99166666666665
598030,2013,2013-04-25,"MA Chidambaram Stadium, Chepauk",Chennai Super Kings,Sunrisers Hyderabad,Sunrisers Hyderabad,bat,1,0.5977011494252874,0.7142857142857143,0.8,0.6,0.47126436781609193,0.14285714285714285,0.6571428571428571,0.75,0.5576923076923077,0.6666666666666666,0.5,0,-0.1165845648604269,0.20000000000000007,-0.014285714285714346,0.3284072249589491,-0.09285714285714286,-0.10897435897435892,0.13888888888888884,0.0,28.563218390804593,17.81937602627258,17.865654077723065,0.7,0.7142857142857143,0.6388888888888888,0.5,0.7142857142857143,0.7142857142857143,158.5632183908046,130.0,149.39080459770116,131.57142857142858,216.0227969348659,198.15714285714284
598031,2013,2013-04-26,Eden Gardens,Kolkata Knight Riders,Punjab Kings,Punjab Kings,bat,1,0.4810126582278481,0.5,0.2,0.6,0.5063291139240507,0.5,0.5555555555555556,0.6,0.4186046511627907,0.4,0.5,0,-0.01898734177215189,-0.39999999999999997,0.0,0.006329113924050667,-0.0444444444444444,0.018604651162790697,0.0625,-0.2857142857142857,-8.747943037974665,-9.89794303797467,-9.755909810126582,0.5,0.5,0.5625,0.5,0.2857142857142857,0.5714285714285714,144.16455696202533,152.9125,143.16455696202533,153.0625,198.36054852320675,208.11645833333333
598032,2013,2013-04-27,Sawai Mansingh Stadium,Rajasthan Royals,Sunrisers Hyderabad,Sunrisers Hyderabad,bat,1,0.5316455696202531,0.625,0.4,0.6,0.5443037974683544,0.25,0.6052631578947368,0.75,0.4634146341463415,0.5,0.5,0,-0.09335443037974689,-0.19999999999999996,-0.125,0.29430379746835444,-0.14473684210526316,-0.036585365853658514,0.1785714285714286,-0.0535714285714286,14.88132911392404,11.685126582278485,18.08610232067511,0.5,0.625,0.6785714285714286,0.5,0.5714285714285714,0.625,148.50632911392404,133.625,146.81012658227849,135.125,215.9048523206751,197.81875
598033,2013,2013-04-27,Wankhede Stadium,Mumbai Indians,Royal Challengers Bengaluru,Mumbai Indians,bat,1,0.5662650602409639,0.5294117647058824,0.6,0.8,0.5421686746987951,0.4117647058823529,0.55,0.5769230769230769,0.5813953488372093,0.45454545454545453,0.5,1,0.03685329553508154,-0.20000000000000007,-0.19999999999999996,0.13040396881644223,-0.026923076923076827,0.1268498942917548,-0.12121212121212122,-0.1785714285714286,-0.4354358610914346,-8.096810772501755,12.74767540751236,0.5,0.7,0.5454545454545454,0.6666666666666666,0.5714285714285714,0.75,151.49397590361446,151.9294117647059,147.3855421686747,155.48235294117646,211.18453815261043,198.43686274509807
598034,2013,2013-04-28,"MA Chidambaram Stadium, Chepauk",Chennai Super Kings,Kolkata Knight Riders,Kolkata Knight Riders,field,1,0.6022727272727273,0.4875,0.8,0.4,0.4659090909090909,0.5,0.6666666666666666,0.5675675675675675,0.5576923076923077,0.4186046511627907,0.6363636363636364,0,0.1147727272727273,0.4,0.19999999999999996,-0.034090909090909116,0.09909909909909909,0.139087656529517,0.24864864864864866,0.375,14.342045454545456,6.262499999999989,17.714280303030307,0.7,0.5,0.6486486486486487,0.4,0.75,0.375,158.57954545454547,144.2375,149.5,143.2375,216.36344696969698,198.64916666666667
598035,2013,2013-04-28,Shaheed Veer Narayan Singh International Stadium,Delhi Capitals,Pune Warriors,Pune Warriors,field,1,0.4819277108433735,0.2631578947368421,0.2,0.2,0.5180722891566265,0.42105263157894735,0.5510204081632653,0.2857142857142857,0.38235294117647056,0.25,0.5,0,0.2187698161065314,0.0,-0.1,0.09701965757767916,0.26530612244897955,0.13235294117647056,0.0,-0.125,7.427222403126024,6.287548138639295,15.370709152399087,0.1,0.2,0.5,0.5,0.125,0.25,147.26506024096386,139.83783783783784,153.52439024390245,147.23684210526315,199.54658634538154,184.17587719298245
598036,2013,2013-04-29,Sawai Mansingh Stadium,Rajasthan Royals,Royal Challengers Bengaluru,Rajasthan Royals,field,1,0.5375,0.5232558139534884,0.6,0.6,0.5375,0.4069767441860465,0.6153846153846154,0.5660377358490566,0.4634146341463415,0.45454545454545453,0.4,1,0.014244186046511564,0.0,-0.09999999999999998,0.13052325581395346,0.04934687953555883,0.008869179600886956,-0.06034482758620685,-0.04166666666666663,-3.269186046511635,-9.155232558139517,16.539200581395363,0.5,0.6,0.6896551724137931,0.75,0.625,0.6666666666666666,148.475,151.74418604651163,146.775,155.93023255813952,215.85354166666667,199.3143410852713
598037,2013,2013-04-29,Wankhede Stadium,Mumbai Indians,Punjab Kings,Mumbai Indians,bat,1,0.5714285714285714,0.49382716049382713,0.6,0.6,0.5476190476190477,0.5061728395061729,0.55,0.6,0.5909090909090909,0.3902439024390244,0.4,1,0.07760141093474426,0.0,0.09999999999999998,0.041446208112874805,-0.04999999999999993,0.20066518847006654,0.06521739130434778,0.125,-0.8641975308642031,-5.774691358024683,3.7607951205173435,0.6,0.5,0.5652173913043478,0.5,0.625,0.5,152.0,152.8641975308642,147.25,153.02469135802468,211.59186507936508,207.83106995884773
598038,2013,2013-04-30,Subrata Roy Sahara Stadium,Pune Warriors,Chennai Super Kings,Chennai Super Kings,bat,0,0.2564102564102564,0.6067415730337079,0.2,1.0,0.4358974358974359,0.4606741573033708,0.2727272727272727,0.6666666666666666,0.25,0.5660377358490566,0.4,0,-0.3503313166234515,-0.8,-0.49999999999999994,-0.0247767214059349,-0.3939393939393939,-0.3160377358490566,0.3,-0.5555555555555556,-18.965996451803676,-2.2434456928839097,-32.09649476615769,0.2,0.7,0.3,0.0,0.2222222222222222,0.7777777777777778,140.07894736842104,159.04494382022472,147.66666666666666,149.91011235955057,184.36623931623933,216.46273408239702
598039,2013,2013-05-01,"Rajiv Gandhi International Stadium, Uppal",Sunrisers Hyderabad,Mumbai Indians,Mumbai Indians,bat,1,0.5555555555555556,0.5764705882352941,0.4,0.6,0.3333333333333333,0.5529411764705883,0.75,0.55,0.4,0.6,0.5,0,-0.020915032679738488,-0.19999999999999996,-0.0444444444444444,-0.21960784313725495,0.19999999999999996,-0.19999999999999996,0.0,-0.11111111111111105,-17.481045751633985,-11.184313725490199,-8.396209150326797,0.5555555555555556,0.6,1.0,1.0,0.5555555555555556,0.6666666666666666,134.77777777777777,152.25882352941176,136.33333333333334,147.51764705882354,203.3722222222222,211.768431372549
598040,2013,2013-05-01,Shaheed Veer Narayan Singh International Stadium,Delhi Capitals,Kolkata Knight Riders,Kolkata Knight Riders,bat,1,0.4880952380952381,0.48148148148148145,0.4,0.2,0.5119047619047619,0.5061728395061729,0.5510204081632653,0.5526315789473685,0.4,0.4186046511627907,0.4,0,0.006613756613756627,0.2,-0.2,0.0057319223985889955,-0.001611170784103222,-0.018604651162790697,0.5,-0.1111111111111111,2.7111992945326335,9.531607913133996,0.12776308054085916,0.2,0.4,1.0,0.5,0.2222222222222222,0.3333333333333333,147.46428571428572,144.7530864197531,153.46987951807228,143.93827160493828,199.2281746031746,199.10041152263375
598041,2013,2013-05-02,"MA Chidambaram Stadium, Chepauk",Chennai Super Kings,Punjab Kings,Chennai Super Kings,bat,1,0.6111111111111112,0.4878048780487805,1.0,0.4,0.4666666666666667,0.5,0.6666666666666666,0.5853658536585366,0.5740740740740741,0.3902439024390244,0.6363636363636364,1,0.12330623306233068,0.6,0.4,-0.033333333333333326,0.08130081300813008,0.18383017163504967,-0.00877192982456132,0.3555555555555556,6.026829268292687,-3.624932249322484,8.98343270099366,0.8,0.4,0.6578947368421053,0.6666666666666666,0.8,0.4444444444444444,159.1,153.0731707317073,149.65555555555557,153.28048780487805,216.65314814814815,207.6697154471545
598042,2013,2013-05-02,Subrata Roy Sahara Stadium,Pune Warriors,Royal Challengers Bengaluru,Royal Challengers Bengaluru,bat,0,0.25,0.5172413793103449,0.0,0.6,0.425,0.40229885057471265,0.2608695652173913,0.5660377358490566,0.25,0.4411764705882353,0.0,0,-0.26724137931034486,-0.6,-0.39999999999999997,0.022701149425287337,-0.3051681706316653,-0.19117647058823528,-0.7272727272727273,-0.39999999999999997,-12.221927497789551,-8.051436781609198,-15.123299808429124,0.2,0.6,0.2727272727272727,1.0,0.2,0.6,139.74358974358975,151.9655172413793,148.075,156.1264367816092,184.87708333333333,200.00038314176246
598043,2013,2013-05-03,Eden Gardens,Kolkata Knight Riders,Rajasthan Royals,Rajasthan Royals,bat,1,0.47560975609756095,0.5432098765432098,0.2,0.6,0.5121951219512195,0.5432098765432098,0.5526315789473685,0.625,0.4090909090909091,0.4634146341463415,0.45454545454545453,0,-0.06760012044564889,-0.39999999999999997,-0.3,-0.031014754591990323,-0.07236842105263153,-0.05432372505543237,0.3257575757575758,-0.36666666666666664,-4.131436314363128,-3.2204155374887193,-17.09033925524443,0.3,0.6,0.5757575757575758,0.25,0.3,0.6666666666666666,144.64634146341464,148.77777777777777,143.85365853658536,147.07407407407408,199.16747967479674,216.25781893004117
598044,2013,2013-05-04,"Rajiv Gandhi International Stadium, Uppal",Sunrisers Hyderabad,Delhi Capitals,Delhi Capitals,bat,1,0.6,0.49411764705882355,0.6,0.6,0.3,0.5058823529411764,0.8,0.56,0.4,0.4,1.0,0,0.10588235294117643,0.0,0.3,-0.20588235294117646,0.24,0.0,0.0,0.3,-13.041176470588226,-17.661904761904765,5.900686274509809,0.6,0.3,1.0,1.0,0.6,0.3,134.3,147.34117647058824,135.6,153.26190476190476,204.945,199.04431372549018
598046,2013,2013-05-05,Wankhede Stadium,Mumbai Indians,Chennai Super Kings,Mumbai Indians,bat,1,0.5697674418604651,0.6153846153846154,0.6,1.0,0.5581395348837209,0.4725274725274725,0.55,0.6666666666666666,0.5869565217391305,0.5818181818181818,0.5833333333333334,1,-0.04561717352415029,-0.4,-0.30000000000000004,0.08561206235624841,-0.11666666666666659,0.005138339920948698,0.18333333333333335,-0.21818181818181825,-7.40723230258115,-2.5761564017377907,-4.620106056733988,0.6,0.9,0.5833333333333334,0.4,0.6,0.8181818181818182,151.98837209302326,159.3956043956044,147.3139534883721,149.8901098901099,212.0874031007752,216.70750915750918
598047,2013,2013-05-05,Sawai Mansingh Stadium,Rajasthan Royals,Pune Warriors,Pune Warriors,bat,1,0.5365853658536586,0.24390243902439024,0.4,0.0,0.5487804878048781,0.4146341463414634,0.625,0.25,0.4523809523809524,0.25,0.75,0,0.29268292682926833,0.4,0.39999999999999997,0.1341463414634147,0.375,0.20238095238095238,0.7,0.41818181818181815,8.073170731707307,-2.121951219512198,32.76239837398373,0.6,0.2,0.7,0.0,0.6,0.18181818181818182,148.5731707317073,140.5,146.90243902439025,149.02439024390245,217.03760162601625,184.27520325203253
598064,2013,2013-05-06,"Punjab Cricket Association Stadium, Mohali",Punjab Kings,Royal Challengers Bengaluru,Punjab Kings,field,1,0.4819277108433735,0.5227272727272727,0.4,0.6,0.4939759036144578,0.4090909090909091,0.5714285714285714,0.5660377358490566,0.3902439024390244,0.45714285714285713,0.5,1,-0.040799561883899216,-0.19999999999999996,-0.19999999999999996,0.0848849945235487,0.005390835579514808,-0.06689895470383272,-0.10666666666666658,-0.23636363636363633,0.9255202628696395,-2.6093921139101894,6.813814348302287,0.4,0.6,0.56,0.6666666666666666,0.4,0.6363636363636364,153.289156626506,152.36363636363637,153.67469879518072,156.2840909090909,207.2664658634538,200.4526515151515
598049,2013,2013-05-07,Sawai Mansingh Stadium,Rajasthan Royals,Delhi Capitals,Delhi Capitals,bat,1,0.5421686746987951,0.4883720930232558,0.6,0.6,0.5421686746987951,0.5116279069767442,0.6341463414634146,0.56,0.4523809523809524,0.3888888888888889,0.45454545454545453,0,0.05379658167553936,0.0,0.3,0.030540767722050943,0.07414634146341459,0.06349206349206349,0.37634408602150543,0.36363636363636365,2.4177640795741127,-5.134656272147396,18.59647893901183,0.6,0.3,0.7096774193548387,0.3333333333333333,0.6363636363636364,0.2727272727272727,148.97590361445782,146.5581395348837,147.27710843373495,152.41176470588235,217.4379518072289,198.84147286821707
598050,2013,2013-05-07,Wankhede Stadium,Mumbai Indians,Kolkata Knight Riders,Mumbai Indians,bat,1,0.5747126436781609,0.4819277108433735,0.8,0.4,0.5632183908045977,0.5060240963855421,0.55,0.5641025641025641,0.5957446808510638,0.4090909090909091,0.8181818181818182,1,0.09278493283478739,0.4,0.39999999999999997,0.05719429441905555,-0.014102564102564052,0.18665377176015469,0.26666666666666666,0.2727272727272727,7.333056363384571,2.817892258689909,13.017045192263282,0.7,0.3,0.6,0.3333333333333333,0.6363636363636364,0.36363636363636365,151.83908045977012,144.50602409638554,146.5287356321839,143.710843373494,211.9921455938697,198.97510040160643
598051,2013,2013-05-08,"Rajiv Gandhi International Stadium, Uppal",Sunrisers Hyderabad,Chennai Super Kings,Sunrisers Hyderabad,field,0,0.6363636363636364,0.6086956521739131,0.6,0.8,0.2727272727272727,0.4673913043478261,0.8333333333333334,0.6486486486486487,0.4,0.5818181818181818,0.0,1,0.02766798418972327,-0.20000000000000007,-0.20000000000000007,-0.1946640316205534,0.18468468468468469,-0.18181818181818177,0.0,-0.11363636363636365,-29.067193675889314,-19.22628458498025,-11.540135046113306,0.6,0.8,1.0,1.0,0.6363636363636364,0.75,129.45454545454547,158.52173913043478,130.54545454545453,149.77173913043478,205.62272727272727,217.16286231884058
598052,2013,2013-05-09,"Punjab Cricket Association Stadium, Mohali",Punjab Kings,Rajasthan Royals,Rajasthan Royals,field,0,0.4880952380952381,0.5476190476190477,0.4,0.8,0.5,0.5357142857142857,0.5813953488372093,0.6428571428571429,0.3902439024390244,0.4523809523809524,0.3,0,-0.05952380952380959,-0.4,-0.19999999999999996,-0.0357142857142857,-0.06146179401993357,-0.06213704994192798,0.07692307692307687,-0.2121212121212121,4.726190476190482,6.75,-10.321825396825403,0.4,0.6,0.5769230769230769,0.5,0.45454545454545453,0.6666666666666666,153.77380952380952,149.04761904761904,154.10714285714286,147.35714285714286,207.05853174603175,217.38035714285715
598053,2013,2013-05-09,Subrata Roy Sahara Stadium,Pune Warriors,Kolkata Knight Riders,Kolkata Knight Riders,bat,0,0.23809523809523808,0.47619047619047616,0.0,0.4,0.42857142857142855,0.5,0.25,0.55,0.23529411764705882,0.4090909090909091,0.0,0,-0.23809523809523808,-0.4,-0.09999999999999998,-0.07142857142857145,-0.30000000000000004,-0.1737967914438503,-0.75,-0.16666666666666666,-2.621080139372822,5.785714285714278,-15.01626984126986,0.2,0.3,0.25,1.0,0.16666666666666666,0.3333333333333333,141.41463414634146,144.03571428571428,149.8095238095238,144.02380952380952,183.80674603174603,198.8230158730159
598054,2013,2013-05-10,Feroz Shah Kotla,Delhi Capitals,Royal Challengers Bengaluru,Delhi Capitals,field,0,0.4827586206896552,0.5168539325842697,0.4,0.4,0.5172413793103449,0.4044943820224719,0.56,0.5660377358490566,0.3783783783783784,0.4444444444444444,0.5,1,-0.03409531189461451,0.0,-0.3,0.11274699728787296,-0.006037735849056536,-0.06606606606606602,-0.07575757575757575,-0.33333333333333337,-6.142838693013061,-4.266004703423022,-2.811761160618204,0.3,0.6,0.42424242424242425,0.5,0.25,0.5833333333333334,146.64367816091954,152.7865168539326,152.4418604651163,156.7078651685393,198.70996168582374,201.52172284644195
598055,2013,2013-05-11,Subrata Roy Sahara Stadium,Pune Warriors,Mumbai Indians,Pune Warriors,bat,0,0.23255813953488372,0.5795454545454546,0.0,0.8,0.4186046511627907,0.5681818181818182,0.24,0.55,0.23529411764705882,0.6041666666666666,0.2,1,-0.3469873150105709,-0.8,-0.6,-0.1495771670190275,-0.31000000000000005,-0.3688725490196078,-0.7692307692307692,-0.5128205128205128,-11.474025974025949,3.803646934460886,-28.531047392529928,0.1,0.7,0.23076923076923078,1.0,0.15384615384615385,0.6666666666666666,140.57142857142858,152.04545454545453,149.86046511627907,146.0568181818182,183.70891472868217,212.2399621212121
598056,2013,2013-05-11,"Punjab Cricket Association Stadium, Mohali",Punjab Kings,Sunrisers Hyderabad,Punjab Kings,field,0,0.4823529411764706,0.5833333333333334,0.2,0.4,0.49411764705882355,0.3333333333333333,0.5813953488372093,0.7142857142857143,0.38095238095238093,0.4,0.0,1,-0.10098039215686277,-0.2,-0.09999999999999998,0.16078431372549024,-0.13289036544850497,-0.01904761904761909,0.05555555555555558,-0.16666666666666669,22.837254901960762,15.773529411764713,1.1920588235293792,0.4,0.5,0.5555555555555556,0.5,0.4166666666666667,0.5833333333333334,153.6705882352941,130.83333333333334,154.0235294117647,138.25,206.68372549019605,205.49166666666667
598057,2013,2013-05-12,JSCA International Stadium Complex,Kolkata Knight Riders,Royal Challengers Bengaluru,Kolkata Knight Riders,field,1,0.4823529411764706,0.5222222222222223,0.4,0.4,0.5058823529411764,0.4,0.55,0.5660377358490566,0.4222222222222222,0.4594594594594595,0.45454545454545453,1,-0.03986928104575166,0.0,-0.19999999999999996,0.10588235294117643,-0.016037735849056545,-0.037237237237237264,0.0,-0.23076923076923078,-8.992810457516356,-13.379084967320267,-3.5482135076252916,0.4,0.6,0.5,0.5,0.38461538461538464,0.6153846153846154,144.12941176470588,153.12222222222223,143.57647058823528,156.95555555555555,198.6321568627451,202.18037037037038
598058,2013,2013-05-12,Sawai Mansingh Stadium,Rajasthan Royals,Chennai Super Kings,Rajasthan Royals,field,1,0.5529411764705883,0.6129032258064516,0.8,0.8,0.5411764705882353,0.46236559139784944,0.6511627906976745,0.6486486486486487,0.4523809523809524,0.5892857142857143,0.3333333333333333,1,-0.059962049335863354,0.0,-0.10000000000000009,0.07881087919038582,0.0025141420490257804,-0.13690476190476192,0.05208333333333337,-0.07692307692307698,-10.19152435167615,-2.401771030993018,0.2805840185536681,0.7,0.8,0.71875,0.6666666666666666,0.6923076923076923,0.7692307692307693,149.0235294117647,159.21505376344086,147.3294117647059,149.7311827956989,217.48470588235296,217.2041218637993
598060,2013,2013-05-13,Wankhede Stadium,Mumbai Indians,Sunrisers Hyderabad,Sunrisers Hyderabad,bat,1,0.5842696629213483,0.6153846153846154,0.8,0.6,0.5617977528089888,0.3076923076923077,0.5609756097560976,0.7142857142857143,0.6041666666666666,0.5,0.0,0,-0.03111495246326712,0.20000000000000007,0.09999999999999998,0.2541054451166811,-0.1533101045296167,0.10416666666666663,0.11538461538461542,0.07692307692307687,19.33275713050992,8.828003457216937,8.388951310861387,0.7,0.6,0.6153846153846154,0.5,0.6923076923076923,0.6153846153846154,151.64044943820224,132.30769230769232,145.67415730337078,136.84615384615384,212.6889513108614,204.3
598045,2013,2013-05-14,M Chinnaswamy Stadium,Royal Challengers Bengaluru,Punjab Kings,Punjab Kings,field,0,0.5164835164835165,0.47674418604651164,0.4,0.2,0.3956043956043956,0.5,0.5660377358490566,0.5681818181818182,0.4473684210526316,0.38095238095238093,0.45454545454545453,0,0.039739330437004894,0.2,0.09999999999999998,-0.10439560439560441,-0.002144082332761643,0.06641604010025065,0.0757575757575758,0.18681318681318676,-0.5757730641451531,2.528750319447994,-3.894294658829523,0.5,0.4,0.5757575757575758,0.5,0.5714285714285714,0.38461538461538464,152.7032967032967,153.27906976744185,156.5054945054945,153.97674418604652,202.36520146520147,206.259496124031
598062,2013,2013-05-14,"MA Chidambaram Stadium, Chepauk",Chennai Super Kings,Delhi Capitals,Chennai Super Kings,bat,1,0.6063829787234043,0.4772727272727273,0.6,0.4,0.4574468085106383,0.5227272727272727,0.6486486486486487,0.5490196078431373,0.5789473684210527,0.3783783783783784,0.6363636363636364,1,0.129110251450677,0.19999999999999996,0.5,-0.06528046421663442,0.09962904080551138,0.20056899004267426,0.2666666666666666,0.4835164835164835,12.009912959381069,-3.1228906823184275,19.347384751773035,0.8,0.3,0.6666666666666666,0.4,0.7142857142857143,0.23076923076923078,159.0212765957447,147.01136363636363,149.67021276595744,152.79310344827587,217.48280141843972,198.13541666666669
598061,2013,2013-05-15,JSCA International Stadium Complex,Kolkata Knight Riders,Pune Warriors,Kolkata Knight Riders,field,0,0.4883720930232558,0.22727272727272727,0.6,0.0,0.5116279069767442,0.4318181818181818,0.5609756097560976,0.24,0.4222222222222222,0.2222222222222222,1.0,1,0.2610993657505285,0.6,0.30000000000000004,0.07980972515856238,0.3209756097560976,0.2,0.5,0.2857142857142857,3.8953488372092977,-5.846723044397464,14.792468287526447,0.4,0.1,1.0,0.5,0.42857142857142855,0.14285714285714285,143.80232558139534,139.90697674418604,143.24418604651163,149.0909090909091,198.38527131782948,183.59280303030303
598063,2013,2013-05-15,Wankhede Stadium,Mumbai Indians,Rajasthan Royals,Rajasthan Royals,field,1,0.5888888888888889,0.5581395348837209,0.8,0.8,0.5555555555555556,0.5465116279069767,0.5714285714285714,0.6590909090909091,0.6041666666666666,0.4523809523809524,0.5,0,0.030749354005167984,0.0,0.0,0.009043927648578864,-0.08766233766233766,0.15178571428571425,-0.03703703703703698,0.0,3.0348837209302246,-1.2224806201550393,-4.263251507321286,0.7,0.7,0.6296296296296297,0.6666666666666666,0.7142857142857143,0.7142857142857143,152.0,148.96511627906978,146.03333333333333,147.25581395348837,213.23907407407407,217.50232558139535
598028,2013,2013-05-16,Himachal Pradesh Cricket Association Stadium,Punjab Kings,Delhi Capitals,Delhi Capitals,field,1,0.4827586206896552,0.47191011235955055,0.4,0.2,0.5057471264367817,0.5168539325842697,0.5777777777777777,0.5384615384615384,0.38095238095238093,0.3783783783783784,0.5454545454545454,0,0.010848508330104645,0.2,0.10000000000000003,-0.011106806147488046,0.03931623931623929,0.002574002574002532,-0.07142857142857145,0.21428571428571427,6.663825390675441,1.2409874608150346,8.998067071333224,0.4,0.3,0.42857142857142855,0.5,0.42857142857142855,0.21428571428571427,153.54022988505747,146.87640449438203,154.20689655172413,152.9659090909091,206.71398467432948,197.71591760299626
598065,2013,2013-05-17,"Rajiv Gandhi International Stadium, Uppal",Sunrisers Hyderabad,Rajasthan Royals,Sunrisers Hyderabad,bat,1,0.5714285714285714,0.5517241379310345,0.6,0.8,0.35714285714285715,0.5517241379310345,0.7142857142857143,0.6444444444444445,0.42857142857142855,0.4523809523809524,0.0,1,0.019704433497536922,-0.20000000000000007,-0.09999999999999998,-0.19458128078817732,0.06984126984126982,-0.023809523809523836,0.16666666666666674,-0.09523809523809523,-13.428571428571416,-7.256978653530382,-13.389573070607554,0.5,0.6,0.8333333333333334,0.6666666666666666,0.5714285714285714,0.6666666666666666,135.57142857142858,149.0,140.21428571428572,147.4712643678161,204.03571428571428,217.42528735632183
598066,2013,2013-05-18,Himachal Pradesh Cricket Association Stadium,Punjab Kings,Mumbai Indians,Mumbai Indians,field,1,0.48863636363636365,0.5934065934065934,0.6,1.0,0.5,0.5494505494505495,0.5777777777777777,0.5714285714285714,0.3953488372093023,0.6122448979591837,0.5454545454545454,0,-0.10477022977022976,-0.4,-0.30000000000000004,-0.0494505494505495,0.006349206349206327,-0.21689606074988138,0.0,-0.2666666666666666,1.5847902097902136,8.219280719280704,-6.336107642357689,0.5,0.8,0.5,0.5,0.4666666666666667,0.7333333333333333,153.73863636363637,152.15384615384616,154.3181818181818,146.0989010989011,206.90473484848482,213.2408424908425
598068,2013,2013-05-18,M Chinnaswamy Stadium,Royal Challengers Bengaluru,Chennai Super Kings,Chennai Super Kings,field,1,0.5108695652173914,0.6105263157894737,0.4,0.6,0.391304347826087,0.4631578947368421,0.5660377358490566,0.6486486486486487,0.4358974358974359,0.5862068965517241,0.38461538461538464,0,-0.09965675057208234,-0.19999999999999996,-0.30000000000000004,-0.07185354691075513,-0.0826109127995921,-0.15030946065428819,0.05882352941176472,-0.19999999999999996,-6.181006864988547,7.201601830663606,-15.049874141876415,0.5,0.8,0.5588235294117647,0.5,0.5333333333333333,0.7333333333333333,152.93478260869566,159.1157894736842,156.7173913043478,149.5157894736842,202.53731884057973,217.58719298245614
598067,2013,2013-05-19,Subrata Roy Sahara Stadium,Pune Warriors,Delhi Capitals,Pune Warriors,bat,1,0.24444444444444444,0.4666666666666667,0.2,0.0,0.4222222222222222,0.5222222222222223,0.24,0.5283018867924528,0.2631578947368421,0.3783783783783784,0.2,1,-0.22222222222222224,0.2,-0.19999999999999998,-0.10000000000000003,-0.28830188679245283,-0.11522048364153631,-0.2857142857142857,0.0,-6.475757575757569,-3.7685393258426814,-14.14611111111114,0.1,0.3,0.21428571428571427,0.5,0.2,0.2,140.5909090909091,147.06666666666666,149.4,153.1685393258427,183.03296296296296,197.1790740740741
598069,2013,2013-05-19,"Rajiv Gandhi International Stadium, Uppal",Sunrisers Hyderabad,Kolkata Knight Riders,Kolkata Knight Riders,bat,1,0.6,0.4827586206896552,0.6,0.6,0.4,0.5172413793103449,0.7142857142857143,0.5476190476190477,0.5,0.4222222222222222,0.0,0,0.11724137931034478,0.0,0.19999999999999996,-0.11724137931034484,0.16666666666666663,0.07777777777777778,-0.1428571428571429,0.19999999999999996,-8.422988505747128,-5.151724137931041,5.29478927203067,0.6,0.4,0.8571428571428571,1.0,0.6,0.4,135.6,144.02298850574712,138.4,143.55172413793105,203.54,198.24521072796932
598070,2013,2013-05-21,Feroz Shah Kotla,Chennai Super Kings,Mumbai Indians,Chennai Super Kings,bat,1,0.6041666666666666,0.5869565217391305,0.4,0.8,0.46875,0.5543478260869565,0.631578947368421,0.5581395348837209,0.5862068965517241,0.6122448979591837,0.38461538461538464,1,0.017210144927536142,-0.4,-0.10000000000000009,-0.08559782608695654,0.0734394124847001,-0.0260380014074596,0.35,0.0,6.366847826086968,2.5625,4.638956823671492,0.7,0.8,0.75,0.4,0.6875,0.6875,158.3125,151.94565217391303,149.0625,146.5,217.6206597222222,212.9817028985507
598071,2013,2013-05-22,Feroz Shah Kotla,Rajasthan Royals,Sunrisers Hyderabad,Sunrisers Hyderabad,bat,1,0.5454545454545454,0.625,0.6,0.6,0.5454545454545454,0.375,0.6304347826086957,0.75,0.4523809523809524,0.5,0.5,0,-0.07954545454545459,0.0,0.0,0.17045454545454541,-0.11956521739130432,-0.047619047619047616,-0.75,0.0,13.215909090909093,9.465909090909093,13.141477272727286,0.6,0.6,0.25,1.0,0.625,0.625,148.5909090909091,135.375,147.3409090909091,137.875,217.4477272727273,204.30625
598072,2013,2013-05-24,Eden Gardens,Mumbai Indians,Rajasthan Royals,Rajasthan Royals,bat,1,0.5806451612903226,0.550561797752809,0.6,0.6,0.5483870967741935,0.5393258426966292,0.5454545454545454,0.6382978723404256,0.6122448979591837,0.4523809523809524,0.5454545454545454,0,0.03008336353751362,0.0,0.0,0.009061254077564307,-0.09284332688588015,0.1598639455782313,0.6000000000000001,0.0,3.4220128065724396,-0.17929201401472028,-4.6874974829849805,0.7,0.7,0.8,0.2,0.6470588235294118,0.6470588235294118,151.86021505376345,148.43820224719101,146.98924731182797,147.1685393258427,212.92598566308243,217.6134831460674
598073,2013,2013-05-26,Eden Gardens,Chennai Super Kings,Mumbai Indians,Mumbai Indians,bat,0,0.6082474226804123,0.5851063829787234,0.6,0.6,0.4742268041237113,0.5425531914893617,0.631578947368421,0.5555555555555556,0.5932203389830508,0.6122448979591837,0.42857142857142855,0,0.023141039701688904,0.0,0.0,-0.06832638736565033,0.07602339181286544,-0.019024558976132866,-0.033333333333333326,0.03921568627450989,6.617240622943626,1.8294582145207414,4.620082986034987,0.7,0.7,0.8,0.8333333333333334,0.7058823529411765,0.6666666666666666,158.659793814433,152.04255319148936,149.01030927835052,147.18085106382978,217.25962199312715,212.63953900709217
729279,2014,2014-04-16,Sheikh Zayed Stadium,Mumbai Indians,Kolkata Knight Riders,Kolkata Knight Riders,bat,0,0.5894736842105263,0.4772727272727273,0.6,0.4,0.5473684210526316,0.5227272727272727,0.5555555555555556,0.5476190476190477,0.62,0.41304347826086957,0.8333333333333334,0,0.11220095693779897,0.19999999999999996,0.29999999999999993,0.024641148325358908,0.007936507936507908,0.20695652173913043,0.0,0.0,8.136363636363626,3.5269138755980975,14.34301435406698,0.7,0.4,0.5,0.5,0.5,0.5,152.0,143.86363636363637,146.94736842105263,143.42045454545453,212.4854385964912,198.14242424242423
729281,2014,2014-04-17,Sharjah Cricket Stadium,Delhi Capitals,Royal Challengers Bengaluru,Royal Challengers Bengaluru,field,0,0.46153846153846156,0.5161290322580645,0.0,0.4,0.5164835164835165,0.3870967741935484,0.5185185185185185,0.5660377358490566,0.3783783783783784,0.45,0.45454545454545453,0,-0.05459057071960294,-0.4,-0.2,0.12938674228996816,-0.0475192173305381,-0.07162162162162161,0.0,0.0,-5.507030603804793,-2.536200716845883,-6.384164401906332,0.3,0.5,0.5,0.5,0.5,0.5,146.92307692307693,152.43010752688173,153.37777777777777,155.91397849462365,196.39468864468867,202.778853046595
729283,2014,2014-04-18,Sheikh Zayed Stadium,Chennai Super Kings,Punjab Kings,Chennai Super Kings,bat,0,0.6020408163265306,0.4943820224719101,0.4,0.6,0.46938775510204084,0.4943820224719101,0.6153846153846154,0.5777777777777777,0.5932203389830508,0.4090909090909091,0.6666666666666666,1,0.10765879385462052,-0.19999999999999996,0.09999999999999998,-0.02499426736986926,0.037606837606837695,0.1841294298921417,0.0,0.0,4.248910800275183,-5.078651685393254,10.281688068485806,0.6,0.5,0.5,0.5,0.5,0.5,158.31632653061226,154.06741573033707,149.0,154.07865168539325,217.47738095238094,207.19569288389513
729285,2014,2014-04-18,Sheikh Zayed Stadium,Sunrisers Hyderabad,Rajasthan Royals,Rajasthan Royals,field,0,0.5882352941176471,0.5444444444444444,0.6,0.4,0.4117647058823529,0.5444444444444444,0.75,0.6382978723404256,0.4444444444444444,0.4418604651162791,0.3333333333333333,0,0.04379084967320268,0.19999999999999996,-0.09999999999999998,-0.13267973856209148,0.11170212765957444,0.0025839793281653423,0.0,0.0,-13.44575163398693,-9.705228758169909,-12.998954248366005,0.5,0.6,0.5,0.5,0.5,0.5,135.1764705882353,148.62222222222223,137.7058823529412,147.4111111111111,204.55882352941177,217.55777777777777
729287,2014,2014-04-19,Dubai International Cricket Stadium,Royal Challengers Bengaluru,Mumbai Indians,Royal Challengers Bengaluru,field,1,0.5212765957446809,0.5833333333333334,0.6,0.4,0.39361702127659576,0.5416666666666666,0.5740740740740741,0.5434782608695652,0.45,0.62,0.46153846153846156,1,-0.06205673758865249,0.19999999999999996,-0.19999999999999996,-0.14804964539007087,0.03059581320450888,-0.16999999999999998,0.0,1.0,0.6742021276595835,8.683289007092185,-9.887828752955045,0.5,0.7,0.5,0.5,1.0,0.0,152.36170212765958,151.6875,155.79787234042553,147.11458333333334,202.82588652482272,212.71371527777777
729289,2014,2014-04-19,Dubai International Cricket Stadium,Kolkata Knight Riders,Delhi Capitals,Kolkata Knight Riders,bat,0,0.48314606741573035,0.45652173913043476,0.6,0.0,0.5280898876404494,0.5108695652173914,0.5476190476190477,0.5185185185185185,0.425531914893617,0.3684210526315789,0.5454545454545454,1,0.026624328285295595,0.6,0.3,0.017220322423058043,0.029100529100529182,0.0571108622620381,0.0,1.0,-2.8235222276502157,-10.116928015804433,2.072946181403694,0.5,0.2,0.5,0.5,1.0,0.0,144.07865168539325,146.90217391304347,143.17977528089887,153.2967032967033,198.09812734082396,196.02518115942027
729291,2014,2014-04-20,Sharjah Cricket Stadium,Rajasthan Royals,Punjab Kings,Punjab Kings,field,0,0.5494505494505495,0.5,0.4,0.8,0.5494505494505495,0.4888888888888889,0.6458333333333334,0.5869565217391305,0.4418604651162791,0.4090909090909091,0.7272727272727273,0,0.0494505494505495,-0.4,0.09999999999999998,0.060561660561660624,0.05887681159420288,0.03276955602536996,0.0,0.0,-6.171916971916971,-7.3916971916972045,10.927604802604776,0.6,0.5,0.5,0.5,1.0,1.0,148.47252747252747,154.64444444444445,147.25274725274724,154.64444444444445,217.43223443223442,206.50462962962965
729293,2014,2014-04-21,Sheikh Zayed Stadium,Chennai Super Kings,Delhi Capitals,Chennai Super Kings,bat,1,0.5959595959595959,0.46236559139784944,0.4,0.2,0.47474747474747475,0.5053763440860215,0.6153846153846154,0.5272727272727272,0.5833333333333334,0.3684210526315789,0.6666666666666666,1,0.13359400456174647,0.2,0.2,-0.03062886933854675,0.08811188811188819,0.21491228070175444,-0.5,-0.5,11.669599217986303,-3.859025032938092,21.739795807537774,0.5,0.3,0.0,0.5,0.0,0.5,158.78787878787878,147.11827956989248,149.57575757575756,153.43478260869566,217.37760942760946,195.63781362007168
729295,2014,2014-04-22,Sharjah Cricket Stadium,Punjab Kings,Sunrisers Hyderabad,Sunrisers Hyderabad,field,1,0.5054945054945055,0.5555555555555556,1.0,0.4,0.4945054945054945,0.3888888888888889,0.5957446808510638,0.75,0.4090909090909091,0.4,0.0,0,-0.050061050061050105,0.6,0.09999999999999998,0.10561660561660563,-0.1542553191489362,0.009090909090909094,0.5,1.0,20.01037851037853,17.488400488400515,1.8597069597069549,0.6,0.5,1.0,0.5,1.0,0.0,155.06593406593407,135.05555555555554,155.04395604395606,137.55555555555554,206.1430402930403,204.28333333333333
729297,2014,2014-04-23,Dubai International Cricket Stadium,Rajasthan Royals,Chennai Super Kings,Rajasthan Royals,field,0,0.5434782608695652,0.6,0.4,0.4,0.5434782608695652,0.48,0.6458333333333334,0.6153846153846154,0.4318181818181818,0.5901639344262295,0.38461538461538464,1,-0.05652173913043479,0.0,0.09999999999999998,0.0634782608695652,0.03044871794871795,-0.15834575260804767,0.0,0.0,-10.035217391304343,-1.1699999999999875,0.008768115942046961,0.6,0.5,0.5,0.5,0.5,0.5,148.93478260869566,158.97,147.75,148.92,217.18460144927536,217.17583333333332
729299,2014,2014-04-24,Sharjah Cricket Stadium,Royal Challengers Bengaluru,Kolkata Knight Riders,Royal Challengers Bengaluru,field,0,0.5263157894736842,0.4777777777777778,0.6,0.4,0.4,0.5333333333333333,0.5818181818181818,0.5476190476190477,0.45,0.4166666666666667,0.5,1,0.04853801169590638,0.19999999999999996,0.09999999999999998,-0.1333333333333333,0.03419913419913412,0.033333333333333326,0.5,0.5,7.6567251461988235,11.923976608187132,4.419454191033168,0.5,0.4,1.0,0.5,1.0,0.5,151.97894736842105,144.32222222222222,155.3684210526316,143.44444444444446,202.86982456140353,198.45037037037036
729301,2014,2014-04-25,Dubai International Cricket Stadium,Sunrisers Hyderabad,Delhi Capitals,Sunrisers Hyderabad,bat,1,0.5263157894736842,0.4574468085106383,0.4,0.2,0.42105263157894735,0.5,0.6666666666666666,0.5178571428571429,0.4,0.3684210526315789,1.0,1,0.06886898096304589,0.2,0.3,-0.07894736842105265,0.14880952380952372,0.031578947368421095,-0.5,-0.3333333333333333,-12.131019036954086,-13.214487832484423,7.82048338932438,0.5,0.2,0.5,1.0,0.0,0.3333333333333333,134.31578947368422,146.4468085106383,140.47368421052633,153.68817204301075,203.0578947368421,195.2374113475177
729303,2014,2014-04-25,Dubai International Cricket Stadium,Chennai Super Kings,Mumbai Indians,Mumbai Indians,bat,1,0.6039603960396039,0.5773195876288659,0.6,0.4,0.4752475247524752,0.5360824742268041,0.6153846153846154,0.5434782608695652,0.5967741935483871,0.6078431372549019,0.4,0,0.026640808410738015,0.19999999999999996,-0.09999999999999998,-0.06083494947432888,0.07190635451505023,-0.011068943706514789,1.0,0.6666666666666666,7.4728998673063245,1.9685618046340778,4.125252628355639,0.5,0.6,1.0,0.0,0.6666666666666666,0.0,158.78217821782178,151.30927835051546,148.76237623762376,146.79381443298968,217.1542904290429,213.02903780068726
729305,2014,2014-04-26,Sheikh Zayed Stadium,Rajasthan Royals,Royal Challengers Bengaluru,Rajasthan Royals,field,1,0.5376344086021505,0.5208333333333334,0.4,0.6,0.5483870967741935,0.40625,0.6326530612244898,0.5714285714285714,0.4318181818181818,0.45,0.45454545454545453,1,0.016801075268817134,-0.19999999999999996,0.0,0.1421370967741935,0.061224489795918435,-0.018181818181818188,0.5,-0.3333333333333333,-3.1740591397849585,-7.645833333333343,13.852396953404991,0.5,0.5,1.0,0.5,0.3333333333333333,0.6666666666666666,148.76344086021504,151.9375,147.66666666666666,155.3125,216.72670250896056,202.87430555555557
729307,2014,2014-04-26,Sheikh Zayed Stadium,Kolkata Knight Riders,Punjab Kings,Kolkata Knight Riders,field,0,0.4835164835164835,0.5108695652173914,0.4,1.0,0.5274725274725275,0.4891304347826087,0.5476190476190477,0.5957446808510638,0.42857142857142855,0.4222222222222222,0.5454545454545454,1,-0.027353081700907833,-0.6,-0.19999999999999996,0.03834209268991878,-0.04812563323201613,0.006349206349206327,0.0,-0.33333333333333337,-11.093645484949832,-11.179407548972762,-7.6421464405159725,0.5,0.7,1.0,1.0,0.6666666666666666,1.0,144.3846153846154,155.47826086956522,143.4945054945055,154.67391304347825,198.60586080586083,206.2480072463768
729309,2014,2014-04-27,Sharjah Cricket Stadium,Delhi Capitals,Mumbai Indians,Mumbai Indians,bat,1,0.45263157894736844,0.5714285714285714,0.2,0.4,0.49473684210526314,0.5408163265306123,0.5087719298245614,0.5434782608695652,0.3684210526315789,0.5961538461538461,0.5,0,-0.11879699248120296,-0.2,-0.4,-0.04607948442534915,-0.03470633104500376,-0.22773279352226722,-0.5,0.25,-4.40408163265306,7.2657403386886585,-17.844634801288947,0.1,0.5,0.0,0.5,0.25,0.0,146.8,151.20408163265307,154.01063829787233,146.74489795918367,195.10859649122807,212.95323129251702
729311,2014,2014-04-27,Sharjah Cricket Stadium,Sunrisers Hyderabad,Chennai Super Kings,Sunrisers Hyderabad,bat,0,0.55,0.6078431372549019,0.4,0.6,0.45,0.47058823529411764,0.6666666666666666,0.625,0.45454545454545453,0.5967741935483871,0.0,1,-0.057843137254901866,-0.19999999999999996,-0.09999999999999998,-0.02058823529411763,0.04166666666666663,-0.1422287390029326,-0.5,-0.4166666666666667,-21.817647058823525,-6.236274509803934,-15.368954248366009,0.5,0.6,0.0,0.5,0.3333333333333333,0.75,136.8,158.61764705882354,142.45,148.68627450980392,201.825,217.193954248366
729313,2014,2014-04-28,Dubai International Cricket Stadium,Punjab Kings,Royal Challengers Bengaluru,Punjab Kings,field,1,0.5161290322580645,0.5154639175257731,1.0,0.6,0.4838709677419355,0.4020618556701031,0.5957446808510638,0.5714285714285714,0.43478260869565216,0.43902439024390244,0.5833333333333334,1,0.0006651147322913609,0.4,0.30000000000000004,0.08180911207183239,0.024316109422492405,-0.0042417815482502785,-0.5,0.5,4.133022946458254,-0.26050327014743857,3.865057458522699,0.8,0.5,0.5,1.0,1.0,0.5,155.2258064516129,151.09278350515464,154.18279569892474,154.44329896907217,206.65681003584228,202.79175257731958
729315,2014,2014-04-29,Sheikh Zayed Stadium,Kolkata Knight Riders,Rajasthan Royals,Rajasthan Royals,bat,0,0.4782608695652174,0.5425531914893617,0.4,0.4,0.532608695652174,0.5531914893617021,0.5348837209302325,0.64,0.42857142857142855,0.4318181818181818,0.5,0,-0.06429232192414425,0.0,0.0,-0.020582793709528202,-0.1051162790697675,-0.0032467532467532756,-0.5,0.0,-3.936170212765944,-3.470860314523577,-17.60068609312364,0.5,0.5,0.5,1.0,0.5,0.5,144.0,147.93617021276594,143.3695652173913,146.8404255319149,198.4927536231884,216.09343971631205
729317,2014,2014-04-30,Dubai International Cricket Stadium,Mumbai Indians,Sunrisers Hyderabad,Mumbai Indians,field,0,0.5656565656565656,0.5238095238095238,0.2,0.2,0.5454545454545454,0.47619047619047616,0.5434782608695652,0.6666666666666666,0.5849056603773585,0.4166666666666667,0.5,1,0.0418470418470418,0.0,0.0,0.06926406926406925,-0.12318840579710144,0.1682389937106918,-1.0,-0.25,13.748917748917734,3.9163059163059017,11.378379028379072,0.4,0.4,0.0,1.0,0.0,0.25,150.93939393939394,137.1904761904762,146.53535353535352,142.61904761904762,212.80218855218857,201.4238095238095
733971,2014,2014-05-02,JSCA International Stadium Complex,Chennai Super Kings,Kolkata Knight Riders,Chennai Super Kings,bat,1,0.6116504854368932,0.4731182795698925,0.8,0.4,0.46601941747572817,0.5268817204301075,0.6341463414634146,0.5227272727272727,0.5967741935483871,0.42857142857142855,0.6666666666666666,1,0.13853220586700066,0.4,0.19999999999999996,-0.06086230295437933,0.11141906873614194,0.16820276497695857,0.0,0.4,14.40912412569162,5.1881198454953505,18.377212304694268,0.6,0.4,0.5,0.5,0.8,0.4,158.49514563106797,144.08602150537635,148.6504854368932,143.46236559139786,217.09692556634303,198.71971326164876
733973,2014,2014-05-03,Wankhede Stadium,Mumbai Indians,Punjab Kings,Punjab Kings,bat,1,0.56,0.5212765957446809,0.0,1.0,0.55,0.48936170212765956,0.5319148936170213,0.6041666666666666,0.5849056603773585,0.43478260869565216,0.4166666666666667,0,0.03872340425531917,-1.0,-0.5,0.060638297872340485,-0.07225177304964536,0.1501230516817063,0.24285714285714288,-1.0,-3.925531914893611,-7.0717021276595915,5.4350460992907585,0.3,0.8,0.6428571428571429,0.4,0.0,1.0,151.0,154.9255319148936,146.79,153.86170212765958,212.44816666666665,207.0131205673759
733975,2014,2014-05-03,Feroz Shah Kotla,Delhi Capitals,Rajasthan Royals,Rajasthan Royals,field,0,0.4583333333333333,0.5473684210526316,0.4,0.6,0.4895833333333333,0.5578947368421052,0.5172413793103449,0.64,0.3684210526315789,0.4444444444444444,0.5,0,-0.0890350877192983,-0.19999999999999996,-0.3,-0.0683114035087719,-0.12275862068965515,-0.07602339181286549,0.0117647058823529,-0.19999999999999996,-1.3956140350877035,6.810526315789474,-21.02571454678366,0.2,0.5,0.4117647058823529,0.4,0.4,0.6,146.58333333333334,147.97894736842105,153.70526315789473,146.89473684210526,194.77621527777777,215.80192982456143
733977,2014,2014-05-04,M Chinnaswamy Stadium,Royal Challengers Bengaluru,Sunrisers Hyderabad,Royal Challengers Bengaluru,field,1,0.5102040816326531,0.5454545454545454,0.4,0.4,0.3979591836734694,0.45454545454545453,0.5714285714285714,0.6666666666666666,0.42857142857142855,0.46153846153846156,0.5,1,-0.03525046382189234,0.0,-0.09999999999999998,-0.056586270871985145,-0.09523809523809523,-0.032967032967033016,0.5714285714285714,0.0,12.043599257884978,10.89053803339516,2.448191094619631,0.4,0.5,0.5714285714285714,0.0,0.4,0.4,150.81632653061226,138.77272727272728,154.16326530612244,143.27272727272728,202.87091836734692,200.4227272727273
733979,2014,2014-05-05,"Sardar Patel Stadium, Motera",Rajasthan Royals,Kolkata Knight Riders,Kolkata Knight Riders,field,1,0.5520833333333334,0.46808510638297873,0.6,0.2,0.5625,0.5212765957446809,0.6470588235294118,0.5111111111111111,0.4444444444444444,0.42857142857142855,0.5384615384615384,0,0.08399822695035464,0.39999999999999997,0.09999999999999998,0.04122340425531912,0.13594771241830073,0.015873015873015872,0.75,0.3333333333333333,4.2965425531915,3.437278368794324,16.83222887115835,0.5,0.4,0.75,0.0,0.6666666666666666,0.3333333333333333,148.0625,143.7659574468085,146.94791666666666,143.51063829787233,215.61024305555554,198.7780141843972
733981,2014,2014-05-05,Feroz Shah Kotla,Delhi Capitals,Chennai Super Kings,Chennai Super Kings,field,0,0.4536082474226804,0.6153846153846154,0.4,1.0,0.4845360824742268,0.47115384615384615,0.5172413793103449,0.6341463414634146,0.358974358974359,0.6031746031746031,0.3076923076923077,0,-0.161776367961935,-0.6,-0.49999999999999994,0.013382236320380658,-0.11690496215306978,-0.24420024420024417,-0.4,-0.5,-11.755055511498824,5.411858974358978,-22.865052537668532,0.2,0.7,0.4,0.8,0.3333333333333333,0.8333333333333334,146.63917525773195,158.39423076923077,153.72916666666666,148.31730769230768,194.50017182130583,217.36522435897436
733983,2014,2014-05-06,Wankhede Stadium,Mumbai Indians,Royal Challengers Bengaluru,Royal Challengers Bengaluru,field,1,0.5643564356435643,0.5151515151515151,0.2,0.4,0.5445544554455446,0.40404040404040403,0.5416666666666666,0.5789473684210527,0.5849056603773585,0.42857142857142855,0.5,0,0.049204920492049165,-0.2,-0.2,0.14051405140514056,-0.037280701754386025,0.15633423180592992,0.15517241379310343,-0.33333333333333337,0.29922992299231055,-7.171717171717177,9.111561156115613,0.3,0.5,0.6551724137931034,0.5,0.16666666666666666,0.5,151.1881188118812,150.88888888888889,147.0,154.17171717171718,211.97772277227722,202.8661616161616
733985,2014,2014-05-07,Feroz Shah Kotla,Delhi Capitals,Kolkata Knight Riders,Delhi Capitals,bat,0,0.4489795918367347,0.4631578947368421,0.2,0.2,0.47959183673469385,0.5263157894736842,0.5172413793103449,0.5,0.35,0.42857142857142855,0.5,1,-0.014178302900107409,0.0,-0.09999999999999998,-0.046723952738990326,0.017241379310344862,-0.07857142857142857,-0.27777777777777773,0.0,3.0223415682062296,10.220835594139999,-4.26154493376302,0.2,0.3,0.3888888888888889,0.6666666666666666,0.2857142857142857,0.2857142857142857,146.9591836734694,143.93684210526317,154.01030927835052,143.78947368421052,194.0767006802721,198.33824561403512
733987,2014,2014-05-07,Barabati Stadium,Punjab Kings,Chennai Super Kings,Chennai Super Kings,field,1,0.5157894736842106,0.6190476190476191,0.8,1.0,0.49473684210526314,0.47619047619047616,0.6041666666666666,0.6428571428571429,0.425531914893617,0.6031746031746031,0.38461538461538464,0,-0.1032581453634085,-0.19999999999999996,0.10000000000000009,0.018546365914786977,-0.038690476190476275,-0.17764268828098612,-0.5,-0.023809523809523725,-3.546365914786975,5.431578947368422,-10.222247284878847,0.8,0.7,0.0,0.5,0.8333333333333334,0.8571428571428571,155.06315789473683,158.6095238095238,154.03157894736842,148.6,207.50140350877194,217.7236507936508
733989,2014,2014-05-08,"Sardar Patel Stadium, Motera",Rajasthan Royals,Sunrisers Hyderabad,Rajasthan Royals,field,0,0.5567010309278351,0.5217391304347826,0.8,0.4,0.5567010309278351,0.43478260869565216,0.6470588235294118,0.6666666666666666,0.45652173913043476,0.42857142857142855,0.75,1,0.03496190049305248,0.4,0.19999999999999996,0.12191842223218291,-0.019607843137254832,0.02795031055900621,0.30000000000000004,0.380952380952381,8.810398924249228,3.169430748543249,15.69292544449425,0.6,0.4,0.8,0.5,0.7142857142857143,0.3333333333333333,148.28865979381445,139.47826086956522,147.08247422680412,143.91304347826087,215.3668384879725,199.67391304347825
733991,2014,2014-05-09,M Chinnaswamy Stadium,Royal Challengers Bengaluru,Punjab Kings,Royal Challengers Bengaluru,field,0,0.51,0.5208333333333334,0.2,0.8,0.41,0.4895833333333333,0.5689655172413793,0.6041666666666666,0.42857142857142855,0.4375,0.38461538461538464,1,-0.010833333333333361,-0.6000000000000001,-0.5,-0.07958333333333334,-0.03520114942528729,-0.008928571428571452,-0.016666666666666607,-0.42857142857142855,-4.794166666666655,0.125,-4.728930555555564,0.4,0.9,0.5833333333333334,0.6,0.42857142857142855,0.8571428571428571,151.06,155.85416666666666,154.5,154.375,203.02349999999998,207.75243055555555
733993,2014,2014-05-10,Feroz Shah Kotla,Delhi Capitals,Sunrisers Hyderabad,Sunrisers Hyderabad,field,0,0.4444444444444444,0.5416666666666666,0.2,0.6,0.48484848484848486,0.4166666666666667,0.5172413793103449,0.6666666666666666,0.34146341463414637,0.4666666666666667,0.0,0,-0.09722222222222221,-0.39999999999999997,-0.3,0.06818181818181818,-0.14942528735632177,-0.1252032520325203,-0.1216216216216216,-0.17857142857142855,7.8409090909090935,11.914965986394577,-5.989351851851836,0.2,0.5,0.3783783783783784,0.5,0.25,0.42857142857142855,147.0909090909091,139.25,154.08163265306123,142.16666666666666,193.56481481481484,199.55416666666667
733995,2014,2014-05-10,Wankhede Stadium,Mumbai Indians,Chennai Super Kings,Chennai Super Kings,field,0,0.5686274509803921,0.6132075471698113,0.4,0.8,0.5392156862745098,0.4811320754716981,0.5416666666666666,0.627906976744186,0.5925925925925926,0.6031746031746031,0.5625,0,-0.04458009618941916,-0.4,-0.29999999999999993,0.05808361080281166,-0.08624031007751942,-0.010582010582010581,0.3333333333333333,-0.4642857142857143,-7.338142804291522,-2.171476137624836,-6.630299667036638,0.4,0.7,0.6666666666666666,0.3333333333333333,0.2857142857142857,0.75,151.5392156862745,158.87735849056602,147.2058823529412,149.37735849056602,211.50539215686274,218.13569182389938
733997,2014,2014-05-11,Barabati Stadium,Punjab Kings,Kolkata Knight Riders,Kolkata Knight Riders,field,0,0.5257731958762887,0.46875,0.8,0.2,0.4845360824742268,0.5208333333333334,0.6041666666666666,0.5106382978723404,0.4489795918367347,0.42857142857142855,0.5,0,0.05702319587628868,0.6000000000000001,0.6000000000000001,-0.03629725085910657,0.09352836879432624,0.020408163265306145,-0.5,0.5,12.174076460481103,10.536512027491398,9.874062142038923,0.9,0.3,0.5,1.0,0.875,0.375,156.28865979381445,144.11458333333334,154.49484536082474,143.95833333333334,207.99003436426116,198.11597222222224
733999,2014,2014-05-11,M Chinnaswamy Stadium,Royal Challengers Bengaluru,Rajasthan Royals,Royal Challengers Bengaluru,bat,0,0.504950495049505,0.5510204081632653,0.2,0.8,0.4158415841584158,0.5612244897959183,0.559322033898305,0.6346153846153846,0.42857142857142855,0.45652173913043476,0.5,1,-0.0460699131137603,-0.6000000000000001,-0.19999999999999996,-0.1453829056375025,-0.07529335071707954,-0.02795031055900621,0.06756756756756754,-0.25,3.391594261466963,7.98171347747018,-12.505962484003504,0.4,0.6,0.5675675675675675,0.5,0.375,0.625,151.20792079207922,147.81632653061226,154.93069306930693,146.94897959183675,202.98366336633663,215.48962585034013
734001,2014,2014-05-12,"Rajiv Gandhi International Stadium, Uppal",Sunrisers Hyderabad,Mumbai Indians,Sunrisers Hyderabad,bat,0,0.56,0.5631067961165048,0.6,0.4,0.44,0.5339805825242718,0.7,0.5416666666666666,0.4666666666666667,0.5818181818181818,0.6666666666666666,1,-0.003106796116504773,0.19999999999999996,0.09999999999999998,-0.09398058252427183,0.15833333333333333,-0.11515151515151512,0.20833333333333337,0.25,-16.152233009708738,-5.130097087378658,-11.401495145631031,0.5,0.4,0.875,0.6666666666666666,0.5,0.25,135.44,151.59223300970874,142.2,147.33009708737865,199.93200000000002,211.33349514563105
734003,2014,2014-05-13,JSCA International Stadium Complex,Chennai Super Kings,Rajasthan Royals,Rajasthan Royals,bat,1,0.616822429906542,0.5555555555555556,0.8,0.8,0.48598130841121495,0.5555555555555556,0.6363636363636364,0.6415094339622641,0.6031746031746031,0.45652173913043476,0.6428571428571429,0,0.06126687435098643,0.0,0.09999999999999998,-0.06957424714434063,-0.005145797598627766,0.14665286404416839,0.5,0.11111111111111116,10.635325214764464,2.0647597470027392,2.7247931023632077,0.7,0.6,1.0,0.5,0.7777777777777778,0.6666666666666666,158.88785046728972,148.25252525252526,149.44859813084113,147.3838383838384,218.33068535825547,215.60589225589226
734005,2014,2014-05-13,M Chinnaswamy Stadium,Royal Challengers Bengaluru,Delhi Capitals,Delhi Capitals,field,1,0.5,0.44,0.2,0.2,0.4215686274509804,0.48,0.559322033898305,0.5172413793103449,0.4186046511627907,0.3333333333333333,0.5833333333333334,0,0.06,0.0,0.2,-0.05843137254901959,0.042080654587960176,0.0852713178294574,0.052631578947368474,0.1111111111111111,4.538235294117641,2.3146167557932245,9.916892156862787,0.4,0.2,0.5526315789473685,0.5,0.3333333333333333,0.2222222222222222,151.58823529411765,147.05,155.2843137254902,152.96969696969697,202.97205882352944,193.05516666666665
734007,2014,2014-05-14,"Rajiv Gandhi International Stadium, Uppal",Sunrisers Hyderabad,Punjab Kings,Punjab Kings,field,0,0.5384615384615384,0.5204081632653061,0.6,0.6,0.46153846153846156,0.47959183673469385,0.7,0.6041666666666666,0.4375,0.44,0.6666666666666666,0,0.01805337519623229,0.0,-0.4,-0.01805337519623229,0.09583333333333333,-0.0025000000000000022,0.02777777777777779,-0.33333333333333337,-19.94505494505495,-11.56436420722136,-8.956776556776532,0.4,0.8,0.7777777777777778,0.75,0.4444444444444444,0.7777777777777778,136.26923076923077,156.21428571428572,142.8846153846154,154.44897959183675,199.38846153846154,208.34523809523807
734009,2014,2014-05-14,Barabati Stadium,Kolkata Knight Riders,Mumbai Indians,Kolkata Knight Riders,field,1,0.4742268041237113,0.5673076923076923,0.4,0.6,0.5257731958762887,0.5288461538461539,0.5208333333333334,0.5510204081632653,0.42857142857142855,0.5818181818181818,0.23076923076923078,1,-0.09308088818398097,-0.19999999999999996,0.0,-0.0030729579698651754,-0.03018707482993188,-0.15324675324675324,0.5,0.1111111111111111,-7.497819191118168,-3.412767644726415,-13.360436492201927,0.4,0.4,1.0,0.5,0.4444444444444444,0.3333333333333333,144.17525773195877,151.67307692307693,144.01030927835052,147.42307692307693,197.9044673539519,211.26490384615383
734011,2014,2014-05-15,"Sardar Patel Stadium, Motera",Rajasthan Royals,Delhi Capitals,Delhi Capitals,field,1,0.55,0.43564356435643564,0.6,0.0,0.56,0.48514851485148514,0.6415094339622641,0.5084745762711864,0.44680851063829785,0.3333333333333333,0.5384615384615384,0,0.1143564356435644,0.6,0.39999999999999997,0.07485148514851492,0.1330348576910777,0.11347517730496454,-0.33333333333333337,0.39999999999999997,0.9727722772277332,-5.900000000000006,23.080856435643568,0.6,0.2,0.6666666666666666,1.0,0.6,0.2,148.25,147.27722772277227,147.4,153.3,215.69983333333334,192.61897689768978
734013,2014,2014-05-18,JSCA International Stadium Complex,Chennai Super Kings,Royal Challengers Bengaluru,Chennai Super Kings,bat,0,0.6203703703703703,0.5048543689320388,0.8,0.4,0.48148148148148145,0.4174757281553398,0.6444444444444445,0.559322033898305,0.6031746031746031,0.4318181818181818,0.5714285714285714,1,0.11551600143833152,0.4,0.4,0.06400575332614167,0.08512241054613945,0.17135642135642132,1.0,0.4,6.8739661992089225,-5.9919992808342215,15.332495804866369,0.8,0.4,1.0,0.0,0.8,0.4,158.7962962962963,151.92233009708738,149.4351851851852,155.4271844660194,218.35725308641975,203.02475728155338
734015,2014,2014-05-18,"Rajiv Gandhi International Stadium, Uppal",Sunrisers Hyderabad,Kolkata Knight Riders,Sunrisers Hyderabad,bat,0,0.5185185185185185,0.47959183673469385,0.4,0.6,0.4444444444444444,0.5306122448979592,0.7,0.5306122448979592,0.4117647058823529,0.42857142857142855,0.5,1,0.038926681783824635,-0.19999999999999996,-0.09999999999999998,-0.0861678004535148,0.16938775510204074,-0.016806722689075626,0.033333333333333326,-0.09999999999999998,-5.33824640967498,1.4278155706727205,1.0637944066515388,0.4,0.5,0.7,0.6666666666666666,0.4,0.5,138.8148148148148,144.1530612244898,145.40740740740742,143.9795918367347,199.18148148148146,198.11768707482992
734017,2014,2014-05-19,"Sardar Patel Stadium, Motera",Rajasthan Royals,Mumbai Indians,Mumbai Indians,bat,0,0.5544554455445545,0.5619047619047619,0.6,0.6,0.5544554455445545,0.5238095238095238,0.6415094339622641,0.5510204081632653,0.4583333333333333,0.5714285714285714,0.4166666666666667,0,-0.007449316360207403,0.0,0.3,0.030645921735030668,0.09048902579899887,-0.11309523809523808,0.2142857142857143,0.33636363636363636,-2.7991513437058018,-0.05459688826024944,3.991277699198463,0.6,0.3,0.7142857142857143,0.5,0.6363636363636364,0.3,148.77227722772278,151.57142857142858,147.31683168316832,147.37142857142857,215.31270627062705,211.32142857142858
734019,2014,2014-05-19,Feroz Shah Kotla,Delhi Capitals,Punjab Kings,Punjab Kings,field,0,0.43137254901960786,0.5252525252525253,0.0,0.6,0.49019607843137253,0.48484848484848486,0.5,0.6122448979591837,0.3333333333333333,0.44,0.4166666666666667,0,-0.09387997623291744,-0.6,-0.6000000000000001,0.005347593582887666,-0.11224489795918369,-0.10666666666666669,-0.23157894736842105,-0.6181818181818182,-9.57159833630422,-1.1873187318731766,-16.357600514953447,0.2,0.8,0.3684210526315789,0.6,0.18181818181818182,0.8,147.19607843137254,156.76767676767676,153.77227722772278,154.95959595959596,192.22859477124183,208.58619528619528
734021,2014,2014-05-20,"Rajiv Gandhi International Stadium, Uppal",Sunrisers Hyderabad,Royal Challengers Bengaluru,Royal Challengers Bengaluru,bat,1,0.5,0.5096153846153846,0.4,0.4,0.4642857142857143,0.41346153846153844,0.7,0.5666666666666667,0.3888888888888889,0.4318181818181818,0.3333333333333333,0,-0.009615384615384581,0.0,0.0,0.050824175824175866,0.1333333333333333,-0.04292929292929293,0.38636363636363635,-0.09090909090909088,-12.89835164835165,-9.83104395604397,-4.560782967032992,0.4,0.4,0.6363636363636364,0.25,0.36363636363636365,0.45454545454545453,138.92857142857142,151.82692307692307,145.42857142857142,155.2596153846154,198.74642857142857,203.30721153846156
734023,2014,2014-05-20,Eden Gardens,Kolkata Knight Riders,Chennai Super Kings,Kolkata Knight Riders,field,1,0.48484848484848486,0.6146788990825688,0.8,0.6,0.5252525252525253,0.48623853211009177,0.54,0.6444444444444445,0.42857142857142855,0.59375,0.3076923076923077,1,-0.12983041423408392,0.20000000000000007,-0.30000000000000004,0.039013993142433534,-0.10444444444444445,-0.16517857142857145,-0.07843137254901955,-0.18181818181818188,-14.433787415438786,-5.407376517468265,-19.982134803694436,0.5,0.8,0.5882352941176471,0.6666666666666666,0.5454545454545454,0.7272727272727273,144.17171717171718,158.60550458715596,143.95959595959596,149.36697247706422,198.43973063973064,218.42186544342508
734025,2014,2014-05-21,"Punjab Cricket Association Stadium, Mohali",Punjab Kings,Mumbai Indians,Mumbai Indians,field,0,0.53,0.5660377358490566,0.8,0.6,0.49,0.5283018867924528,0.62,0.5510204081632653,0.44,0.5789473684210527,0.5384615384615384,0,-0.03603773584905656,0.20000000000000007,0.4,-0.03830188679245283,0.06897959183673474,-0.13894736842105265,0.2857142857142857,0.4545454545454546,5.0292452830188665,7.625471698113216,-2.249044025157218,0.8,0.4,0.5357142857142857,0.25,0.8181818181818182,0.36363636363636365,156.85,151.82075471698113,155.05,147.4245283018868,208.68633333333335,210.93537735849057
734027,2014,2014-05-22,Eden Gardens,Kolkata Knight Riders,Royal Challengers Bengaluru,Royal Challengers Bengaluru,field,1,0.49,0.5047619047619047,1.0,0.4,0.53,0.41904761904761906,0.5490196078431373,0.5666666666666667,0.42857142857142855,0.4222222222222222,0.5384615384615384,0,-0.014761904761904754,0.6,0.3,0.11095238095238097,-0.01764705882352935,0.006349206349206327,0.35,0.16666666666666669,-7.614761904761906,-11.254285714285714,-4.669238095238086,0.6,0.3,0.6,0.25,0.5833333333333334,0.4166666666666667,144.29,151.9047619047619,144.06,155.31428571428572,198.62933333333334,203.29857142857142
734029,2014,2014-05-22,JSCA International Stadium Complex,Chennai Super Kings,Sunrisers Hyderabad,Sunrisers Hyderabad,field,0,0.6090909090909091,0.5172413793103449,0.4,0.4,0.4818181818181818,0.4482758620689655,0.6444444444444445,0.7272727272727273,0.5846153846153846,0.3888888888888889,1.0,0,0.09184952978056427,0.0,0.19999999999999996,0.03354231974921629,-0.0828282828282828,0.19572649572649575,0.16666666666666663,0.24999999999999994,18.873981191222583,3.496238244514103,20.530882967607113,0.7,0.5,0.6666666666666666,0.5,0.6666666666666666,0.4166666666666667,158.56363636363636,139.68965517241378,149.42727272727274,145.93103448275863,218.2998484848485,197.76896551724138
734031,2014,2014-05-23,Wankhede Stadium,Mumbai Indians,Delhi Capitals,Delhi Capitals,field,1,0.5700934579439252,0.42718446601941745,0.6,0.0,0.5327102803738317,0.4854368932038835,0.56,0.5,0.5789473684210527,0.32558139534883723,0.46153846153846156,0,0.14290899192450773,0.6,0.4,0.04727338716994822,0.06000000000000005,0.2533659730722154,0.3951612903225806,0.25,4.5286271663188415,-6.377680043980206,19.432566615249698,0.5,0.1,0.6451612903225806,0.25,0.4166666666666667,0.16666666666666666,151.88785046728972,147.35922330097088,147.50467289719626,153.88235294117646,211.28224299065423,191.84967637540453
734033,2014,2014-05-23,"Punjab Cricket Association Stadium, Mohali",Punjab Kings,Rajasthan Royals,Rajasthan Royals,field,1,0.5247524752475248,0.5490196078431373,0.6,0.4,0.48514851485148514,0.5490196078431373,0.62,0.6296296296296297,0.43137254901960786,0.4583333333333333,0.3333333333333333,0,-0.02426713259561253,0.19999999999999996,0.09999999999999998,-0.06387109299165217,-0.009629629629629655,-0.02696078431372545,-0.08275862068965512,0.16666666666666663,8.027858668219778,7.471461852067563,-5.925423865916031,0.7,0.6,0.5172413793103449,0.6,0.75,0.5833333333333334,156.84158415841586,148.81372549019608,155.0891089108911,147.61764705882354,209.15676567656766,215.0821895424837
734035,2014,2014-05-24,M Chinnaswamy Stadium,Royal Challengers Bengaluru,Chennai Super Kings,Chennai Super Kings,field,0,0.5,0.6036036036036037,0.4,0.4,0.42452830188679247,0.4774774774774775,0.5573770491803278,0.6444444444444445,0.4222222222222222,0.5757575757575758,0.4666666666666667,0,-0.10360360360360366,0.0,-0.3,-0.052949175590685016,-0.08706739526411666,-0.15353535353535358,0.16410256410256407,-0.23076923076923078,-6.773499915009353,5.904895461499251,-14.743445804294879,0.3,0.6,0.5641025641025641,0.4,0.38461538461538464,0.6153846153846154,152.02830188679246,158.80180180180182,155.68867924528303,149.78378378378378,203.22216981132075,217.96561561561563
734037,2014,2014-05-24,Eden Gardens,Kolkata Knight Riders,Sunrisers Hyderabad,Kolkata Knight Riders,field,1,0.49504950495049505,0.5333333333333333,1.0,0.4,0.5247524752475248,0.4666666666666667,0.5490196078431373,0.75,0.44,0.3888888888888889,0.6666666666666666,1,-0.03828382838283828,0.6,0.09999999999999998,0.0580858085808581,-0.2009803921568627,0.05111111111111111,0.6111111111111112,0.15384615384615385,3.4587458745874358,-2.9660066006600516,1.8538283828383157,0.6,0.5,0.6111111111111112,0.0,0.6153846153846154,0.46153846153846156,144.79207920792078,141.33333333333334,144.26732673267327,147.23333333333332,198.81716171617163,196.9633333333333
734039,2014,2014-05-25,"Punjab Cricket Association Stadium, Mohali",Punjab Kings,Delhi Capitals,Punjab Kings,field,1,0.5294117647058824,0.4230769230769231,0.6,0.0,0.4803921568627451,0.49038461538461536,0.62,0.4918032786885246,0.4423076923076923,0.32558139534883723,0.6153846153846154,1,0.10633484162895929,0.6,0.6,-0.009992458521870251,0.12819672131147541,0.11672629695885506,0.033333333333333326,0.6153846153846154,9.597285067873315,1.0987055016181273,17.52241390145801,0.7,0.1,0.5333333333333333,0.5,0.7692307692307693,0.15384615384615385,157.05882352941177,147.46153846153845,155.16666666666666,154.06796116504853,209.15718954248365,191.63477564102564
734041,2014,2014-05-25,Wankhede Stadium,Mumbai Indians,Rajasthan Royals,Mumbai Indians,field,1,0.5740740740740741,0.5436893203883495,0.8,0.4,0.5277777777777778,0.5533980582524272,0.56,0.6181818181818182,0.5862068965517241,0.4583333333333333,0.6153846153846154,1,0.030384753685724575,0.4,0.0,-0.02562028047464937,-0.05818181818181811,0.12787356321839077,0.15625,-0.07692307692307687,3.1318770226537254,-0.3204782452355346,-3.3548903272204313,0.6,0.6,0.65625,0.5,0.46153846153846156,0.5384615384615384,152.08333333333334,148.95145631067962,147.60185185185185,147.92233009708738,211.47407407407408,214.8289644012945
734043,2014,2014-05-27,Eden Gardens,Punjab Kings,Kolkata Knight Riders,Punjab Kings,field,0,0.5339805825242718,0.5,0.8,1.0,0.4854368932038835,0.5294117647058824,0.6274509803921569,0.5576923076923077,0.4423076923076923,0.44,0.46153846153846156,1,0.03398058252427183,-0.19999999999999996,0.0,-0.04397487150199886,0.06975867269984914,0.0023076923076922884,-0.22162162162162158,0.1428571428571428,11.73833999619265,10.35513040167524,9.98864141125705,0.7,0.7,0.4,0.6216216216216216,0.7857142857142857,0.6428571428571429,156.6893203883495,144.95098039215685,154.7766990291262,144.42156862745097,209.05857605177994,199.0699346405229
734045,2014,2014-05-28,Brabourne Stadium,Chennai Super Kings,Mumbai Indians,Chennai Super Kings,field,1,0.6071428571428571,0.5779816513761468,0.4,0.8,0.48214285714285715,0.5321100917431193,0.6521739130434783,0.5686274509803921,0.5757575757575758,0.5862068965517241,0.47058823529411764,1,0.02916120576671033,-0.4,-0.09999999999999998,-0.049967234600262145,0.08354646206308614,-0.010449320794148287,-0.33333333333333337,0.1428571428571429,6.335435779816521,1.8397771952817834,6.111865170380071,0.6,0.7,0.5,0.8333333333333334,0.6428571428571429,0.5,158.8125,152.47706422018348,149.82142857142858,147.9816513761468,217.68556547619048,211.5737003058104
734047,2014,2014-05-30,Wankhede Stadium,Chennai Super Kings,Punjab Kings,Chennai Super Kings,field,0,0.6106194690265486,0.5288461538461539,0.4,0.6,0.48672566371681414,0.49038461538461536,0.6595744680851063,0.6153846153846154,0.5757575757575758,0.4423076923076923,0.5714285714285714,1,0.08177331518039477,-0.19999999999999996,0.0,-0.0036589516678012246,0.04418985270049092,0.1334498834498835,0.09523809523809523,-0.06666666666666665,2.48383253914227,-4.829220558202849,8.228088835942827,0.6,0.6,0.42857142857142855,0.3333333333333333,0.6666666666666666,0.7333333333333333,158.9646017699115,156.48076923076923,150.02654867256638,154.85576923076923,217.4476401179941,209.21955128205127
734049,2014,2014-06-01,M Chinnaswamy Stadium,Kolkata Knight Riders,Punjab Kings,Kolkata Knight Riders,field,1,0.5048543689320388,0.5333333333333333,1.0,0.6,0.5242718446601942,0.4857142857142857,0.5576923076923077,0.6153846153846154,0.45098039215686275,0.4528301886792453,0.5714285714285714,1,-0.028478964401294493,0.4,0.10000000000000009,0.038557558945908454,-0.05769230769230771,-0.0018497965223825408,-0.2666666666666666,-0.08333333333333337,-12.016643550624138,-10.974664817383257,-10.135598705501621,0.8,0.7,0.4,0.6666666666666666,0.6666666666666666,0.75,145.126213592233,157.14285714285714,144.33009708737865,155.3047619047619,199.36440129449838,209.5
829705,2015,2015-04-08,Eden Gardens,Kolkata Knight Riders,Mumbai Indians,Kolkata Knight Riders,field,1,0.5096153846153846,0.5727272727272728,1.0,0.8,0.5288461538461539,0.5272727272727272,0.5660377358490566,0.5686274509803921,0.45098039215686275,0.576271186440678,0.2857142857142857,1,-0.06311188811188817,0.19999999999999996,0.20000000000000007,0.0015734265734266284,-0.002589715131335546,-0.12529079428381523,-0.22556390977443608,0.0,-7.0097902097901965,-3.3805944055944224,-11.695454545454538,0.9,0.7,0.631578947368421,0.8571428571428571,0.5,0.5,145.65384615384616,152.66363636363636,144.85576923076923,148.23636363636365,199.71666666666667,211.4121212121212
829707,2015,2015-04-09,"MA Chidambaram Stadium, Chepauk",Chennai Super Kings,Delhi Capitals,Delhi Capitals,field,1,0.6052631578947368,0.41904761904761906,0.4,0.0,0.49122807017543857,0.4857142857142857,0.6458333333333334,0.4918032786885246,0.5757575757575758,0.3181818181818182,0.7142857142857143,0,0.18621553884711778,0.4,0.4,0.00551378446115286,0.1540300546448088,0.2575757575757576,0.34166666666666673,0.0,12.189724310776938,-3.03778677462887,25.81944444444443,0.5,0.1,0.675,0.3333333333333333,0.5,0.5,159.3421052631579,147.15238095238095,150.69298245614036,153.73076923076923,217.4138888888889,191.59444444444446
829709,2015,2015-04-10,Maharashtra Cricket Association Stadium,Punjab Kings,Rajasthan Royals,Punjab Kings,field,0,0.5283018867924528,0.5384615384615384,0.6,0.2,0.4811320754716981,0.5480769230769231,0.6153846153846154,0.6181818181818182,0.4444444444444444,0.4489795918367347,0.38461538461538464,1,-0.010159651669085612,0.39999999999999997,0.09999999999999998,-0.06694484760522501,-0.002797202797202747,-0.004535147392290273,0.0,0.0,8.201197387518164,7.351415094339615,-4.989208393807445,0.6,0.5,0.5,0.5,0.5,0.5,157.53773584905662,149.33653846153845,155.72641509433961,148.375,209.49716981132076,214.4863782051282
829711,2015,2015-04-11,"MA Chidambaram Stadium, Chepauk",Chennai Super Kings,Sunrisers Hyderabad,Chennai Super Kings,bat,1,0.6086956521739131,0.5161290322580645,0.6,0.4,0.48695652173913045,0.45161290322580644,0.6458333333333334,0.75,0.582089552238806,0.3684210526315789,0.75,1,0.09256661991584858,0.19999999999999996,0.0,0.035343618513324015,-0.10416666666666663,0.21366849960722706,0.6829268292682927,0.5,17.32538569424966,3.0008415147264884,20.529308087891536,0.5,0.5,0.6829268292682927,0.0,1.0,0.5,159.2608695652174,141.93548387096774,150.6782608695652,147.67741935483872,217.73898550724638,197.20967741935485
829713,2015,2015-04-11,Eden Gardens,Kolkata Knight Riders,Royal Challengers Bengaluru,Royal Challengers Bengaluru,field,0,0.5142857142857142,0.4953271028037383,1.0,0.4,0.5333333333333333,0.4205607476635514,0.5740740740740741,0.5573770491803278,0.45098039215686275,0.41304347826086957,0.5714285714285714,0,0.018958611481975918,0.6,0.7,0.11277258566978193,0.01669702489374625,0.037936913895993185,0.44102564102564107,0.5,-6.161014686248336,-10.652781486426335,-3.2287212579736035,1.0,0.3,0.6410256410256411,0.2,1.0,0.5,145.88571428571427,152.0467289719626,145.07619047619048,155.7289719626168,199.87174603174603,203.10046728971963
829715,2015,2015-04-12,Feroz Shah Kotla,Delhi Capitals,Rajasthan Royals,Rajasthan Royals,field,0,0.41509433962264153,0.5428571428571428,0.0,0.4,0.49056603773584906,0.5428571428571428,0.4838709677419355,0.6181818181818182,0.3181818181818182,0.46,0.42857142857142855,0,-0.1277628032345013,-0.4,-0.5,-0.05229110512129376,-0.13431085043988267,-0.14181818181818184,-0.14102564102564102,-1.0,-2.2873315363881375,5.438095238095229,-22.30220874513327,0.0,0.5,0.358974358974359,0.5,0.0,1.0,147.16981132075472,149.45714285714286,153.6952380952381,148.25714285714287,191.66525157232704,213.9674603174603
829717,2015,2015-04-12,Wankhede Stadium,Mumbai Indians,Punjab Kings,Mumbai Indians,field,0,0.5675675675675675,0.5233644859813084,0.6,0.4,0.5225225225225225,0.48598130841121495,0.5686274509803921,0.6037735849056604,0.5666666666666667,0.4444444444444444,0.5,1,0.044203081586259185,0.19999999999999996,0.09999999999999998,0.03654121411130756,-0.03514613392526822,0.12222222222222223,0.23809523809523808,0.0,-4.534646796329014,-7.352614296539542,1.492343745614761,0.6,0.5,0.6666666666666666,0.42857142857142855,0.0,0.0,152.80180180180182,157.33644859813083,148.43243243243242,155.78504672897196,211.13813813813812,209.64579439252336
829719,2015,2015-04-13,M Chinnaswamy Stadium,Royal Challengers Bengaluru,Sunrisers Hyderabad,Sunrisers Hyderabad,field,0,0.5,0.5,0.4,0.4,0.42592592592592593,0.4375,0.5645161290322581,0.6923076923076923,0.41304347826086957,0.3684210526315789,0.5,0,0.0,0.0,0.0,-0.01157407407407407,-0.12779156327543417,0.04462242562929064,0.55,1.0,9.671296296296305,6.332175925925924,4.521643518518488,0.4,0.4,0.55,0.0,1.0,0.0,152.2962962962963,142.625,155.92592592592592,149.59375,202.7810185185185,198.259375
829721,2015,2015-04-14,"Sardar Patel Stadium, Motera",Rajasthan Royals,Mumbai Indians,Mumbai Indians,bat,1,0.5471698113207547,0.5625,0.4,0.4,0.5471698113207547,0.5267857142857143,0.625,0.5576923076923077,0.46,0.5666666666666667,0.35714285714285715,0,-0.015330188679245293,0.0,0.0,0.020384097035040405,0.06730769230769229,-0.10666666666666663,-0.375,1.0,-3.0552560646900417,-0.09316037735848681,2.671192722371984,0.5,0.5,0.625,1.0,1.0,0.0,149.80188679245282,152.85714285714286,148.5943396226415,148.6875,213.72059748427674,211.04940476190475
829725,2015,2015-04-15,Maharashtra Cricket Association Stadium,Punjab Kings,Delhi Capitals,Punjab Kings,bat,0,0.5277777777777778,0.411214953271028,0.4,0.0,0.48148148148148145,0.48598130841121495,0.6037735849056604,0.4838709677419355,0.45454545454545453,0.3111111111111111,0.6428571428571429,1,0.11656282450674976,0.4,0.6,-0.004499826929733497,0.11990261716372486,0.14343434343434341,-0.5,0.5,10.004499826929731,1.8148148148148096,17.67861139956156,0.6,0.0,0.0,0.5,0.5,0.0,157.5185185185185,147.51401869158877,155.8148148148148,154.0,209.5719135802469,191.89330218068534
829727,2015,2015-04-16,Dr. Y.S. Rajasekhara Reddy ACA-VDCA Cricket Stadium,Sunrisers Hyderabad,Rajasthan Royals,Rajasthan Royals,field,0,0.5151515151515151,0.5514018691588785,0.6,0.6,0.45454545454545453,0.5420560747663551,0.7142857142857143,0.631578947368421,0.3684210526315789,0.46,0.4,0,-0.03625035400736332,0.0,0.0,-0.08751062022090056,0.08270676691729328,-0.0915789473684211,0.0,-0.5,-6.428773718493346,1.3525913338997384,-14.571863494760663,0.5,0.5,0.5,0.5,0.5,1.0,143.5151515151515,149.94392523364485,150.0909090909091,148.73831775700936,198.92424242424244,213.4961059190031
829729,2015,2015-04-17,Wankhede Stadium,Mumbai Indians,Chennai Super Kings,Mumbai Indians,bat,0,0.5575221238938053,0.6120689655172413,0.2,0.8,0.5309734513274337,0.49137931034482757,0.5576923076923077,0.6458333333333334,0.5573770491803278,0.5882352941176471,0.5,1,-0.05454684162343604,-0.6000000000000001,-0.09999999999999998,0.03959414098260611,-0.08814102564102566,-0.030858244937319257,0.2720588235294118,-1.0,-6.733902960024409,-1.9612450411962357,-6.670769758925871,0.5,0.6,0.6470588235294118,0.375,0.0,1.0,152.95575221238937,159.68965517241378,148.83185840707964,150.79310344827587,211.31356932153392,217.9843390804598
829731,2015,2015-04-18,Dr. Y.S. Rajasekhara Reddy ACA-VDCA Cricket Stadium,Sunrisers Hyderabad,Delhi Capitals,Delhi Capitals,bat,0,0.5,0.4166666666666667,0.4,0.2,0.4411764705882353,0.48148148148148145,0.7142857142857143,0.49206349206349204,0.35,0.3111111111111111,1.0,0,0.08333333333333331,0.2,0.30000000000000004,-0.040305010893246174,0.22222222222222227,0.03888888888888886,-0.5,0.0,-4.683551198257078,-4.573391973611876,8.251624909222954,0.4,0.1,0.0,0.5,0.3333333333333333,0.3333333333333333,143.02941176470588,147.71296296296296,149.52941176470588,154.10280373831776,200.4264705882353,192.17484567901235
829733,2015,2015-04-18,Maharashtra Cricket Association Stadium,Punjab Kings,Kolkata Knight Riders,Kolkata Knight Riders,field,0,0.5229357798165137,0.5094339622641509,0.4,0.8,0.48623853211009177,0.5283018867924528,0.6037735849056604,0.5740740740740741,0.44642857142857145,0.4423076923076923,0.4,0,0.013501817552362794,-0.4,-0.4,-0.042063354682361054,0.029699510831586284,0.004120879120879162,-0.5,-0.16666666666666669,11.40791068028389,10.539553401419425,9.893857827015182,0.5,0.9,0.0,0.5,0.3333333333333333,0.5,157.58715596330276,146.17924528301887,155.93577981651376,145.39622641509433,209.67813455657495,199.78427672955976
829735,2015,2015-04-19,"Sardar Patel Stadium, Motera",Rajasthan Royals,Chennai Super Kings,Chennai Super Kings,bat,1,0.5555555555555556,0.6153846153846154,0.8,0.8,0.5462962962962963,0.48717948717948717,0.6379310344827587,0.6530612244897959,0.46,0.5882352941176471,0.3333333333333333,0,-0.05982905982905984,0.0,0.0,0.05911680911680911,-0.015130190007037192,-0.12823529411764706,0.6666666666666666,0.0,-10.171652421652425,-2.53133903133903,-4.946759259259267,0.6,0.6,0.6666666666666666,0.0,1.0,1.0,149.7685185185185,159.94017094017093,148.53703703703704,151.06837606837607,213.38472222222222,218.3314814814815
829737,2015,2015-04-19,M Chinnaswamy Stadium,Royal Challengers Bengaluru,Mumbai Indians,Royal Challengers Bengaluru,field,0,0.4954128440366973,0.5526315789473685,0.2,0.0,0.42201834862385323,0.5350877192982456,0.5645161290322581,0.5576923076923077,0.40425531914893614,0.5483870967741935,0.4666666666666667,1,-0.0572187349106712,0.2,-0.10000000000000003,-0.11306937067439238,0.006823821339950409,-0.14413177762525736,-0.13008130081300806,0.5,-0.797279896990176,6.8891839690970755,-8.992920757551389,0.3,0.4,0.5365853658536586,0.6666666666666666,0.5,0.0,152.42201834862385,153.21929824561403,156.07339449541286,149.18421052631578,202.6380733944954,211.63099415204678
829739,2015,2015-04-20,Feroz Shah Kotla,Delhi Capitals,Kolkata Knight Riders,Kolkata Knight Riders,field,0,0.42201834862385323,0.514018691588785,0.4,0.8,0.48623853211009177,0.5327102803738317,0.49206349206349204,0.5818181818181818,0.32608695652173914,0.4423076923076923,0.46153846153846156,0,-0.09200034296493176,-0.4,-0.7,-0.046471748263739954,-0.08975468975468975,-0.11622073578595316,-0.4,-0.16666666666666663,1.5908428363200073,8.699203876773964,-7.225569464688903,0.2,0.9,0.35,0.75,0.5,0.6666666666666666,147.88990825688074,146.29906542056074,154.1851851851852,145.48598130841123,192.44296636085627,199.66853582554518
829741,2015,2015-04-21,"Sardar Patel Stadium, Motera",Rajasthan Royals,Punjab Kings,Punjab Kings,field,0,0.5596330275229358,0.5181818181818182,1.0,0.2,0.5412844036697247,0.4818181818181818,0.6440677966101694,0.6037735849056604,0.46,0.43859649122807015,0.6428571428571429,0,0.04145120934111757,0.8,0.19999999999999996,0.05946622185154293,0.040294211704509086,0.02140350877192987,0.19999999999999996,0.75,-7.7287739783152745,-7.3581317764804055,3.222917709202136,0.6,0.4,0.7,0.5,1.0,0.25,149.8348623853211,157.56363636363636,148.60550458715596,155.96363636363637,212.9876146788991,209.76469696969696
829743,2015,2015-04-22,Dr. Y.S. Rajasekhara Reddy ACA-VDCA Cricket Stadium,Sunrisers Hyderabad,Kolkata Knight Riders,Kolkata Knight Riders,field,1,0.4857142857142857,0.5185185185185185,0.2,0.8,0.42857142857142855,0.5370370370370371,0.6666666666666666,0.5892857142857143,0.35,0.4423076923076923,0.25,0,-0.03280423280423278,-0.6000000000000001,-0.6000000000000001,-0.10846560846560854,0.07738095238095233,-0.09230769230769231,-0.5,-0.5,-2.7055555555555486,4.537830687830706,1.0183421516754834,0.3,0.9,0.0,0.5,0.25,0.75,143.6,146.30555555555554,150.02857142857144,145.49074074074073,200.67142857142858,199.6530864197531
829745,2015,2015-04-22,M Chinnaswamy Stadium,Royal Challengers Bengaluru,Chennai Super Kings,Royal Challengers Bengaluru,field,0,0.4909090909090909,0.6101694915254238,0.2,0.6,0.42727272727272725,0.4915254237288136,0.5555555555555556,0.6530612244897959,0.40425531914893614,0.5797101449275363,0.4375,1,-0.11926040061633286,-0.39999999999999997,-0.2,-0.06425269645608633,-0.09750566893424029,-0.1754548257786001,0.023809523809523836,-0.4166666666666667,-7.1340523882896605,5.435901386748839,-16.058248587570603,0.3,0.5,0.5238095238095238,0.5,0.3333333333333333,0.75,152.77272727272728,159.90677966101694,156.55454545454546,151.11864406779662,202.54500000000002,218.60324858757062
829747,2015,2015-04-23,Feroz Shah Kotla,Delhi Capitals,Mumbai Indians,Mumbai Indians,field,1,0.41818181818181815,0.5565217391304348,0.4,0.2,0.4818181818181818,0.5304347826086957,0.49206349206349204,0.5576923076923077,0.3191489361702128,0.5555555555555556,0.5,0,-0.13833992094861663,0.2,-0.3,-0.048616600790513886,-0.06562881562881567,-0.2364066193853428,0.008130081300813052,0.2,-5.83162055335967,4.571439968089351,-18.964591567852437,0.2,0.5,0.34146341463414637,0.3333333333333333,0.4,0.2,147.87272727272727,153.70434782608694,154.11926605504587,149.54782608695652,192.86439393939392,211.82898550724636
829749,2015,2015-04-24,"Sardar Patel Stadium, Motera",Rajasthan Royals,Royal Challengers Bengaluru,Royal Challengers Bengaluru,field,0,0.5545454545454546,0.4864864864864865,0.8,0.2,0.5363636363636364,0.43243243243243246,0.6440677966101694,0.546875,0.45098039215686275,0.40425531914893614,0.5384615384615384,0,0.06805896805896805,0.6000000000000001,0.3,0.10393120393120392,0.09719279661016944,0.04672507300792661,0.13636363636363635,0.5833333333333334,-2.5746928746928575,-7.783865683865685,9.306588861588864,0.6,0.3,0.6363636363636364,0.5,0.8333333333333334,0.25,150.20909090909092,152.78378378378378,148.9909090909091,156.77477477477478,212.73136363636365,203.4247747747748
829751,2015,2015-04-25,Wankhede Stadium,Mumbai Indians,Sunrisers Hyderabad,Mumbai Indians,bat,1,0.5517241379310345,0.5,0.2,0.4,0.5344827586206896,0.4166666666666667,0.5471698113207547,0.6666666666666666,0.5555555555555556,0.38095238095238093,0.5,1,0.051724137931034475,-0.2,0.0,0.11781609195402293,-0.11949685534591192,0.17460317460317465,0.6285714285714286,-0.23333333333333336,9.198275862068954,1.2298850574712787,11.823275862068982,0.4,0.4,0.6285714285714286,0.0,0.16666666666666666,0.4,153.69827586206895,144.5,149.89655172413794,148.66666666666666,212.01494252873565,200.19166666666666
829753,2015,2015-04-25,"MA Chidambaram Stadium, Chepauk",Chennai Super Kings,Punjab Kings,Chennai Super Kings,bat,1,0.6134453781512605,0.5225225225225225,0.8,0.4,0.48739495798319327,0.4864864864864865,0.6530612244897959,0.6111111111111112,0.5857142857142857,0.43859649122807015,0.5333333333333333,1,0.09092285562873803,0.4,0.09999999999999998,0.0009084714967067531,0.041950113378684706,0.1471177944862156,0.19047619047619047,0.4,2.2191687485805005,-5.136422136422141,8.87543846367376,0.6,0.5,0.6904761904761905,0.5,0.8,0.4,160.08403361344537,157.86486486486487,151.14285714285714,156.27927927927928,218.61162464985995,209.7361861861862
829757,2015,2015-04-26,Feroz Shah Kotla,Delhi Capitals,Royal Challengers Bengaluru,Royal Challengers Bengaluru,field,0,0.42342342342342343,0.49107142857142855,0.6,0.4,0.4774774774774775,0.4375,0.49206349206349204,0.5538461538461539,0.3333333333333333,0.40425531914893614,0.38461538461538464,0,-0.06764800514800512,0.19999999999999996,-0.10000000000000003,0.039977477477477485,-0.06178266178266184,-0.07092198581560283,-0.24285714285714283,0.09999999999999998,-4.3638191763191685,-2.4266233766233825,-10.729425407550423,0.3,0.4,0.35714285714285715,0.6,0.5,0.4,148.25225225225225,152.61607142857142,154.1090909090909,156.53571428571428,193.271021021021,204.00044642857142
829759,2015,2015-04-27,"Punjab Cricket Association Stadium, Mohali",Punjab Kings,Sunrisers Hyderabad,Punjab Kings,field,0,0.5178571428571429,0.4864864864864865,0.4,0.4,0.48214285714285715,0.40540540540540543,0.6,0.625,0.43859649122807015,0.38095238095238093,0.5,1,0.03137065637065639,0.0,0.0,0.07673745173745172,-0.025000000000000022,0.05764411027568922,-0.4516129032258065,0.0,13.006274131274125,7.706322393822376,9.576459942084938,0.4,0.4,0.5483870967741935,1.0,0.3333333333333333,0.3333333333333333,157.30357142857142,144.2972972972973,156.59821428571428,148.8918918918919,210.0296130952381,200.45315315315315
829765,2015,2015-04-28,"MA Chidambaram Stadium, Chepauk",Chennai Super Kings,Kolkata Knight Riders,Kolkata Knight Riders,field,1,0.6166666666666667,0.5137614678899083,0.8,0.6,0.49166666666666664,0.5412844036697247,0.6530612244897959,0.5789473684210527,0.5915492957746479,0.4423076923076923,0.6428571428571429,0,0.10290519877675841,0.20000000000000007,-0.10000000000000009,-0.049617737003058104,0.07411385606874321,0.14924160346695559,0.36434108527131787,0.2333333333333334,14.46009174311925,4.904357798165137,18.940151630988794,0.7,0.8,0.6976744186046512,0.3333333333333333,0.8333333333333334,0.6,160.35,145.88990825688074,150.675,145.77064220183487,218.72486111111112,199.78470948012233
829763,2015,2015-04-29,M Chinnaswamy Stadium,Royal Challengers Bengaluru,Rajasthan Royals,Rajasthan Royals,field,0,0.49557522123893805,0.5495495495495496,0.4,0.6,0.4424778761061947,0.5315315315315315,0.5606060606060606,0.6440677966101694,0.40425531914893614,0.4423076923076923,0.5,0,-0.05397432831061155,-0.19999999999999996,-0.09999999999999998,-0.08905365542533683,-0.08346173600410889,-0.03805237315875615,-0.08837209302325577,-0.2142857142857143,2.1145658933269544,7.135294586622024,-8.49585426134098,0.4,0.5,0.5116279069767442,0.6,0.5,0.7142857142857143,152.141592920354,150.02702702702703,155.99115044247787,148.85585585585585,204.1532448377581,212.6490990990991
829723,2015,2015-04-30,Eden Gardens,Kolkata Knight Riders,Chennai Super Kings,Kolkata Knight Riders,field,1,0.509090909090909,0.6198347107438017,0.4,0.8,0.5454545454545454,0.48760330578512395,0.5689655172413793,0.6530612244897959,0.4423076923076923,0.5972222222222222,0.3333333333333333,1,-0.11074380165289266,-0.4,-0.10000000000000009,0.05785123966942146,-0.08409570724841653,-0.15491452991452992,0.0535714285714286,-0.3571428571428571,-14.368595041322322,-4.857024793388433,-19.14608815426999,0.7,0.8,0.625,0.5714285714285714,0.5,0.8571428571428571,145.76363636363635,160.13223140495867,145.66363636363636,150.5206611570248,199.72484848484848,218.87093663911847
829767,2015,2015-05-01,Feroz Shah Kotla,Delhi Capitals,Punjab Kings,Delhi Capitals,field,1,0.41964285714285715,0.5132743362831859,0.6,0.2,0.4732142857142857,0.48672566371681414,0.49206349206349204,0.5892857142857143,0.32653061224489793,0.43859649122807015,0.4,1,-0.09363147914032871,0.39999999999999997,0.0,-0.01351137800252844,-0.09722222222222227,-0.11206587898317222,-0.31782945736434104,0.14285714285714285,-9.285161188369159,-2.9272103962369442,-16.092782079646014,0.3,0.3,0.3488372093023256,0.6666666666666666,0.42857142857142855,0.2857142857142857,147.77678571428572,157.06194690265488,153.61261261261262,156.53982300884957,193.94895833333334,210.04174041297935
829769,2015,2015-05-01,Wankhede Stadium,Mumbai Indians,Rajasthan Royals,Rajasthan Royals,field,1,0.5555555555555556,0.5446428571428571,0.4,0.4,0.5384615384615384,0.5357142857142857,0.5471698113207547,0.6440677966101694,0.5625,0.4423076923076923,0.6,0,0.010912698412698485,0.0,-0.09999999999999998,0.0027472527472527375,-0.09689798528941473,0.12019230769230771,0.23888888888888882,-0.3392857142857143,3.699468699468696,0.47382478632479774,0.09834274521776365,0.4,0.5,0.6388888888888888,0.4,0.2857142857142857,0.625,153.72649572649573,150.02702702702703,149.7863247863248,149.3125,212.07378917378918,211.97544642857142
829771,2015,2015-05-02,M Chinnaswamy Stadium,Royal Challengers Bengaluru,Kolkata Knight Riders,Royal Challengers Bengaluru,field,1,0.49122807017543857,0.5135135135135135,0.4,0.6,0.43859649122807015,0.5495495495495496,0.5606060606060606,0.576271186440678,0.3958333333333333,0.4423076923076923,0.4666666666666667,1,-0.022285443338074917,-0.19999999999999996,-0.39999999999999997,-0.11095305832147945,-0.015665125834617433,-0.046474358974358976,0.0,-0.14285714285714285,6.588430535798949,10.153312604640035,4.843859649122805,0.3,0.7,0.5,0.5,0.42857142857142855,0.5714285714285714,152.56140350877192,145.97297297297297,155.99115044247787,145.83783783783784,204.4216374269006,199.57777777777778
829773,2015,2015-05-02,"Rajiv Gandhi International Stadium, Uppal",Sunrisers Hyderabad,Chennai Super Kings,Chennai Super Kings,field,1,0.5,0.6147540983606558,0.4,0.6,0.39473684210526316,0.48360655737704916,0.625,0.6530612244897959,0.4090909090909091,0.589041095890411,0.2,0,-0.11475409836065575,-0.19999999999999996,-0.19999999999999996,-0.088869715271786,-0.028061224489795866,-0.17995018679950187,-0.33333333333333337,-0.32142857142857145,-15.724762726488365,-2.2773943054357346,-18.245930399769918,0.5,0.7,0.6666666666666666,1.0,0.42857142857142855,0.75,144.44736842105263,160.172131147541,148.39473684210526,150.672131147541,200.71622807017545,218.96215846994536
829775,2015,2015-05-03,"Punjab Cricket Association Stadium, Mohali",Punjab Kings,Mumbai Indians,Mumbai Indians,bat,0,0.5087719298245614,0.559322033898305,0.2,0.6,0.4824561403508772,0.5338983050847458,0.5892857142857143,0.5471698113207547,0.43103448275862066,0.5692307692307692,0.5333333333333333,0,-0.05055010407374361,-0.39999999999999997,-0.10000000000000003,-0.05144216473386859,0.042115902964959595,-0.13819628647214854,0.13124999999999998,-0.125,2.7108236693428296,6.176628010704746,-2.471902567152341,0.3,0.4,0.53125,0.4,0.25,0.375,156.71929824561403,154.0084745762712,156.21052631578948,150.03389830508473,209.90804093567252,212.37994350282486
829777,2015,2015-05-03,Brabourne Stadium,Rajasthan Royals,Delhi Capitals,Delhi Capitals,field,1,0.5398230088495575,0.4247787610619469,0.2,0.6,0.5398230088495575,0.4778761061946903,0.6333333333333333,0.5,0.4423076923076923,0.32653061224489793,0.6,0,0.11504424778761058,-0.39999999999999997,0.09999999999999998,0.061946902654867186,0.1333333333333333,0.11577708006279436,0.0,0.05555555555555558,2.763590391908963,-3.648625158027812,17.711209439528005,0.5,0.4,0.0,0.0,0.5555555555555556,0.5,150.28571428571428,147.52212389380531,149.64601769911505,153.29464285714286,211.86592920353982,194.15471976401182
829779,2015,2015-05-04,"MA Chidambaram Stadium, Chepauk",Chennai Super Kings,Royal Challengers Bengaluru,Chennai Super Kings,bat,1,0.6097560975609756,0.4956521739130435,0.6,0.6,0.4878048780487805,0.4434782608695652,0.64,0.5671641791044776,0.589041095890411,0.3958333333333333,0.5882352941176471,1,0.11410392364793209,0.0,0.19999999999999996,0.044326617179215266,0.07283582089552243,0.19320776255707767,0.4188311688311689,0.16666666666666663,8.017249911629563,-4.588361146769358,13.954321904088602,0.6,0.4,0.7045454545454546,0.2857142857142857,0.6666666666666666,0.5,160.2520325203252,152.23478260869564,151.0081300813008,155.59649122807016,218.7462059620596,204.791884057971
829781,2015,2015-05-04,Eden Gardens,Kolkata Knight Riders,Sunrisers Hyderabad,Sunrisers Hyderabad,field,1,0.5089285714285714,0.5128205128205128,0.4,0.6,0.5446428571428571,0.38461538461538464,0.576271186440678,0.625,0.4339622641509434,0.43478260869565216,0.6,0,-0.003891941391941378,-0.19999999999999996,0.09999999999999998,0.16002747252747246,-0.048728813559322015,-0.000820344544708751,0.6341463414634146,0.0,-0.005952380952379599,-3.386217948717956,-0.8784493284493351,0.6,0.5,0.6341463414634146,0.0,0.5,0.5,145.66071428571428,145.66666666666666,145.5625,148.94871794871796,199.74761904761905,200.6260683760684
829783,2015,2015-05-05,Wankhede Stadium,Mumbai Indians,Delhi Capitals,Delhi Capitals,bat,1,0.5630252100840336,0.42105263157894735,0.8,0.4,0.5378151260504201,0.4824561403508772,0.5471698113207547,0.49230769230769234,0.5757575757575758,0.32653061224489793,0.4666666666666667,0,0.14197257850508627,0.4,0.0,0.05535898569954295,0.05486211901306237,0.24922696351267787,0.4486486486486487,0.0,6.396505970809358,-3.5854093849929427,18.158711730306152,0.4,0.4,0.6486486486486487,0.2,0.4444444444444444,0.4444444444444444,154.1596638655462,147.76315789473685,150.0252100840336,153.61061946902655,212.43137254901958,194.27266081871343
829785,2015,2015-05-06,M Chinnaswamy Stadium,Royal Challengers Bengaluru,Punjab Kings,Punjab Kings,field,1,0.49137931034482757,0.5043478260869565,0.6,0.2,0.4396551724137931,0.4782608695652174,0.5588235294117647,0.5789473684210527,0.3958333333333333,0.43103448275862066,0.35714285714285715,0,-0.012968515742128928,0.39999999999999997,0.2,-0.03860569715142431,-0.020123839009287936,-0.03520114942528735,-0.060317460317460325,0.2222222222222222,-4.660794602698644,-0.8173913043478365,-4.705462268865574,0.4,0.2,0.5111111111111111,0.5714285714285714,0.4444444444444444,0.2222222222222222,151.99137931034483,156.65217391304347,155.5304347826087,156.34782608695653,204.87816091954022,209.5836231884058
829761,2015,2015-05-07,Eden Gardens,Kolkata Knight Riders,Delhi Capitals,Kolkata Knight Riders,bat,1,0.5132743362831859,0.41739130434782606,0.4,0.4,0.5398230088495575,0.48695652173913045,0.576271186440678,0.49230769230769234,0.4444444444444444,0.32,0.5714285714285714,1,0.0958830319353598,0.0,0.19999999999999996,0.05286648711042702,0.08396349413298565,0.12444444444444441,0.3928571428571429,0.15555555555555556,-1.9504424778761233,-8.162785281788558,5.608442990893934,0.6,0.4,0.6428571428571429,0.25,0.5555555555555556,0.4,145.8495575221239,147.8,145.44247787610618,153.60526315789474,199.7604719764012,194.15202898550726
829787,2015,2015-05-07,Brabourne Stadium,Rajasthan Royals,Sunrisers Hyderabad,Rajasthan Royals,field,0,0.543859649122807,0.5,0.2,0.6,0.5350877192982456,0.4,0.6333333333333333,0.5882352941176471,0.4528301886792453,0.43478260869565216,0.6666666666666666,1,0.04385964912280704,-0.39999999999999997,0.19999999999999996,0.1350877192982456,0.045098039215686225,0.01804757998359313,0.0,0.15555555555555556,5.303318584070809,0.46842105263158373,10.88712719298249,0.6,0.4,0.5,0.5,0.6,0.4444444444444444,150.6283185840708,145.325,149.8684210526316,149.4,211.74254385964915,200.85541666666666
829789,2015,2015-05-08,"MA Chidambaram Stadium, Chepauk",Chennai Super Kings,Mumbai Indians,Chennai Super Kings,bat,0,0.6129032258064516,0.5666666666666667,0.6,0.8,0.49193548387096775,0.5333333333333333,0.64,0.5555555555555556,0.5945945945945946,0.5757575757575758,0.5263157894736842,1,0.04623655913978497,-0.20000000000000007,0.19999999999999996,-0.04139784946236558,0.08444444444444443,0.018837018837018826,0.3111111111111111,0.19999999999999996,6.00322580645161,0.7486559139784958,6.142948028673828,0.7,0.5,0.7111111111111111,0.4,0.7,0.5,160.15322580645162,154.15,150.79032258064515,150.04166666666666,218.62405913978495,212.48111111111112
829791,2015,2015-05-09,Eden Gardens,Kolkata Knight Riders,Punjab Kings,Punjab Kings,bat,1,0.5175438596491229,0.5,0.6,0.0,0.543859649122807,0.4827586206896552,0.576271186440678,0.5689655172413793,0.45454545454545453,0.43103448275862066,0.625,0,0.01754385964912286,0.6,0.39999999999999997,0.06110102843315185,0.007305669199298648,0.023510971786833867,0.31782945736434115,0.39999999999999997,-9.990169388989727,-11.395644283121584,-9.337585702762652,0.6,0.2,0.6511627906976745,0.3333333333333333,0.6,0.2,146.0701754385965,156.06034482758622,145.55263157894737,156.94827586206895,199.91169590643275,209.2492816091954
829793,2015,2015-05-09,Shaheed Veer Narayan Singh International Stadium,Delhi Capitals,Sunrisers Hyderabad,Sunrisers Hyderabad,bat,0,0.41379310344827586,0.5121951219512195,0.2,0.6,0.4827586206896552,0.3902439024390244,0.48484848484848486,0.5882352941176471,0.32,0.4583333333333333,0.2,0,-0.09840201850294367,-0.39999999999999997,-0.09999999999999998,0.09251471825063079,-0.10338680926916222,-0.1383333333333333,0.5,-0.13636363636363635,1.2050042052144647,3.268716861081657,-7.431479534622923,0.4,0.5,1.0,0.5,0.36363636363636365,0.5,147.88793103448276,146.6829268292683,153.75652173913045,150.4878048780488,194.04209770114943,201.47357723577235
829795,2015,2015-05-10,Wankhede Stadium,Mumbai Indians,Royal Challengers Bengaluru,Royal Challengers Bengaluru,bat,0,0.5702479338842975,0.49572649572649574,1.0,0.6,0.5289256198347108,0.4358974358974359,0.5636363636363636,0.5588235294117647,0.5757575757575758,0.40816326530612246,0.5625,0,0.07452143815780177,0.4,0.09999999999999998,0.09302818393727486,0.004812834224598883,0.16759431045145334,0.2578947368421053,0.045454545454545414,1.5661510206964806,-4.8408378455400225,7.182173718537342,0.6,0.5,0.6578947368421053,0.4,0.5454545454545454,0.5,154.1900826446281,152.6239316239316,150.10743801652893,154.94827586206895,212.26308539944904,205.0809116809117
829797,2015,2015-05-10,"MA Chidambaram Stadium, Chepauk",Chennai Super Kings,Rajasthan Royals,Chennai Super Kings,bat,1,0.608,0.5391304347826087,0.4,0.2,0.496,0.5391304347826087,0.64,0.6229508196721312,0.5866666666666667,0.4528301886792453,0.625,1,0.0688695652173913,0.2,0.09999999999999998,-0.043130434782608695,0.01704918032786884,0.13383647798742138,0.49565217391304345,0.09090909090909094,9.127228070175448,0.5429565217391144,6.848197101449273,0.6,0.5,0.6956521739130435,0.2,0.6363636363636364,0.5454545454545454,160.136,151.00877192982455,150.856,150.31304347826088,218.45906666666667,211.6108695652174
829799,2015,2015-05-11,"Rajiv Gandhi International Stadium, Uppal",Sunrisers Hyderabad,Punjab Kings,Sunrisers Hyderabad,bat,1,0.5238095238095238,0.49572649572649574,0.8,0.0,0.40476190476190477,0.48717948717948717,0.5882352941176471,0.5689655172413793,0.48,0.423728813559322,0.6,1,0.028083028083028094,0.8,0.39999999999999997,-0.0824175824175824,0.01926977687626774,0.05627118644067797,-0.10769230769230775,0.3636363636363636,-9.219169719169713,-6.536630036630044,-6.527828652828617,0.6,0.2,0.6923076923076923,0.8,0.5454545454545454,0.18181818181818182,147.07142857142858,156.2905982905983,150.64285714285714,157.17948717948718,202.20992063492065,208.73774928774927
829801,2015,2015-05-12,Shaheed Veer Narayan Singh International Stadium,Delhi Capitals,Chennai Super Kings,Chennai Super Kings,bat,1,0.41025641025641024,0.6111111111111112,0.2,0.4,0.47863247863247865,0.5,0.47761194029850745,0.64,0.32,0.5921052631578947,0.26666666666666666,0,-0.20085470085470092,-0.2,-0.19999999999999996,-0.021367521367521347,-0.16238805970149256,-0.2721052631578947,0.16666666666666663,-0.3333333333333333,-12.145299145299163,3.0266830870279193,-24.337617012616988,0.4,0.6,0.6666666666666666,0.5,0.3333333333333333,0.6666666666666666,147.96581196581195,160.11111111111111,153.83620689655172,150.8095238095238,193.81780626780628,218.15542328042326
829803,2015,2015-05-13,"Punjab Cricket Association Stadium, Mohali",Punjab Kings,Royal Challengers Bengaluru,Royal Challengers Bengaluru,field,1,0.4915254237288136,0.5,0.0,0.6,0.4830508474576271,0.4406779661016949,0.559322033898305,0.5588235294117647,0.423728813559322,0.42,0.6,0,-0.008474576271186418,-0.6,-0.4,0.0423728813559322,0.0004985044865403188,0.0037288135593220306,0.015151515151515138,-0.3787878787878788,3.169491525423723,2.116108938142844,2.6889830508474404,0.1,0.5,0.5151515151515151,0.5,0.16666666666666666,0.5454545454545454,156.4915254237288,153.32203389830508,157.41525423728814,155.2991452991453,208.29463276836157,205.60564971751413
829805,2015,2015-05-14,Wankhede Stadium,Mumbai Indians,Kolkata Knight Riders,Kolkata Knight Riders,field,1,0.5655737704918032,0.5217391304347826,0.8,0.8,0.5245901639344263,0.5391304347826087,0.5535714285714286,0.5833333333333334,0.5757575757575758,0.45454545454545453,0.6666666666666666,0,0.043834640057020646,0.0,0.0,-0.014540270848182435,-0.029761904761904767,0.12121212121212127,0.3910256410256411,-0.13636363636363635,8.132786885245906,4.925017818959361,11.985086718935634,0.6,0.6,0.6410256410256411,0.25,0.5,0.6363636363636364,154.5327868852459,146.4,150.80327868852459,145.87826086956522,212.25928961748636,200.27420289855073
829807,2015,2015-05-15,"Rajiv Gandhi International Stadium, Uppal",Sunrisers Hyderabad,Royal Challengers Bengaluru,Sunrisers Hyderabad,bat,0,0.5348837209302325,0.4957983193277311,0.8,0.6,0.4186046511627907,0.44537815126050423,0.5882352941176471,0.5507246376811594,0.5,0.42,0.6,1,0.0390854016025014,0.20000000000000007,0.09999999999999998,-0.02677350009771351,0.037510656436487655,0.08000000000000002,0.5142857142857142,0.08333333333333337,-4.786007426226291,-3.5557745368545284,-3.018777278353184,0.6,0.5,0.7142857142857143,0.2,0.5833333333333334,0.5,147.95348837209303,152.73949579831933,151.32558139534885,154.88135593220338,203.18178294573644,206.20056022408963
829809,2015,2015-05-16,"Punjab Cricket Association Stadium, Mohali",Punjab Kings,Chennai Super Kings,Punjab Kings,bat,0,0.4957983193277311,0.6062992125984252,0.2,0.4,0.4789915966386555,0.5039370078740157,0.559322033898305,0.64,0.43333333333333335,0.5844155844155844,0.4375,1,-0.11050089327069412,-0.2,-0.3,-0.02494541123536026,-0.08067796610169498,-0.15108225108225104,-0.13725490196078427,-0.38461538461538464,-3.720174684046839,6.231390193872812,-10.064437901144714,0.2,0.5,0.5294117647058824,0.6666666666666666,0.23076923076923078,0.6153846153846154,156.0672268907563,159.78740157480314,156.7983193277311,150.56692913385828,207.92913165266106,217.99356955380577
829811,2015,2015-05-16,Brabourne Stadium,Rajasthan Royals,Kolkata Knight Riders,Rajasthan Royals,bat,1,0.5344827586206896,0.5172413793103449,0.2,0.6,0.5344827586206896,0.5431034482758621,0.6129032258064516,0.5737704918032787,0.4528301886792453,0.45454545454545453,0.5714285714285714,1,0.01724137931034475,-0.39999999999999997,-0.19999999999999996,-0.008620689655172487,0.039132734003172964,-0.0017152658662092368,0.3333333333333333,-0.08333333333333337,4.387556221889071,4.275862068965523,10.792385057471279,0.4,0.6,0.3333333333333333,0.0,0.5,0.5833333333333334,150.95652173913044,146.56896551724137,150.3706896551724,146.0948275862069,211.41939655172416,200.62701149425288
829813,2015,2015-05-17,M Chinnaswamy Stadium,Royal Challengers Bengaluru,Delhi Capitals,Royal Challengers Bengaluru,field,0,0.5,0.4152542372881356,0.6,0.2,0.44166666666666665,0.4745762711864407,0.5571428571428572,0.4852941176470588,0.42,0.32,0.6428571428571429,1,0.0847457627118644,0.39999999999999997,0.19999999999999996,-0.03290960451977404,0.07184873949579834,0.09999999999999998,0.12173913043478257,0.1538461538461538,4.429519774011311,1.1758241758241752,12.931544256120532,0.6,0.4,0.5217391304347826,0.4,0.5384615384615384,0.38461538461538464,152.15833333333333,147.72881355932202,154.71428571428572,153.53846153846155,206.43055555555557,193.49901129943504
829815,2015,2015-05-17,"Rajiv Gandhi International Stadium, Uppal",Sunrisers Hyderabad,Mumbai Indians,Sunrisers Hyderabad,bat,0,0.5227272727272727,0.5691056910569106,0.6,0.8,0.4318181818181818,0.5203252032520326,0.5882352941176471,0.5535714285714286,0.48148148148148145,0.582089552238806,0.4,1,-0.04637841832963785,-0.20000000000000007,-0.09999999999999998,-0.08850702143385075,0.034663865546218475,-0.10060807075732453,-0.08333333333333337,0.0,-7.007575757575751,-1.1541019955654122,-8.08400160137964,0.6,0.7,0.6666666666666666,0.75,0.5384615384615384,0.5384615384615384,147.6590909090909,154.66666666666666,149.77272727272728,150.9268292682927,204.1276515151515,212.21165311653115
829817,2015,2015-05-19,Wankhede Stadium,Chennai Super Kings,Mumbai Indians,Mumbai Indians,bat,0,0.609375,0.5725806451612904,0.6,0.8,0.5,0.5161290322580645,0.6470588235294118,0.5614035087719298,0.5844155844155844,0.582089552238806,0.5,0,0.03679435483870963,-0.20000000000000007,-0.20000000000000007,-0.016129032258064502,0.085655314757482,0.002326032176778403,-0.2055555555555556,0.07142857142857151,5.247227822580641,-0.21471774193548754,5.914570732526897,0.6,0.8,0.4444444444444444,0.65,0.6428571428571429,0.5714285714285714,159.5859375,154.33870967741936,150.40625,150.6209677419355,217.88580729166668,211.97123655913978
829819,2015,2015-05-20,Maharashtra Cricket Association Stadium,Royal Challengers Bengaluru,Rajasthan Royals,Royal Challengers Bengaluru,bat,1,0.49586776859504134,0.5384615384615384,0.6,0.4,0.4462809917355372,0.5384615384615384,0.5492957746478874,0.6129032258064516,0.42,0.46296296296296297,0.4666666666666667,1,-0.0425937698664971,0.19999999999999996,0.19999999999999996,-0.09218054672600123,-0.06360745115856425,-0.04296296296296298,-0.5,-0.038461538461538436,-0.4533342832715732,4.273931623931617,-4.566493607402691,0.6,0.4,0.5,1.0,0.5,0.5384615384615384,150.91735537190084,151.3706896551724,154.98333333333332,150.7094017094017,206.5741046831956,211.1405982905983
829821,2015,2015-05-22,JSCA International Stadium Complex,Chennai Super Kings,Royal Challengers Bengaluru,Chennai Super Kings,field,1,0.6046511627906976,0.5,0.4,0.6,0.49612403100775193,0.45081967213114754,0.6346153846153846,0.5492957746478874,0.5844155844155844,0.43137254901960786,0.6111111111111112,1,0.10465116279069764,-0.19999999999999996,-0.09999999999999998,0.04530435887660439,0.08531960996749721,0.15304303539597652,0.0,0.06666666666666665,8.448913457872663,-3.9133833045038102,10.930738763925973,0.5,0.6,0.5,0.5,0.6,0.5333333333333333,159.6046511627907,151.15573770491804,150.68992248062017,154.60330578512398,217.5952196382429,206.66448087431692
829823,2015,2015-05-24,Eden Gardens,Mumbai Indians,Chennai Super Kings,Chennai Super Kings,field,1,0.576,0.6076923076923076,0.8,0.6,0.52,0.5,0.5614035087719298,0.6415094339622641,0.5882352941176471,0.5844155844155844,0.5238095238095238,0,-0.031692307692307686,0.20000000000000007,0.30000000000000004,0.020000000000000018,-0.08010592519033433,0.0038197097020626902,0.25,-0.025000000000000022,-4.853846153846149,0.11199999999999477,-5.640712820512817,0.8,0.5,0.75,0.5,0.6,0.625,154.6,159.45384615384614,150.712,150.6,211.77146666666667,217.4121794871795
980901,2016,2016-04-09,Wankhede Stadium,Mumbai Indians,Rising Pune Supergiants,Mumbai Indians,bat,0,0.5793650793650794,0.5,0.8,0.5,0.5158730158730159,0.5,0.5614035087719298,0.5,0.5942028985507246,0.5,0.5,1,0.07936507936507942,0.30000000000000004,0.4,0.015873015873015928,0.06140350877192979,0.09420289855072461,0.1585365853658537,0.0,-3.9035534652818455,-8.086093147821543,0.5,0.9,0.5,0.6585365853658537,0.5,0.5,0.5,154.97619047619048,158.87974394147233,150.79365079365078,158.87974394147233,211.8335978835979,
980903,2016,2016-04-10,Eden Gardens,Kolkata Knight Riders,Delhi Capitals,Kolkata Knight Riders,field,1,0.5128205128205128,0.4117647058823529,0.6,0.2,0.5384615384615384,0.47058823529411764,0.5645161290322581,0.4852941176470588,0.45454545454545453,0.3137254901960784,0.6,1,0.10105580693815985,0.39999999999999997,0.2,0.0678733031674208,0.0792220113851993,0.1408199643493761,0.45909090909090905,0.0,-1.1186525892408383,-5.7072287411270395,7.857438530967983,0.5,0.3,0.6590909090909091,0.2,0.5,0.5,146.94017094017093,148.05882352941177,146.54700854700855,152.25423728813558,200.99259259259262,193.13515406162463
980905,2016,2016-04-11,"Punjab Cricket Association IS Bindra Stadium, Mohali",Punjab Kings,Gujarat Lions,Gujarat Lions,field,0,0.49166666666666664,0.5,0.2,0.5,0.48333333333333334,0.5,0.559322033898305,0.5,0.4262295081967213,0.5,0.5,0,-0.00833333333333336,-0.3,-0.3,-0.016666666666666663,0.05932203389830504,-0.07377049180327871,0.0,0.0,-3.029743941472333,-2.271410608139007,0.5,0.2,0.5,0.5,0.5,0.5,0.5,155.85,158.87974394147233,156.60833333333332,158.87974394147233,207.57805555555555,
980907,2016,2016-04-12,M Chinnaswamy Stadium,Royal Challengers Bengaluru,Sunrisers Hyderabad,Sunrisers Hyderabad,field,1,0.4959349593495935,0.5111111111111111,0.4,0.6,0.44715447154471544,0.4444444444444444,0.5492957746478874,0.5882352941176471,0.4230769230769231,0.4642857142857143,0.5,0,-0.015176151761517598,-0.19999999999999996,-0.09999999999999998,0.0027100271002710175,-0.03893951946975971,-0.04120879120879123,0.17730496453900707,0.0,4.16802168021681,5.5058287795992555,1.9551851851851723,0.5,0.6,0.5106382978723404,0.3333333333333333,0.5,0.5,151.0569105691057,146.88888888888889,154.48360655737704,148.9777777777778,206.84444444444443,204.88925925925926
980909,2016,2016-04-13,Eden Gardens,Kolkata Knight Riders,Mumbai Indians,Mumbai Indians,field,0,0.5169491525423728,0.5748031496062992,0.6,0.8,0.5423728813559322,0.5196850393700787,0.5714285714285714,0.5614035087719298,0.45454545454545453,0.5857142857142857,0.3125,0,-0.057853997063926355,-0.20000000000000007,-0.30000000000000004,0.022687841985853496,0.010025062656641603,-0.1311688311688312,-0.11111111111111116,1.0,-8.17476311223811,-4.46283197651141,-11.076364606966507,0.5,0.8,0.6666666666666666,0.7777777777777778,1.0,0.0,146.53389830508473,154.70866141732284,146.135593220339,150.5984251968504,200.91129943502824,211.98766404199475
980911,2016,2016-04-14,Saurashtra Cricket Association Stadium,Gujarat Lions,Rising Pune Supergiants,Rising Pune Supergiants,bat,1,1.0,1.0,1.0,1.0,1.0,0.0,1.0,1.0,0.5,0.5,0.5,0,0.0,0.0,0.0,1.0,0.0,0.0,0.0,0.0,36.0,40.0,-30.0,1.0,1.0,0.5,0.5,1.0,1.0,162.0,126.0,161.0,121.0,163.0,193.0
980913,2016,2016-04-15,Feroz Shah Kotla,Delhi Capitals,Punjab Kings,Delhi Capitals,field,1,0.4083333333333333,0.48760330578512395,0.2,0.2,0.4666666666666667,0.4793388429752066,0.4852941176470588,0.559322033898305,0.3076923076923077,0.41935483870967744,0.4375,1,-0.07926997245179063,0.0,0.19999999999999998,-0.01267217630853995,-0.07402791625124622,-0.11166253101736973,-0.20779220779220775,0.0,-8.250895316804389,-4.846169872907836,-14.136123737373765,0.3,0.1,0.36363636363636365,0.5714285714285714,0.0,0.0,147.64166666666668,155.89256198347107,151.80672268907563,156.65289256198346,193.2123611111111,207.34848484848487
980915,2016,2016-04-16,"Rajiv Gandhi International Stadium, Uppal",Sunrisers Hyderabad,Kolkata Knight Riders,Sunrisers Hyderabad,bat,0,0.5,0.5126050420168067,0.4,0.4,0.45652173913043476,0.5378151260504201,0.5555555555555556,0.5714285714285714,0.4642857142857143,0.44642857142857145,0.3333333333333333,1,-0.012605042016806678,0.0,0.0,-0.08129338691998539,-0.015873015873015817,0.01785714285714285,-0.125,-0.5,0.7782243332115399,4.1865180854950665,3.6848830836682396,0.5,0.5,0.625,0.75,0.0,0.5,147.65217391304347,146.87394957983193,150.67391304347825,146.48739495798318,204.8481884057971,201.16330532212885
980917,2016,2016-04-16,Wankhede Stadium,Mumbai Indians,Gujarat Lions,Gujarat Lions,field,0,0.578125,1.0,0.8,1.0,0.5234375,0.5,0.5689655172413793,1.0,0.5857142857142857,0.5,0.5,0,-0.421875,-0.19999999999999996,-0.19999999999999996,0.0234375,-0.43103448275862066,0.08571428571428574,0.1428571428571429,-0.5,-8.03125,-11.1171875,38.54088541666667,0.8,1.0,0.6428571428571429,0.5,0.5,1.0,154.96875,163.0,150.8828125,162.0,211.84088541666668,173.3
980919,2016,2016-04-17,"Punjab Cricket Association IS Bindra Stadium, Mohali",Punjab Kings,Rising Pune Supergiants,Rising Pune Supergiants,bat,1,0.48360655737704916,0.5,0.2,0.5,0.47540983606557374,0.5,0.559322033898305,1.0,0.4126984126984127,0.0,0.5,0,-0.016393442622950838,-0.3,-0.4,-0.024590163934426257,-0.44067796610169496,0.4126984126984127,-0.5,-0.5,11.02459016393442,13.795081967213122,12.462021857923474,0.1,0.5,0.0,0.5,0.0,0.5,155.52459016393442,144.5,156.29508196721312,142.5,206.96202185792347,194.5
980921,2016,2016-04-17,M Chinnaswamy Stadium,Royal Challengers Bengaluru,Delhi Capitals,Delhi Capitals,field,0,0.5,0.4132231404958678,0.6,0.4,0.4435483870967742,0.47107438016528924,0.5492957746478874,0.4927536231884058,0.4339622641509434,0.3076923076923077,0.6,0,0.08677685950413222,0.19999999999999996,0.3,-0.027525993068515053,0.05654215145948155,0.1262699564586357,0.18750000000000006,0.5,4.313982937883225,3.2406504065040735,14.025544299297962,0.6,0.3,0.5208333333333334,0.3333333333333333,1.0,0.5,151.66935483870967,147.35537190082644,154.70731707317074,151.46666666666667,207.00860215053763,192.98305785123966
980923,2016,2016-04-18,"Rajiv Gandhi International Stadium, Uppal",Sunrisers Hyderabad,Mumbai Indians,Sunrisers Hyderabad,field,1,0.48936170212765956,0.5736434108527132,0.2,0.6,0.46808510638297873,0.5193798449612403,0.5555555555555556,0.5689655172413793,0.4482758620689655,0.5774647887323944,0.3333333333333333,1,-0.08428170872505364,-0.39999999999999997,-0.19999999999999996,-0.05129473857826161,-0.013409961685823757,-0.12918892666342885,-0.21176470588235297,-0.3333333333333333,-7.344054098631034,-0.2782450931881897,-6.260170982461943,0.5,0.7,0.5882352941176471,0.8,0.0,0.3333333333333333,147.53191489361703,154.87596899224806,150.5744680851064,150.85271317829458,205.4982269503546,211.75839793281654
980925,2016,2016-04-19,"Punjab Cricket Association IS Bindra Stadium, Mohali",Punjab Kings,Kolkata Knight Riders,Kolkata Knight Riders,field,0,0.4878048780487805,0.5166666666666667,0.4,0.4,0.4715447154471545,0.5333333333333333,0.5666666666666667,0.578125,0.4126984126984127,0.44642857142857145,0.35294117647058826,0,-0.02886178861788624,0.0,-0.39999999999999997,-0.06178861788617884,-0.011458333333333348,-0.03373015873015878,0.0,-0.3333333333333333,8.637398373983729,9.810162601626018,5.187337398373984,0.2,0.6,0.5,0.5,0.3333333333333333,0.6666666666666666,155.5040650406504,146.86666666666667,156.260162601626,146.45,206.4509485094851,201.26361111111112
980927,2016,2016-04-20,Wankhede Stadium,Mumbai Indians,Royal Challengers Bengaluru,Mumbai Indians,field,1,0.5692307692307692,0.496,0.4,0.4,0.5153846153846153,0.44,0.5689655172413793,0.5492957746478874,0.5694444444444444,0.42592592592592593,0.5294117647058824,1,0.07323076923076921,0.0,0.09999999999999998,0.07538461538461533,0.019669742593491968,0.1435185185185185,0.12790697674418605,-0.25,2.792923076923074,-4.200372208436704,4.704092307692321,0.6,0.5,0.627906976744186,0.5,0.25,0.5,154.77692307692308,151.984,150.80769230769232,155.00806451612902,211.91102564102565,207.20693333333332
980929,2016,2016-04-21,Saurashtra Cricket Association Stadium,Gujarat Lions,Sunrisers Hyderabad,Sunrisers Hyderabad,field,0,1.0,0.5,1.0,0.2,0.6666666666666666,0.4791666666666667,1.0,0.5789473684210527,0.5,0.4482758620689655,0.5,0,0.5,0.8,0.5,0.18749999999999994,0.42105263157894735,0.051724137931034475,0.5,0.6666666666666667,10.1875,5.270833333333314,-20.56909722222224,1.0,0.5,1.0,0.5,1.0,0.3333333333333333,157.66666666666666,147.47916666666666,155.66666666666666,150.39583333333334,184.66666666666666,205.2357638888889
980931,2016,2016-04-22,Maharashtra Cricket Association Stadium,Rising Pune Supergiants,Royal Challengers Bengaluru,Rising Pune Supergiants,field,0,0.3333333333333333,0.49206349206349204,0.3333333333333333,0.4,0.6666666666666666,0.4365079365079365,1.0,0.5492957746478874,0.0,0.41818181818181815,0.5,1,-0.15873015873015872,-0.06666666666666671,-0.16666666666666669,0.23015873015873012,0.45070422535211263,-0.41818181818181815,-0.5,0.0,-5.1269841269841265,-9.135999999999996,-10.452910052910056,0.3333333333333333,0.5,0.5,1.0,0.3333333333333333,0.3333333333333333,147.0,152.12698412698413,146.0,155.136,196.9,207.35291005291006
980933,2016,2016-04-23,Feroz Shah Kotla,Delhi Capitals,Mumbai Indians,Mumbai Indians,field,1,0.4180327868852459,0.5725190839694656,0.6,0.4,0.47540983606557374,0.5190839694656488,0.5,0.576271186440678,0.3076923076923077,0.5694444444444444,0.5,0,-0.15448629708421968,0.19999999999999996,-0.19999999999999996,-0.04367413340007509,-0.07627118644067798,-0.2617521367521367,0.09206349206349207,0.2666666666666666,-7.179451883368785,0.8391899564696246,-18.928483085137458,0.4,0.6,0.37777777777777777,0.2857142857142857,0.6666666666666666,0.4,147.72131147540983,154.90076335877862,151.79338842975207,150.95419847328245,192.99467213114752,211.92315521628498
980935,2016,2016-04-23,"Rajiv Gandhi International Stadium, Uppal",Sunrisers Hyderabad,Punjab Kings,Sunrisers Hyderabad,field,1,0.5102040816326531,0.4838709677419355,0.4,0.2,0.4897959183673469,0.46774193548387094,0.6,0.5666666666666667,0.4482758620689655,0.40625,0.6666666666666666,1,0.026333113890717574,0.2,0.3,0.022053982883475987,0.033333333333333326,0.042025862068965525,-0.05555555555555547,0.25,-8.097597103357487,-6.055464121132303,-1.4956989247311583,0.5,0.2,0.6111111111111112,0.6666666666666666,0.5,0.25,147.26530612244898,155.36290322580646,150.08163265306123,156.13709677419354,204.65,206.14569892473116
980937,2016,2016-04-24,Saurashtra Cricket Association Stadium,Gujarat Lions,Royal Challengers Bengaluru,Royal Challengers Bengaluru,bat,1,0.75,0.49606299212598426,0.75,0.4,0.5,0.4330708661417323,1.0,0.5492957746478874,0.0,0.42857142857142855,0.5,0,0.25393700787401574,0.35,0.25,0.06692913385826771,0.45070422535211263,-0.42857142857142855,0.0,0.25,-0.38582677165354085,-4.269841269841265,-15.295800524934378,0.75,0.5,0.5,0.5,0.75,0.5,152.0,152.38582677165354,151.0,155.26984126984127,192.3,207.5958005249344
980939,2016,2016-04-24,Maharashtra Cricket Association Stadium,Rising Pune Supergiants,Kolkata Knight Riders,Kolkata Knight Riders,field,0,0.25,0.5206611570247934,0.25,0.6,0.75,0.5371900826446281,0.5,0.5846153846153846,0.0,0.44642857142857145,0.5,0,-0.27066115702479343,-0.35,-0.35,0.2128099173553719,-0.08461538461538465,-0.44642857142857145,-1.0,-0.5,6.431818181818187,9.369834710743788,-3.016597796143259,0.25,0.6,0.0,1.0,0.25,0.75,153.25,146.8181818181818,155.75,146.3801652892562,198.425,201.44159779614327
980941,2016,2016-04-25,"Punjab Cricket Association IS Bindra Stadium, Mohali",Punjab Kings,Mumbai Indians,Punjab Kings,field,0,0.48,0.5681818181818182,0.2,0.4,0.464,0.5227272727272727,0.5666666666666667,0.5666666666666667,0.4,0.5694444444444444,0.5,1,-0.08818181818181825,-0.2,-0.39999999999999997,-0.058727272727272684,0.0,-0.1694444444444444,-0.16666666666666669,-0.1333333333333333,0.37006060606060487,5.0029696969697,-6.125846464646486,0.2,0.6,0.3333333333333333,0.5,0.2,0.3333333333333333,155.264,154.8939393939394,156.056,151.0530303030303,205.72213333333332,211.8479797979798
980943,2016,2016-04-26,"Rajiv Gandhi International Stadium, Uppal",Sunrisers Hyderabad,Rising Pune Supergiants,Rising Pune Supergiants,field,0,0.52,0.2,0.6,0.2,0.5,0.6,0.6190476190476191,0.5,0.4482758620689655,0.0,0.5,0,0.32,0.39999999999999997,0.39999999999999997,-0.09999999999999998,0.11904761904761907,0.4482758620689655,0.13157894736842102,0.39999999999999997,-7.359999999999985,-7.060000000000002,5.842000000000013,0.6,0.2,0.631578947368421,0.5,0.6,0.2,147.24,154.6,149.94,157.0,204.202,198.35999999999999
980945,2016,2016-04-27,Feroz Shah Kotla,Delhi Capitals,Gujarat Lions,Delhi Capitals,field,0,0.42276422764227645,0.8,0.6,0.8,0.4715447154471545,0.4,0.5,1.0,0.32075471698113206,0.0,0.5,1,-0.3772357723577236,-0.20000000000000007,-0.4,0.07154471544715446,-0.5,0.32075471698113206,-0.10869565217391303,-0.050000000000000044,-10.146341463414643,-4.988524590163934,2.029186991869892,0.4,0.8,0.391304347826087,0.5,0.75,0.8,147.85365853658536,158.0,151.81147540983608,156.8,192.9491869918699,190.92000000000002
980947,2016,2016-04-28,Wankhede Stadium,Mumbai Indians,Kolkata Knight Riders,Mumbai Indians,field,1,0.5714285714285714,0.5245901639344263,0.4,0.8,0.518796992481203,0.5409836065573771,0.5666666666666667,0.5909090909090909,0.5753424657534246,0.44642857142857145,0.7058823529411765,1,0.04683840749414514,-0.4,-0.09999999999999998,-0.02218661407617406,-0.024242424242424288,0.12891389432485317,0.43636363636363634,-0.3714285714285715,8.207752989029956,4.658572661161088,10.238403385512953,0.6,0.7,0.6363636363636364,0.2,0.42857142857142855,0.8,155.15037593984962,146.94262295081967,151.15037593984962,146.49180327868854,211.90588972431078,201.66748633879783
980949,2016,2016-04-29,Maharashtra Cricket Association Stadium,Rising Pune Supergiants,Gujarat Lions,Gujarat Lions,field,0,0.3333333333333333,0.8333333333333334,0.2,0.8,0.6666666666666666,0.3333333333333333,0.6666666666666666,1.0,0.0,0.5,0.0,0,-0.5,-0.6000000000000001,-0.5,0.3333333333333333,-0.33333333333333337,-0.5,-0.5,-0.5,-15.833333333333343,-8.666666666666657,11.033333333333331,0.3333333333333333,0.8333333333333334,0.0,0.5,0.3333333333333333,0.8333333333333334,144.5,160.33333333333334,150.5,159.16666666666666,201.23333333333335,190.20000000000002
980951,2016,2016-04-30,Feroz Shah Kotla,Delhi Capitals,Kolkata Knight Riders,Kolkata Knight Riders,field,1,0.41935483870967744,0.5203252032520326,0.6,0.6,0.47580645161290325,0.5365853658536586,0.49295774647887325,0.5909090909090909,0.32075471698113206,0.43859649122807015,0.375,0,-0.10097036454235514,0.0,-0.19999999999999996,-0.06077891424075532,-0.09795134443021769,-0.11784177424693809,-0.4170212765957447,-0.06666666666666665,0.8777209546288987,5.227642276422756,-8.955617842468769,0.4,0.6,0.3829787234042553,0.8,0.6,0.6666666666666666,148.04032258064515,147.16260162601625,151.97560975609755,146.7479674796748,192.85766129032257,201.81327913279134
980953,2016,2016-04-30,"Rajiv Gandhi International Stadium, Uppal",Sunrisers Hyderabad,Royal Challengers Bengaluru,Royal Challengers Bengaluru,field,1,0.5098039215686274,0.4921875,0.6,0.4,0.49019607843137253,0.4375,0.6190476190476191,0.5492957746478874,0.43333333333333335,0.42105263157894735,0.42857142857142855,0,0.017616421568627416,0.19999999999999996,0.09999999999999998,0.05269607843137253,0.0697518443997317,0.012280701754386003,0.26666666666666666,0.09999999999999998,-5.934895833333343,-6.637177705727964,-3.7093137254902047,0.5,0.4,0.6,0.3333333333333333,0.5,0.4,146.66666666666666,152.6015625,148.84313725490196,155.48031496062993,204.24901960784314,207.95833333333334
980955,2016,2016-05-01,Saurashtra Cricket Association Stadium,Gujarat Lions,Punjab Kings,Gujarat Lions,field,0,0.8571428571428571,0.47619047619047616,0.8,0.2,0.42857142857142855,0.46825396825396826,1.0,0.5573770491803278,0.5,0.4,1.0,1,0.38095238095238093,0.6000000000000001,0.657142857142857,-0.03968253968253971,0.4426229508196722,0.09999999999999998,0.16666666666666663,0.6904761904761905,10.095238095238074,7.968253968253947,-14.837037037037021,0.8571428571428571,0.2,0.6666666666666666,0.5,0.8571428571428571,0.16666666666666666,165.42857142857142,155.33333333333334,164.28571428571428,156.31746031746033,190.45714285714286,205.29417989417988
980957,2016,2016-05-01,Maharashtra Cricket Association Stadium,Rising Pune Supergiants,Mumbai Indians,Mumbai Indians,field,0,0.2857142857142857,0.5746268656716418,0.2,0.6,0.5714285714285714,0.5223880597014925,0.6666666666666666,0.5737704918032787,0.0,0.5753424657534246,1.0,0,-0.2889125799573561,-0.39999999999999997,-0.3142857142857143,0.049040511727078906,0.09289617486338797,-0.5753424657534246,-0.5,-0.2142857142857143,-3.6066098081023483,5.679104477611929,-11.947103766879877,0.2857142857142857,0.6,0.0,0.5,0.2857142857142857,0.5,151.71428571428572,155.32089552238807,157.0,151.32089552238807,199.97142857142856,211.91853233830844
980959,2016,2016-05-02,M Chinnaswamy Stadium,Royal Challengers Bengaluru,Kolkata Knight Riders,Kolkata Knight Riders,field,0,0.4883720930232558,0.5161290322580645,0.2,0.6,0.4418604651162791,0.5403225806451613,0.5416666666666666,0.582089552238806,0.42105263157894735,0.43859649122807015,0.5,0,-0.02775693923480871,-0.39999999999999997,-0.09999999999999998,-0.09846211552888218,-0.040422885572139355,-0.017543859649122806,0.08163265306122452,-0.23809523809523808,5.548137034258559,8.716733870967744,6.644596565808115,0.4,0.5,0.5102040816326531,0.42857142857142855,0.3333333333333333,0.5714285714285714,152.80620155038758,147.25806451612902,155.78125,147.06451612903226,208.42067183462532,201.7760752688172
980961,2016,2016-05-03,Saurashtra Cricket Association Stadium,Gujarat Lions,Delhi Capitals,Delhi Capitals,field,0,0.75,0.424,0.6,0.8,0.5,0.472,0.8333333333333334,0.49295774647887325,0.5,0.3333333333333333,1.0,0,0.326,-0.20000000000000007,0.25,0.028000000000000025,0.3403755868544601,0.16666666666666669,0.0,0.08333333333333337,12.781000000000006,10.967741935483872,-1.8197999999999865,0.75,0.5,0.5,0.5,0.75,0.6666666666666666,161.125,148.344,163.0,152.03225806451613,190.975,192.79479999999998
980963,2016,2016-05-04,Eden Gardens,Kolkata Knight Riders,Punjab Kings,Punjab Kings,field,1,0.52,0.48031496062992124,0.6,0.4,0.544,0.4645669291338583,0.5882352941176471,0.5573770491803278,0.43859649122807015,0.4090909090909091,0.6666666666666666,0,0.03968503937007878,0.19999999999999996,0.2,0.07943307086614176,0.030858244937319257,0.029505582137161035,0.36645962732919257,0.3392857142857143,-7.73083464566929,-8.750110236220479,-3.4217007874015906,0.5,0.3,0.6521739130434783,0.2857142857142857,0.625,0.2857142857142857,147.592,155.3228346456693,147.368,156.11811023622047,201.83866666666665,205.26036745406824
980965,2016,2016-05-05,Feroz Shah Kotla,Delhi Capitals,Rising Pune Supergiants,Rising Pune Supergiants,field,0,0.42857142857142855,0.25,0.8,0.2,0.47619047619047616,0.5,0.5,0.6666666666666666,0.3333333333333333,0.0,0.5,0,0.17857142857142855,0.6000000000000001,0.35,-0.023809523809523836,-0.16666666666666663,0.3333333333333333,-0.10416666666666669,0.4642857142857143,-4.267857142857139,-5.49199999999999,-7.776587301587313,0.6,0.25,0.3958333333333333,0.5,0.7142857142857143,0.25,148.35714285714286,152.625,152.008,157.5,192.92341269841268,200.7
980967,2016,2016-05-06,"Rajiv Gandhi International Stadium, Uppal",Sunrisers Hyderabad,Gujarat Lions,Sunrisers Hyderabad,field,1,0.5192307692307693,0.6666666666666666,0.8,0.6,0.4807692307692308,0.4444444444444444,0.6190476190476191,0.8333333333333334,0.45161290322580644,0.3333333333333333,1.0,1,-0.14743589743589736,0.20000000000000007,-0.16666666666666663,0.03632478632478636,-0.2142857142857143,0.11827956989247312,0.11904761904761907,-0.09523809523809523,-12.200854700854705,-12.132478632478609,10.155769230769238,0.5,0.6666666666666666,0.6190476190476191,0.5,0.5714285714285714,0.6666666666666666,147.57692307692307,159.77777777777777,149.42307692307693,161.55555555555554,204.05576923076922,193.89999999999998
980969,2016,2016-05-07,M Chinnaswamy Stadium,Royal Challengers Bengaluru,Rising Pune Supergiants,Royal Challengers Bengaluru,field,1,0.4846153846153846,0.3333333333333333,0.2,0.4,0.43846153846153846,0.5555555555555556,0.5416666666666666,0.75,0.41379310344827586,0.0,1.0,1,0.1512820512820513,-0.2,-0.033333333333333326,-0.11709401709401712,-0.20833333333333337,0.41379310344827586,0.0,-0.047619047619047616,-1.0572649572649482,-1.9612403100775282,9.143247863247865,0.3,0.3333333333333333,0.5,0.5,0.2857142857142857,0.3333333333333333,153.05384615384617,154.11111111111111,156.03875968992247,158.0,208.65435897435896,199.5111111111111
980971,2016,2016-05-07,"Punjab Cricket Association IS Bindra Stadium, Mohali",Punjab Kings,Delhi Capitals,Delhi Capitals,field,1,0.4765625,0.4251968503937008,0.2,0.6,0.46875,0.47244094488188976,0.5483870967741935,0.5,0.4090909090909091,0.32727272727272727,0.5294117647058824,0,0.05136564960629919,-0.39999999999999997,-0.3,-0.0036909448818897572,0.048387096774193505,0.08181818181818185,-0.25,-0.375,6.871370570866134,4.06063988095238,12.211312746063015,0.3,0.6,0.25,0.5,0.25,0.625,155.3359375,148.46456692913387,156.1796875,152.11904761904762,205.29661458333334,193.08530183727032
980973,2016,2016-05-08,Dr. Y.S. Rajasekhara Reddy ACA-VDCA Cricket Stadium,Mumbai Indians,Sunrisers Hyderabad,Mumbai Indians,field,0,0.5777777777777777,0.5283018867924528,0.8,0.8,0.5259259259259259,0.49056603773584906,0.5806451612903226,0.6363636363636364,0.5753424657534246,0.45161290322580644,0.5714285714285714,1,0.0494758909853249,0.0,0.09999999999999998,0.03535988819007685,-0.055718475073313734,0.12372956252761819,0.6666666666666667,-0.06944444444444442,8.136547868623353,2.396645702306074,7.391882133706019,0.6,0.5,1.0,0.3333333333333333,0.5555555555555556,0.625,155.36296296296297,147.22641509433961,151.37777777777777,148.9811320754717,211.83024691358023,204.4383647798742
980975,2016,2016-05-08,Eden Gardens,Kolkata Knight Riders,Gujarat Lions,Gujarat Lions,field,0,0.5238095238095238,0.6,0.6,0.4,0.5396825396825397,0.4,0.5882352941176471,0.8333333333333334,0.4482758620689655,0.25,0.5,0,-0.07619047619047614,0.19999999999999996,0.0,0.13968253968253963,-0.2450980392156863,0.19827586206896552,0.15957446808510634,0.06666666666666665,-8.677777777777777,-10.855555555555554,7.902010582010604,0.6,0.6,0.6595744680851063,0.5,0.6666666666666666,0.6,147.72222222222223,156.4,147.44444444444446,158.3,201.76534391534392,193.86333333333332
980977,2016,2016-05-09,"Punjab Cricket Association IS Bindra Stadium, Mohali",Punjab Kings,Royal Challengers Bengaluru,Punjab Kings,field,0,0.4806201550387597,0.48854961832061067,0.4,0.4,0.46511627906976744,0.44274809160305345,0.5483870967741935,0.547945205479452,0.417910447761194,0.41379310344827586,0.625,1,-0.007929463281850957,0.0,-0.10000000000000003,0.022368187466713985,0.00044189129474148103,0.004117344312918159,-0.09999999999999998,-0.041666666666666685,2.1608379194035194,-0.00536672629698387,-3.7373907726295386,0.3,0.4,0.4,0.5,0.3333333333333333,0.375,155.53488372093022,153.3740458015267,156.30232558139534,156.30769230769232,205.05090439276486,208.7882951653944
980979,2016,2016-05-10,Dr. Y.S. Rajasekhara Reddy ACA-VDCA Cricket Stadium,Rising Pune Supergiants,Sunrisers Hyderabad,Sunrisers Hyderabad,bat,0,0.3,0.5370370370370371,0.4,0.8,0.5,0.48148148148148145,0.75,0.6363636363636364,0.0,0.46875,1.0,0,-0.2370370370370371,-0.4,-0.3,0.018518518518518545,0.11363636363636365,-0.46875,0.0,-0.36666666666666664,10.02222222222224,13.774074074074065,-7.27395061728393,0.3,0.6,0.5,0.5,0.3,0.6666666666666666,157.8,147.77777777777777,161.7,147.92592592592592,197.66,204.93395061728393
980981,2016,2016-05-11,M Chinnaswamy Stadium,Royal Challengers Bengaluru,Mumbai Indians,Mumbai Indians,field,0,0.49242424242424243,0.5735294117647058,0.4,0.6,0.4393939393939394,0.5294117647058824,0.547945205479452,0.5714285714285714,0.423728813559322,0.5753424657534246,0.4444444444444444,0,-0.08110516934046341,-0.19999999999999996,-0.09999999999999998,-0.09001782531194297,-0.023483365949119372,-0.1516136521941026,-0.20448179271708689,-0.05555555555555558,-1.3591800356506383,4.8765716210148184,-2.7697601010100925,0.4,0.5,0.5098039215686274,0.7142857142857143,0.4444444444444444,0.5,153.53787878787878,154.89705882352942,156.44274809160305,151.56617647058823,209.13232323232324,211.90208333333334
980983,2016,2016-05-12,"Rajiv Gandhi International Stadium, Uppal",Sunrisers Hyderabad,Delhi Capitals,Delhi Capitals,field,0,0.5454545454545454,0.421875,0.8,0.4,0.4909090909090909,0.4765625,0.6363636363636364,0.4931506849315068,0.48484848484848486,0.32727272727272727,0.8333333333333334,0,0.12357954545454541,0.4,0.19999999999999996,0.014346590909090906,0.14321295143212953,0.1575757575757576,-0.11363636363636365,0.14444444444444438,-1.0666193181818073,-4.691911238367936,12.260686553030297,0.7,0.5,0.6363636363636364,0.75,0.7,0.5555555555555556,147.5818181818182,148.6484375,147.65454545454546,152.3464566929134,205.42969696969698,193.16901041666668
980985,2016,2016-05-13,Dr. Y.S. Rajasekhara Reddy ACA-VDCA Cricket Stadium,Mumbai Indians,Punjab Kings,Mumbai Indians,bat,0,0.5766423357664233,0.47692307692307695,0.8,0.4,0.5328467153284672,0.46923076923076923,0.578125,0.5396825396825397,0.5753424657534246,0.417910447761194,0.5294117647058824,1,0.09971925884334637,0.4,0.3,0.06361594609769794,0.03844246031746035,0.1574320179922306,0.0,0.24545454545454543,-0.7937113980909771,-4.884110050533394,6.828284671532856,0.6,0.3,0.5,0.5,0.5454545454545454,0.3,154.8832116788321,155.6769230769231,151.56204379562044,156.44615384615383,211.76995133819952,204.94166666666666
980987,2016,2016-05-14,M Chinnaswamy Stadium,Royal Challengers Bengaluru,Gujarat Lions,Gujarat Lions,field,1,0.48872180451127817,0.6363636363636364,0.4,0.4,0.43609022556390975,0.45454545454545453,0.547945205479452,0.8571428571428571,0.4166666666666667,0.25,0.0,0,-0.14764183185235819,0.0,-0.19999999999999996,-0.01845522898154478,-0.30919765166340507,0.16666666666666669,0.0,-0.23636363636363633,-3.57211209842788,-1.8560606060606233,16.91599453178398,0.4,0.6,0.5,0.5,0.4,0.6363636363636364,153.5187969924812,157.0909090909091,156.41666666666666,158.27272727272728,209.35538847117795,192.43939393939397
980989,2016,2016-05-14,Eden Gardens,Kolkata Knight Riders,Rising Pune Supergiants,Rising Pune Supergiants,bat,1,0.5196850393700787,0.2727272727272727,0.4,0.2,0.5354330708661418,0.45454545454545453,0.5882352941176471,0.6,0.4406779661016949,0.0,1.0,0,0.246957766642806,0.2,0.39999999999999997,0.08088761632068725,-0.0117647058823529,0.4406779661016949,0.14583333333333337,0.32727272727272727,-7.742304939155332,-11.879742304939157,4.1066332617513694,0.6,0.2,0.6458333333333334,0.5,0.6,0.2727272727272727,147.8031496062992,155.54545454545453,147.5748031496063,159.45454545454547,201.88845144356955,197.78181818181818
980991,2016,2016-05-15,"Punjab Cricket Association IS Bindra Stadium, Mohali",Punjab Kings,Sunrisers Hyderabad,Punjab Kings,bat,0,0.48091603053435117,0.5357142857142857,0.6,0.8,0.46564885496183206,0.48214285714285715,0.546875,0.6363636363636364,0.417910447761194,0.47058823529411764,0.2857142857142857,1,-0.05479825517993453,-0.20000000000000007,-0.29999999999999993,-0.01649400218102509,-0.08948863636363635,-0.052677787532923626,-0.16666666666666669,-0.2727272727272727,7.904443838604152,8.50204471101415,-0.6477417302798756,0.4,0.7,0.3333333333333333,0.5,0.36363636363636365,0.6363636363636364,155.45801526717557,147.55357142857142,156.19847328244273,147.69642857142858,204.93142493638678,205.57916666666665
980993,2016,2016-05-15,Dr. Y.S. Rajasekhara Reddy ACA-VDCA Cricket Stadium,Mumbai Indians,Delhi Capitals,Delhi Capitals,field,1,0.572463768115942,0.4263565891472868,0.6,0.6,0.5362318840579711,0.4806201550387597,0.578125,0.5,0.5675675675675675,0.32727272727272727,0.47058823529411764,0,0.14610717896865522,0.0,-0.09999999999999998,0.05561172901921135,0.078125,0.24029484029484027,-0.6666666666666667,-0.09999999999999998,6.000505561172901,-0.9128170289855007,18.25069935962253,0.5,0.6,0.3333333333333333,1.0,0.5,0.6,154.65942028985506,148.65891472868216,151.3840579710145,152.296875,211.54553140096618,193.29483204134365
980995,2016,2016-05-16,Eden Gardens,Kolkata Knight Riders,Royal Challengers Bengaluru,Royal Challengers Bengaluru,field,0,0.5234375,0.4925373134328358,0.6,0.6,0.53125,0.43283582089552236,0.5942028985507246,0.547945205479452,0.4406779661016949,0.4262295081967213,0.5294117647058824,0,0.0309001865671642,0.0,0.19999999999999996,0.09841417910447764,0.04625769307127259,0.014448457904973622,0.31972789115646255,0.18181818181818182,-7.059818097014926,-8.795993890977456,-7.224374222636811,0.6,0.4,0.6530612244897959,0.3333333333333333,0.6363636363636364,0.45454545454545453,147.1640625,154.22388059701493,147.2265625,156.02255639097746,202.06119791666666,209.28557213930347
980997,2016,2016-05-17,Dr. Y.S. Rajasekhara Reddy ACA-VDCA Cricket Stadium,Rising Pune Supergiants,Delhi Capitals,Rising Pune Supergiants,field,1,0.25,0.4230769230769231,0.2,0.4,0.5,0.4846153846153846,0.6,0.49333333333333335,0.0,0.32727272727272727,1.0,1,-0.17307692307692307,-0.2,-0.39999999999999997,0.015384615384615385,0.10666666666666663,-0.32727272727272727,-0.5,-0.2954545454545454,2.682051282051276,-1.0465116279069946,7.186153846153843,0.2,0.6,0.0,0.5,0.25,0.5454545454545454,151.16666666666666,148.48461538461538,151.66666666666666,152.71317829457365,200.58333333333334,193.3971794871795
980999,2016,2016-05-18,M Chinnaswamy Stadium,Royal Challengers Bengaluru,Punjab Kings,Punjab Kings,field,1,0.4962962962962963,0.4772727272727273,0.8,0.4,0.43703703703703706,0.4696969696969697,0.5540540540540541,0.546875,0.4262295081967213,0.4117647058823529,0.4117647058823529,0,0.019023569023568998,0.4,0.09999999999999998,-0.03265993265993267,0.007179054054054057,0.014464802314368364,0.009433962264150941,0.16666666666666669,-1.1771043771043708,-0.15490728177294955,4.443801907968577,0.5,0.4,0.5094339622641509,0.5,0.5,0.3333333333333333,154.45925925925926,155.63636363636363,156.22388059701493,156.37878787878788,209.5727160493827,205.12891414141413
981001,2016,2016-05-19,Green Park,Gujarat Lions,Kolkata Knight Riders,Gujarat Lions,field,1,0.5833333333333334,0.5193798449612403,0.2,0.6,0.5,0.5271317829457365,0.75,0.5942028985507246,0.25,0.43333333333333335,1.0,1,0.06395348837209303,-0.39999999999999997,-0.09999999999999998,-0.027131782945736482,0.1557971014492754,-0.18333333333333335,0.0,0.0,5.224806201550365,18.22286821705427,-11.50058139534886,0.5,0.6,0.5,0.5,0.5833333333333334,0.5833333333333334,152.66666666666666,147.4418604651163,165.75,147.52713178294573,190.76944444444442,202.27002583979328
981003,2016,2016-05-20,Shaheed Veer Narayan Singh International Stadium,Delhi Capitals,Sunrisers Hyderabad,Delhi Capitals,field,1,0.4198473282442748,0.543859649122807,0.2,0.8,0.48091603053435117,0.47368421052631576,0.49333333333333335,0.6521739130434783,0.32142857142857145,0.47058823529411764,0.2857142857142857,1,-0.12401232087853226,-0.6000000000000001,-0.30000000000000004,0.007231820008035406,-0.15884057971014492,-0.1491596638655462,-0.25,-0.16666666666666663,0.15200214276148927,3.8774628879891964,-12.502218650953068,0.5,0.8,0.75,1.0,0.5,0.6666666666666666,148.27480916030535,148.12280701754386,152.12307692307692,148.24561403508773,193.42468193384227,205.92690058479533
981005,2016,2016-05-21,Dr. Y.S. Rajasekhara Reddy ACA-VDCA Cricket Stadium,Rising Pune Supergiants,Punjab Kings,Punjab Kings,bat,1,0.3076923076923077,0.47368421052631576,0.4,0.4,0.5384615384615384,0.47368421052631576,0.6666666666666666,0.5384615384615384,0.0,0.4117647058823529,0.0,0,-0.16599190283400805,0.0,0.0,0.06477732793522267,0.1282051282051282,-0.4117647058823529,-0.5,0.0,-9.983805668016203,-7.4817813765181995,-6.083420088683255,0.3,0.3,0.5,1.0,0.3076923076923077,0.3076923076923077,145.3846153846154,155.3684210526316,149.30769230769232,156.78947368421052,198.8294871794872,204.91290726817044
981007,2016,2016-05-21,Green Park,Gujarat Lions,Mumbai Indians,Gujarat Lions,field,1,0.6153846153846154,0.5755395683453237,0.4,0.6,0.5384615384615384,0.5323741007194245,0.7777777777777778,0.578125,0.25,0.5733333333333334,1.0,1,0.0398450470392917,-0.19999999999999996,-0.09999999999999998,0.006087437742113955,0.1996527777777778,-0.32333333333333336,0.5,0.07692307692307698,-4.490315439955708,11.337022689540674,-22.575788599889307,0.5,0.6,1.0,0.5,0.6153846153846154,0.5384615384615384,150.53846153846155,155.02877697841726,162.53846153846155,151.20143884892087,188.67948717948718,211.2552757793765
981009,2016,2016-05-22,Eden Gardens,Kolkata Knight Riders,Sunrisers Hyderabad,Sunrisers Hyderabad,field,1,0.5153846153846153,0.5344827586206896,0.4,0.6,0.5230769230769231,0.46551724137931033,0.5942028985507246,0.6521739130434783,0.4262295081967213,0.45714285714285713,0.7142857142857143,0,-0.019098143236074283,-0.19999999999999996,-0.19999999999999996,0.057559681697612775,-0.05797101449275366,-0.030913348946135843,0.64,-0.07692307692307698,-1.0315649867374077,-1.1116710875331535,-3.6903448275861876,0.5,0.7,0.64,0.0,0.5384615384615384,0.6153846153846154,147.26153846153846,148.29310344827587,147.35384615384615,148.4655172413793,202.10333333333335,205.79367816091954
981011,2016,2016-05-22,Shaheed Veer Narayan Singh International Stadium,Delhi Capitals,Royal Challengers Bengaluru,Royal Challengers Bengaluru,field,0,0.42424242424242425,0.5,0.4,0.8,0.48484848484848486,0.4338235294117647,0.5,0.5540540540540541,0.32142857142857145,0.43548387096774194,0.375,0,-0.07575757575757575,-0.4,-0.09999999999999998,0.05102495543672014,-0.05405405405405406,-0.11405529953917048,0.30000000000000004,0.0,-6.503787878787875,-3.7876166242578506,-16.735899435531763,0.5,0.6,0.8,0.5,0.5384615384615384,0.5384615384615384,148.37121212121212,154.875,152.1679389312977,155.95555555555555,193.30025252525255,210.0361519607843
981013,2016,2016-05-24,M Chinnaswamy Stadium,Gujarat Lions,Royal Challengers Bengaluru,Royal Challengers Bengaluru,field,0,0.6428571428571429,0.5036496350364964,0.6,0.8,0.5714285714285714,0.43795620437956206,0.8,0.56,0.25,0.43548387096774194,0.5,0,0.1392075078206465,-0.20000000000000007,0.0,0.13347236704900933,0.24,-0.18548387096774194,-0.5185185185185185,0.07142857142857151,-2.616266944734093,7.3907563025210266,-23.806291275634322,0.6,0.6,0.0,0.5185185185185185,0.6428571428571429,0.5714285714285714,152.14285714285714,154.75912408759123,163.21428571428572,155.8235294117647,186.7595238095238,210.56581508515814
981015,2016,2016-05-25,Feroz Shah Kotla,Sunrisers Hyderabad,Kolkata Knight Riders,Kolkata Knight Riders,field,1,0.5254237288135594,0.5190839694656488,0.4,0.4,0.4745762711864407,0.5190839694656488,0.625,0.5942028985507246,0.45714285714285713,0.43548387096774194,0.25,0,0.006339759347910534,0.0,0.09999999999999998,-0.04450769827920814,0.030797101449275388,0.02165898617511519,0.0,0.0,0.8623366541596624,1.4810454133781832,3.8218915771768707,0.6,0.5,0.6666666666666666,0.6666666666666666,0.5714285714285714,0.5714285714285714,148.3050847457627,147.44274809160305,148.84745762711864,147.36641221374046,205.55649717514126,201.7346055979644
981017,2016,2016-05-27,Feroz Shah Kotla,Gujarat Lions,Sunrisers Hyderabad,Sunrisers Hyderabad,field,0,0.6,0.5333333333333333,0.6,0.4,0.5333333333333333,0.4666666666666667,0.8,0.625,0.2,0.4722222222222222,0.0,0,0.06666666666666665,0.19999999999999996,-0.09999999999999998,0.06666666666666665,0.17500000000000004,-0.2722222222222222,0.25,0.0,4.0,14.233333333333348,-17.19166666666669,0.5,0.6,1.0,0.75,0.6,0.6,152.53333333333333,148.53333333333333,162.93333333333334,148.7,187.89555555555555,205.08722222222224
981019,2016,2016-05-29,M Chinnaswamy Stadium,Royal Challengers Bengaluru,Sunrisers Hyderabad,Sunrisers Hyderabad,bat,0,0.5072463768115942,0.5409836065573771,1.0,0.6,0.4420289855072464,0.47540983606557374,0.5657894736842105,0.64,0.43548387096774194,0.4722222222222222,0.5,0,-0.03373722974578286,0.4,0.0,-0.033380850558327346,-0.0742105263157895,-0.03673835125448027,0.2772727272727272,-0.025000000000000022,6.019363269185078,6.921383271508915,6.294359309416336,0.7,0.7,0.5272727272727272,0.25,0.6,0.625,154.78985507246378,148.7704918032787,155.83941605839416,148.91803278688525,211.12113526570047,204.82677595628414
1082591,2017,2017-04-05,"Rajiv Gandhi International Stadium, Uppal",Sunrisers Hyderabad,Royal Challengers Bengaluru,Royal Challengers Bengaluru,field,1,0.5483870967741935,0.5035971223021583,0.6,0.8,0.4838709677419355,0.43884892086330934,0.64,0.5584415584415584,0.4864864864864865,0.43548387096774194,0.5555555555555556,0,0.044789974472035254,-0.20000000000000007,0.0,0.045022046878626154,0.08155844155844161,0.051002615518744576,0.3229813664596274,0.0,-5.389301462056181,-6.475455820476839,-6.810524483638886,0.7,0.7,0.6086956521739131,0.2857142857142857,0.5,0.5,149.7258064516129,155.11510791366908,149.74193548387098,156.2173913043478,204.89247311827958,211.70299760191847
1082592,2017,2017-04-06,Maharashtra Cricket Association Stadium,Rising Pune Supergiants,Mumbai Indians,Rising Pune Supergiants,field,1,0.35714285714285715,0.5714285714285714,0.4,0.4,0.5,0.5285714285714286,0.7142857142857143,0.578125,0.0,0.5657894736842105,0.5,1,-0.21428571428571425,0.0,-0.19999999999999996,-0.02857142857142858,0.1361607142857143,-0.5657894736842105,-1.0,0.0,-7.7928571428571445,-0.4285714285714448,-12.172499999999985,0.4,0.6,0.0,1.0,0.5,0.5,147.35714285714286,155.15,150.92857142857142,151.35714285714286,198.85238095238097,211.02488095238095
1082593,2017,2017-04-07,Saurashtra Cricket Association Stadium,Gujarat Lions,Kolkata Knight Riders,Kolkata Knight Riders,field,0,0.5625,0.5151515151515151,0.4,0.4,0.5,0.5227272727272727,0.8,0.5857142857142857,0.16666666666666666,0.43548387096774194,1.0,0,0.04734848484848486,0.0,0.0,-0.022727272727272707,0.2142857142857143,-0.26881720430107525,-0.09999999999999998,0.0,5.738636363636374,15.46022727272728,-12.01672979797982,0.4,0.4,0.4,0.5,0.5,0.5,153.125,147.38636363636363,162.9375,147.47727272727272,189.41458333333333,201.43131313131315
1082594,2017,2017-04-08,Holkar Cricket Stadium,Punjab Kings,Rising Pune Supergiants,Punjab Kings,field,1,0.4701492537313433,0.4,0.2,0.6,0.47761194029850745,0.5333333333333333,0.5384615384615384,0.75,0.4057971014492754,0.0,0.5,1,0.07014925373134329,-0.39999999999999997,-0.2,-0.05572139303482587,-0.21153846153846156,0.4057971014492754,0.5,-0.5,5.492537313432848,3.7771144278607096,4.524170812603643,0.3,0.5,1.0,0.5,0.5,1.0,155.49253731343285,150.0,156.91044776119404,153.13333333333333,204.74639303482587,200.22222222222223
1082595,2017,2017-04-08,M.Chinnaswamy Stadium,Royal Challengers Bengaluru,Delhi Capitals,Royal Challengers Bengaluru,bat,1,0.5,0.42105263157894735,0.6,0.4,0.44285714285714284,0.48120300751879697,0.5512820512820513,0.5,0.43548387096774194,0.3157894736842105,0.5882352941176471,1,0.07894736842105265,0.19999999999999996,0.29999999999999993,-0.03834586466165413,0.05128205128205132,0.11969439728353143,0.0,-0.5,6.942481203007532,4.514551994767828,18.35466791979951,0.7,0.4,0.5,0.5,0.0,0.5,155.2357142857143,148.29323308270676,156.58273381294964,152.0681818181818,211.74940476190477,193.39473684210526
1082596,2017,2017-04-09,"Rajiv Gandhi International Stadium, Uppal",Sunrisers Hyderabad,Gujarat Lions,Sunrisers Hyderabad,field,1,0.5555555555555556,0.5294117647058824,0.8,0.4,0.47619047619047616,0.47058823529411764,0.64,0.8,0.5,0.14285714285714285,1.0,1,0.02614379084967322,0.4,0.39999999999999997,0.0056022408963585235,-0.16000000000000003,0.35714285714285715,0.625,1.0,-4.247432306255831,-14.081232492997202,15.816402116402116,0.7,0.3,0.625,0.0,1.0,0.0,150.63492063492063,154.88235294117646,150.0952380952381,164.1764705882353,205.18306878306876,189.36666666666665
1082597,2017,2017-04-09,Wankhede Stadium,Mumbai Indians,Kolkata Knight Riders,Mumbai Indians,field,1,0.5673758865248227,0.518796992481203,0.4,0.4,0.524822695035461,0.5263157894736842,0.578125,0.5915492957746479,0.5584415584415584,0.43548387096774194,0.7222222222222222,1,0.0485788940436197,0.0,0.0,-0.001493094438223208,-0.013424295774647876,0.12295768747381647,0.47777777777777786,-1.0,7.692955793739657,3.86556817575854,9.362151833484432,0.5,0.5,0.6444444444444445,0.16666666666666666,0.0,1.0,155.354609929078,147.66165413533835,151.60992907801418,147.74436090225564,210.5917257683215,201.22957393483708
1082598,2017,2017-04-10,Holkar Cricket Stadium,Punjab Kings,Royal Challengers Bengaluru,Royal Challengers Bengaluru,bat,1,0.4740740740740741,0.5035460992907801,0.4,0.6,0.48148148148148145,0.44680851063829785,0.5454545454545454,0.5512820512820513,0.4057971014492754,0.4444444444444444,0.5555555555555556,0,-0.029472025216706,-0.19999999999999996,-0.29999999999999993,0.034672970843183604,-0.005827505827505908,-0.03864734299516903,0.5,0.5,0.3073286052009223,0.47698412698412085,-7.088048332019952,0.4,0.7,1.0,0.5,1.0,0.5,155.55555555555554,155.24822695035462,156.95555555555555,156.47857142857143,204.64753086419753,211.7355791962175
1082599,2017,2017-04-11,Maharashtra Cricket Association Stadium,Rising Pune Supergiants,Delhi Capitals,Rising Pune Supergiants,field,0,0.375,0.417910447761194,0.6,0.2,0.5,0.47761194029850745,0.75,0.4935064935064935,0.0,0.3157894736842105,1.0,1,-0.042910447761194015,0.39999999999999997,0.0,0.022388059701492546,0.2564935064935065,-0.3157894736842105,-0.8,0.5,2.56623134328359,1.7072368421052602,8.305534825870637,0.4,0.4,0.2,1.0,0.5,0.0,150.8125,148.2462686567164,153.8125,152.10526315789474,201.69583333333333,193.3902985074627
1082600,2017,2017-04-12,Wankhede Stadium,Mumbai Indians,Sunrisers Hyderabad,Mumbai Indians,field,1,0.5704225352112676,0.5625,0.4,1.0,0.528169014084507,0.484375,0.5846153846153846,0.6538461538461539,0.5584415584415584,0.5,0.5,1,0.007922535211267623,-0.6,-0.09999999999999998,0.043794014084507005,-0.0692307692307692,0.058441558441558406,0.6521739130434783,-0.5,5.0594190140845114,1.9363996478873275,4.536443661971816,0.6,0.7,0.6521739130434783,0.0,0.5,1.0,155.5281690140845,150.46875,151.79577464788733,149.859375,210.40727699530515,205.87083333333334
1082601,2017,2017-04-13,Eden Gardens,Kolkata Knight Riders,Punjab Kings,Kolkata Knight Riders,field,1,0.5149253731343284,0.47794117647058826,0.4,0.4,0.5223880597014925,0.47794117647058826,0.5915492957746479,0.5522388059701493,0.42857142857142855,0.4057971014492754,0.6842105263157895,1,0.03698419666374014,0.0,0.0,0.04444688323090423,0.03931048980449858,0.02277432712215316,0.3970588235294118,-0.5,-7.6266461808603765,-8.90463125548726,-3.3923452589991143,0.5,0.5,0.6470588235294118,0.25,0.5,1.0,147.88805970149255,155.51470588235293,147.98507462686567,156.88970588235293,201.26218905472638,204.6545343137255
1082602,2017,2017-04-14,M Chinnaswamy Stadium,Royal Challengers Bengaluru,Mumbai Indians,Mumbai Indians,field,0,0.5,0.5734265734265734,0.4,0.6,0.4507042253521127,0.5314685314685315,0.5512820512820513,0.5909090909090909,0.4375,0.5584415584415584,0.42105263157894735,0,-0.07342657342657344,-0.19999999999999996,0.0,-0.08076430611641877,-0.03962703962703962,-0.1209415584415584,-0.2321428571428571,-0.3333333333333333,-0.3552644538559946,4.5934632743143595,1.3244336649266302,0.6,0.6,0.5178571428571429,0.75,0.3333333333333333,0.6666666666666666,155.19718309859155,155.55244755244755,156.43262411347519,151.83916083916083,211.71068075117373,210.3862470862471
1082603,2017,2017-04-14,Saurashtra Cricket Association Stadium,Gujarat Lions,Rising Pune Supergiants,Gujarat Lions,field,1,0.5,0.35294117647058826,0.2,0.6,0.4444444444444444,0.5294117647058824,0.8,0.6666666666666666,0.125,0.0,1.0,1,0.14705882352941174,-0.39999999999999997,-0.10000000000000003,-0.08496732026143794,0.13333333333333341,0.125,0.3333333333333333,-0.3333333333333333,5.48366013071896,6.009803921568647,-13.792265795206959,0.3,0.4,0.3333333333333333,0.0,0.0,0.3333333333333333,153.77777777777777,148.2941176470588,162.83333333333334,156.8235294117647,189.96851851851852,203.76078431372548
1082604,2017,2017-04-15,Eden Gardens,Kolkata Knight Riders,Sunrisers Hyderabad,Sunrisers Hyderabad,field,1,0.5185185185185185,0.5538461538461539,0.6,0.8,0.5259259259259259,0.47692307692307695,0.5972222222222222,0.6538461538461539,0.42857142857142855,0.48717948717948717,0.6666666666666666,0,-0.03532763532763539,-0.20000000000000007,-0.09999999999999998,0.04900284900284896,-0.056623931623931645,-0.05860805860805862,0.6538461538461539,0.0,-2.525356125356126,-1.8518518518518476,-5.726020892687586,0.5,0.6,0.6538461538461539,0.0,0.6666666666666666,0.6666666666666666,148.05925925925925,150.58461538461538,148.14814814814815,150.0,201.00987654320986,206.73589743589744
1082605,2017,2017-04-15,Feroz Shah Kotla,Delhi Capitals,Punjab Kings,Delhi Capitals,bat,1,0.4222222222222222,0.4744525547445255,0.4,0.4,0.4740740740740741,0.4744525547445255,0.4935064935064935,0.5522388059701493,0.3275862068965517,0.4,0.4444444444444444,1,-0.0522303325223033,0.0,0.0,-0.00037848067045143097,-0.05873231246365579,-0.07241379310344831,-0.11224489795918369,-0.16666666666666663,-6.953771289537713,-5.2165813269419345,-11.286344958096748,0.4,0.4,0.3877551020408163,0.5,0.5,0.6666666666666666,148.66666666666666,155.62043795620437,151.77611940298507,156.992700729927,193.24370370370372,204.53004866180046
1082606,2017,2017-04-16,Wankhede Stadium,Mumbai Indians,Gujarat Lions,Mumbai Indians,field,1,0.5763888888888888,0.5263157894736842,0.6,0.2,0.5347222222222222,0.47368421052631576,0.5970149253731343,0.8181818181818182,0.5584415584415584,0.125,0.0,1,0.05007309941520466,0.39999999999999997,0.19999999999999996,0.06103801169590645,-0.22116689280868396,0.4334415584415584,-0.34042553191489366,0.4166666666666667,0.7423245614035068,-11.492324561403507,21.525816276803113,0.6,0.4,0.6595744680851063,1.0,0.75,0.3333333333333333,155.47916666666666,154.73684210526315,151.77083333333334,163.26315789473685,210.36967592592592,188.8438596491228
1082607,2017,2017-04-16,M Chinnaswamy Stadium,Royal Challengers Bengaluru,Rising Pune Supergiants,Royal Challengers Bengaluru,field,0,0.4965034965034965,0.3333333333333333,0.2,0.4,0.44755244755244755,0.5,0.5512820512820513,0.6666666666666666,0.4307692307692308,0.0,1.0,1,0.1631701631701632,-0.2,0.19999999999999996,-0.05244755244755245,-0.11538461538461531,0.4307692307692308,0.5087719298245614,0.0,5.54933954933955,-1.3145539906103068,6.950647500647534,0.6,0.4,0.5087719298245614,0.0,0.25,0.25,155.1048951048951,149.55555555555554,156.35211267605635,157.66666666666666,211.70990675990677,204.75925925925924
1082608,2017,2017-04-17,Feroz Shah Kotla,Delhi Capitals,Kolkata Knight Riders,Delhi Capitals,bat,0,0.4264705882352941,0.5220588235294118,0.6,0.6,0.47794117647058826,0.5220588235294118,0.4935064935064935,0.5972222222222222,0.3389830508474576,0.4375,0.4117647058823529,1,-0.0955882352941177,0.0,-0.09999999999999998,-0.04411764705882354,-0.1037157287157287,-0.09851694915254239,-0.17142857142857137,-0.08333333333333337,0.720588235294116,3.4681372549019613,-7.845833333333331,0.4,0.5,0.4,0.5714285714285714,0.6666666666666666,0.75,148.9558823529412,148.23529411764707,151.66666666666666,148.1985294117647,193.32573529411764,201.17156862745097
1082609,2017,2017-04-17,"Rajiv Gandhi International Stadium, Uppal",Sunrisers Hyderabad,Punjab Kings,Punjab Kings,field,1,0.5454545454545454,0.47101449275362317,0.6,0.4,0.48484848484848486,0.47101449275362317,0.6296296296296297,0.5441176470588235,0.48717948717948717,0.4,0.75,0,0.07444005270092224,0.19999999999999996,0.19999999999999996,0.013833992094861691,0.08551198257080617,0.08717948717948715,0.06857142857142862,0.0,-4.833992094861657,-6.884057971014471,3.345882740447962,0.6,0.4,0.64,0.5714285714285714,0.5,0.5,150.65151515151516,155.4855072463768,150.33333333333334,157.2173913043478,207.5358585858586,204.18997584541063
1082610,2017,2017-04-18,Saurashtra Cricket Association Stadium,Gujarat Lions,Royal Challengers Bengaluru,Gujarat Lions,field,0,0.5,0.4930555555555556,0.2,0.2,0.45,0.4513888888888889,0.8181818181818182,0.5443037974683544,0.1111111111111111,0.4307692307692308,0.3333333333333333,1,0.00694444444444442,0.0,-0.09999999999999998,-0.001388888888888884,0.2738780207134638,-0.3196581196581197,0.42857142857142855,0.04999999999999999,0.8416666666666686,7.565384615384602,-19.105254629629627,0.4,0.5,0.42857142857142855,0.0,0.25,0.2,155.8,154.95833333333334,163.95,156.3846153846154,192.63166666666666,211.7369212962963
1082611,2017,2017-04-19,"Rajiv Gandhi International Stadium, Uppal",Sunrisers Hyderabad,Delhi Capitals,Sunrisers Hyderabad,bat,1,0.5522388059701493,0.4233576642335766,0.6,0.4,0.47761194029850745,0.48175182481751827,0.6296296296296297,0.4935064935064935,0.5,0.3333333333333333,0.625,1,0.12888114173657267,0.19999999999999996,0.19999999999999996,-0.004139884519010817,0.13612313612313615,0.16666666666666669,-0.1461538461538462,0.09999999999999998,1.6812288920361596,-1.4060579455662605,14.296610015615329,0.6,0.4,0.6538461538461539,0.8,0.6,0.5,150.77611940298507,149.09489051094891,150.38805970149255,151.7941176470588,207.76741293532336,193.47080291970804
1082612,2017,2017-04-20,Holkar Cricket Stadium,Punjab Kings,Mumbai Indians,Mumbai Indians,field,0,0.4676258992805755,0.5793103448275863,0.4,0.8,0.4748201438848921,0.5379310344827586,0.5362318840579711,0.6029411764705882,0.4,0.5584415584415584,0.5,0,-0.11168444554701074,-0.4,-0.3,-0.06311089059786651,-0.06670929241261714,-0.15844155844155838,0.5,-0.4,-0.1527660630116543,5.292284792855384,-6.469283883238205,0.3,0.6,1.0,0.5,0.4,0.8,155.4748201438849,155.62758620689655,157.23021582733813,151.93793103448274,203.89508393285374,210.36436781609194
1082613,2017,2017-04-21,Eden Gardens,Kolkata Knight Riders,Gujarat Lions,Gujarat Lions,field,0,0.5255474452554745,0.47619047619047616,0.8,0.2,0.5182481751824818,0.47619047619047616,0.6027397260273972,0.75,0.4375,0.1111111111111111,0.3333333333333333,0,0.04935696906499831,0.6000000000000001,0.3,0.04205769899200562,-0.14726027397260277,0.3263888888888889,-0.339622641509434,0.6000000000000001,-9.136948209940897,-17.942648592283632,6.573334491947634,0.6,0.3,0.660377358490566,1.0,0.8,0.2,148.38686131386862,157.52380952380952,148.34306569343065,166.28571428571428,201.31301703163018,194.73968253968255
1082614,2017,2017-04-22,Wankhede Stadium,Mumbai Indians,Delhi Capitals,Delhi Capitals,field,1,0.5821917808219178,0.42028985507246375,1.0,0.4,0.541095890410959,0.4782608695652174,0.6086956521739131,0.48717948717948717,0.5584415584415584,0.3333333333333333,0.5,0,0.16190192574945406,0.6,0.29999999999999993,0.06283502084574155,0.12151616499442591,0.2251082251082251,0.5,0.43333333333333335,6.634802461782783,0.17313268673132143,16.606551518761165,0.7,0.4,0.6666666666666666,0.16666666666666666,0.8333333333333334,0.4,155.92465753424656,149.28985507246378,152.25342465753425,152.08029197080293,210.35365296803653,193.74710144927536
1082615,2017,2017-04-22,Maharashtra Cricket Association Stadium,Rising Pune Supergiants,Sunrisers Hyderabad,Rising Pune Supergiants,field,1,0.3684210526315789,0.5588235294117647,0.4,0.6,0.47368421052631576,0.4852941176470588,0.6666666666666666,0.6296296296296297,0.1,0.5121951219512195,0.5,1,-0.1904024767801858,-0.19999999999999996,-0.29999999999999993,-0.011609907120743057,0.03703703703703698,-0.41219512195121955,-0.8333333333333334,-0.2666666666666666,-1.2097523219814263,5.6563467492260315,-3.6037022703818593,0.4,0.7,0.16666666666666666,1.0,0.4,0.6666666666666666,150.1578947368421,151.36764705882354,156.42105263157896,150.76470588235293,204.7877192982456,208.39142156862746
1082616,2017,2017-04-23,Saurashtra Cricket Association Stadium,Gujarat Lions,Punjab Kings,Gujarat Lions,field,0,0.5,0.4642857142857143,0.4,0.2,0.5,0.4714285714285714,0.7692307692307693,0.5362318840579711,0.1111111111111111,0.39436619718309857,0.5,1,0.0357142857142857,0.2,0.10000000000000003,0.02857142857142858,0.2329988851727982,-0.28325508607198746,-0.625,0.0,3.1305194805194674,9.69870129870128,-9.729642857142807,0.4,0.3,0.375,1.0,0.3333333333333333,0.3333333333333333,158.9090909090909,155.77857142857144,167.22727272727272,157.52857142857144,193.93333333333337,203.66297619047617
1082617,2017,2017-04-23,Eden Gardens,Kolkata Knight Riders,Royal Challengers Bengaluru,Royal Challengers Bengaluru,field,1,0.5217391304347826,0.496551724137931,0.6,0.4,0.5144927536231884,0.4482758620689655,0.6027397260273972,0.5443037974683544,0.4307692307692308,0.4393939393939394,0.5,0,0.025187406296851567,0.19999999999999996,0.0,0.06621689155422283,0.05843592855904278,-0.008624708624708599,0.2195767195767196,0.3333333333333333,-6.6919540229885115,-8.001509661835769,-10.058101782442094,0.5,0.5,0.6481481481481481,0.42857142857142855,0.6666666666666666,0.3333333333333333,148.66666666666666,155.35862068965517,148.6304347826087,156.63194444444446,201.44408212560387,211.50218390804596
1082618,2017,2017-04-24,Wankhede Stadium,Mumbai Indians,Rising Pune Supergiants,Mumbai Indians,field,0,0.5850340136054422,0.4,1.0,0.4,0.5374149659863946,0.5,0.6086956521739131,0.7,0.5641025641025641,0.1,0.3333333333333333,1,0.18503401360544214,0.6,0.19999999999999996,0.0374149659863946,-0.09130434782608687,0.4641025641025641,-0.326530612244898,0.3571428571428571,4.229931972789132,-5.3115646258503375,4.815022675736969,0.7,0.5,0.673469387755102,1.0,0.8571428571428571,0.5,155.82993197278913,151.6,152.08843537414967,157.4,210.35668934240363,205.54166666666666
1082620,2017,2017-04-26,Maharashtra Cricket Association Stadium,Rising Pune Supergiants,Kolkata Knight Riders,Kolkata Knight Riders,field,0,0.42857142857142855,0.5251798561151079,0.6,0.8,0.47619047619047616,0.5107913669064749,0.7,0.6027397260273972,0.18181818181818182,0.4393939393939394,0.0,0,-0.09660842754367932,-0.20000000000000007,0.0,-0.0346008907159987,0.09726027397260273,-0.25757575757575757,-0.7142857142857143,-0.1428571428571429,3.460431654676256,9.467283316204174,3.227675002854852,0.6,0.6,0.2857142857142857,1.0,0.5714285714285714,0.7142857142857143,152.0,148.53956834532374,157.38095238095238,147.9136690647482,204.8253968253968,201.59772182254196
1082621,2017,2017-04-27,M Chinnaswamy Stadium,Royal Challengers Bengaluru,Gujarat Lions,Gujarat Lions,field,0,0.4931506849315068,0.4782608695652174,0.2,0.4,0.4520547945205479,0.5217391304347826,0.5375,0.7142857142857143,0.4393939393939394,0.1111111111111111,0.75,0,0.014889815366289416,-0.2,0.10000000000000003,-0.06968433591423467,-0.17678571428571432,0.3282828282828283,0.5,0.0,-4.413341274568182,-11.675262368815595,16.84087254318044,0.4,0.3,0.5,0.0,0.2857142857142857,0.2857142857142857,154.63013698630138,159.04347826086956,156.4551724137931,168.1304347826087,211.5220319634703,194.68115942028987
1082622,2017,2017-04-28,Eden Gardens,Kolkata Knight Riders,Delhi Capitals,Kolkata Knight Riders,field,1,0.5285714285714286,0.4172661870503597,0.8,0.4,0.5142857142857142,0.48201438848920863,0.6081081081081081,0.4810126582278481,0.4393939393939394,0.3333333333333333,0.6111111111111112,1,0.11130524152106885,0.4,0.39999999999999997,0.0322713257965056,0.12709544988026,0.10606060606060608,0.4878787878787879,0.4166666666666667,-0.3438335046248824,-3.8501035196687496,7.582075196985272,0.7,0.3,0.6545454545454545,0.16666666666666666,0.75,0.3333333333333333,148.79285714285714,149.13669064748203,148.15714285714284,152.0072463768116,201.67488095238096,194.0928057553957
1082623,2017,2017-04-28,"Punjab Cricket Association IS Bindra Stadium, Mohali",Punjab Kings,Sunrisers Hyderabad,Punjab Kings,field,0,0.46808510638297873,0.5507246376811594,0.2,0.4,0.46808510638297873,0.4782608695652174,0.5362318840579711,0.6296296296296297,0.4027777777777778,0.5,0.2222222222222222,1,-0.08263953129818069,-0.2,-0.39999999999999997,-0.010175763182238673,-0.09339774557165859,-0.09722222222222221,-0.7142857142857143,-0.14285714285714285,4.282454517422167,6.386370644465018,-5.4522972556275136,0.3,0.7,0.2857142857142857,1.0,0.42857142857142855,0.5714285714285714,156.00709219858157,151.7246376811594,157.56028368794327,151.17391304347825,203.60011820330968,209.0524154589372
1082624,2017,2017-04-29,Maharashtra Cricket Association Stadium,Rising Pune Supergiants,Royal Challengers Bengaluru,Royal Challengers Bengaluru,field,1,0.4090909090909091,0.4897959183673469,0.6,0.2,0.45454545454545453,0.4489795918367347,0.7,0.5375,0.16666666666666666,0.43283582089552236,0.3333333333333333,0,-0.08070500927643781,0.39999999999999997,0.3,0.005565862708719838,0.16249999999999998,-0.2661691542288557,-0.75,0.25,-1.1261595547309753,2.2826899128268963,-8.389105339105328,0.6,0.3,0.25,1.0,0.5,0.25,153.36363636363637,154.48979591836735,158.5909090909091,156.3082191780822,202.9878787878788,211.37698412698413
1082625,2017,2017-04-29,Saurashtra Cricket Association Stadium,Gujarat Lions,Mumbai Indians,Gujarat Lions,bat,0,0.5,0.581081081081081,0.4,0.8,0.5416666666666666,0.5405405405405406,0.7333333333333333,0.6,0.1111111111111111,0.5641025641025641,0.6666666666666666,1,-0.08108108108108103,-0.4,-0.39999999999999997,0.0011261261261260591,0.1333333333333333,-0.452991452991453,-0.16666666666666669,-0.375,2.2038288288288186,14.566441441441441,-14.22987987987986,0.3,0.7,0.3333333333333333,0.5,0.375,0.75,158.04166666666666,155.83783783783784,166.70833333333334,152.1418918918919,196.05277777777778,210.28265765765764
1082626,2017,2017-04-30,"Punjab Cricket Association IS Bindra Stadium, Mohali",Punjab Kings,Delhi Capitals,Punjab Kings,field,1,0.4647887323943662,0.4142857142857143,0.2,0.2,0.47183098591549294,0.4785714285714286,0.5285714285714286,0.4810126582278481,0.4027777777777778,0.32786885245901637,0.5263157894736842,1,0.050503018108651876,0.0,0.0,-0.006740442655935652,0.04755877034358047,0.07490892531876142,0.25,0.0892857142857143,6.968812877263559,5.836508258182192,8.693205902079114,0.3,0.3,0.25,0.0,0.375,0.2857142857142857,156.18309859154928,149.21428571428572,157.90845070422534,152.07194244604315,203.4339201877934,194.7407142857143
1082627,2017,2017-04-30,"Rajiv Gandhi International Stadium, Uppal",Sunrisers Hyderabad,Kolkata Knight Riders,Kolkata Knight Riders,field,1,0.5571428571428572,0.5319148936170213,0.6,0.8,0.4714285714285714,0.5177304964539007,0.6296296296296297,0.6133333333333333,0.5116279069767442,0.4393939393939394,0.3,0,0.025227963525835895,-0.20000000000000007,0.0,-0.04630192502532926,0.016296296296296364,0.07223396758280481,-0.13333333333333341,-0.1527777777777778,3.6348530901722427,3.358865248226948,7.4786744343127225,0.7,0.7,0.6666666666666666,0.8,0.625,0.7777777777777778,152.5142857142857,148.87943262411346,151.6,148.24113475177305,209.34309523809523,201.8644208037825
1082628,2017,2017-05-01,Wankhede Stadium,Mumbai Indians,Royal Challengers Bengaluru,Royal Challengers Bengaluru,bat,1,0.5838926174496645,0.4864864864864865,0.8,0.2,0.5369127516778524,0.4527027027027027,0.6056338028169014,0.5308641975308642,0.5641025641025641,0.43283582089552236,0.6,0,0.09740613096317796,0.6000000000000001,0.49999999999999994,0.08421004897514967,0.07476960528603716,0.13126674320704174,0.23142857142857148,0.5555555555555556,1.724197351714139,-4.165274163356628,-1.1294977024003572,0.7,0.2,0.66,0.42857142857142855,0.7777777777777778,0.2222222222222222,155.81879194630872,154.09459459459458,152.1476510067114,156.31292517006804,210.11565995525729,211.24515765765764
1082629,2017,2017-05-01,Maharashtra Cricket Association Stadium,Rising Pune Supergiants,Gujarat Lions,Rising Pune Supergiants,field,1,0.43478260869565216,0.48,0.8,0.4,0.43478260869565216,0.56,0.7,0.7333333333333333,0.23076923076923078,0.1,0.0,1,-0.04521739130434782,0.4,0.3,-0.1252173913043479,-0.033333333333333326,0.13076923076923078,-0.6666666666666667,0.22222222222222227,-4.318260869565222,-10.290434782608685,4.326260869565232,0.6,0.3,0.3333333333333333,1.0,0.5555555555555556,0.3333333333333333,153.52173913043478,157.84,155.8695652173913,166.16,201.74492753623187,197.41866666666664
1082630,2017,2017-05-02,Feroz Shah Kotla,Delhi Capitals,Sunrisers Hyderabad,Delhi Capitals,field,1,0.41134751773049644,0.5633802816901409,0.0,0.8,0.475177304964539,0.4647887323943662,0.4810126582278481,0.6296296296296297,0.3225806451612903,0.5227272727272727,0.3333333333333333,1,-0.15203276395964443,-0.8,-0.39999999999999997,0.010388572570172838,-0.14861697140178154,-0.2001466275659824,-0.407843137254902,-0.41666666666666663,-4.678653481170699,-0.260965794768623,-14.591034861652162,0.3,0.7,0.39215686274509803,0.8,0.25,0.6666666666666666,148.63120567375887,153.30985915492957,151.47142857142856,151.73239436619718,195.00638297872342,209.59741784037558
1082631,2017,2017-05-03,Eden Gardens,Kolkata Knight Riders,Rising Pune Supergiants,Rising Pune Supergiants,field,0,0.528169014084507,0.4583333333333333,0.6,0.8,0.5211267605633803,0.4583333333333333,0.6052631578947368,0.7272727272727273,0.4393939393939394,0.23076923076923078,1.0,0,0.06983568075117369,-0.20000000000000007,0.09999999999999998,0.06279342723004694,-0.12200956937799046,0.2086247086247086,0.6607142857142857,0.09999999999999998,-5.118544600938975,-7.4143192488263026,0.5452660406885741,0.7,0.6,0.6607142857142857,0.0,0.7,0.6,148.96478873239437,154.08333333333334,148.66901408450704,156.08333333333334,202.1174882629108,201.57222222222222
1082632,2017,2017-05-04,Feroz Shah Kotla,Delhi Capitals,Gujarat Lions,Delhi Capitals,field,1,0.4154929577464789,0.46153846153846156,0.2,0.4,0.4788732394366197,0.5384615384615384,0.4875,0.7333333333333333,0.3225806451612903,0.09090909090909091,0.5,1,-0.04604550379198269,-0.2,0.0,-0.059588299024918745,-0.2458333333333333,0.2316715542521994,-0.09615384615384615,0.033333333333333326,-9.046045503791987,-14.483087834151661,-2.4511195377392596,0.3,0.3,0.40384615384615385,0.5,0.3333333333333333,0.3,148.91549295774647,157.96153846153845,151.70921985815602,166.19230769230768,194.8899061032864,197.34102564102565
1082633,2017,2017-05-05,M Chinnaswamy Stadium,Royal Challengers Bengaluru,Punjab Kings,Royal Challengers Bengaluru,field,0,0.48322147651006714,0.46853146853146854,0.2,0.4,0.4563758389261745,0.4755244755244755,0.5308641975308642,0.5352112676056338,0.4264705882352941,0.4027777777777778,0.42105263157894735,1,0.014690007978598596,-0.2,-0.2,-0.019148636598301016,-0.004347070074769532,0.02369281045751631,0.04708097928436916,-0.2444444444444444,-1.4187825597221604,-0.9011056511056665,7.582441607609383,0.2,0.4,0.4915254237288136,0.4444444444444444,0.2,0.4444444444444444,154.1476510067114,155.56643356643357,156.3716216216216,157.27272727272728,210.95458612975392,203.37214452214454
1082634,2017,2017-05-06,"Rajiv Gandhi International Stadium, Uppal",Sunrisers Hyderabad,Rising Pune Supergiants,Sunrisers Hyderabad,field,0,0.5555555555555556,0.48,0.6,0.8,0.4583333333333333,0.48,0.6296296296296297,0.75,0.5111111111111111,0.23076923076923078,0.3333333333333333,1,0.0755555555555556,-0.20000000000000007,0.0,-0.021666666666666667,-0.12037037037037035,0.2803418803418803,-0.3214285714285714,-0.036363636363636376,-0.4900000000000091,-3.789999999999992,7.5846759259259215,0.6,0.6,0.6785714285714286,1.0,0.6,0.6363636363636364,153.75,154.24,152.25,156.04,210.27800925925925,202.69333333333333
1082635,2017,2017-05-06,Feroz Shah Kotla,Delhi Capitals,Mumbai Indians,Delhi Capitals,field,0,0.4195804195804196,0.5866666666666667,0.4,0.8,0.4825174825174825,0.5333333333333333,0.49382716049382713,0.6111111111111112,0.3225806451612903,0.5641025641025641,0.47368421052631576,1,-0.16708624708624709,-0.4,-0.4,-0.05081585081585083,-0.11728395061728403,-0.24152191894127378,0.16509433962264153,-0.4,-6.509370629370636,-0.10769953051644165,-15.271224553224528,0.4,0.8,0.41509433962264153,0.25,0.4,0.8,149.37062937062936,155.88,152.1056338028169,152.21333333333334,194.76899766899768,210.0402222222222
1082636,2017,2017-05-07,M Chinnaswamy Stadium,Royal Challengers Bengaluru,Kolkata Knight Riders,Kolkata Knight Riders,field,0,0.48,0.5244755244755245,0.0,0.6,0.46,0.5174825174825175,0.524390243902439,0.6052631578947368,0.4264705882352941,0.43283582089552236,0.47368421052631576,0,-0.0444755244755245,-0.6,-0.39999999999999997,-0.05748251748251748,-0.08087291399229779,-0.006365232660228259,-0.016666666666666663,-0.45454545454545453,4.906340326340313,7.514056413385276,8.769569541569552,0.2,0.6,0.48333333333333334,0.5,0.18181818181818182,0.6363636363636364,153.91333333333333,149.006993006993,156.248322147651,148.73426573426573,210.90022222222223,202.13065268065267
1082637,2017,2017-05-07,"Punjab Cricket Association IS Bindra Stadium, Mohali",Punjab Kings,Gujarat Lions,Gujarat Lions,field,0,0.4722222222222222,0.4444444444444444,0.6,0.2,0.4722222222222222,0.5185185185185185,0.5352112676056338,0.7333333333333333,0.410958904109589,0.08333333333333333,0.6666666666666666,0,0.02777777777777779,0.39999999999999997,0.2,-0.04629629629629628,-0.19812206572769953,0.3276255707762557,-0.6666666666666667,0.2272727272727273,-4.3703703703703525,-10.956018518518505,6.46385030864198,0.5,0.3,0.3333333333333333,1.0,0.5,0.2727272727272727,155.44444444444446,159.8148148148148,157.00694444444446,167.96296296296296,203.49594907407408,197.0320987654321
1082638,2017,2017-05-08,"Rajiv Gandhi International Stadium, Uppal",Sunrisers Hyderabad,Mumbai Indians,Mumbai Indians,bat,1,0.547945205479452,0.5894039735099338,0.4,0.8,0.4657534246575342,0.5298013245033113,0.6071428571428571,0.6111111111111112,0.5111111111111111,0.569620253164557,0.4444444444444444,0,-0.04145876803048176,-0.4,-0.4,-0.06404789984577708,-0.003968253968254065,-0.05850914205344593,-0.011494252873563204,-0.2727272727272728,-2.7448063140705585,0.5493967159575277,0.7619235537815143,0.5,0.9,0.6551724137931034,0.6666666666666666,0.5454545454545454,0.8181818181818182,153.5068493150685,156.25165562913907,152.1917808219178,151.64238410596028,210.77009132420093,210.00816777041942
1082639,2017,2017-05-09,"Punjab Cricket Association IS Bindra Stadium, Mohali",Punjab Kings,Kolkata Knight Riders,Kolkata Knight Riders,field,1,0.4689655172413793,0.5277777777777778,0.6,0.6,0.4689655172413793,0.5208333333333334,0.5352112676056338,0.6103896103896104,0.40540540540540543,0.43283582089552236,0.3,0,-0.058812260536398486,0.0,-0.29999999999999993,-0.051867816091954067,-0.07517834278397661,-0.027430415490116933,-0.7,-0.2121212121212121,6.599473180076643,8.44966475095785,1.7207431353767504,0.4,0.7,0.3,1.0,0.45454545454545453,0.6666666666666666,155.67586206896553,149.07638888888889,157.24827586206897,148.79861111111111,203.74632183908045,202.0255787037037
1082640,2017,2017-05-10,Green Park,Gujarat Lions,Delhi Capitals,Delhi Capitals,field,0,0.4642857142857143,0.4166666666666667,0.4,0.4,0.5357142857142857,0.4861111111111111,0.75,0.4878048780487805,0.08333333333333333,0.3225806451612903,0.3333333333333333,0,0.047619047619047616,0.0,0.0,0.049603174603174593,0.2621951219512195,-0.239247311827957,0.5,-0.03030303030303033,12.172619047619065,16.189810189810203,2.2020171957671835,0.4,0.4,1.0,0.5,0.3333333333333333,0.36363636363636365,160.96428571428572,148.79166666666666,168.71428571428572,152.52447552447552,196.78095238095239,194.5789351851852
1082641,2017,2017-05-11,Wankhede Stadium,Mumbai Indians,Punjab Kings,Mumbai Indians,field,0,0.5855263157894737,0.4726027397260274,0.6,0.6,0.5328947368421053,0.4657534246575342,0.6111111111111112,0.5352112676056338,0.5625,0.41333333333333333,0.5263157894736842,1,0.11292357606344627,0.0,0.4,0.06714131218457109,0.0758998435054774,0.14916666666666667,0.16666666666666663,0.25,0.378154289834157,-5.653388608507555,6.007729512136507,0.8,0.4,0.6666666666666666,0.5,0.75,0.5,156.1315789473684,155.75342465753425,151.56578947368422,157.21917808219177,210.01469298245615,204.00696347031965
1082642,2017,2017-05-12,Feroz Shah Kotla,Delhi Capitals,Rising Pune Supergiants,Delhi Capitals,bat,1,0.4206896551724138,0.5,0.6,0.8,0.4896551724137931,0.46153846153846156,0.4939759036144578,0.75,0.3225806451612903,0.2857142857142857,0.3333333333333333,1,-0.0793103448275862,-0.20000000000000007,-0.29999999999999993,0.02811671087533152,-0.2560240963855422,0.036866359447004615,-0.5925925925925926,-0.24999999999999994,-4.875862068965517,-2.4497863247863165,-10.112519893899218,0.4,0.7,0.4074074074074074,1.0,0.4166666666666667,0.6666666666666666,149.12413793103448,154.0,152.81944444444446,155.26923076923077,194.26183908045977,204.37435897435898
1082643,2017,2017-05-13,Green Park,Gujarat Lions,Sunrisers Hyderabad,Sunrisers Hyderabad,field,0,0.4482758620689655,0.5540540540540541,0.2,0.6,0.5172413793103449,0.4594594594594595,0.75,0.6206896551724138,0.07692307692307693,0.5111111111111111,0.0,0,-0.10577819198508853,-0.39999999999999997,-0.2,0.05778191985088538,0.1293103448275862,-0.43418803418803414,0.16666666666666663,-0.27564102564102566,8.813606710158439,17.68965517241378,-14.587255358807084,0.3,0.5,0.6666666666666666,0.5,0.3076923076923077,0.5833333333333334,162.13793103448276,153.32432432432432,169.68965517241378,152.0,196.59540229885056,211.18265765765764
1082644,2017,2017-05-13,Eden Gardens,Kolkata Knight Riders,Mumbai Indians,Kolkata Knight Riders,field,0,0.5241379310344828,0.5816993464052288,0.4,0.6,0.5241379310344828,0.5359477124183006,0.6025641025641025,0.6027397260273972,0.43283582089552236,0.5625,0.2631578947368421,1,-0.057561415370745994,-0.19999999999999996,-0.09999999999999998,-0.01180978138381783,-0.00017562346329469403,-0.12966417910447764,-0.15087719298245617,-0.07692307692307687,-7.4651791751183225,-3.1542934415145396,-7.739160844414386,0.6,0.7,0.6491228070175439,0.8,0.6153846153846154,0.6923076923076923,149.10344827586206,156.5686274509804,148.9241379310345,152.07843137254903,202.23229885057472,209.9714596949891
1082645,2017,2017-05-14,Maharashtra Cricket Association Stadium,Rising Pune Supergiants,Punjab Kings,Rising Pune Supergiants,field,1,0.48148148148148145,0.47619047619047616,0.8,0.8,0.4444444444444444,0.46258503401360546,0.6923076923076923,0.5352112676056338,0.2857142857142857,0.42105263157894735,0.3333333333333333,1,0.005291005291005291,0.0,0.19999999999999996,-0.018140589569161036,0.15709642470205853,-0.13533834586466165,0.4,0.07692307692307698,-1.9992441421012757,-1.9259259259259238,1.637931468883835,0.7,0.5,0.4,0.0,0.6153846153846154,0.5384615384615384,154.25925925925927,156.25850340136054,155.74074074074073,157.66666666666666,205.82716049382714,204.1892290249433
1082646,2017,2017-05-14,Feroz Shah Kotla,Delhi Capitals,Royal Challengers Bengaluru,Royal Challengers Bengaluru,bat,0,0.4246575342465753,0.4768211920529801,0.8,0.0,0.4931506849315068,0.45695364238410596,0.4939759036144578,0.524390243902439,0.3333333333333333,0.42028985507246375,0.3333333333333333,0,-0.052163657806404806,0.8,0.30000000000000004,0.03619704254740086,-0.030414340287981234,-0.08695652173913043,-0.24848484848484848,0.29487179487179493,-4.686972693459126,-3.3908045977011625,-16.668865100244915,0.4,0.1,0.41818181818181815,0.6666666666666666,0.46153846153846156,0.16666666666666666,149.25342465753425,153.94039735099338,152.87586206896552,156.26666666666668,194.0436073059361,210.712472406181
1082647,2017,2017-05-16,Wankhede Stadium,Mumbai Indians,Rising Pune Supergiants,Mumbai Indians,field,0,0.5844155844155844,0.5,0.6,0.8,0.5324675324675324,0.4642857142857143,0.6027397260273972,0.7142857142857143,0.5679012345679012,0.2857142857142857,0.25,1,0.08441558441558439,-0.20000000000000007,-0.10000000000000009,0.06818181818181812,-0.11154598825831707,0.2821869488536155,-0.34615384615384615,0.0714285714285714,5.139610389610397,-0.6298701298701133,2.253246753246742,0.7,0.8,0.6538461538461539,1.0,0.7142857142857143,0.6428571428571429,156.67532467532467,151.53571428571428,152.15584415584416,152.78571428571428,209.96515151515152,207.71190476190478
1082648,2017,2017-05-17,M Chinnaswamy Stadium,Sunrisers Hyderabad,Kolkata Knight Riders,Kolkata Knight Riders,field,0,0.56,0.5205479452054794,0.6,0.2,0.4666666666666667,0.5273972602739726,0.6333333333333333,0.5949367088607594,0.5111111111111111,0.43283582089552236,0.36363636363636365,0,0.03945205479452063,0.39999999999999997,0.09999999999999998,-0.06073059360730593,0.03839662447257386,0.07827529021558871,-0.15555555555555556,0.04395604395604402,4.181187214611867,2.937625570776248,9.329003044140023,0.6,0.5,0.4,0.5555555555555556,0.6153846153846154,0.5714285714285714,153.38666666666666,149.2054794520548,152.02666666666667,149.08904109589042,211.67888888888888,202.34988584474885
1082649,2017,2017-05-19,M Chinnaswamy Stadium,Mumbai Indians,Kolkata Knight Riders,Mumbai Indians,field,1,0.5806451612903226,0.5238095238095238,0.4,0.4,0.535483870967742,0.5306122448979592,0.5945945945945946,0.6,0.5679012345679012,0.43283582089552236,0.75,1,0.056835637480798784,0.0,0.09999999999999998,0.004871626069782753,-0.00540540540540535,0.13506541367237884,0.1777777777777778,0.06666666666666665,8.06363835856925,3.2737766074171475,7.334886255577516,0.6,0.5,0.7777777777777778,0.6,0.6666666666666666,0.6,156.58064516129033,148.51700680272108,152.21935483870968,148.94557823129253,209.84021505376344,202.50532879818593
1082650,2017,2017-05-21,"Rajiv Gandhi International Stadium, Uppal",Mumbai Indians,Rising Pune Supergiants,Mumbai Indians,bat,1,0.5833333333333334,0.5172413793103449,0.4,0.8,0.5384615384615384,0.4482758620689655,0.6,0.7142857142857143,0.5679012345679012,0.3333333333333333,0.2,1,0.06609195402298851,-0.4,-0.20000000000000007,0.09018567639257291,-0.11428571428571432,0.2345679012345679,-0.4285714285714286,0.02083333333333337,4.391909814323611,-0.4843059239611023,1.987348953728258,0.6,0.8,0.5714285714285714,1.0,0.6875,0.6666666666666666,156.28846153846155,151.89655172413794,151.92948717948718,152.41379310344828,209.60918803418804,207.62183908045978
1136561,2018,2018-04-07,Wankhede Stadium,Mumbai Indians,Chennai Super Kings,Chennai Super Kings,field,0,0.5859872611464968,0.6030534351145038,0.6,0.4,0.5414012738853503,0.5038167938931297,0.6,0.6296296296296297,0.573170731707317,0.5844155844155844,0.5454545454545454,0,-0.017066173968007026,0.19999999999999996,0.19999999999999996,0.03758447999222059,-0.029629629629629672,-0.011244852708267361,0.2415094339622641,0.0,-3.3509991734331663,0.7847036514805268,-7.656518532924906,0.6,0.4,0.6415094339622641,0.4,0.5,0.5,156.11464968152868,159.46564885496184,151.77707006369425,150.99236641221373,209.50976645435244,217.16628498727735
1136562,2018,2018-04-08,Punjab Cricket Association IS Bindra Stadium,Delhi Capitals,Punjab Kings,Punjab Kings,field,0,0.4217687074829932,0.47297297297297297,0.6,0.6,0.4897959183673469,0.4594594594594595,0.4880952380952381,0.5352112676056338,0.3333333333333333,0.4155844155844156,0.45,0,-0.05120426548997975,0.0,-0.09999999999999998,0.030336458907887442,-0.047116029510395674,-0.0822510822510823,0.0,0.0,-6.430639823496961,-4.196871529063316,-10.522521756450345,0.4,0.5,0.5,0.5,0.5,0.5,149.26530612244898,155.69594594594594,152.93150684931507,157.1283783783784,193.91678004535146,204.4393018018018
1136563,2018,2018-04-08,Eden Gardens,Royal Challengers Bengaluru,Kolkata Knight Riders,Kolkata Knight Riders,field,0,0.48026315789473684,0.5202702702702703,0.2,0.4,0.4605263157894737,0.527027027027027,0.524390243902439,0.6,0.42857142857142855,0.4264705882352941,0.45,0,-0.04000711237553345,-0.2,-0.3,-0.0665007112375533,-0.07560975609756093,0.0021008403361344463,-0.2629310344827587,0.0,5.750355618776666,7.542598890280999,7.854554883831213,0.2,0.5,0.375,0.6379310344827587,0.5,0.5,153.98684210526315,148.23648648648648,156.2317880794702,148.6891891891892,210.35646929824563,202.50191441441441
1136564,2018,2018-04-09,Rajiv Gandhi International Stadium,Rajasthan Royals,Sunrisers Hyderabad,Sunrisers Hyderabad,field,0,0.5338983050847458,0.5526315789473685,0.4,0.4,0.5338983050847458,0.4605263157894737,0.6031746031746031,0.6333333333333333,0.46296296296296297,0.5,0.5714285714285714,0,-0.01873327386262269,0.0,-0.3,0.07337198929527211,-0.030158730158730163,-0.037037037037037035,0.0,0.0,-2.044084570400372,0.2997323818019595,-0.41725765685399097,0.3,0.6,0.5,0.5,0.5,0.5,151.008547008547,153.05263157894737,150.95762711864407,150.6578947368421,211.510593220339,211.92785087719298
1136565,2018,2018-04-10,MA Chidambaram Stadium,Kolkata Knight Riders,Chennai Super Kings,Chennai Super Kings,field,0,0.5234899328859061,0.6060606060606061,0.4,0.6,0.5302013422818792,0.5075757575757576,0.6049382716049383,0.6363636363636364,0.4264705882352941,0.5844155844155844,0.375,0,-0.08257067317470002,-0.19999999999999996,0.0,0.022625584706121638,-0.03142536475869806,-0.1579449961802903,0.0,0.0,-11.108348586536493,-2.226001627008344,-14.158059623076412,0.5,0.5,0.5,0.5,1.0,1.0,148.4295302013423,159.53787878787878,148.8724832214765,151.09848484848484,202.59787472035794,216.75593434343435
1136566,2018,2018-04-11,Sawai Mansingh Stadium,Rajasthan Royals,Delhi Capitals,Delhi Capitals,field,1,0.5294117647058824,0.4189189189189189,0.2,0.4,0.5294117647058824,0.4864864864864865,0.6031746031746031,0.4880952380952381,0.45454545454545453,0.328125,0.625,0,0.11049284578696345,-0.2,-0.2,0.042925278219395846,0.11507936507936506,0.12642045454545453,0.4772727272727273,0.0,1.4097572148419601,-2.2709083633453417,17.932589522295387,0.2,0.4,0.7272727272727273,0.25,0.0,0.0,150.78813559322035,149.3783783783784,150.7563025210084,153.02721088435374,211.76344537815126,193.83085585585587
1136567,2018,2018-04-12,Rajiv Gandhi International Stadium,Mumbai Indians,Sunrisers Hyderabad,Sunrisers Hyderabad,field,0,0.5822784810126582,0.5584415584415584,0.6,0.6,0.5379746835443038,0.4675324675324675,0.6,0.6451612903225806,0.5662650602409639,0.5,0.5,0,0.023836922571099817,0.0,0.0,0.07044221601183626,-0.04516129032258065,0.0662650602409639,-0.5,-1.0,3.4566003616636465,1.561400624691771,-2.2733903227574217,0.6,0.6,0.5,1.0,0.0,1.0,156.17088607594937,152.71428571428572,151.8860759493671,150.32467532467533,209.32552742616033,211.59891774891776
1136568,2018,2018-04-13,M.Chinnaswamy Stadium,Punjab Kings,Royal Challengers Bengaluru,Royal Challengers Bengaluru,field,0,0.47651006711409394,0.477124183006536,0.6,0.2,0.46308724832214765,0.45751633986928103,0.5416666666666666,0.524390243902439,0.4155844155844156,0.4225352112676056,0.6,0,-0.0006141158924420353,0.39999999999999997,0.39999999999999997,0.005570908452866619,0.017276422764227584,-0.006950795683190014,-0.5,1.0,1.6410931262885242,0.8194984104556511,-5.6634630287611,0.6,0.2,0.5,1.0,1.0,0.0,155.7718120805369,154.13071895424838,157.18791946308724,156.3684210526316,204.5142058165548,210.1776688453159
1136569,2018,2018-04-14,Wankhede Stadium,Mumbai Indians,Delhi Capitals,Delhi Capitals,field,0,0.5786163522012578,0.4161073825503356,0.4,0.4,0.5345911949685535,0.4899328859060403,0.6,0.4823529411764706,0.5595238095238095,0.328125,0.55,0,0.16250896965092226,0.0,0.09999999999999998,0.04465830906251317,0.11764705882352938,0.23139880952380953,0.4867724867724868,0.0,7.334684057236927,-1.1465238823729464,15.812648966555486,0.5,0.4,0.6296296296296297,0.14285714285714285,0.0,0.0,156.11320754716982,148.7785234899329,151.88050314465409,153.02702702702703,209.4781970649895,193.66554809843402
1136570,2018,2018-04-14,Eden Gardens,Kolkata Knight Riders,Sunrisers Hyderabad,Sunrisers Hyderabad,field,0,0.52,0.5641025641025641,0.4,0.8,0.5266666666666666,0.47435897435897434,0.6049382716049383,0.65625,0.42028985507246375,0.5,0.6666666666666666,0,-0.04410256410256408,-0.4,-0.19999999999999996,0.05230769230769228,-0.051311728395061706,-0.07971014492753625,0.6440677966101694,-0.5,-3.9056410256410174,-1.0353846153846007,-8.97888888888889,0.4,0.6,0.6440677966101694,0.0,0.5,1.0,148.78666666666666,152.69230769230768,149.24666666666667,150.28205128205127,202.54055555555556,211.51944444444445
1136571,2018,2018-04-15,M.Chinnaswamy Stadium,Rajasthan Royals,Royal Challengers Bengaluru,Royal Challengers Bengaluru,field,1,0.5333333333333333,0.4805194805194805,0.4,0.4,0.525,0.461038961038961,0.6031746031746031,0.5301204819277109,0.4642857142857143,0.4225352112676056,0.4375,0,0.05281385281385281,0.0,0.0,0.063961038961039,0.07305412124689226,0.041750503018108676,-0.5,0.0,-3.3556149732620213,-6.359477124183002,1.395676406926441,0.3,0.3,0.5,1.0,0.5,0.5,150.80672268907563,154.16233766233765,150.0,156.359477124183,211.41375000000002,210.01807359307358
1136572,2018,2018-04-15,Punjab Cricket Association IS Bindra Stadium,Punjab Kings,Chennai Super Kings,Chennai Super Kings,field,1,0.47333333333333333,0.6090225563909775,0.6,0.6,0.46,0.5112781954887218,0.5416666666666666,0.6428571428571429,0.41025641025641024,0.5844155844155844,0.4117647058823529,0,-0.13568922305764414,0.0,0.0,-0.051278195488721756,-0.10119047619047628,-0.17415917415917415,0.5,-0.5,-4.113032581453609,5.718796992481202,-11.932525480367616,0.6,0.6,1.0,0.5,0.5,1.0,155.76666666666668,159.8796992481203,157.2,151.4812030075188,204.63877777777776,216.57130325814538
1136573,2018,2018-04-16,Eden Gardens,Kolkata Knight Riders,Delhi Capitals,Delhi Capitals,field,1,0.5165562913907285,0.42,0.4,0.4,0.5231788079470199,0.49333333333333335,0.6049382716049383,0.4883720930232558,0.4142857142857143,0.328125,0.631578947368421,0,0.09655629139072847,0.0,-0.2,0.02984547461368653,0.1165661785816825,0.08616071428571431,0.49047619047619045,0.0,-0.3714348785871948,-4.123205475798926,8.90979838116263,0.3,0.5,0.6333333333333333,0.14285714285714285,0.3333333333333333,0.3333333333333333,148.71523178807948,149.08666666666667,149.17880794701986,153.3020134228188,202.44690949227373,193.5371111111111
1136574,2018,2018-04-17,Wankhede Stadium,Mumbai Indians,Royal Challengers Bengaluru,Royal Challengers Bengaluru,field,1,0.575,0.4774193548387097,0.4,0.4,0.53125,0.4645161290322581,0.6,0.5238095238095238,0.5529411764705883,0.4225352112676056,0.6190476190476191,0,0.09758064516129028,0.0,0.2,0.06673387096774192,0.07619047619047614,0.13040596520298264,0.24318181818181817,-0.3333333333333333,1.9048387096774206,-4.6032467532467365,-0.525853494623675,0.4,0.2,0.6181818181818182,0.375,0.0,0.3333333333333333,156.35,154.44516129032257,152.15,156.75324675324674,209.7914583333333,210.31731182795698
1136575,2018,2018-04-18,Sawai Mansingh Stadium,Rajasthan Royals,Kolkata Knight Riders,Kolkata Knight Riders,field,0,0.5371900826446281,0.5197368421052632,0.6,0.4,0.5206611570247934,0.5197368421052632,0.6031746031746031,0.6049382716049383,0.47368421052631576,0.4225352112676056,0.6,0,0.017453240539364923,0.19999999999999996,0.0,0.0009243149195302669,-0.0017636684303351524,0.05114899925871014,0.4852941176470589,0.16666666666666663,2.30570175438595,1.3506415832970617,8.661924568653035,0.4,0.4,0.7352941176470589,0.25,0.6666666666666666,0.5,151.35833333333332,149.05263157894737,150.39669421487602,149.04605263157896,211.11115702479339,202.44923245614035
1136576,2018,2018-04-19,Punjab Cricket Association IS Bindra Stadium,Punjab Kings,Sunrisers Hyderabad,Punjab Kings,bat,1,0.4768211920529801,0.569620253164557,0.6,0.8,0.45695364238410596,0.4810126582278481,0.5416666666666666,0.6666666666666666,0.4177215189873418,0.5,0.2,1,-0.09279906111157687,-0.20000000000000007,-0.09999999999999998,-0.02405901584374215,-0.125,-0.08227848101265822,0.5,-0.33333333333333337,3.5207477575656014,7.31050381423421,-6.676070919607696,0.6,0.7,1.0,0.5,0.6666666666666666,1.0,156.03973509933775,152.51898734177215,157.43708609271522,150.126582278481,204.74249448123618,211.41856540084387
1136577,2018,2018-04-20,Maharashtra Cricket Association Stadium,Chennai Super Kings,Rajasthan Royals,Rajasthan Royals,field,1,0.6044776119402985,0.5327868852459017,0.6,0.4,0.5149253731343284,0.5163934426229508,0.631578947368421,0.6031746031746031,0.5844155844155844,0.46551724137931033,0.6470588235294118,0,0.0716907266943968,0.19999999999999996,0.09999999999999998,-0.0014680694886224366,0.028404344193817876,0.11889834303627406,0.0,0.16666666666666663,8.697113605526084,1.3208955223880707,5.796651985971778,0.5,0.4,0.5,0.5,0.6666666666666666,0.5,160.12686567164178,151.4297520661157,151.82089552238807,150.5,216.61181592039802,210.81516393442624
1136578,2018,2018-04-21,Eden Gardens,Kolkata Knight Riders,Punjab Kings,Punjab Kings,field,0,0.5228758169934641,0.48026315789473684,0.6,0.6,0.5228758169934641,0.4605263157894737,0.6097560975609756,0.5416666666666666,0.4225352112676056,0.425,0.6666666666666666,0,0.042612659098727246,0.0,-0.19999999999999996,0.06234950120399041,0.06808943089430897,-0.002464788732394363,0.4171220400728598,-0.15000000000000002,-7.139103887168915,-8.454721362229094,-2.250076682719879,0.5,0.7,0.639344262295082,0.2222222222222222,0.6,0.75,149.1437908496732,156.2828947368421,149.11764705882354,157.57236842105263,202.47832244008714,204.72839912280702
1136579,2018,2018-04-21,M.Chinnaswamy Stadium,Delhi Capitals,Royal Challengers Bengaluru,Royal Challengers Bengaluru,field,0,0.41721854304635764,0.47435897435897434,0.2,0.4,0.4966887417218543,0.46794871794871795,0.4827586206896552,0.5176470588235295,0.328125,0.4225352112676056,0.3157894736842105,0,-0.0571404313126167,-0.2,0.3,0.028740023773136336,-0.03488843813387427,-0.09441021126760563,-0.6666666666666666,0.0,-5.57199864153506,-3.5027956989247286,-16.908909973396703,0.5,0.2,0.0,0.6666666666666666,0.25,0.25,148.95364238410596,154.52564102564102,153.61333333333334,157.11612903225807,193.5653421633554,210.4742521367521
1136580,2018,2018-04-22,Rajiv Gandhi International Stadium,Chennai Super Kings,Sunrisers Hyderabad,Sunrisers Hyderabad,field,1,0.6074074074074074,0.5625,0.6,0.6,0.5111111111111111,0.475,0.631578947368421,0.6470588235294118,0.5897435897435898,0.5,0.6666666666666666,0,0.044907407407407396,0.0,0.0,0.036111111111111094,-0.01547987616099078,0.08974358974358976,-0.5,0.0,7.614351851851836,1.0708333333333258,5.315895061728355,0.6,0.6,0.5,1.0,0.75,0.75,160.45185185185184,152.8375,151.73333333333332,150.6625,216.65172839506172,211.33583333333337
1136581,2018,2018-04-22,Sawai Mansingh Stadium,Mumbai Indians,Rajasthan Royals,Mumbai Indians,bat,0,0.577639751552795,0.5284552845528455,0.4,0.4,0.5279503105590062,0.5203252032520326,0.6,0.59375,0.5581395348837209,0.46551724137931033,0.625,1,0.049184466999949494,0.0,0.0,0.007625107306973633,0.006249999999999978,0.09262229350441059,-0.3142857142857143,-0.15000000000000002,5.3657977802667745,1.3072766752512166,-0.4009215775387531,0.4,0.4,0.4,0.7142857142857143,0.25,0.4,156.70186335403727,151.3360655737705,152.24223602484471,150.9349593495935,210.00517598343686,210.4060975609756
1136582,2018,2018-04-23,Arun Jaitley Stadium,Punjab Kings,Delhi Capitals,Delhi Capitals,field,1,0.48366013071895425,0.4144736842105263,0.8,0.2,0.46405228758169936,0.4934210526315789,0.547945205479452,0.4827586206896552,0.425,0.3230769230769231,0.5714285714285714,0,0.06918644650842792,0.6000000000000001,0.29999999999999993,-0.029368765049879564,0.06518658478979683,0.1019230769230769,0.0,0.6000000000000001,6.9665462676298375,4.029260269229098,11.193723483545483,0.7,0.4,0.5,0.5,0.8,0.2,156.08496732026143,149.1184210526316,157.79084967320262,153.76158940397352,204.70403050108933,193.51030701754385
1136583,2018,2018-04-24,Wankhede Stadium,Sunrisers Hyderabad,Mumbai Indians,Mumbai Indians,field,1,0.5555555555555556,0.5740740740740741,0.6,0.2,0.48148148148148145,0.5308641975308642,0.6285714285714286,0.6,0.5,0.5517241379310345,0.5454545454545454,0,-0.01851851851851849,0.39999999999999997,0.09999999999999998,-0.04938271604938277,0.02857142857142858,-0.051724137931034475,-0.625,0.39999999999999997,-3.617283950617292,-1.2901234567900985,1.0274691358024484,0.5,0.4,0.0,0.625,0.6,0.2,153.14814814814815,156.76543209876544,151.0493827160494,152.3395061728395,211.16378600823046,210.136316872428
1136584,2018,2018-04-25,M.Chinnaswamy Stadium,Royal Challengers Bengaluru,Chennai Super Kings,Chennai Super Kings,field,0,0.47770700636942676,0.6102941176470589,0.4,0.8,0.4713375796178344,0.5073529411764706,0.5232558139534884,0.631578947368421,0.4225352112676056,0.5949367088607594,0.3684210526315789,0,-0.13258711127763212,-0.4,-0.3,-0.03601536155863616,-0.1083231334149326,-0.17240149759315382,0.25,-0.4,-5.9478737354814655,5.297888386123674,-6.1980727800674345,0.3,0.6,0.75,0.5,0.4,0.8,154.6624203821656,160.61029411764707,157.22435897435898,151.9264705882353,210.70180467091296,216.8998774509804
1136585,2018,2018-04-26,Rajiv Gandhi International Stadium,Sunrisers Hyderabad,Punjab Kings,Punjab Kings,field,1,0.5609756097560976,0.487012987012987,0.6,0.8,0.47560975609756095,0.461038961038961,0.6285714285714286,0.547945205479452,0.5106382978723404,0.43209876543209874,0.7272727272727273,0,0.0739626227431106,-0.20000000000000007,-0.09999999999999998,0.014570795058599928,0.08062622309197653,0.07853953244024164,0.16666666666666663,-0.16666666666666674,-3.2804878048780495,-7.40053848590432,6.52754988913523,0.6,0.7,0.6666666666666666,0.5,0.6666666666666666,0.8333333333333334,152.71951219512195,156.0,150.26829268292684,157.66883116883116,211.13739837398373,204.6098484848485
1136586,2018,2018-04-27,Arun Jaitley Stadium,Delhi Capitals,Kolkata Knight Riders,Kolkata Knight Riders,field,1,0.4117647058823529,0.5194805194805194,0.2,0.4,0.49673202614379086,0.5194805194805194,0.4772727272727273,0.6097560975609756,0.3230769230769231,0.4166666666666667,0.35,0,-0.10771581359816651,-0.2,-0.10000000000000003,-0.02274849333672857,-0.1324833702882483,-0.09358974358974359,-0.5,-0.33333333333333337,-0.36329683388507306,4.723257006151755,-9.237288147582262,0.3,0.4,0.0,0.5,0.16666666666666666,0.5,149.05228758169935,149.41558441558442,153.69078947368422,148.96753246753246,193.54095860566449,202.77824675324675
1136587,2018,2018-04-28,Maharashtra Cricket Association Stadium,Chennai Super Kings,Mumbai Indians,Mumbai Indians,field,0,0.6131386861313869,0.5705521472392638,0.8,0.2,0.5109489051094891,0.5337423312883436,0.6379310344827587,0.5921052631578947,0.5949367088607594,0.5517241379310345,0.4782608695652174,0,0.04258653889212305,0.6000000000000001,0.29999999999999993,-0.022793426178854492,0.045825771324863984,0.04321257092972497,0.5,0.6666666666666667,4.611481796605631,0.18503425731046264,6.806370814861253,0.7,0.4,1.0,0.5,0.8333333333333334,0.16666666666666666,160.94890510948906,156.33742331288343,152.31386861313868,152.12883435582822,217.01301703163017,210.20664621676892
1136588,2018,2018-04-29,Sawai Mansingh Stadium,Sunrisers Hyderabad,Rajasthan Royals,Sunrisers Hyderabad,bat,1,0.5662650602409639,0.532258064516129,0.6,0.6,0.46987951807228917,0.5161290322580645,0.6285714285714286,0.6,0.5208333333333334,0.46551724137931033,0.5,1,0.0340069957248349,0.0,0.29999999999999993,-0.04624951418577533,0.02857142857142858,0.05531609195402304,-0.7222222222222222,0.2142857142857143,0.9983348026251235,-1.1729498639720077,1.0044128125404939,0.7,0.4,0.0,0.7222222222222222,0.7142857142857143,0.5,152.46987951807228,151.47154471544715,149.89156626506025,151.06451612903226,211.00562248995985,210.00120967741935
1136589,2018,2018-04-29,M.Chinnaswamy Stadium,Royal Challengers Bengaluru,Kolkata Knight Riders,Kolkata Knight Riders,field,0,0.47468354430379744,0.5161290322580645,0.4,0.4,0.46835443037974683,0.5225806451612903,0.5232558139534884,0.6024096385542169,0.4166666666666667,0.4166666666666667,0.42857142857142855,0,-0.04144548795426706,0.0,-0.10000000000000003,-0.05422621478154349,-0.0791538246007285,0.0,0.09999999999999998,-0.09523809523809523,5.471335238873024,8.12204643517569,8.023173404110537,0.3,0.4,0.6,0.5,0.3333333333333333,0.42857142857142855,154.98101265822785,149.50967741935483,157.54140127388536,149.41935483870967,210.91381856540085,202.8906451612903
1136590,2018,2018-04-30,Maharashtra Cricket Association Stadium,Chennai Super Kings,Delhi Capitals,Delhi Capitals,field,1,0.6086956521739131,0.4155844155844156,0.6,0.4,0.5072463768115942,0.4935064935064935,0.6379310344827587,0.4772727272727273,0.5875,0.3333333333333333,0.6875,0,0.19311123658949747,0.19999999999999996,0.19999999999999996,0.01373988330510073,0.16065830721003138,0.2541666666666667,-0.5,0.4285714285714286,11.500752870318081,-1.3161409491332847,23.450697973524058,0.6,0.4,0.5,1.0,0.7142857142857143,0.2857142857142857,161.0072463768116,149.5064935064935,152.44202898550725,153.75816993464053,217.30567632850241,193.85497835497836
1136591,2018,2018-05-01,M.Chinnaswamy Stadium,Royal Challengers Bengaluru,Mumbai Indians,Mumbai Indians,field,1,0.4716981132075472,0.573170731707317,0.2,0.4,0.46540880503144655,0.5365853658536586,0.5232558139534884,0.5974025974025974,0.410958904109589,0.5517241379310345,0.36363636363636365,0,-0.10147261849976985,-0.2,-0.10000000000000003,-0.07117656082221202,-0.07414678344910897,-0.14076523382144546,0.0,0.0,-1.3138134683233602,5.426520531028103,0.5609378994733447,0.3,0.4,0.5,0.5,0.2857142857142857,0.2857142857142857,155.1069182389937,156.42073170731706,157.65822784810126,152.23170731707316,210.81876310272537,210.25782520325203
1136592,2018,2018-05-02,Arun Jaitley Stadium,Delhi Capitals,Rajasthan Royals,Rajasthan Royals,field,1,0.4129032258064516,0.528,0.2,0.4,0.4967741935483871,0.512,0.47191011235955055,0.5909090909090909,0.3333333333333333,0.46551724137931033,0.35294117647058826,0,-0.11509677419354841,-0.2,-0.10000000000000003,-0.015225806451612922,-0.11899897854954039,-0.13218390804597702,0.0,-0.17857142857142855,-1.5596774193548413,3.0658701298701487,-15.985810752688167,0.3,0.4,0.5,0.5,0.25,0.42857142857142855,149.81935483870967,151.3790322580645,154.12987012987014,151.064,194.13698924731182,210.12279999999998
1136593,2018,2018-05-03,Eden Gardens,Chennai Super Kings,Kolkata Knight Riders,Kolkata Knight Riders,field,0,0.6115107913669064,0.5192307692307693,0.8,0.6,0.5035971223021583,0.5256410256410257,0.6379310344827587,0.6071428571428571,0.5925925925925926,0.4166666666666667,0.6470588235294118,0,0.09228002213613717,0.20000000000000007,0.19999999999999996,-0.02204390333886741,0.03078817733990158,0.17592592592592587,-0.1845878136200717,0.25,11.687419295332973,3.186450839328529,14.511918926397328,0.7,0.5,0.4444444444444444,0.6290322580645161,0.75,0.5,161.36690647482015,149.67948717948718,152.76978417266187,149.58333333333334,217.52505995203836,203.01314102564103
1136594,2018,2018-05-04,Holkar Cricket Stadium,Punjab Kings,Mumbai Indians,Mumbai Indians,field,0,0.4838709677419355,0.5696969696969697,0.8,0.4,0.4645161290322581,0.5393939393939394,0.5405405405405406,0.5897435897435898,0.43209876543209874,0.5517241379310345,0.5,0,-0.0858260019550342,0.4,0.29999999999999993,-0.07487781036168134,-0.04920304920304919,-0.11962537249893573,-0.25,0.4642857142857143,-0.6387096774193708,5.182013685239497,-5.531013359400447,0.7,0.4,0.75,1.0,0.7142857142857143,0.25,155.76129032258063,156.4,157.5032258064516,152.3212121212121,204.77494623655912,210.30595959595956
1136595,2018,2018-05-05,Maharashtra Cricket Association Stadium,Royal Challengers Bengaluru,Chennai Super Kings,Chennai Super Kings,field,0,0.475,0.6071428571428571,0.4,0.6,0.4625,0.5,0.5232558139534884,0.6379310344827587,0.4189189189189189,0.5853658536585366,0.35,0,-0.13214285714285712,-0.19999999999999996,-0.19999999999999996,-0.03749999999999998,-0.11467522052927026,-0.16644693473961764,0.0,-0.29166666666666663,-6.297321428571422,4.664645103324347,-7.040877976190501,0.4,0.6,0.6666666666666666,0.6666666666666666,0.375,0.6666666666666666,155.18125,161.47857142857143,157.62893081761007,152.96428571428572,210.7561458333333,217.7970238095238
1136596,2018,2018-05-05,Rajiv Gandhi International Stadium,Delhi Capitals,Sunrisers Hyderabad,Delhi Capitals,bat,0,0.4166666666666667,0.5714285714285714,0.4,0.6,0.4935897435897436,0.47619047619047616,0.47191011235955055,0.6285714285714286,0.34328358208955223,0.5306122448979592,0.4,1,-0.1547619047619047,-0.19999999999999996,-0.39999999999999997,0.01739926739926745,-0.156661316211878,-0.187328662808407,-0.25,-0.4166666666666667,-2.33699633699635,4.303609831029178,-16.771825396825392,0.3,0.7,0.5,0.75,0.3333333333333333,0.75,150.1153846153846,152.45238095238096,154.0774193548387,149.77380952380952,194.26944444444445,211.04126984126984
1136597,2018,2018-05-06,Wankhede Stadium,Mumbai Indians,Kolkata Knight Riders,Kolkata Knight Riders,field,1,0.572289156626506,0.5222929936305732,0.4,0.6,0.5421686746987951,0.5286624203821656,0.5949367088607594,0.611764705882353,0.5517241379310345,0.4166666666666667,0.7619047619047619,0,0.04999616299593279,-0.19999999999999996,-0.09999999999999998,0.013506254316629551,-0.016827997021593544,0.1350574712643678,0.4711779448621554,-0.22222222222222227,6.64546082418849,2.693845445476171,7.39295462103189,0.4,0.5,0.6140350877192983,0.14285714285714285,0.3333333333333333,0.5555555555555556,156.51807228915663,149.87261146496814,152.45180722891567,149.7579617834395,210.39327309236947,203.00031847133758
1136598,2018,2018-05-06,Holkar Cricket Stadium,Rajasthan Royals,Punjab Kings,Punjab Kings,field,0,0.5238095238095238,0.4807692307692308,0.2,0.6,0.5158730158730159,0.46153846153846156,0.582089552238806,0.5405405405405406,0.46551724137931033,0.4268292682926829,0.6,0,0.043040293040293054,-0.39999999999999997,-0.19999999999999996,0.054334554334554364,0.041549011698265415,0.038687973086627414,-0.6,-0.25,-4.542205128205126,-6.201159951159951,5.324984737484726,0.4,0.6,0.0,0.6,0.375,0.625,151.336,155.87820512820514,151.4206349206349,157.62179487179486,210.28214285714284,204.95715811965812
1136599,2018,2018-05-07,Rajiv Gandhi International Stadium,Sunrisers Hyderabad,Royal Challengers Bengaluru,Royal Challengers Bengaluru,field,1,0.5764705882352941,0.4720496894409938,0.8,0.4,0.47058823529411764,0.45962732919254656,0.6388888888888888,0.5232558139534884,0.5306122448979592,0.41333333333333333,0.6,0,0.10442089879430028,0.4,0.29999999999999993,0.010960906101571077,0.11563307493540043,0.11727891156462589,0.30000000000000004,0.4444444444444445,-2.417975886006559,-7.514338235294105,0.4738582389477699,0.7,0.4,0.8,0.5,0.7777777777777778,0.3333333333333333,152.58823529411765,155.0062111801242,149.9294117647059,157.44375,211.1843137254902,210.71045548654243
1136600,2018,2018-05-08,Sawai Mansingh Stadium,Rajasthan Royals,Punjab Kings,Rajasthan Royals,bat,1,0.5196850393700787,0.4840764331210191,0.2,0.6,0.5118110236220472,0.46496815286624205,0.582089552238806,0.5466666666666666,0.4576271186440678,0.4268292682926829,0.5625,1,0.03560860624905959,-0.39999999999999997,-0.3,0.04684287075580518,0.03542288557213935,0.03079785035138488,0.7027027027027027,-0.3333333333333333,-4.531341623698296,-6.137168363508692,5.190293729207411,0.3,0.6,0.7027027027027027,0.0,0.3333333333333333,0.6666666666666666,151.34126984126985,155.87261146496814,151.4488188976378,157.5859872611465,210.26364829396326,205.07335456475585
1136601,2018,2018-05-09,Eden Gardens,Mumbai Indians,Kolkata Knight Riders,Kolkata Knight Riders,field,1,0.5748502994011976,0.5189873417721519,0.6,0.4,0.5389221556886228,0.5316455696202531,0.5949367088607594,0.6046511627906976,0.5568181818181818,0.4166666666666667,0.7727272727272727,0,0.055862957629045695,0.19999999999999996,-0.09999999999999998,0.007276586068369673,-0.009714453929938194,0.14015151515151508,0.18326118326118335,-0.09999999999999998,6.677328886530745,2.5892139771090683,7.439157760428515,0.4,0.5,0.8181818181818182,0.6349206349206349,0.4,0.5,156.66467065868264,149.9873417721519,152.5449101796407,149.95569620253164,210.4496007984032,203.01044303797468
1136602,2018,2018-05-10,Arun Jaitley Stadium,Delhi Capitals,Sunrisers Hyderabad,Delhi Capitals,bat,0,0.4140127388535032,0.5813953488372093,0.4,1.0,0.4968152866242038,0.46511627906976744,0.47191011235955055,0.6388888888888888,0.3382352941176471,0.54,0.36363636363636365,1,-0.16738260998370613,-0.6,-0.5,0.03169900755443639,-0.1669787765293383,-0.20176470588235296,0.16666666666666663,-0.5,-2.314175677677383,4.315444245676787,-16.762368537994348,0.3,0.8,0.6666666666666666,0.5,0.3,0.8,150.19745222929936,152.51162790697674,154.14102564102564,149.82558139534885,194.50817409766455,211.2705426356589
1136603,2018,2018-05-11,Sawai Mansingh Stadium,Chennai Super Kings,Rajasthan Royals,Chennai Super Kings,bat,0,0.6099290780141844,0.5234375,0.6,0.4,0.5035460992907801,0.515625,0.6440677966101694,0.582089552238806,0.5853658536585366,0.4666666666666667,0.6666666666666666,1,0.08649157801418439,0.19999999999999996,0.29999999999999993,-0.012078900709219909,0.061978244371363456,0.11869918699186988,-0.21052631578947367,0.29999999999999993,9.847433964371476,1.3973293439716201,7.7854508348108595,0.7,0.4,0.5,0.7105263157894737,0.7,0.4,161.24113475177305,151.39370078740157,152.78014184397162,151.3828125,217.85094562647754,210.06549479166668
1136604,2018,2018-05-12,Holkar Cricket Stadium,Kolkata Knight Riders,Punjab Kings,Punjab Kings,field,1,0.5157232704402516,0.4810126582278481,0.4,0.4,0.5345911949685535,0.4620253164556962,0.5977011494252874,0.5394736842105263,0.4166666666666667,0.4268292682926829,0.6363636363636364,0,0.03471061221240346,0.0,-0.19999999999999996,0.07256587851285723,0.058227465214761076,-0.010162601626016232,-0.16666666666666663,-0.14545454545454545,-6.067868800254757,-7.255274261603375,-2.2164019584427876,0.4,0.6,0.5,0.6666666666666666,0.45454545454545453,0.6,149.72327044025158,155.79113924050634,150.33333333333334,157.58860759493672,203.0248427672956,205.2412447257384
1136605,2018,2018-05-12,Arun Jaitley Stadium,Delhi Capitals,Royal Challengers Bengaluru,Royal Challengers Bengaluru,field,0,0.41139240506329117,0.4691358024691358,0.4,0.2,0.5,0.46296296296296297,0.47191011235955055,0.5172413793103449,0.3333333333333333,0.41333333333333333,0.3,0,-0.05774339740584461,0.2,0.0,0.037037037037037035,-0.04533126695079431,-0.08000000000000002,0.0,-0.027272727272727282,-4.48937333958429,-2.996874629109442,-15.894595509715089,0.3,0.3,0.5,0.5,0.2727272727272727,0.3,150.43037974683546,154.91975308641975,154.37579617834396,157.3726708074534,194.61888185654007,210.51347736625516
1136606,2018,2018-05-13,Maharashtra Cricket Association Stadium,Sunrisers Hyderabad,Chennai Super Kings,Chennai Super Kings,field,0,0.5862068965517241,0.6056338028169014,1.0,0.4,0.45977011494252873,0.5070422535211268,0.6486486486486487,0.6440677966101694,0.54,0.5783132530120482,0.2857142857142857,0,-0.01942690626517729,0.6,0.20000000000000007,-0.04727213857859802,0.004580852038479244,-0.03831325301204813,-0.25,0.18181818181818188,-8.391047434029446,-2.6978306621337254,-6.571486967783699,0.8,0.6,0.5,0.75,0.8181818181818182,0.6363636363636364,152.95402298850576,161.3450704225352,150.2528735632184,152.95070422535213,211.2114942528736,217.7829812206573
1136607,2018,2018-05-13,Wankhede Stadium,Mumbai Indians,Rajasthan Royals,Rajasthan Royals,field,0,0.5773809523809523,0.5271317829457365,0.8,0.4,0.5357142857142857,0.5116279069767442,0.5949367088607594,0.5882352941176471,0.5617977528089888,0.4666666666666667,0.5882352941176471,0,0.050249169435215846,0.4,0.0,0.02408637873754149,0.006701414743112366,0.09513108614232213,0.2873563218390805,0.0,5.388392857142861,0.7061184939091731,0.5046119416758472,0.5,0.5,0.6206896551724138,0.3333333333333333,0.45454545454545453,0.45454545454545453,156.98214285714286,151.59375,152.2797619047619,151.57364341085272,210.53859126984125,210.0339793281654
1136608,2018,2018-05-14,Holkar Cricket Stadium,Punjab Kings,Royal Challengers Bengaluru,Royal Challengers Bengaluru,field,0,0.4779874213836478,0.4723926380368098,0.2,0.4,0.46540880503144655,0.4662576687116564,0.5324675324675324,0.5227272727272727,0.4268292682926829,0.41333333333333333,0.5714285714285714,0,0.005594783346837995,-0.2,0.09999999999999998,-0.0008488636802098659,0.009740259740259716,0.013495934959349587,0.5714285714285714,0.18181818181818177,1.0406682872245767,0.6198462613557183,-5.054563928438199,0.5,0.4,0.5714285714285714,0.0,0.5454545454545454,0.36363636363636365,156.1572327044025,155.11656441717793,158.13836477987422,157.5185185185185,205.39318658280922,210.44775051124742
1136609,2018,2018-05-15,Eden Gardens,Rajasthan Royals,Kolkata Knight Riders,Kolkata Knight Riders,field,0,0.5307692307692308,0.51875,0.6,0.6,0.5153846153846153,0.53125,0.5942028985507246,0.5977011494252874,0.4666666666666667,0.4246575342465753,0.5625,0,0.012019230769230727,0.0,0.0,-0.01586538461538467,-0.0034982508745627916,0.042009132420091355,-0.45833333333333337,0.0,1.425436046511635,0.96875,7.10374198717949,0.5,0.5,0.16666666666666666,0.625,0.5,0.5,151.74418604651163,150.31875,151.7,150.73125,210.0321794871795,202.9284375
1136610,2018,2018-05-16,Wankhede Stadium,Mumbai Indians,Punjab Kings,Punjab Kings,field,1,0.5739644970414202,0.475,0.6,0.2,0.5325443786982249,0.4625,0.5949367088607594,0.5324675324675324,0.5555555555555556,0.42168674698795183,0.5238095238095238,0,0.09896449704142019,0.39999999999999997,0.0,0.07004437869822489,0.06246917639322702,0.13386880856760375,0.05461393596986819,-0.08333333333333331,1.3160872781065223,-5.334467455621308,5.116805350098616,0.5,0.5,0.6101694915254238,0.5555555555555556,0.4166666666666667,0.5,157.0473372781065,155.73125,152.3905325443787,157.725,210.69753451676527,205.58072916666666
1136611,2018,2018-05-17,M.Chinnaswamy Stadium,Royal Challengers Bengaluru,Sunrisers Hyderabad,Sunrisers Hyderabad,field,1,0.47560975609756095,0.5795454545454546,0.6,0.8,0.4695121951219512,0.45454545454545453,0.5280898876404494,0.6486486486486487,0.41333333333333333,0.5294117647058824,0.36363636363636365,0,-0.10393569844789363,-0.20000000000000007,-0.29999999999999993,0.014966740576496662,-0.12055876100819929,-0.11607843137254903,0.0714285714285714,-0.3333333333333333,1.481707317073159,6.501115448968221,-0.8327928677014143,0.4,0.7,0.5714285714285714,0.5,0.4166666666666667,0.75,154.73170731707316,153.25,157.09202453987731,150.5909090909091,210.31209349593496,211.14488636363637
1136612,2018,2018-05-18,Arun Jaitley Stadium,Delhi Capitals,Chennai Super Kings,Chennai Super Kings,field,1,0.4088050314465409,0.6083916083916084,0.2,0.6,0.4968553459119497,0.5104895104895105,0.47191011235955055,0.65,0.32857142857142857,0.5783132530120482,0.29411764705882354,0,-0.19958657694506754,-0.39999999999999997,-0.3,-0.013634164577560837,-0.17808988764044947,-0.2497418244406196,-0.09999999999999998,-0.41666666666666663,-10.852882966090505,1.4494113481455315,-22.786318922167993,0.3,0.6,0.4,0.5,0.25,0.6666666666666666,150.62264150943398,161.47552447552448,154.58227848101265,153.13286713286712,194.8527253668763,217.6390442890443
1136613,2018,2018-05-19,Sawai Mansingh Stadium,Rajasthan Royals,Royal Challengers Bengaluru,Rajasthan Royals,bat,1,0.5267175572519084,0.47878787878787876,0.6,0.6,0.5114503816793893,0.4666666666666667,0.5942028985507246,0.5280898876404494,0.45901639344262296,0.42105263157894735,0.47058823529411764,1,0.047929678464029624,0.0,-0.09999999999999998,0.0447837150127226,0.06611301091027522,0.037963761863675616,0.11794871794871797,0.0,-3.445920745920745,-5.7291938186557445,-0.3046572596191197,0.4,0.5,0.717948717948718,0.6,0.46153846153846156,0.46153846153846156,151.66923076923078,155.11515151515152,151.64885496183206,157.3780487804878,210.06857506361322,210.37323232323234
1136614,2018,2018-05-19,Rajiv Gandhi International Stadium,Sunrisers Hyderabad,Kolkata Knight Riders,Sunrisers Hyderabad,bat,0,0.5730337078651685,0.5217391304347826,0.6,0.6,0.4606741573033708,0.5341614906832298,0.631578947368421,0.6022727272727273,0.5294117647058824,0.4246575342465753,0.38461538461538464,1,0.0512945774303859,0.0,0.0,-0.07348733337985902,0.029306220095693725,0.10475423045930704,0.33333333333333337,0.15384615384615385,3.534510433386856,0.6712959732012109,8.15816874869148,0.6,0.6,0.8333333333333334,0.5,0.6923076923076923,0.5384615384615384,153.82022471910113,150.28571428571428,151.34831460674158,150.67701863354037,211.1814606741573,203.02329192546583
1136615,2018,2018-05-20,Arun Jaitley Stadium,Delhi Capitals,Mumbai Indians,Delhi Capitals,bat,1,0.4125,0.5764705882352941,0.4,0.8,0.49375,0.5294117647058824,0.47191011235955055,0.5949367088607594,0.3380281690140845,0.5604395604395604,0.47619047619047616,1,-0.1639705882352941,-0.4,-0.3,-0.03566176470588234,-0.1230265965012089,-0.22241139142547595,0.0,-0.15384615384615385,-6.523897058823536,1.8445061043285307,-15.694564950980407,0.3,0.6,0.5,0.5,0.3076923076923077,0.46153846153846156,150.69375,157.21764705882353,154.41509433962264,152.5705882352941,195.16239583333333,210.85696078431374
1136616,2018,2018-05-20,Maharashtra Cricket Association Stadium,Punjab Kings,Chennai Super Kings,Chennai Super Kings,field,0,0.4720496894409938,0.6041666666666666,0.2,0.4,0.4658385093167702,0.5138888888888888,0.5256410256410257,0.639344262295082,0.42168674698795183,0.5783132530120482,0.4444444444444444,0,-0.13211697722567284,-0.2,-0.19999999999999996,-0.04805037957211866,-0.11370323665405635,-0.15662650602409633,-0.8,-0.15384615384615385,-5.342434437543119,4.706176673567967,-11.853671353807243,0.4,0.6,0.0,0.8,0.46153846153846156,0.6153846153846154,155.90062111801242,161.24305555555554,157.90062111801242,153.19444444444446,205.74482401656314,217.5984953703704
1136617,2018,2018-05-22,Wankhede Stadium,Sunrisers Hyderabad,Chennai Super Kings,Chennai Super Kings,field,0,0.5666666666666667,0.6068965517241379,0.4,0.6,0.4666666666666667,0.5172413793103449,0.631578947368421,0.6451612903225806,0.5192307692307693,0.5783132530120482,0.25,0,-0.04022988505747127,-0.19999999999999996,0.0,-0.05057471264367819,-0.01358234295415961,-0.059082483781278894,-0.20454545454545453,0.0,-7.205363984674335,-1.6042145593869463,-6.148218390804601,0.6,0.6,0.25,0.45454545454545453,0.6428571428571429,0.6428571428571429,154.0222222222222,161.22758620689655,151.5888888888889,153.19310344827585,211.26166666666666,217.40988505747126
1136618,2018,2018-05-23,Eden Gardens,Kolkata Knight Riders,Rajasthan Royals,Rajasthan Royals,field,1,0.5246913580246914,0.5303030303030303,0.6,0.8,0.5308641975308642,0.5151515151515151,0.6067415730337079,0.5942028985507246,0.4246575342465753,0.46774193548387094,0.47058823529411764,0,-0.0056116722783389195,-0.20000000000000007,0.09999999999999998,0.015712682379349086,0.012538674482983292,-0.04308440123729562,0.4879120879120879,0.0714285714285714,-1.337432852700033,-0.7065095398428696,-6.373232323232315,0.6,0.5,0.6307692307692307,0.14285714285714285,0.5714285714285714,0.5,150.42592592592592,151.76335877862596,150.80864197530863,151.5151515151515,203.20277777777778,209.5760101010101
1136619,2018,2018-05-25,Eden Gardens,Sunrisers Hyderabad,Kolkata Knight Riders,Kolkata Knight Riders,field,1,0.5604395604395604,0.5276073619631901,0.2,0.8,0.46153846153846156,0.5276073619631901,0.631578947368421,0.6067415730337079,0.5094339622641509,0.43243243243243246,0.35714285714285715,0,0.03283219847637031,-0.6000000000000001,0.0,-0.06606890042472857,0.024837374334713114,0.07700152983171848,-0.4696969696969697,0.0,3.317265556529378,0.694667295894277,8.054587743544772,0.6,0.6,0.16666666666666666,0.6363636363636364,0.6,0.6,153.85714285714286,150.53987730061348,151.46153846153845,150.76687116564418,211.50274725274724,203.44815950920247
1136620,2018,2018-05-27,Wankhede Stadium,Sunrisers Hyderabad,Chennai Super Kings,Chennai Super Kings,field,0,0.5652173913043478,0.6095890410958904,0.2,0.6,0.45652173913043476,0.5205479452054794,0.631578947368421,0.6507936507936508,0.5185185185185185,0.5783132530120482,0.2222222222222222,0,-0.04437164979154262,-0.39999999999999997,0.0,-0.06402620607504467,-0.019214703425229795,-0.05979473449352968,-0.3,-0.04166666666666663,-7.0061048243001665,-1.5415425848719337,-5.796364403414742,0.6,0.6,0.2,0.5,0.625,0.6666666666666666,154.07608695652175,161.08219178082192,151.55434782608697,153.0958904109589,211.5298913043478,217.32625570776256
1175356,2019,2019-03-23,MA Chidambaram Stadium,Royal Challengers Bengaluru,Chennai Super Kings,Chennai Super Kings,field,0,0.4759036144578313,0.6122448979591837,0.6,0.8,0.463855421686747,0.5238095238095238,0.5222222222222223,0.65625,0.42105263157894735,0.5783132530120482,0.3333333333333333,0,-0.13634128350135238,-0.20000000000000007,-0.09999999999999998,-0.05995410212277685,-0.13402777777777775,-0.15726062143310082,-0.5,0.0,-6.229735267601029,4.152875695732831,-6.885412397890889,0.5,0.6,0.5,1.0,0.5,0.5,154.9879518072289,161.21768707482994,157.4181818181818,153.26530612244898,210.31345381526103,217.19886621315192
1175357,2019,2019-03-24,Eden Gardens,Sunrisers Hyderabad,Kolkata Knight Riders,Kolkata Knight Riders,field,0,0.5591397849462365,0.524390243902439,0.2,0.8,0.45161290322580644,0.5304878048780488,0.631578947368421,0.6,0.509090909090909,0.43243243243243246,0.4,0,0.03474954104379746,-0.6000000000000001,-0.09999999999999998,-0.07887490165224237,0.03157894736842104,0.07665847665847658,-0.3411513859275054,0.0,3.73577235772359,0.962431156569636,7.952435746131641,0.5,0.6,0.2857142857142857,0.6268656716417911,0.5,0.5,154.33333333333334,150.59756097560975,151.8709677419355,150.90853658536585,211.6295698924731,203.67713414634147
1175358,2019,2019-03-24,Wankhede Stadium,Delhi Capitals,Mumbai Indians,Mumbai Indians,field,1,0.4161490683229814,0.5730994152046783,0.4,0.6,0.4968944099378882,0.5263157894736842,0.47191011235955055,0.5875,0.3472222222222222,0.5604395604395604,0.5,0,-0.15695034688169696,-0.19999999999999996,-0.09999999999999998,-0.02942137953579599,-0.11558988764044947,-0.21321733821733824,-0.3666666666666667,0.0,-6.412952671533901,1.7728435672514706,-15.567900427396978,0.4,0.5,0.25,0.6166666666666667,0.5,0.5,150.8385093167702,157.2514619883041,154.46875,152.69590643274853,195.3589026915114,210.92680311890837
1175359,2019,2019-03-25,Sawai Mansingh Stadium,Punjab Kings,Rajasthan Royals,Rajasthan Royals,field,1,0.4691358024691358,0.5263157894736842,0.0,0.6,0.46296296296296297,0.518796992481203,0.5256410256410257,0.5857142857142857,0.4166666666666667,0.46774193548387094,0.4117647058823529,0,-0.057179987004548405,-0.6,-0.2,-0.05583402951824007,-0.06007326007326008,-0.051075268817204256,-0.725,0.0,4.1781705948372405,6.2607908660540375,-3.1708662087316952,0.3,0.5,0.0,0.725,0.5,0.5,155.8827160493827,151.70454545454547,157.90740740740742,151.64661654135338,206.02788065843623,209.19874686716793
1175360,2019,2019-03-26,Arun Jaitley Stadium,Delhi Capitals,Chennai Super Kings,Delhi Capitals,bat,0,0.41975308641975306,0.6148648648648649,0.6,0.8,0.49382716049382713,0.527027027027027,0.47191011235955055,0.6615384615384615,0.3561643835616438,0.5783132530120482,0.3333333333333333,1,-0.19511177844511185,-0.20000000000000007,-0.19999999999999996,-0.03319986653319984,-0.18962834917891097,-0.22214886945040435,0.5714285714285714,0.0,-9.38588588588587,1.899781769346987,-21.72013124235349,0.5,0.7,0.5714285714285714,0.0,1.0,1.0,151.22222222222223,160.6081081081081,154.6024844720497,152.7027027027027,195.2949588477366,217.0150900900901
1175361,2019,2019-03-27,Eden Gardens,Kolkata Knight Riders,Punjab Kings,Punjab Kings,field,1,0.5272727272727272,0.4723926380368098,0.8,0.2,0.5333333333333333,0.4601226993865031,0.6043956043956044,0.5256410256410257,0.43243243243243246,0.4235294117647059,0.6521739130434783,0,0.05488008923591742,0.6000000000000001,0.39999999999999997,0.07321063394683025,0.0787545787545787,0.00890302066772658,0.3323529411764706,0.0,-5.261275329987001,-6.890686001115455,-1.9559583565718697,0.7,0.3,0.6323529411764706,0.3,1.0,1.0,150.79393939393938,156.05521472392638,151.0909090909091,157.98159509202455,203.97727272727272,205.9332310838446
1175362,2019,2019-03-28,M.Chinnaswamy Stadium,Mumbai Indians,Royal Challengers Bengaluru,Royal Challengers Bengaluru,field,1,0.5697674418604651,0.47305389221556887,0.4,0.6,0.5290697674418605,0.46107784431137727,0.5802469135802469,0.5222222222222223,0.5604395604395604,0.4155844155844156,0.6086956521739131,0,0.09671354964489626,-0.19999999999999996,0.09999999999999998,0.06799192313048324,0.05802469135802468,0.14485514485514484,-0.625,0.0,2.8814232001114135,-3.8510787335388272,0.6301484240820798,0.5,0.4,0.0,0.625,0.0,0.0,157.36046511627907,154.47904191616766,153.04651162790697,156.8975903614458,210.8830426356589,210.25289421157683
1175363,2019,2019-03-29,Rajiv Gandhi International Stadium,Rajasthan Royals,Sunrisers Hyderabad,Rajasthan Royals,bat,0,0.5223880597014925,0.5531914893617021,0.4,0.2,0.5223880597014925,0.44680851063829785,0.5774647887323944,0.631578947368421,0.46774193548387094,0.5,0.4444444444444444,1,-0.030803429660209658,0.2,0.0,0.07557954906319464,-0.054114158636026644,-0.03225806451612906,-0.7142857142857143,0.0,-2.77491601343786,-0.314067958081921,-2.0689875092622003,0.4,0.4,0.0,0.7142857142857143,0.0,0.0,151.8421052631579,154.61702127659575,151.88805970149255,152.20212765957447,209.4092039800995,211.4781914893617
1175364,2019,2019-03-30,Punjab Cricket Association IS Bindra Stadium,Mumbai Indians,Punjab Kings,Punjab Kings,field,0,0.5722543352601156,0.4695121951219512,0.4,0.2,0.5260115606936416,0.4634146341463415,0.5802469135802469,0.5189873417721519,0.5652173913043478,0.4235294117647059,0.5454545454545454,0,0.1027421401381644,0.2,0.39999999999999997,0.06259692654730015,0.06125957180809505,0.1416879795396419,-0.5,0.0,1.2695967855632375,-5.139468490060608,4.872151534376599,0.6,0.2,0.5,1.0,0.5,0.5,157.53179190751445,156.2621951219512,153.20809248554914,158.34756097560975,210.77042389210018,205.89827235772358
1175365,2019,2019-03-30,Arun Jaitley Stadium,Kolkata Knight Riders,Delhi Capitals,Delhi Capitals,field,0,0.5301204819277109,0.4171779141104294,0.8,0.6,0.5301204819277109,0.49693251533742333,0.6043956043956044,0.47191011235955055,0.44,0.35135135135135137,0.6190476190476191,0,0.11294256781728146,0.20000000000000007,0.19999999999999996,0.033187966590287554,0.1324854920360538,0.08864864864864863,-0.5,0.5,0.00247616231797565,-3.2487728692547932,8.563150146598673,0.7,0.5,0.0,0.5,1.0,0.5,151.1987951807229,151.19631901840492,151.32530120481928,154.57407407407408,204.02439759036147,195.4612474437628
1175366,2019,2019-03-31,Rajiv Gandhi International Stadium,Sunrisers Hyderabad,Royal Challengers Bengaluru,Royal Challengers Bengaluru,field,1,0.5578947368421052,0.47023809523809523,0.4,0.4,0.4421052631578947,0.4642857142857143,0.6410256410256411,0.5164835164835165,0.5,0.4155844155844156,0.5833333333333334,0,0.08765664160400999,0.0,0.0,-0.022180451127819578,0.12454212454212454,0.08441558441558439,0.75,0.5,0.46835839598998064,-4.393633785061468,1.4898517126148931,0.4,0.4,0.75,0.0,0.5,0.0,155.10526315789474,154.63690476190476,152.68421052631578,157.07784431137725,211.58052631578948,210.0906746031746
1175367,2019,2019-03-31,MA Chidambaram Stadium,Chennai Super Kings,Rajasthan Royals,Rajasthan Royals,field,1,0.6174496644295302,0.5185185185185185,1.0,0.2,0.5234899328859061,0.5259259259259259,0.6666666666666666,0.5774647887323944,0.5783132530120482,0.4603174603174603,0.631578947368421,0,0.09893114591101171,0.8,0.29999999999999993,-0.002435993040019846,0.08920187793427226,0.11799579269458788,0.5,1.0,8.350345587498737,0.41257767834949277,7.319897257436423,0.7,0.4,1.0,0.5,1.0,0.0,160.53691275167785,152.1865671641791,152.66442953020135,152.25185185185185,216.94384787472038,209.62395061728395
1175368,2019,2019-04-01,Punjab Cricket Association IS Bindra Stadium,Punjab Kings,Delhi Capitals,Delhi Capitals,field,1,0.4727272727272727,0.42073170731707316,0.4,0.8,0.4666666666666667,0.5,0.525,0.4777777777777778,0.4235294117647059,0.35135135135135137,0.5909090909090909,0,0.05199556541019956,-0.4,-0.2,-0.033333333333333326,0.04722222222222222,0.0721780604133545,1.0,0.0,4.985439763488529,3.6938092582264517,9.958436191180112,0.3,0.5,1.0,0.0,0.6666666666666666,0.6666666666666666,156.38787878787878,151.40243902439025,158.45454545454547,154.76073619631902,205.68313131313133,195.7246951219512
1175369,2019,2019-04-02,Sawai Mansingh Stadium,Royal Challengers Bengaluru,Rajasthan Royals,Rajasthan Royals,field,0,0.46745562130177515,0.5147058823529411,0.2,0.2,0.46745562130177515,0.5294117647058824,0.5108695652173914,0.5694444444444444,0.4155844155844156,0.4603174603174603,0.4444444444444444,0,-0.047250261051165976,0.0,0.0,-0.06195614340410721,-0.05857487922705307,-0.04473304473304468,-0.20731707317073167,0.0,2.0942362480823817,5.098739495798327,0.19372171945704508,0.4,0.4,0.5,0.7073170731707317,0.0,0.0,154.3905325443787,152.2962962962963,157.51785714285714,152.4191176470588,210.14102564102566,209.94730392156862
1175370,2019,2019-04-03,Wankhede Stadium,Mumbai Indians,Chennai Super Kings,Chennai Super Kings,field,1,0.5689655172413793,0.62,0.4,1.0,0.5229885057471264,0.52,0.5802469135802469,0.6666666666666666,0.5591397849462365,0.5833333333333334,0.5416666666666666,0,-0.05103448275862066,-0.6,-0.30000000000000004,0.002988505747126391,-0.08641975308641969,-0.024193548387096864,0.0680958385876419,-0.6666666666666667,-2.995402298850564,0.5848275862068988,-6.241950191570879,0.5,0.8,0.6065573770491803,0.5384615384615384,0.3333333333333333,1.0,157.63793103448276,160.63333333333333,153.3448275862069,152.76,210.61427203065134,216.85622222222221
1175371,2019,2019-04-04,Arun Jaitley Stadium,Delhi Capitals,Sunrisers Hyderabad,Sunrisers Hyderabad,field,0,0.41818181818181815,0.5625,0.6,0.6,0.503030303030303,0.4375,0.4725274725274725,0.6410256410256411,0.35135135135135137,0.5087719298245614,0.3333333333333333,0,-0.14431818181818185,0.0,0.09999999999999998,0.06553030303030305,-0.16849816849816857,-0.15742057847321006,-0.4444444444444444,-0.16666666666666663,-4.489772727272737,2.558434959349597,-15.830369318181823,0.5,0.4,0.5555555555555556,1.0,0.5,0.6666666666666666,151.4060606060606,155.89583333333334,154.82926829268294,152.27083333333334,195.9451515151515,211.77552083333333
1175372,2019,2019-04-05,M.Chinnaswamy Stadium,Royal Challengers Bengaluru,Kolkata Knight Riders,Kolkata Knight Riders,field,0,0.4647058823529412,0.5269461077844312,0.0,0.6,0.4647058823529412,0.5269461077844312,0.5108695652173914,0.6043956043956044,0.41025641025641024,0.4342105263157895,0.4090909090909091,0,-0.06224022543148999,-0.6,-0.3,-0.06224022543148999,-0.093526039178213,-0.02395411605937925,-0.4444444444444444,-0.6666666666666666,3.0105671010919366,6.029266909967049,5.982608899847321,0.3,0.6,0.5555555555555556,1.0,0.0,0.6666666666666666,154.41176470588235,151.4011976047904,157.55621301775147,151.52694610778443,209.96254901960782,203.9799401197605
1178393,2019,2019-04-06,MA Chidambaram Stadium,Chennai Super Kings,Punjab Kings,Chennai Super Kings,bat,1,0.6158940397350994,0.4759036144578313,0.8,0.6,0.5231788079470199,0.463855421686747,0.6567164179104478,0.525,0.5833333333333334,0.43023255813953487,0.5789473684210527,1,0.13999042527726807,0.20000000000000007,0.29999999999999993,0.05932338626027289,0.13171641791044775,0.1531007751937985,0.5,0.0,4.0045479932976775,-5.5414904651719326,11.067326923588382,0.7,0.4,1.0,0.5,0.75,0.75,160.4503311258278,156.44578313253012,152.87417218543047,158.4156626506024,216.8373068432671,205.76997991967872
1178394,2019,2019-04-06,Rajiv Gandhi International Stadium,Mumbai Indians,Sunrisers Hyderabad,Sunrisers Hyderabad,field,1,0.5714285714285714,0.5670103092783505,0.4,0.6,0.52,0.44329896907216493,0.5802469135802469,0.65,0.5638297872340425,0.5087719298245614,0.4166666666666667,0,0.004418262150220897,-0.19999999999999996,0.19999999999999996,0.07670103092783509,-0.06975308641975309,0.055057857409481104,-0.7777777777777778,-0.25,2.069396170839468,1.1976435935198708,-2.073400098183612,0.6,0.4,0.0,0.7777777777777778,0.5,0.75,157.70857142857142,155.63917525773195,153.22857142857143,152.03092783505156,210.3724761904762,212.4458762886598
1178395,2019,2019-04-07,M.Chinnaswamy Stadium,Royal Challengers Bengaluru,Delhi Capitals,Delhi Capitals,field,0,0.4619883040935672,0.41566265060240964,0.0,0.4,0.4619883040935672,0.5,0.5108695652173914,0.4725274725274725,0.4050632911392405,0.3466666666666667,0.6666666666666666,0,0.04632565349115758,-0.4,-0.10000000000000003,-0.038011695906432774,0.03834209268991884,0.05839662447257382,0.5,-0.4,3.436518001831871,3.1563279857397504,13.822725404542155,0.3,0.4,0.5,0.0,0.0,0.4,154.70760233918128,151.2710843373494,157.84117647058824,154.6848484848485,209.86218323586746,196.0394578313253
1178396,2019,2019-04-07,Sawai Mansingh Stadium,Rajasthan Royals,Kolkata Knight Riders,Kolkata Knight Riders,field,0,0.5182481751824818,0.5297619047619048,0.2,0.6,0.5328467153284672,0.5297619047619048,0.5753424657534246,0.6086956521739131,0.4603174603174603,0.4342105263157895,0.5,0,-0.011513729579422982,-0.39999999999999997,-0.19999999999999996,0.0030848105665624015,-0.033353186420488456,0.0261069340016708,0.3142857142857143,-0.5,0.6561624649859823,0.6146159193604319,6.110060392770265,0.5,0.7,0.7142857142857143,0.4,0.25,0.75,152.38235294117646,151.72619047619048,152.45985401459853,151.8452380952381,210.1389294403893,204.02886904761903
1178397,2019,2019-04-08,Punjab Cricket Association IS Bindra Stadium,Sunrisers Hyderabad,Punjab Kings,Punjab Kings,field,0,0.5612244897959183,0.47305389221556887,0.6,0.6,0.4489795918367347,0.46107784431137727,0.6341463414634146,0.5185185185185185,0.5087719298245614,0.43023255813953487,0.75,0,0.08817059758034945,0.0,0.10000000000000003,-0.012098252474642579,0.11562782294489615,0.07853937168502656,-1.0,0.0,-1.3047170964194095,-6.557802761823297,6.935574768829696,0.4,0.3,0.0,1.0,0.6,0.6,155.03061224489795,156.33532934131736,151.8673469387755,158.4251497005988,212.85663265306124,205.92105788423154
1178398,2019,2019-04-09,MA Chidambaram Stadium,Kolkata Knight Riders,Chennai Super Kings,Chennai Super Kings,field,0,0.5325443786982249,0.618421052631579,0.8,0.8,0.5325443786982249,0.5263157894736842,0.6129032258064516,0.6567164179104478,0.4342105263157895,0.5882352941176471,0.3888888888888889,0,-0.08587667393335408,0.0,0.0,0.006228589224540726,-0.043813192103996146,-0.1540247678018576,-1.0,0.0,-8.790563687324806,-1.0070850202428971,-12.898545364891532,0.8,0.8,0.0,1.0,0.8,0.8,151.65680473372782,160.44736842105263,151.76923076923077,152.77631578947367,203.70562130177515,216.60416666666669
1178399,2019,2019-04-10,Wankhede Stadium,Punjab Kings,Mumbai Indians,Mumbai Indians,field,0,0.47619047619047616,0.5738636363636364,0.6,0.6,0.4642857142857143,0.5170454545454546,0.524390243902439,0.5802469135802469,0.43023255813953487,0.5684210526315789,0.4782608695652174,0,-0.09767316017316019,0.0,-0.19999999999999996,-0.052759740259740284,-0.05585666967780789,-0.13818849449204407,-0.11290322580645162,0.06666666666666665,-1.281655844155864,5.4715909090909065,-4.382472041847052,0.4,0.6,0.5,0.6129032258064516,0.6666666666666666,0.6,156.30357142857142,157.58522727272728,158.375,152.9034090909091,205.89811507936506,210.2805871212121
1178400,2019,2019-04-11,Sawai Mansingh Stadium,Rajasthan Royals,Chennai Super Kings,Chennai Super Kings,field,0,0.5144927536231884,0.6209150326797386,0.2,0.8,0.5289855072463768,0.5294117647058824,0.5753424657534246,0.6617647058823529,0.453125,0.5882352941176471,0.35,0,-0.10642227905655022,-0.6000000000000001,-0.4,-0.0004262574595055302,-0.0864222401289283,-0.13511029411764708,0.29767441860465116,-0.6333333333333333,-7.839511473689242,-0.11409491332764787,-6.314042815193687,0.4,0.8,0.6976744186046512,0.4,0.2,0.8333333333333334,152.28467153284672,160.12418300653596,152.3695652173913,152.48366013071896,210.15676328502417,216.47080610021786
1178401,2019,2019-04-12,Eden Gardens,Kolkata Knight Riders,Delhi Capitals,Delhi Capitals,field,0,0.5294117647058824,0.41916167664670656,0.6,0.4,0.5294117647058824,0.5029940119760479,0.6129032258064516,0.4782608695652174,0.42857142857142855,0.3466666666666667,0.5909090909090909,0,0.1102500880591758,0.19999999999999996,0.19999999999999996,0.026417752729834487,0.13464235624123422,0.08190476190476187,0.5126811594202898,0.16666666666666663,0.12455089820360854,-3.121190644932682,7.982396970764341,0.7,0.5,0.6376811594202898,0.125,0.6666666666666666,0.5,151.4,151.2754491017964,151.52941176470588,154.65060240963857,204.01323529411764,196.0308383233533
1178402,2019,2019-04-13,Wankhede Stadium,Mumbai Indians,Rajasthan Royals,Rajasthan Royals,field,0,0.576271186440678,0.5107913669064749,0.8,0.2,0.519774011299435,0.5251798561151079,0.5853658536585366,0.5753424657534246,0.5684210526315789,0.4461538461538462,0.5555555555555556,0,0.06547981953420312,0.6000000000000001,0.3,-0.005405844815672856,0.010023387905111925,0.12226720647773276,0.19047619047619052,0.5,5.538197003193318,0.7640531642482529,0.618856778983627,0.6,0.3,0.6190476190476191,0.42857142857142855,0.6666666666666666,0.16666666666666666,157.8135593220339,152.2753623188406,153.15254237288136,152.3884892086331,210.80470809792845,210.18585131894483
1178403,2019,2019-04-13,Punjab Cricket Association IS Bindra Stadium,Punjab Kings,Royal Challengers Bengaluru,Royal Challengers Bengaluru,field,0,0.47337278106508873,0.45930232558139533,0.6,0.0,0.46153846153846156,0.45930232558139533,0.524390243902439,0.5108695652173914,0.42528735632183906,0.4,0.5454545454545454,0,0.0140704554836934,0.6,0.10000000000000003,0.002236135957066232,0.013520678685047693,0.02528735632183904,0.5,0.5714285714285714,1.8699600935736953,0.8024499117616699,-3.9465792853538915,0.4,0.3,1.0,0.5,0.5714285714285714,0.0,156.54437869822485,154.67441860465115,158.6094674556213,157.80701754385964,205.88500986193293,209.83158914728682
1178404,2019,2019-04-14,Eden Gardens,Kolkata Knight Riders,Chennai Super Kings,Chennai Super Kings,field,0,0.5263157894736842,0.6233766233766234,0.4,0.8,0.5263157894736842,0.5324675324675324,0.6129032258064516,0.6666666666666666,0.4230769230769231,0.5882352941176471,0.3684210526315789,0,-0.09706083390293918,-0.4,-0.30000000000000004,-0.0061517429938482415,-0.053763440860215006,-0.165158371040724,0.22857142857142854,-0.2857142857142857,-8.53535353535355,-0.778119541277448,-12.087445887445881,0.6,0.9,0.6285714285714286,0.4,0.5714285714285714,0.8571428571428571,151.55555555555554,160.0909090909091,151.69590643274853,152.47402597402598,204.2166666666667,216.30411255411258
1178405,2019,2019-04-14,Rajiv Gandhi International Stadium,Delhi Capitals,Sunrisers Hyderabad,Sunrisers Hyderabad,field,1,0.4226190476190476,0.5555555555555556,0.6,0.6,0.5059523809523809,0.4444444444444444,0.4838709677419355,0.6341463414634146,0.3466666666666667,0.5,0.3076923076923077,0,-0.13293650793650796,0.0,0.19999999999999996,0.06150793650793651,-0.15027537372147914,-0.15333333333333332,-0.7,0.0714285714285714,-3.5333694083693956,2.931833303090798,-17.059568903318905,0.6,0.4,0.0,0.7,0.5714285714285714,0.5,151.44642857142858,154.97979797979798,154.79041916167665,151.85858585858585,196.06517857142856,213.12474747474747
1178406,2019,2019-04-15,Wankhede Stadium,Royal Challengers Bengaluru,Mumbai Indians,Mumbai Indians,field,0,0.4624277456647399,0.5730337078651685,0.2,0.6,0.4624277456647399,0.5168539325842697,0.5161290322580645,0.5853658536585366,0.4,0.5625,0.375,0,-0.11060596220042862,-0.39999999999999997,-0.2,-0.05442618691952983,-0.06923682140047205,-0.16249999999999998,-0.2760416666666667,-0.42857142857142855,-3.1914009222575714,4.547034230467716,-1.2981230109761555,0.3,0.5,0.3333333333333333,0.609375,0.14285714285714285,0.5714285714285714,154.78612716763007,157.97752808988764,157.8953488372093,153.34831460674158,209.71348747591523,211.01161048689139
1178407,2019,2019-04-16,Punjab Cricket Association IS Bindra Stadium,Punjab Kings,Rajasthan Royals,Rajasthan Royals,field,1,0.47058823529411764,0.5142857142857142,0.4,0.4,0.4588235294117647,0.5285714285714286,0.524390243902439,0.581081081081081,0.42045454545454547,0.4461538461538462,0.4444444444444444,0,-0.043697478991596594,0.0,0.10000000000000003,-0.0697478991596639,-0.056690837178641984,-0.02569930069930071,0.3571428571428571,0.2142857142857143,4.108802369868812,6.064285714285717,-3.991106442577035,0.4,0.3,0.8571428571428571,0.5,0.5,0.2857142857142857,156.64117647058825,152.53237410071944,158.7,152.63571428571427,206.07627450980394,210.06738095238097
1178408,2019,2019-04-17,Rajiv Gandhi International Stadium,Chennai Super Kings,Sunrisers Hyderabad,Chennai Super Kings,bat,0,0.6258064516129033,0.55,0.8,0.4,0.535483870967742,0.45,0.6714285714285714,0.6190476190476191,0.5882352941176471,0.5,0.8,1,0.07580645161290323,0.4,0.5,0.08548387096774196,0.052380952380952306,0.08823529411764708,0.36363636363636365,0.44642857142857145,5.513225806451601,0.6390322580645318,3.1465860215053567,0.9,0.4,1.0,0.6363636363636364,0.875,0.42857142857142855,160.1032258064516,154.59,152.52903225806452,151.89,216.20408602150536,213.0575
1178409,2019,2019-04-18,Arun Jaitley Stadium,Mumbai Indians,Delhi Capitals,Mumbai Indians,bat,1,0.5754189944134078,0.4260355029585799,0.8,0.6,0.5195530726256983,0.5029585798816568,0.5903614457831325,0.4838709677419355,0.5625,0.35526315789473684,0.4782608695652174,1,0.14938349145482793,0.20000000000000007,-0.09999999999999998,0.016594492744041456,0.10649047804119705,0.20723684210526316,-0.5,0.0,6.5884103004859185,-1.112596435222116,14.662226593060325,0.6,0.7,0.0,0.5,0.625,0.625,158.0558659217877,151.46745562130178,153.44692737430168,154.5595238095238,210.94003724394787,196.27781065088755
1178410,2019,2019-04-19,Eden Gardens,Royal Challengers Bengaluru,Kolkata Knight Riders,Kolkata Knight Riders,field,1,0.45977011494252873,0.5232558139534884,0.2,0.4,0.45977011494252873,0.5232558139534884,0.5161290322580645,0.6129032258064516,0.3950617283950617,0.4177215189873418,0.391304347826087,0,-0.06348569901095968,-0.2,-0.3,-0.06348569901095968,-0.09677419354838712,-0.02265979059228007,-0.28638497652582157,-0.375,3.268845228548514,6.221064659228404,5.336635703466101,0.2,0.5,0.3333333333333333,0.6197183098591549,0.125,0.5,154.8793103448276,151.61046511627907,157.97687861271677,151.75581395348837,209.5909961685824,204.2543604651163
1178411,2019,2019-04-20,Sawai Mansingh Stadium,Mumbai Indians,Rajasthan Royals,Rajasthan Royals,field,0,0.5777777777777777,0.5106382978723404,0.8,0.4,0.5222222222222223,0.5319148936170213,0.5903614457831325,0.5733333333333334,0.5670103092783505,0.4461538461538462,0.5263157894736842,0,0.06713947990543734,0.4,0.3,-0.009692671394799013,0.017028112449799182,0.12085646312450432,-0.34848484848484845,0.41666666666666663,5.45396825396827,0.46158392434986695,0.8943656422379718,0.6,0.3,0.3333333333333333,0.6818181818181818,0.6666666666666666,0.25,158.11111111111111,152.65714285714284,153.30555555555554,152.84397163120568,210.8648148148148,209.97044917257682
1178412,2019,2019-04-20,Arun Jaitley Stadium,Punjab Kings,Delhi Capitals,Delhi Capitals,field,0,0.47368421052631576,0.4235294117647059,0.4,0.6,0.45614035087719296,0.5,0.524390243902439,0.4787234042553192,0.42696629213483145,0.35526315789473684,0.6086956521739131,0,0.05015479876160989,-0.19999999999999996,-0.09999999999999998,-0.04385964912280704,0.04566683964711987,0.07170313424009461,0.5454545454545454,0.0,5.460061919504625,4.127028616907154,9.56936819172114,0.5,0.6,1.0,0.45454545454545453,0.5555555555555556,0.5555555555555556,156.78947368421052,151.3294117647059,158.76608187134502,154.63905325443787,206.1740740740741,196.60470588235296
1178413,2019,2019-04-21,Rajiv Gandhi International Stadium,Kolkata Knight Riders,Sunrisers Hyderabad,Sunrisers Hyderabad,field,0,0.5202312138728323,0.5544554455445545,0.2,0.4,0.5260115606936416,0.44554455445544555,0.6063829787234043,0.627906976744186,0.4177215189873418,0.5,0.625,0,-0.03422423167172217,-0.2,-0.09999999999999998,0.08046700623819608,-0.021523998020781754,-0.08227848101265822,0.33333333333333337,-0.05555555555555558,-2.508327133291374,0.41675728266469036,-8.783942845151557,0.4,0.5,1.0,0.6666666666666666,0.4444444444444444,0.5,151.90751445086704,154.41584158415841,152.10982658959537,151.69306930693068,204.27793834296725,213.0618811881188
1178414,2019,2019-04-21,M.Chinnaswamy Stadium,Royal Challengers Bengaluru,Chennai Super Kings,Chennai Super Kings,field,1,0.46285714285714286,0.6217948717948718,0.4,0.8,0.45714285714285713,0.5384615384615384,0.5161290322580645,0.6714285714285714,0.4024390243902439,0.5813953488372093,0.3181818181818182,0,-0.15893772893772895,-0.4,-0.6000000000000001,-0.08131868131868131,-0.15529953917050687,-0.1789563244469654,-0.5454545454545454,-0.5555555555555556,-4.711648351648364,5.80614500442087,-6.470968253968266,0.2,0.8,0.45454545454545453,1.0,0.2222222222222222,0.7777777777777778,155.21142857142857,159.92307692307693,158.23563218390805,152.42948717948718,209.49847619047617,215.96944444444443
1178415,2019,2019-04-22,Sawai Mansingh Stadium,Rajasthan Royals,Delhi Capitals,Delhi Capitals,field,0,0.5140845070422535,0.4269005847953216,0.4,0.8,0.5352112676056338,0.5029239766081871,0.5789473684210527,0.4842105263157895,0.4461538461538462,0.35526315789473684,0.6111111111111112,0,0.08718392224693189,-0.4,-0.3,0.03228729099744665,0.09473684210526317,0.09089068825910934,0.4888888888888889,-0.26666666666666666,1.3081995769565538,-1.7868268434134222,13.140289103039294,0.3,0.6,0.6888888888888889,0.2,0.3333333333333333,0.6,152.72340425531914,151.41520467836258,152.90140845070422,154.68823529411765,209.91572769953052,196.77543859649123
1178416,2019,2019-04-23,MA Chidambaram Stadium,Sunrisers Hyderabad,Chennai Super Kings,Chennai Super Kings,field,0,0.5588235294117647,0.6178343949044586,0.4,0.6,0.45098039215686275,0.5414012738853503,0.6363636363636364,0.6619718309859155,0.5,0.5813953488372093,0.2727272727272727,0,-0.059010865492693854,-0.19999999999999996,-0.19999999999999996,-0.09042088172848756,-0.025608194622279146,-0.08139534883720934,-0.5,-0.14444444444444438,-5.443174722118158,-0.7193705507681045,-3.2536499313101217,0.5,0.7,0.5,1.0,0.5555555555555556,0.7,154.48039215686273,159.9235668789809,151.76470588235293,152.48407643312103,212.73382352941175,215.98747346072187
1178417,2019,2019-04-24,M.Chinnaswamy Stadium,Royal Challengers Bengaluru,Punjab Kings,Punjab Kings,field,1,0.4659090909090909,0.47093023255813954,0.6,0.4,0.45454545454545453,0.45348837209302323,0.5161290322580645,0.524390243902439,0.40963855421686746,0.4222222222222222,0.4782608695652174,0,-0.005021141649048655,0.19999999999999996,-0.2,0.0010570824524313016,-0.008261211644374544,-0.012583668005354764,0.5,-0.2,-1.5812632135306615,-0.5624252491694222,3.2682478858350805,0.3,0.5,0.5,0.0,0.3,0.5,155.2443181818182,156.82558139534885,158.24571428571429,158.8081395348837,209.63200757575757,206.3637596899225
1178418,2019,2019-04-25,Eden Gardens,Kolkata Knight Riders,Rajasthan Royals,Rajasthan Royals,field,0,0.5172413793103449,0.5104895104895105,0.0,0.4,0.5229885057471264,0.5314685314685315,0.6063829787234043,0.5789473684210527,0.4125,0.4393939393939394,0.5263157894736842,0,0.006751868820834339,-0.4,0.10000000000000003,-0.008480025721405049,0.027435610302351643,-0.026893939393939414,0.48611111111111116,0.10000000000000003,-1.0446818844099255,-1.0208986415883032,-5.365144816868934,0.4,0.3,0.6111111111111112,0.125,0.4,0.3,151.94827586206895,152.99295774647888,152.16091954022988,153.1818181818182,204.41340996168583,209.77855477855476
1178419,2019,2019-04-26,MA Chidambaram Stadium,Mumbai Indians,Chennai Super Kings,Chennai Super Kings,field,1,0.574585635359116,0.620253164556962,0.6,0.6,0.5193370165745856,0.5443037974683544,0.5903614457831325,0.6666666666666666,0.5612244897959183,0.5813953488372093,0.56,0,-0.045667529197846,0.0,-0.09999999999999998,-0.024966780893768803,-0.07630522088353409,-0.02017085904129101,-0.5,-0.12727272727272732,-1.8982446324917817,0.7270088817399767,-5.200674872368722,0.6,0.7,0.5,1.0,0.6,0.7272727272727273,158.12707182320443,160.0253164556962,153.353591160221,152.626582278481,210.8843462246777,216.08502109704642
1178420,2019,2019-04-27,Sawai Mansingh Stadium,Sunrisers Hyderabad,Rajasthan Royals,Rajasthan Royals,field,0,0.5533980582524272,0.5138888888888888,0.4,0.6,0.44660194174757284,0.5347222222222222,0.6363636363636364,0.5844155844155844,0.4915254237288136,0.4393939393939394,0.6,0,0.03950916936353832,-0.19999999999999996,0.09999999999999998,-0.08812028047464937,0.051948051948051965,0.05213148433487419,-0.17391304347826086,0.13636363636363635,1.5187724896462669,-1.3333333333333428,3.040048543689295,0.5,0.4,0.5,0.6739130434782609,0.5,0.36363636363636365,154.67961165048544,153.16083916083917,152.0,153.33333333333334,212.76504854368932,209.72500000000002
1178421,2019,2019-04-28,Arun Jaitley Stadium,Delhi Capitals,Royal Challengers Bengaluru,Delhi Capitals,bat,1,0.43023255813953487,0.4689265536723164,0.8,0.8,0.5058139534883721,0.4519774011299435,0.4895833333333333,0.5161290322580645,0.35526315789473684,0.4166666666666667,0.3181818181818182,1,-0.03869399553278152,0.0,0.19999999999999996,0.0538365523584286,-0.026545698924731187,-0.06140350877192985,-0.5,0.2727272727272727,-3.8514978320851583,-3.497142477405646,-12.698230631104082,0.6,0.4,0.5,1.0,0.6363636363636364,0.36363636363636365,151.65697674418604,155.5084745762712,154.90058479532163,158.39772727272728,197.0093023255814,209.70753295668547
1178422,2019,2019-04-28,Eden Gardens,Kolkata Knight Riders,Mumbai Indians,Mumbai Indians,field,1,0.5142857142857142,0.5769230769230769,0.0,0.6,0.52,0.5164835164835165,0.6063829787234043,0.5903614457831325,0.4074074074074074,0.5656565656565656,0.21739130434782608,0,-0.06263736263736264,-0.6,-0.39999999999999997,0.003516483516483482,0.016021532940271754,-0.15824915824915825,-0.23059360730593614,-0.2727272727272727,-6.02989010989009,-0.807032967032967,-6.4929670329669875,0.3,0.7,0.6027397260273972,0.8333333333333334,0.36363636363636365,0.6363636363636364,152.08,158.1098901098901,152.30285714285714,153.1098901098901,204.5161904761905,211.0091575091575
1178423,2019,2019-04-29,Rajiv Gandhi International Stadium,Sunrisers Hyderabad,Punjab Kings,Punjab Kings,field,1,0.5480769230769231,0.4682080924855491,0.4,0.2,0.4423076923076923,0.45664739884393063,0.6363636363636364,0.5180722891566265,0.48333333333333334,0.4222222222222222,0.6923076923076923,0,0.07986883059137401,0.2,0.09999999999999998,-0.014339706536238339,0.11829134720700984,0.061111111111111116,0.6923076923076923,0.0,-2.2576700755891466,-6.971265006669626,6.053772046835633,0.5,0.4,0.6923076923076923,0.0,0.45454545454545453,0.45454545454545453,154.73076923076923,156.98843930635837,152.08653846153845,159.05780346820808,212.59230769230768,206.53853564547205
1178424,2019,2019-04-30,M.Chinnaswamy Stadium,Royal Challengers Bengaluru,Rajasthan Royals,Rajasthan Royals,field,0,0.46629213483146065,0.5172413793103449,0.6,0.6,0.449438202247191,0.5379310344827586,0.5106382978723404,0.5897435897435898,0.4166666666666667,0.4393939393939394,0.42105263157894735,0,-0.050949244478884215,0.0,-0.09999999999999998,-0.08849283223556759,-0.07910529187124937,-0.022727272727272707,-0.46153846153846156,-0.08333333333333337,2.380227840199751,5.18001168907071,0.1889551853286946,0.4,0.5,0.5384615384615384,1.0,0.3333333333333333,0.4166666666666667,155.59550561797752,153.21527777777777,158.5593220338983,153.3793103448276,209.72378277153558,209.5348275862069
1178425,2019,2019-05-01,MA Chidambaram Stadium,Chennai Super Kings,Delhi Capitals,Delhi Capitals,field,1,0.6163522012578616,0.43352601156069365,0.4,0.8,0.5471698113207547,0.5086705202312138,0.6575342465753424,0.4895833333333333,0.5813953488372093,0.36363636363636365,0.6842105263157895,0,0.18282618969716796,-0.4,-0.09999999999999998,0.038499291089540866,0.16795091324200911,0.2177589852008457,0.3571428571428571,0.0,7.843130839422685,-2.3526766125493737,18.80023872711189,0.6,0.7,0.8571428571428571,0.5,0.6666666666666666,0.6666666666666666,159.70440251572327,151.8612716763006,152.64150943396226,154.99418604651163,216.02914046121592,197.22890173410403
1178426,2019,2019-05-02,Wankhede Stadium,Mumbai Indians,Sunrisers Hyderabad,Mumbai Indians,bat,1,0.5737704918032787,0.5523809523809524,0.6,0.6,0.5191256830601093,0.4380952380952381,0.5833333333333334,0.6363636363636364,0.5656565656565656,0.4918032786885246,0.46153846153846156,1,0.021389539422326243,0.0,0.09999999999999998,0.08103044496487122,-0.05303030303030298,0.07385328696804105,0.4487179487179488,0.08333333333333337,3.0516783762685407,1.312412177985948,-1.5026177465521187,0.6,0.5,0.6153846153846154,0.16666666666666666,0.5833333333333334,0.5,158.327868852459,155.27619047619046,153.54098360655738,152.22857142857143,211.23642987249548,212.7390476190476
1178427,2019,2019-05-03,Punjab Cricket Association IS Bindra Stadium,Punjab Kings,Kolkata Knight Riders,Kolkata Knight Riders,field,0,0.46551724137931033,0.5170454545454546,0.2,0.2,0.45977011494252873,0.5170454545454546,0.5119047619047619,0.6063829787234043,0.4222222222222222,0.4146341463414634,0.3333333333333333,0,-0.051528213166144254,0.0,0.10000000000000003,-0.05727533960292586,-0.09447821681864244,0.007588075880758827,0.375,0.0,4.511886102403338,6.799568965517238,2.3400121908742904,0.4,0.3,0.875,0.5,0.4166666666666667,0.4166666666666667,157.04597701149424,152.5340909090909,159.36206896551724,152.5625,206.8044061302682,204.46439393939391
1178428,2019,2019-05-04,Arun Jaitley Stadium,Rajasthan Royals,Delhi Capitals,Rajasthan Royals,bat,0,0.5136986301369864,0.43103448275862066,0.6,0.6,0.541095890410959,0.5114942528735632,0.5822784810126582,0.4845360824742268,0.4393939393939394,0.36363636363636365,0.5789473684210527,1,0.0826641473783657,0.0,-0.09999999999999998,0.029601637537395753,0.09774239853843142,0.07575757575757575,-0.5384615384615384,-0.23076923076923078,0.8839080459769946,-2.379523319344372,12.085116517083918,0.5,0.6,0.0,0.5384615384615384,0.38461538461538464,0.6153846153846154,152.44137931034481,151.55747126436782,152.75342465753425,155.13294797687863,209.34143835616436,197.25632183908044
1178429,2019,2019-05-04,M.Chinnaswamy Stadium,Sunrisers Hyderabad,Royal Challengers Bengaluru,Royal Challengers Bengaluru,field,0,0.5471698113207547,0.46368715083798884,0.4,0.6,0.4339622641509434,0.44692737430167595,0.6222222222222222,0.5106382978723404,0.4918032786885246,0.4117647058823529,0.6153846153846154,0,0.08348266048276587,-0.19999999999999996,0.0,-0.01296511015073254,0.11158392434988185,0.08003857280617166,-0.5,0.15384615384615385,0.26699694318540423,-5.57812168751326,3.114792171743801,0.4,0.4,0.0,0.5,0.46153846153846156,0.3076923076923077,155.33962264150944,155.07262569832403,152.32075471698113,157.8988764044944,212.8490566037736,209.7342644320298
1178430,2019,2019-05-05,Punjab Cricket Association IS Bindra Stadium,Chennai Super Kings,Punjab Kings,Punjab Kings,field,0,0.61875,0.46285714285714286,0.4,0.2,0.54375,0.45714285714285713,0.6575342465753424,0.5119047619047619,0.5862068965517241,0.4175824175824176,0.6,0,0.15589285714285717,0.2,0.3,0.08660714285714283,0.14562948467058057,0.1686244789693065,-0.7777777777777778,0.30769230769230765,2.6307142857142765,-7.202321428571423,9.053791666666683,0.6,0.3,0.0,0.7777777777777778,0.6923076923076923,0.38461538461538464,159.825,157.1942857142857,152.30625,159.50857142857143,215.93645833333335,206.88266666666667
1178431,2019,2019-05-05,Wankhede Stadium,Kolkata Knight Riders,Mumbai Indians,Mumbai Indians,field,0,0.519774011299435,0.5760869565217391,0.4,0.6,0.519774011299435,0.5217391304347826,0.6105263157894737,0.5833333333333334,0.4146341463414634,0.57,0.25,0,-0.05631294522230412,-0.19999999999999996,-0.29999999999999993,-0.0019651191353475816,0.027192982456140324,-0.15536585365853656,-0.4962121212121212,-0.15384615384615385,-5.630311962662745,-0.8524932449029734,-6.72735404896423,0.4,0.7,0.125,0.6212121212121212,0.46153846153846156,0.6153846153846154,152.71751412429379,158.34782608695653,152.73446327683615,153.58695652173913,204.61431261770244,211.34166666666667
1181764,2019,2019-05-07,MA Chidambaram Stadium,Chennai Super Kings,Mumbai Indians,Chennai Super Kings,bat,0,0.6149068322981367,0.5783783783783784,0.4,0.6,0.5403726708074534,0.5243243243243243,0.6575342465753424,0.5882352941176471,0.5795454545454546,0.57,0.4230769230769231,1,0.03652845391975834,-0.19999999999999996,-0.09999999999999998,0.01604834648312914,0.06929895245769535,0.009545454545454635,-0.125,0.0,1.6719825415477487,-1.0408930669800327,4.44384197862459,0.6,0.7,0.875,1.0,0.6428571428571429,0.6428571428571429,159.88819875776397,158.21621621621622,152.43478260869566,153.4756756756757,215.93933747412007,211.49549549549548
1181766,2019,2019-05-08,Dr. Y.S. Rajasekhara Reddy ACA-VDCA Cricket Stadium,Sunrisers Hyderabad,Delhi Capitals,Delhi Capitals,field,0,0.5420560747663551,0.4342857142857143,0.2,0.8,0.42990654205607476,0.5085714285714286,0.6222222222222222,0.4897959183673469,0.4838709677419355,0.36363636363636365,0.6428571428571429,0,0.10777036048064081,-0.6000000000000001,-0.39999999999999997,-0.0786648865153538,0.1324263038548753,0.12023460410557185,0.26666666666666666,-0.21428571428571436,4.14050734312417,-2.341551187023299,15.710771695594133,0.3,0.7,0.6,0.3333333333333333,0.42857142857142855,0.6428571428571429,155.52336448598132,151.38285714285715,152.5607476635514,154.9022988505747,212.96448598130843,197.2537142857143
1181767,2019,2019-05-10,Dr. Y.S. Rajasekhara Reddy ACA-VDCA Cricket Stadium,Delhi Capitals,Chennai Super Kings,Chennai Super Kings,field,0,0.4375,0.6111111111111112,0.8,0.4,0.5113636363636364,0.5432098765432098,0.494949494949495,0.6575342465753424,0.36363636363636365,0.5730337078651685,0.3,0,-0.17361111111111116,0.4,0.30000000000000004,-0.03184624017957349,-0.16258475162584746,-0.20939734422880485,-0.5,0.06666666666666665,-8.249649270482593,2.6342151675485184,-18.723269734380835,0.8,0.5,0.5,1.0,0.6666666666666666,0.6,151.46022727272728,159.70987654320987,154.94285714285715,152.30864197530863,197.19545454545457,215.9187242798354
1181768,2019,2019-05-12,Rajiv Gandhi International Stadium,Mumbai Indians,Chennai Super Kings,Mumbai Indians,bat,1,0.5806451612903226,0.6134969325153374,0.8,0.4,0.521505376344086,0.5460122699386503,0.5930232558139535,0.6621621621621622,0.57,0.5730337078651685,0.5925925925925926,1,-0.032851771225014814,0.4,0.19999999999999996,-0.02450689359456426,-0.06913890634820863,-0.0030337078651685445,0.0,0.04166666666666663,-1.58117290058712,1.0787650900454935,-4.219629702926767,0.7,0.5,0.5,0.5,0.6666666666666666,0.625,158.0752688172043,159.6564417177914,153.3548387096774,152.27607361963192,211.60143369175628,215.82106339468305
1216492,2020,2020-09-19,Sheikh Zayed Stadium,Mumbai Indians,Chennai Super Kings,Chennai Super Kings,field,0,0.5828877005347594,0.6097560975609756,0.8,0.4,0.5240641711229946,0.5426829268292683,0.5930232558139535,0.6533333333333333,0.5742574257425742,0.5730337078651685,0.6071428571428571,0,-0.02686839702621624,0.4,0.29999999999999993,-0.018618755706273693,-0.06031007751937978,0.0012237178774057167,-0.5,0.0,-1.5586278857441016,1.070105647580533,-4.077510760401708,0.7,0.4,0.0,0.5,0.5,0.5,158.02673796791444,159.58536585365854,153.32620320855614,152.2560975609756,211.70196078431374,215.77947154471545
1216493,2020,2020-09-20,Dubai International Cricket Stadium,Delhi Capitals,Punjab Kings,Punjab Kings,field,1,0.4350282485875706,0.4659090909090909,0.6,0.2,0.5084745762711864,0.4602272727272727,0.494949494949495,0.5176470588235295,0.358974358974359,0.4175824175824176,0.4166666666666667,0,-0.030880842321520274,0.39999999999999997,0.39999999999999997,0.04824730354391371,-0.022697563874034488,-0.05860805860805862,-0.5,0.0,-5.849062660503336,-4.6477272727272805,-9.537962249614793,0.7,0.3,0.5,1.0,0.5,0.5,151.43502824858757,157.2840909090909,154.92045454545453,159.5681818181818,197.21468926553672,206.7526515151515
1216534,2020,2020-09-21,Dubai International Cricket Stadium,Royal Challengers Bengaluru,Sunrisers Hyderabad,Sunrisers Hyderabad,field,1,0.4666666666666667,0.5370370370370371,0.6,0.2,0.45,0.42592592592592593,0.5157894736842106,0.6222222222222222,0.4117647058823529,0.47619047619047616,0.42857142857142855,0,-0.07037037037037042,0.39999999999999997,0.2,0.02407407407407408,-0.10643274853801166,-0.06442577030812324,-0.5,0.0,-0.3833333333333542,5.318487481895318,-3.2420370370370506,0.5,0.3,0.5,1.0,0.5,0.5,155.2,155.58333333333334,157.99441340782124,152.67592592592592,209.65796296296296,212.9
1216496,2020,2020-09-22,Sharjah Cricket Stadium,Rajasthan Royals,Chennai Super Kings,Chennai Super Kings,field,1,0.5102040816326531,0.6121212121212121,0.4,0.4,0.54421768707483,0.5454545454545454,0.5822784810126582,0.6578947368421053,0.43283582089552236,0.5730337078651685,0.3333333333333333,0,-0.101917130488559,0.0,0.0,-0.0012368583797154331,-0.07561625582944709,-0.14019788696964613,-1.0,-0.5,-7.439310917393101,0.2222634508348733,-6.343576582147989,0.4,0.4,0.0,1.0,0.5,1.0,152.18493150684932,159.62424242424242,152.5374149659864,152.3151515151515,209.43480725623584,215.77838383838383
1216508,2020,2020-09-23,Sheikh Zayed Stadium,Mumbai Indians,Kolkata Knight Riders,Kolkata Knight Riders,field,1,0.5797872340425532,0.5168539325842697,0.8,0.4,0.5212765957446809,0.5168539325842697,0.5930232558139535,0.6105263157894737,0.5686274509803921,0.40963855421686746,0.76,0,0.06293330145828346,0.4,0.39999999999999997,0.004422663160411178,-0.017503059975520152,0.15898889676352468,-0.3333333333333333,-0.5,5.441130767391826,0.764403538130523,6.94018646904135,0.7,0.3,0.0,0.3333333333333333,0.0,0.5,158.04787234042553,152.6067415730337,153.39361702127658,152.62921348314606,211.67801418439717,204.73782771535582
1216510,2020,2020-09-24,Dubai International Cricket Stadium,Punjab Kings,Royal Challengers Bengaluru,Royal Challengers Bengaluru,field,1,0.4632768361581921,0.4696132596685083,0.2,0.6,0.4632768361581921,0.44751381215469616,0.5116279069767442,0.5157894736842106,0.4175824175824176,0.4186046511627907,0.5,0,-0.006336423510316214,-0.39999999999999997,-0.3,0.01576302400349594,-0.004161566707466369,-0.001022233580373122,-0.16666666666666663,-1.0,2.0393919530542917,1.5870056497175256,-2.641159700762671,0.3,0.6,0.5,0.6666666666666666,0.0,1.0,157.28248587570621,155.24309392265192,159.5536723163842,157.96666666666667,206.7291902071563,209.37034990791898
1216539,2020,2020-09-25,Dubai International Cricket Stadium,Delhi Capitals,Chennai Super Kings,Chennai Super Kings,field,1,0.43820224719101125,0.608433734939759,0.6,0.4,0.5056179775280899,0.5481927710843374,0.494949494949495,0.6493506493506493,0.3670886075949367,0.5730337078651685,0.2857142857142857,0,-0.1702314877487478,0.19999999999999996,0.29999999999999993,-0.04257479355624749,-0.15440115440115437,-0.20594510027023177,-0.33333333333333337,0.5,-8.401177744686606,2.2334082091076084,-18.684213257524448,0.7,0.4,0.6666666666666666,1.0,1.0,0.5,151.46629213483146,159.86746987951807,154.9322033898305,152.6987951807229,197.19550561797755,215.879718875502
1216545,2020,2020-09-26,Sheikh Zayed Stadium,Sunrisers Hyderabad,Kolkata Knight Riders,Sunrisers Hyderabad,bat,0,0.5321100917431193,0.5139664804469274,0.2,0.4,0.43119266055045874,0.5195530726256983,0.6086956521739131,0.6041666666666666,0.47619047619047616,0.40963855421686746,0.4117647058823529,1,0.01814361129619191,-0.2,0.09999999999999998,-0.08836041207523954,0.0045289855072464524,0.06655192197360871,-0.25,0.0,2.989800625288325,-0.09527958587463559,8.381009003468108,0.3,0.2,0.0,0.25,0.0,0.0,155.55963302752295,152.56983240223462,152.77064220183487,152.8659217877095,213.1247706422018,204.7437616387337
1216527,2020,2020-09-27,Sharjah Cricket Stadium,Punjab Kings,Rajasthan Royals,Rajasthan Royals,field,0,0.46629213483146065,0.5135135135135135,0.4,0.6,0.4606741573033708,0.5405405405405406,0.5116279069767442,0.5822784810126582,0.42391304347826086,0.4411764705882353,0.47368421052631576,0,-0.04722137868205284,-0.19999999999999996,-0.2,-0.07986638323716977,-0.07065057403591402,-0.017263427109974416,0.5,-0.5,4.937132156233275,6.41155481324023,-2.5514766170664984,0.3,0.5,1.0,0.5,0.5,1.0,157.5561797752809,152.61904761904762,159.26966292134833,152.8581081081081,206.87228464419476,209.42376126126126
1216547,2020,2020-09-28,Dubai International Cricket Stadium,Royal Challengers Bengaluru,Mumbai Indians,Mumbai Indians,field,1,0.46703296703296704,0.582010582010582,0.4,0.8,0.45054945054945056,0.5185185185185185,0.5104166666666666,0.5930232558139535,0.4186046511627907,0.5728155339805825,0.36,0,-0.11497761497761494,-0.4,-0.09999999999999998,-0.06796906796906793,-0.08260658914728691,-0.15421088281779177,0.5,0.0,-3.254375254375276,4.877546844397671,-2.236962420295754,0.6,0.7,0.5,0.0,0.5,0.5,154.98901098901098,158.24338624338625,158.23204419889504,153.35449735449737,209.37820512820514,211.6151675485009
1216532,2020,2020-09-29,Sheikh Zayed Stadium,Sunrisers Hyderabad,Delhi Capitals,Delhi Capitals,field,1,0.5272727272727272,0.441340782122905,0.0,0.8,0.43636363636363634,0.5027932960893855,0.6086956521739131,0.494949494949495,0.46875,0.375,0.6,0,0.08593194514982222,-0.8,-0.39999999999999997,-0.06642965972574916,0.11374615722441811,0.09375,0.0,-1.0,3.838598273235135,-2.097752808988787,16.15641442356528,0.3,0.7,0.0,0.0,0.0,1.0,155.43636363636364,151.5977653631285,152.7,154.79775280898878,213.49272727272728,197.336312849162
1216504,2020,2020-09-30,Dubai International Cricket Stadium,Kolkata Knight Riders,Rajasthan Royals,Rajasthan Royals,field,1,0.5166666666666667,0.5167785234899329,0.6,0.6,0.5166666666666667,0.5436241610738255,0.6082474226804123,0.5875,0.40963855421686746,0.4411764705882353,0.5,0,-0.00011185682326619872,0.0,-0.3,-0.026957494407158777,0.020747422680412297,-0.031537916371367825,0.0,-0.5,-0.5870870870870988,-0.5233035048471493,-4.838886403181704,0.3,0.6,0.0,0.0,0.5,1.0,152.52777777777777,153.11486486486487,152.80555555555554,153.3288590604027,204.75518518518518,209.5940715883669
1216503,2020,2020-10-01,Sheikh Zayed Stadium,Mumbai Indians,Punjab Kings,Punjab Kings,field,1,0.5789473684210527,0.46368715083798884,0.6,0.4,0.5210526315789473,0.4581005586592179,0.5862068965517241,0.5116279069767442,0.5728155339805825,0.41935483870967744,0.5416666666666666,0,0.11526021758306382,0.19999999999999996,0.3,0.06295207291972943,0.07457898957497988,0.15346069527090506,-0.6666666666666667,0.0,0.5466333431343742,-6.037194942663916,4.379413897873178,0.6,0.3,0.3333333333333333,1.0,0.3333333333333333,0.3333333333333333,158.46842105263158,157.9217877094972,153.60526315789474,159.64245810055866,211.60771929824563,207.22830540037245
1216516,2020,2020-10-02,Dubai International Cricket Stadium,Sunrisers Hyderabad,Chennai Super Kings,Sunrisers Hyderabad,bat,1,0.5315315315315315,0.6047904191616766,0.2,0.4,0.43243243243243246,0.5508982035928144,0.6086956521739131,0.6410256410256411,0.47692307692307695,0.5730337078651685,0.25,1,-0.0732588876301451,-0.2,-0.10000000000000003,-0.11846577116038193,-0.032329988851728,-0.09611063094209155,0.0,0.0,-4.199115282947616,-0.18368668069265937,-2.2555375735016696,0.3,0.4,0.6666666666666666,0.6666666666666666,0.3333333333333333,0.3333333333333333,155.4954954954955,159.69461077844312,152.64864864864865,152.8323353293413,213.7171171171171,215.97265469061878
1216514,2020,2020-10-03,Sheikh Zayed Stadium,Rajasthan Royals,Royal Challengers Bengaluru,Rajasthan Royals,bat,0,0.5133333333333333,0.46994535519125685,0.4,0.6,0.5466666666666666,0.44808743169398907,0.5802469135802469,0.5104166666666666,0.4411764705882353,0.42528735632183906,0.5,1,0.043387978142076455,-0.19999999999999996,-0.09999999999999998,0.09857923497267757,0.06983024691358031,0.01588911426639622,1.0,0.0,-2.233725749073983,-5.000366300366295,0.5194808743169403,0.5,0.6,1.0,0.0,0.6666666666666666,0.6666666666666666,153.00671140939596,155.24043715846994,153.46666666666667,158.46703296703296,209.69944444444445,209.1799635701275
1216515,2020,2020-10-03,Sharjah Cricket Stadium,Delhi Capitals,Kolkata Knight Riders,Kolkata Knight Riders,field,1,0.4388888888888889,0.5193370165745856,0.6,0.6,0.5055555555555555,0.5138121546961326,0.49,0.6082474226804123,0.375,0.4166666666666667,0.43478260869565216,0,-0.08044812768569676,0.0,0.29999999999999993,-0.008256599140577081,-0.11824742268041233,-0.041666666666666685,-0.5,0.0,-1.0741866175567907,2.119756782616747,-7.160963781461021,0.7,0.4,0.5,1.0,0.6666666666666666,0.6666666666666666,151.57222222222222,152.646408839779,154.83798882681563,152.71823204419888,197.5988888888889,204.75985267034991
1216513,2020,2020-10-04,Dubai International Cricket Stadium,Punjab Kings,Chennai Super Kings,Punjab Kings,bat,0,0.46111111111111114,0.6011904761904762,0.4,0.2,0.46111111111111114,0.5476190476190477,0.5057471264367817,0.6329113924050633,0.41935483870967744,0.5730337078651685,0.42857142857142855,1,-0.14007936507936503,0.2,0.0,-0.08650793650793653,-0.12716426596828168,-0.15367886915549106,0.16666666666666663,0.0,-1.8396825396825136,6.9178571428571445,-8.550462962962968,0.3,0.3,0.6666666666666666,0.5,0.25,0.25,157.8388888888889,159.67857142857142,159.81666666666666,152.89880952380952,207.55925925925925,216.10972222222222
1216538,2020,2020-10-04,Sharjah Cricket Stadium,Mumbai Indians,Sunrisers Hyderabad,Mumbai Indians,bat,1,0.581151832460733,0.5357142857142857,0.6,0.4,0.518324607329843,0.4375,0.5862068965517241,0.6086956521739131,0.5769230769230769,0.48484848484848486,0.5,1,0.04543754674644729,0.19999999999999996,0.39999999999999997,0.08082460732984298,-0.022488755622188994,0.09207459207459201,0.0,0.0,3.067314884068793,0.8622382198952891,-2.2988188730989805,0.7,0.3,0.0,0.0,0.5,0.5,158.63874345549738,155.57142857142858,153.5497382198953,152.6875,211.50296684118672,213.8017857142857
1216519,2020,2020-10-05,Dubai International Cricket Stadium,Delhi Capitals,Royal Challengers Bengaluru,Royal Challengers Bengaluru,field,1,0.4419889502762431,0.47282608695652173,0.6,0.8,0.5027624309392266,0.44565217391304346,0.49,0.5154639175257731,0.38271604938271603,0.42528735632183906,0.34782608695652173,0,-0.030837136680278654,-0.20000000000000007,0.0,0.05711025702618311,-0.02546391752577315,-0.04257130693912303,0.15000000000000002,0.0,-3.2609596444871443,-3.2981785063752227,-11.359258147169498,0.7,0.7,0.75,0.6,0.75,0.75,151.99447513812154,155.2554347826087,155.14444444444445,158.44262295081967,197.8099447513812,209.1692028985507
1216511,2020,2020-10-06,Sheikh Zayed Stadium,Mumbai Indians,Rajasthan Royals,Mumbai Indians,bat,1,0.5833333333333334,0.5099337748344371,0.6,0.4,0.5208333333333334,0.5496688741721855,0.5862068965517241,0.5802469135802469,0.580952380952381,0.43478260869565216,0.5,1,0.07339955849889623,0.19999999999999996,0.19999999999999996,-0.028835540838852092,0.005959982971477151,0.14616977225672884,-0.25,0.09999999999999998,5.882500000000022,0.1595612582781598,1.846132266372365,0.7,0.5,0.5,0.75,0.6,0.5,158.89583333333334,153.01333333333332,153.65625,153.49668874172184,211.51180555555558,209.66567328918322
1216501,2020,2020-10-07,Sheikh Zayed Stadium,Kolkata Knight Riders,Chennai Super Kings,Kolkata Knight Riders,bat,1,0.5164835164835165,0.6035502958579881,0.4,0.4,0.5164835164835165,0.5443786982248521,0.6020408163265306,0.6375,0.4166666666666667,0.5730337078651685,0.35,1,-0.0870667793744716,0.0,0.0,-0.02789518174133554,-0.03545918367346934,-0.1563670411985018,-0.2666666666666666,0.09999999999999998,-6.843195266272204,0.08453085376163472,-11.384826711749781,0.4,0.4,0.4,0.6666666666666666,0.5,0.4,152.96153846153845,159.80473372781066,153.13186813186815,153.0473372781065,204.68992673992673,216.07475345167651
1216542,2020,2020-10-08,Dubai International Cricket Stadium,Sunrisers Hyderabad,Punjab Kings,Sunrisers Hyderabad,bat,1,0.5309734513274337,0.4585635359116022,0.4,0.2,0.4336283185840708,0.46408839779005523,0.5957446808510638,0.5057471264367817,0.48484848484848486,0.4148936170212766,0.7142857142857143,1,0.07240991541583147,0.2,0.09999999999999998,-0.030460079205984425,0.08999755441428214,0.06995486782720828,0.25,0.2,-2.2157629687576446,-6.7567105070160665,5.694043253638398,0.3,0.2,0.75,0.5,0.4,0.2,155.73451327433628,157.95027624309392,153.1769911504425,159.93370165745856,213.54247787610618,207.84843462246778
1216500,2020,2020-10-09,Sharjah Cricket Stadium,Delhi Capitals,Rajasthan Royals,Rajasthan Royals,field,1,0.44505494505494503,0.506578947368421,0.8,0.4,0.5,0.5460526315789473,0.49,0.573170731707317,0.3902439024390244,0.43478260869565216,0.45,0,-0.06152400231347599,0.4,0.29999999999999993,-0.046052631578947345,-0.08317073170731704,-0.04453870625662776,0.0,0.4,-0.6643985153918948,1.2876199476592092,-11.62313596491228,0.7,0.4,0.6666666666666666,0.6666666666666666,0.8,0.4,152.23626373626374,152.90066225165563,155.04419889502762,153.7565789473684,198.025,209.64813596491229
1216523,2020,2020-10-10,Sheikh Zayed Stadium,Kolkata Knight Riders,Punjab Kings,Kolkata Knight Riders,bat,1,0.5191256830601093,0.45604395604395603,0.6,0.2,0.5191256830601093,0.46153846153846156,0.6020408163265306,0.5,0.4235294117647059,0.4148936170212766,0.68,1,0.06308172701615328,0.39999999999999997,0.3,0.05758722152164775,0.10204081632653061,0.008635794743429293,-0.16666666666666663,0.43333333333333335,-4.7694409415721,-7.006335194859787,-3.497107628255179,0.5,0.2,0.5,0.6666666666666666,0.6,0.16666666666666666,153.03825136612022,157.80769230769232,153.15300546448088,160.15934065934067,204.5235883424408,208.02069597069598
1216525,2020,2020-10-10,Dubai International Cricket Stadium,Royal Challengers Bengaluru,Chennai Super Kings,Royal Challengers Bengaluru,bat,1,0.4702702702702703,0.6,0.6,0.2,0.4486486486486487,0.5411764705882353,0.5102040816326531,0.6296296296296297,0.42528735632183906,0.5730337078651685,0.34782608695652173,1,-0.12972972972972968,0.39999999999999997,0.3,-0.09252782193958659,-0.11942554799697658,-0.14774635154332943,-0.09999999999999998,0.26666666666666666,-4.631478537360891,5.517327365728903,-6.649300476947531,0.6,0.3,0.5,0.6,0.6,0.3333333333333333,155.15675675675675,159.78823529411764,158.64673913043478,153.12941176470588,209.35207207207205,216.00137254901958
1216507,2020,2020-10-11,Dubai International Cricket Stadium,Sunrisers Hyderabad,Rajasthan Royals,Sunrisers Hyderabad,bat,0,0.5350877192982456,0.5032679738562091,0.6,0.2,0.43859649122807015,0.5490196078431373,0.5957446808510638,0.5662650602409639,0.4925373134328358,0.43478260869565216,0.5454545454545454,1,0.03181974544203647,0.39999999999999997,0.0,-0.11042311661506715,0.0294796206100999,0.05775470473718364,0.8,0.16666666666666669,3.3289473684210407,-0.963020295837623,3.766368535718385,0.4,0.4,0.8,0.0,0.5,0.3333333333333333,156.1315789473684,152.80263157894737,152.99122807017545,153.95424836601308,213.30438596491229,209.5380174291939
1216529,2020,2020-10-11,Sheikh Zayed Stadium,Delhi Capitals,Mumbai Indians,Delhi Capitals,bat,0,0.44808743169398907,0.5854922279792746,0.8,0.8,0.4972677595628415,0.5233160621761658,0.49,0.5862068965517241,0.39759036144578314,0.5849056603773585,0.5,1,-0.1374047962852855,0.0,-0.10000000000000009,-0.026048302613324248,-0.0962068965517241,-0.18731529893157534,-0.6,0.16666666666666674,-6.662702794529878,1.3857826111712086,-13.251350547863751,0.7,0.8,0.0,0.6,0.8333333333333334,0.6666666666666666,152.40983606557376,159.07253886010363,154.95054945054946,153.56476683937825,198.28060109289618,211.53195164075993
1216540,2020,2020-10-12,Sharjah Cricket Stadium,Royal Challengers Bengaluru,Kolkata Knight Riders,Royal Challengers Bengaluru,bat,1,0.4731182795698925,0.5217391304347826,0.6,0.8,0.45161290322580644,0.5217391304347826,0.5102040816326531,0.6020408163265306,0.4318181818181818,0.43023255813953487,0.4166666666666667,1,-0.0486208508648901,-0.20000000000000007,0.0,-0.07012622720897616,-0.09183673469387754,0.0015856236786469524,0.0,0.0,2.133356708742383,5.301615746180943,4.938654160822807,0.6,0.6,0.5,0.5,0.6666666666666666,0.6666666666666666,155.2311827956989,153.09782608695653,158.5027027027027,153.20108695652175,209.33548387096775,204.39682971014494
1216528,2020,2020-10-13,Dubai International Cricket Stadium,Chennai Super Kings,Sunrisers Hyderabad,Chennai Super Kings,bat,1,0.5964912280701754,0.5304347826086957,0.2,0.6,0.5380116959064327,0.4434782608695652,0.6219512195121951,0.5957446808510638,0.5730337078651685,0.4852941176470588,0.6923076923076923,1,0.06605644546147971,-0.39999999999999997,0.0,0.09453343503686751,0.026206538661131318,0.08773959021810968,-0.16666666666666663,-0.14285714285714285,3.477904907195523,0.1439613526570156,2.7342249343164724,0.3,0.3,0.5,0.6666666666666666,0.2857142857142857,0.42857142857142855,159.62573099415204,156.1478260869565,153.22222222222223,153.0782608695652,215.9803118908382,213.24608695652174
1216543,2020,2020-10-14,Dubai International Cricket Stadium,Delhi Capitals,Rajasthan Royals,Delhi Capitals,bat,1,0.44565217391304346,0.5064935064935064,0.6,0.2,0.5,0.5454545454545454,0.49,0.5714285714285714,0.39285714285714285,0.43478260869565216,0.47619047619047616,1,-0.06084133258046298,0.39999999999999997,0.29999999999999993,-0.045454545454545414,-0.0814285714285714,-0.04192546583850931,0.46666666666666673,0.28571428571428575,-0.40732452401249475,1.0304094812291567,-10.76534326181067,0.7,0.4,0.8,0.3333333333333333,0.7142857142857143,0.42857142857142855,152.46195652173913,152.86928104575162,155.01092896174865,153.9805194805195,198.5432065217391,209.30854978354978
1216531,2020,2020-10-15,Sharjah Cricket Stadium,Royal Challengers Bengaluru,Punjab Kings,Royal Challengers Bengaluru,bat,0,0.47593582887700536,0.453551912568306,0.8,0.0,0.45454545454545453,0.45901639344262296,0.5102040816326531,0.4943820224719101,0.43820224719101125,0.4148936170212766,0.48,1,0.022383916308699348,0.8,0.39999999999999997,-0.0044709388971684305,0.015822059160742974,0.023308630169734668,0.0,0.5714285714285714,-2.3920984190993977,-1.9276396968094502,1.1822370279458028,0.6,0.2,0.6666666666666666,0.6666666666666666,0.7142857142857143,0.14285714285714285,155.4385026737968,157.8306010928962,158.252688172043,160.18032786885246,209.29598930481282,208.11375227686702
1216526,2020,2020-10-16,Sheikh Zayed Stadium,Kolkata Knight Riders,Mumbai Indians,Kolkata Knight Riders,bat,0,0.518918918918919,0.5876288659793815,0.6,0.8,0.518918918918919,0.520618556701031,0.5959595959595959,0.5909090909090909,0.43023255813953487,0.5849056603773585,0.23076923076923078,1,-0.06870994706046252,-0.20000000000000007,-0.20000000000000007,-0.0016996377821120179,0.005050505050504972,-0.1546731022378236,-0.09523809523809523,-0.1428571428571429,-6.232571747004755,-0.18662580105879556,-7.400916689885776,0.6,0.8,0.5714285714285714,0.6666666666666666,0.5714285714285714,0.7142857142857143,152.87567567567567,159.10824742268042,153.42162162162163,153.60824742268042,204.27468468468467,211.67560137457045
1216509,2020,2020-10-17,Sharjah Cricket Stadium,Chennai Super Kings,Delhi Capitals,Chennai Super Kings,bat,0,0.5988372093023255,0.4486486486486487,0.4,0.8,0.5406976744186046,0.5027027027027027,0.6219512195121951,0.49,0.5777777777777777,0.4,0.6818181818181818,1,0.15018856065367686,-0.4,-0.29999999999999993,0.03799497171590194,0.13195121951219513,0.1777777777777777,-0.25,-0.375,7.160496543054677,-1.7867795753286373,17.10466268594172,0.4,0.7,0.5,0.75,0.375,0.75,159.66860465116278,152.5081081081081,153.1860465116279,154.97282608695653,215.8676356589147,198.762972972973
1216522,2020,2020-10-17,Dubai International Cricket Stadium,Rajasthan Royals,Royal Challengers Bengaluru,Rajasthan Royals,bat,0,0.5032258064516129,0.4734042553191489,0.2,0.6,0.5419354838709678,0.4574468085106383,0.5647058823529412,0.5102040816326531,0.43478260869565216,0.43333333333333335,0.47619047619047616,1,0.02982155113246393,-0.39999999999999997,-0.3,0.0844886753603295,0.054501800720288096,0.0014492753623188137,-0.3214285714285714,-0.25,-2.6836142580823434,-4.327134724857672,-0.22586078700527423,0.3,0.6,0.25,0.5714285714285714,0.375,0.625,152.83766233766235,155.5212765957447,154.0258064516129,158.35294117647058,209.09408602150538,209.31994680851065
1216512,2020,2020-10-18,Sheikh Zayed Stadium,Kolkata Knight Riders,Sunrisers Hyderabad,Sunrisers Hyderabad,field,1,0.5161290322580645,0.5258620689655172,0.4,0.4,0.521505376344086,0.4396551724137931,0.5959595959595959,0.5833333333333334,0.42528735632183906,0.4852941176470588,0.6111111111111112,0,-0.009733036707452736,0.0,0.2,0.08185020393029291,0.012626262626262541,-0.06000676132521976,0.16666666666666669,0.125,-3.219503151649974,0.19957360029664528,-9.047416882956355,0.5,0.3,0.5,0.3333333333333333,0.5,0.375,152.8494623655914,156.06896551724137,153.3978494623656,153.19827586206895,204.14310035842294,213.1905172413793
1216517,2020,2020-10-18,Dubai International Cricket Stadium,Mumbai Indians,Punjab Kings,Mumbai Indians,bat,0,0.5897435897435898,0.45652173913043476,1.0,0.2,0.517948717948718,0.45652173913043476,0.5955056179775281,0.5,0.5849056603773585,0.4148936170212766,0.56,1,0.133221850613155,0.8,0.5,0.06142697881828324,0.0955056179775281,0.1700120433560819,-0.4,0.5,1.1216276477146039,-6.659643255295407,3.4924865291712877,0.8,0.3,0.0,0.4,0.75,0.25,159.05641025641026,157.93478260869566,153.5794871794872,160.2391304347826,211.63931623931623,208.14682971014494
1216533,2020,2020-10-19,Sheikh Zayed Stadium,Chennai Super Kings,Rajasthan Royals,Chennai Super Kings,bat,0,0.5953757225433526,0.5,0.4,0.2,0.5433526011560693,0.5448717948717948,0.6219512195121951,0.5647058823529412,0.5714285714285714,0.42857142857142855,0.6363636363636364,1,0.09537572254335258,0.2,0.0,-0.0015191937157255087,0.05724533715925395,0.14285714285714285,-0.09999999999999998,0.0,6.786798433712477,-0.8159552393656497,6.8923441282545355,0.3,0.3,0.5,0.6,0.3333333333333333,0.3333333333333333,159.78034682080926,152.99354838709678,153.36994219653178,154.18589743589743,215.79672447013488,208.90438034188034
1216546,2020,2020-10-20,Dubai International Cricket Stadium,Delhi Capitals,Punjab Kings,Delhi Capitals,bat,0,0.45161290322580644,0.4594594594594595,0.8,0.4,0.5,0.4540540540540541,0.49504950495049505,0.5054945054945055,0.4,0.4148936170212766,0.44,1,-0.007846556233653046,0.4,0.29999999999999993,0.04594594594594592,-0.01044500054401043,-0.014893617021276562,0.33333333333333337,0.4444444444444445,-5.349636733507708,-5.221621621621608,-8.97802818947983,0.7,0.4,0.8333333333333334,0.5,0.7777777777777778,0.3333333333333333,152.68279569892474,158.03243243243244,155.10270270270271,160.32432432432432,199.06854838709677,208.0465765765766
1216494,2020,2020-10-21,Sheikh Zayed Stadium,Kolkata Knight Riders,Royal Challengers Bengaluru,Kolkata Knight Riders,bat,0,0.5187165775401069,0.47619047619047616,0.6,0.6,0.5187165775401069,0.455026455026455,0.5959595959595959,0.5151515151515151,0.4318181818181818,0.43333333333333335,0.56,1,0.04252610134963075,0.0,-0.19999999999999996,0.06369012251365191,0.08080808080808077,-0.001515151515151525,0.05555555555555558,-0.11111111111111105,-2.7417593299946077,-5.002929798611916,-5.543018419489016,0.5,0.7,0.5555555555555556,0.5,0.5555555555555556,0.6666666666666666,152.90374331550802,155.64550264550263,153.44919786096256,158.45212765957447,203.85142602495543,209.39444444444445
1216518,2020,2020-10-22,Dubai International Cricket Stadium,Rajasthan Royals,Sunrisers Hyderabad,Sunrisers Hyderabad,field,0,0.5031847133757962,0.5213675213675214,0.4,0.2,0.5414012738853503,0.4444444444444444,0.5697674418604651,0.5714285714285714,0.42857142857142855,0.4852941176470588,0.5,0,-0.018182807991725225,0.2,0.10000000000000003,0.09695682944090589,-0.0016611295681062677,-0.05672268907563027,-0.3714285714285714,0.06666666666666671,-3.307692307692321,0.7179487179487296,-4.202991452991455,0.4,0.3,0.2,0.5714285714285714,0.4,0.3333333333333333,152.82051282051282,156.12820512820514,154.0,153.28205128205127,208.68333333333334,212.8863247863248
1216521,2020,2020-10-23,Sharjah Cricket Stadium,Chennai Super Kings,Mumbai Indians,Mumbai Indians,field,0,0.5919540229885057,0.5867346938775511,0.2,0.8,0.5459770114942529,0.5204081632653061,0.6219512195121951,0.5955056179775281,0.5652173913043478,0.5794392523364486,0.41379310344827586,0,0.005219329110954685,-0.6000000000000001,-0.39999999999999997,0.025568848228946783,0.026445601534667018,-0.014221861032100769,-0.16666666666666669,-0.36666666666666664,0.4376026272578031,-0.48123387285949093,4.052232387207766,0.3,0.7,0.3333333333333333,0.5,0.3,0.6666666666666666,159.58045977011494,159.14285714285714,153.21264367816093,153.69387755102042,215.7668582375479,211.71462585034013
1216497,2020,2020-10-24,Sheikh Zayed Stadium,Kolkata Knight Riders,Delhi Capitals,Delhi Capitals,field,1,0.5159574468085106,0.44919786096256686,0.4,0.6,0.5212765957446809,0.5026737967914439,0.5959595959595959,0.49504950495049505,0.42696629213483145,0.3953488372093023,0.5416666666666666,0,0.06675958584594377,-0.19999999999999996,-0.19999999999999996,0.01860279895323702,0.10091009100910087,0.03161745492552914,0.5,-0.19999999999999996,-0.20608146546820194,-2.081560283687935,4.310812284294798,0.5,0.7,0.5,0.0,0.5,0.7,152.5372340425532,152.7433155080214,153.08510638297872,155.16666666666666,203.64476950354612,199.33395721925132
1216498,2020,2020-10-24,Dubai International Cricket Stadium,Punjab Kings,Sunrisers Hyderabad,Sunrisers Hyderabad,field,1,0.46236559139784944,0.5254237288135594,0.6,0.4,0.45161290322580644,0.4491525423728814,0.5108695652173914,0.58,0.4148936170212766,0.4852941176470588,0.26666666666666666,0,-0.06305813741570993,0.19999999999999996,0.0,0.0024603608529250587,-0.06913043478260861,-0.07040050062578224,-0.0535714285714286,0.0,1.9535265172225422,7.05595042828503,-4.6972768969078516,0.4,0.4,0.5714285714285714,0.625,0.4,0.4,158.08064516129033,156.1271186440678,160.34408602150538,153.28813559322035,208.02051971326165,212.7177966101695
1216541,2020,2020-10-25,Sheikh Zayed Stadium,Mumbai Indians,Rajasthan Royals,Mumbai Indians,bat,0,0.5888324873096447,0.5,0.8,0.4,0.5228426395939086,0.5379746835443038,0.6,0.5697674418604651,0.5794392523364486,0.4225352112676056,0.5238095238095238,1,0.08883248730964466,0.4,0.39999999999999997,-0.015132043950395135,0.03023255813953485,0.15690404106884293,0.04761904761904767,0.3363636363636363,6.095832390313291,-0.5202724410460746,3.355847737154363,0.7,0.3,0.7142857142857143,0.6666666666666666,0.7,0.36363636363636365,158.9238578680203,152.828025477707,153.49238578680203,154.0126582278481,211.83485617597293,208.47900843881857
1216544,2020,2020-10-25,Dubai International Cricket Stadium,Royal Challengers Bengaluru,Chennai Super Kings,Royal Challengers Bengaluru,bat,0,0.4789473684210526,0.5885714285714285,0.8,0.2,0.45263157894736844,0.5428571428571428,0.52,0.6219512195121951,0.43333333333333335,0.5591397849462365,0.375,1,-0.1096240601503759,0.6000000000000001,0.49999999999999994,-0.09022556390977438,-0.1019512195121951,-0.12580645161290316,0.0535714285714286,0.42727272727272725,-4.046315789473681,5.058201058201064,-6.215551378446122,0.7,0.2,0.625,0.5714285714285714,0.7,0.2727272727272727,155.2736842105263,159.32,158.05820105820106,153.0,209.4692105263158,215.68476190476193
1216520,2020,2020-10-26,Sharjah Cricket Stadium,Kolkata Knight Riders,Punjab Kings,Punjab Kings,field,0,0.5185185185185185,0.46524064171123,0.4,0.8,0.5185185185185185,0.44919786096256686,0.5959595959595959,0.5108695652173914,0.43333333333333335,0.42105263157894735,0.6923076923076923,0,0.053277876807288516,-0.4,0.09999999999999998,0.06932065755595163,0.08509003074220456,0.012280701754386003,-0.4166666666666667,0.09090909090909088,-5.152477152477161,-7.106838695073975,-4.605801243056135,0.6,0.5,0.3333333333333333,0.75,0.5454545454545454,0.45454545454545453,152.75661375661375,157.9090909090909,152.989417989418,160.09625668449198,203.44241622574958,208.04821746880572
1216524,2020,2020-10-27,Dubai International Cricket Stadium,Sunrisers Hyderabad,Delhi Capitals,Delhi Capitals,field,1,0.5210084033613446,0.44680851063829785,0.2,0.4,0.453781512605042,0.5053191489361702,0.5686274509803921,0.49019607843137253,0.4852941176470588,0.3953488372093023,0.625,0,0.07419989272304672,-0.2,-0.19999999999999996,-0.051537636331128234,0.0784313725490196,0.08994528043775651,-0.15873015873015872,-0.2727272727272727,3.1241730734847124,-2.3155080213903716,12.991580994099763,0.4,0.6,0.5555555555555556,0.7142857142857143,0.36363636363636365,0.6363636363636364,155.7731092436975,152.64893617021278,153.05882352941177,155.37433155080214,212.53865546218486,199.5470744680851
1216499,2020,2020-10-28,Sheikh Zayed Stadium,Royal Challengers Bengaluru,Mumbai Indians,Mumbai Indians,field,0,0.47643979057591623,0.5858585858585859,0.6,0.6,0.45549738219895286,0.5252525252525253,0.52,0.6,0.42857142857142855,0.5740740740740741,0.38461538461538464,0,-0.10941879528266962,0.0,-0.09999999999999998,-0.06975514305357244,-0.07999999999999996,-0.14550264550264552,0.04166666666666663,0.0,-3.886165318102485,4.308718766613509,-2.401201367955281,0.6,0.7,0.6666666666666666,0.625,0.6363636363636364,0.6363636363636364,155.2198952879581,159.1060606060606,158.0157894736842,153.7070707070707,209.61125654450262,212.0124579124579
1216536,2020,2020-10-29,Dubai International Cricket Stadium,Kolkata Knight Riders,Chennai Super Kings,Chennai Super Kings,field,0,0.5157894736842106,0.5909090909090909,0.4,0.4,0.5157894736842106,0.5397727272727273,0.5959595959595959,0.6265060240963856,0.42857142857142855,0.5591397849462365,0.38095238095238093,0,-0.07511961722488036,0.0,0.2,-0.023983253588516718,-0.03054642813678965,-0.13056835637480796,-0.125,0.16666666666666669,-6.530203349282317,0.019138755980861788,-12.054961124401899,0.5,0.3,0.5,0.625,0.5,0.3333333333333333,152.73684210526315,159.26704545454547,152.97368421052633,152.95454545454547,203.3790350877193,215.4339962121212
1216537,2020,2020-10-30,Sheikh Zayed Stadium,Punjab Kings,Rajasthan Royals,Rajasthan Royals,field,0,0.46808510638297873,0.5031446540880503,1.0,0.4,0.4521276595744681,0.5345911949685535,0.5161290322580645,0.5747126436781609,0.42105263157894735,0.4225352112676056,0.45,0,-0.03505954770507158,0.6,0.2,-0.08246353539408535,-0.05858361142009638,-0.001482579688658281,-0.2142857142857143,0.08333333333333331,4.765755453810954,5.76679379098087,-0.06064554618851048,0.5,0.3,0.5,0.7142857142857143,0.5,0.4166666666666667,157.86702127659575,153.1012658227848,160.0372340425532,154.27044025157232,208.0543439716312,208.1149895178197
1216502,2020,2020-10-31,Sharjah Cricket Stadium,Royal Challengers Bengaluru,Sunrisers Hyderabad,Sunrisers Hyderabad,field,0,0.4739583333333333,0.525,0.4,0.4,0.453125,0.45,0.52,0.5686274509803921,0.42391304347826086,0.4927536231884058,0.4666666666666667,0,-0.05104166666666671,0.0,0.09999999999999998,0.003124999999999989,-0.04862745098039212,-0.06884057971014496,0.5,0.16666666666666669,-1.0343750000000114,5.182591623036643,-2.702343749999983,0.6,0.5,0.5,0.0,0.5833333333333334,0.4166666666666667,155.265625,156.3,158.05759162303664,152.875,209.56015625,212.2625
1216535,2020,2020-10-31,Dubai International Cricket Stadium,Delhi Capitals,Mumbai Indians,Mumbai Indians,field,0,0.4444444444444444,0.5879396984924623,0.4,0.6,0.5079365079365079,0.5276381909547738,0.4854368932038835,0.6043956043956044,0.3953488372093023,0.5740740740740741,0.48,0,-0.14349525404801788,-0.19999999999999996,-0.19999999999999996,-0.019701683018265914,-0.11895871119172086,-0.17872523686477176,0.625,-0.08333333333333326,-6.606311983196406,1.953971987597555,-12.35158464279067,0.5,0.7,0.625,0.0,0.5833333333333334,0.6666666666666666,152.53439153439155,159.14070351758795,155.7127659574468,153.75879396984925,199.7251322751323,212.07671691792297
1216506,2020,2020-11-01,Sheikh Zayed Stadium,Punjab Kings,Chennai Super Kings,Chennai Super Kings,field,0,0.4656084656084656,0.5932203389830508,0.8,0.4,0.4497354497354497,0.5423728813559322,0.5161290322580645,0.6309523809523809,0.4166666666666667,0.5591397849462365,0.4090909090909091,0,-0.12761187337458524,0.4,0.09999999999999998,-0.09263743162048249,-0.11482334869431643,-0.14247311827956982,0.0,0.07692307692307693,-1.362299345350209,7.1124562819478,-7.267596329178218,0.5,0.4,0.4,0.4,0.46153846153846156,0.38461538461538464,158.010582010582,159.3728813559322,160.17460317460316,153.06214689265536,208.11649029982365,215.38408662900187
1216530,2020,2020-11-01,Dubai International Cricket Stadium,Kolkata Knight Riders,Rajasthan Royals,Rajasthan Royals,field,1,0.5130890052356021,0.50625,0.4,0.6,0.5130890052356021,0.5375,0.5959595959595959,0.5795454545454546,0.42391304347826086,0.4225352112676056,0.5238095238095238,0,0.0068390052356021025,-0.19999999999999996,0.0,-0.024410994764397898,0.016414141414141326,0.0013778322106552388,0.16666666666666666,0.0,-0.47047976555040805,-1.357787958115182,-4.587357657068026,0.4,0.4,0.3333333333333333,0.16666666666666666,0.46153846153846156,0.46153846153846156,152.83769633507853,153.30817610062894,153.10471204188482,154.4625,203.3906631762653,207.97802083333332
1216505,2020,2020-11-02,Sheikh Zayed Stadium,Royal Challengers Bengaluru,Delhi Capitals,Delhi Capitals,field,0,0.47150259067357514,0.4421052631578947,0.4,0.2,0.45077720207253885,0.5052631578947369,0.52,0.4854368932038835,0.41935483870967744,0.39080459770114945,0.5833333333333334,0,0.029397327515680416,0.2,0.0,-0.05448595582219801,0.034563106796116516,0.028550241008527988,0.5,0.0,2.7723752386146714,2.388392857142861,9.825869920916261,0.5,0.5,0.5,0.0,0.5384615384615384,0.5384615384615384,155.08290155440415,152.31052631578947,157.86458333333334,155.47619047619048,209.5282383419689,199.70236842105263
1216495,2020,2020-11-03,Sharjah Cricket Stadium,Mumbai Indians,Sunrisers Hyderabad,Sunrisers Hyderabad,field,0,0.59,0.5289256198347108,0.6,0.6,0.53,0.45454545454545453,0.6086956521739131,0.5769230769230769,0.5740740740740741,0.4927536231884058,0.5333333333333333,0,0.06107438016528921,0.0,0.30000000000000004,0.0754545454545455,0.03177257525083621,0.08132045088566825,0.41666666666666663,0.23076923076923073,2.891735537190101,0.9366942148760131,0.018663911845720804,0.8,0.5,0.6666666666666666,0.25,0.6923076923076923,0.46153846153846156,158.9,156.0082644628099,153.54,152.60330578512398,212.15833333333333,212.1396694214876
1237177,2020,2020-11-05,Dubai International Cricket Stadium,Mumbai Indians,Delhi Capitals,Delhi Capitals,field,1,0.5870646766169154,0.44502617801047123,0.6,0.2,0.527363184079602,0.5078534031413613,0.6086956521739131,0.49038461538461536,0.5688073394495413,0.39080459770114945,0.5384615384615384,0,0.14203849860644419,0.39999999999999997,0.19999999999999996,0.01950978093824074,0.11831103678929772,0.17800274174839187,-0.38888888888888895,0.07142857142857151,6.531374540908018,-1.9305315527624884,12.469294452692878,0.7,0.5,0.16666666666666666,0.5555555555555556,0.6428571428571429,0.5714285714285714,158.8507462686567,152.3193717277487,153.5273631840796,155.4578947368421,212.03814262023215,199.56884816753927
1237178,2020,2020-11-06,Sheikh Zayed Stadium,Royal Challengers Bengaluru,Sunrisers Hyderabad,Sunrisers Hyderabad,field,0,0.4690721649484536,0.5327868852459017,0.2,0.8,0.4484536082474227,0.45901639344262296,0.52,0.5849056603773585,0.4148936170212766,0.4927536231884058,0.4375,0,-0.06371472029744807,-0.6000000000000001,-0.09999999999999998,-0.010562785195200264,-0.06490566037735845,-0.07786000616712924,0.15000000000000002,0.0,-0.9002028054757432,5.270789093688933,-2.7991676525265916,0.4,0.5,0.4,0.25,0.5,0.5,155.06701030927834,155.9672131147541,157.84455958549222,152.5737704918033,209.37706185567012,212.1762295081967
1237180,2020,2020-11-08,Sheikh Zayed Stadium,Delhi Capitals,Sunrisers Hyderabad,Delhi Capitals,bat,1,0.4427083333333333,0.5365853658536586,0.2,0.8,0.5104166666666666,0.4634146341463415,0.4857142857142857,0.5925925925925926,0.39080459770114945,0.4927536231884058,0.35294117647058826,1,-0.09387703252032525,-0.6000000000000001,-0.19999999999999996,0.04700203252032514,-0.10687830687830685,-0.10194902548725637,-0.2,0.0,-3.501524390243901,3.292725492699958,-12.95941946138214,0.4,0.6,0.2,0.4,0.5333333333333333,0.5333333333333333,152.27083333333334,155.77235772357724,155.6910994764398,152.39837398373984,199.42838541666666,212.3878048780488
1237181,2020,2020-11-10,Dubai International Cricket Stadium,Delhi Capitals,Mumbai Indians,Delhi Capitals,bat,0,0.44559585492227977,0.5891089108910891,0.4,0.6,0.5129533678756477,0.5247524752475248,0.4857142857142857,0.6086956521739131,0.3977272727272727,0.5727272727272728,0.4444444444444444,1,-0.1435130559688093,-0.19999999999999996,-0.29999999999999993,-0.01179910737187706,-0.12298136645962737,-0.17500000000000004,0.2142857142857143,-0.10416666666666663,-6.593315549171507,2.3007941419141957,-12.903610697857346,0.4,0.7,0.5,0.2857142857142857,0.5625,0.6666666666666666,152.46113989637306,159.05445544554456,155.77604166666666,153.47524752475246,199.2541450777202,212.15775577557756
1254058,2021,2021-04-09,"MA Chidambaram Stadium, Chepauk, Chennai",Mumbai Indians,Royal Challengers Bengaluru,Royal Challengers Bengaluru,field,0,0.5911330049261084,0.4666666666666667,0.8,0.0,0.5221674876847291,0.4461538461538462,0.6129032258064516,0.52,0.5727272727272728,0.4105263157894737,0.6296296296296297,0,0.12446633825944176,0.8,0.29999999999999993,0.07601364153088291,0.0929032258064516,0.16220095693779907,0.0,0.0,4.100745231779712,-4.223655477121525,3.113268914993057,0.7,0.4,0.5,0.5,0.5,0.5,159.04433497536945,154.94358974358974,153.48768472906403,157.71134020618555,212.37865353037768,209.26538461538462
1254059,2021,2021-04-10,"Wankhede Stadium, Mumbai",Chennai Super Kings,Delhi Capitals,Delhi Capitals,field,0,0.5955056179775281,0.44329896907216493,0.6,0.4,0.5449438202247191,0.5154639175257731,0.6352941176470588,0.4857142857142857,0.5591397849462365,0.39325842696629215,0.6521739130434783,0,0.15220664890536317,0.19999999999999996,0.09999999999999998,0.02947990269894596,0.14957983193277308,0.16588135797994435,0.0,0.0,6.86331518591453,-2.7205856668801403,16.04013282366114,0.5,0.4,0.5,0.5,0.5,0.5,159.3426966292135,152.47938144329896,153.06179775280899,155.78238341968913,215.20327715355805,199.1631443298969
1254060,2021,2021-04-11,"MA Chidambaram Stadium, Chepauk, Chennai",Kolkata Knight Riders,Sunrisers Hyderabad,Sunrisers Hyderabad,field,1,0.515625,0.532258064516129,0.4,0.8,0.5104166666666666,0.4596774193548387,0.5959595959595959,0.5818181818181818,0.43010752688172044,0.4927536231884058,0.631578947368421,0,-0.016633064516129004,-0.4,0.0,0.05073924731182794,0.014141414141414121,-0.06264609630668538,0.0,0.0,-2.866767473118273,0.2960349462365741,-9.303575828853042,0.5,0.5,0.5,0.5,0.5,0.5,153.03645833333334,155.90322580645162,152.98958333333334,152.69354838709677,203.3552951388889,212.65887096774193
1254061,2021,2021-04-12,"Wankhede Stadium, Mumbai",Punjab Kings,Rajasthan Royals,Rajasthan Royals,field,1,0.4631578947368421,0.5031055900621118,0.6,0.6,0.4473684210526316,0.5403726708074534,0.5161290322580645,0.5730337078651685,0.41237113402061853,0.4225352112676056,0.42857142857142855,0,-0.03994769532526965,0.0,0.09999999999999998,-0.09300424975482185,-0.056904675607103994,-0.010164077246987091,0.0,0.0,4.815460526315803,5.45266426936908,0.20765773128474052,0.5,0.4,0.5,0.5,0.5,0.5,157.9842105263158,153.16875,160.1421052631579,154.68944099378882,208.17587719298245,207.96821946169771
1254062,2021,2021-04-13,"MA Chidambaram Stadium, Chepauk, Chennai",Mumbai Indians,Kolkata Knight Riders,Kolkata Knight Riders,field,1,0.5882352941176471,0.5181347150259067,0.6,0.6,0.5196078431372549,0.5077720207253886,0.6129032258064516,0.5959595959595959,0.5675675675675675,0.43617021276595747,0.7777777777777778,0,0.07010057909174039,0.0,0.09999999999999998,0.011835822411866315,0.016943629846855712,0.13139735480161008,-1.0,-1.0,5.831682413898193,0.4056182058315585,9.090360323749536,0.6,0.5,0.0,1.0,0.0,1.0,159.0441176470588,153.21243523316062,153.51960784313727,153.1139896373057,212.54640522875818,203.45604490500864
1254063,2021,2021-04-14,"MA Chidambaram Stadium, Chepauk, Chennai",Royal Challengers Bengaluru,Sunrisers Hyderabad,Sunrisers Hyderabad,field,1,0.46938775510204084,0.528,0.2,0.6,0.4489795918367347,0.464,0.5247524752475248,0.5714285714285714,0.4105263157894737,0.4927536231884058,0.4117647058823529,0,-0.05861224489795919,-0.39999999999999997,-0.09999999999999998,-0.01502040816326533,-0.04667609618104662,-0.08222730739893214,1.0,1.0,-1.102612244897955,4.74994871794874,-3.583377551020419,0.4,0.5,1.0,0.0,1.0,0.0,154.96938775510205,156.072,157.71794871794873,152.968,209.06862244897957,212.652
1254064,2021,2021-04-15,"Wankhede Stadium, Mumbai",Delhi Capitals,Rajasthan Royals,Rajasthan Royals,field,0,0.4461538461538462,0.5,0.6,0.4,0.517948717948718,0.5432098765432098,0.49056603773584906,0.5666666666666667,0.39325842696629215,0.4225352112676056,0.5,0,-0.05384615384615382,0.19999999999999996,0.0,-0.02526115859449185,-0.0761006289308176,-0.029276784301313474,1.0,1.0,-0.8934225195094712,0.8496881761486748,-8.716782209559994,0.4,0.4,1.0,0.0,1.0,0.0,152.67179487179487,153.56521739130434,155.94845360824743,155.09876543209876,199.15410256410257,207.87088477366257
1254065,2021,2021-04-16,"Wankhede Stadium, Mumbai",Punjab Kings,Chennai Super Kings,Chennai Super Kings,field,0,0.46596858638743455,0.5921787709497207,0.6,0.6,0.44502617801047123,0.5418994413407822,0.5161290322580645,0.6352941176470588,0.41836734693877553,0.5531914893617021,0.391304347826087,0,-0.12621018456228617,0.0,0.19999999999999996,-0.09687326333031093,-0.11916508538899429,-0.13482414242292662,1.0,1.0,-1.1886571704349365,7.171634151335212,-6.987956165238302,0.6,0.4,1.0,0.0,1.0,0.0,158.31413612565444,159.50279329608938,160.43979057591622,153.268156424581,208.02312390924956,215.01108007448786
1254066,2021,2021-04-17,"MA Chidambaram Stadium, Chepauk, Chennai",Mumbai Indians,Sunrisers Hyderabad,Mumbai Indians,bat,1,0.5902439024390244,0.5238095238095238,0.6,0.4,0.5170731707317073,0.46825396825396826,0.6129032258064516,0.5614035087719298,0.5714285714285714,0.4927536231884058,0.5,1,0.06643437862950052,0.19999999999999996,0.09999999999999998,0.048819202477739077,0.05149971703452183,0.07867494824016558,0.5,0.5,3.0415021293069913,0.5269066976384238,-0.0034649632210630443,0.6,0.5,0.5,0.0,0.5,0.0,159.00975609756097,155.96825396825398,153.46341463414635,152.93650793650792,212.75447154471544,212.7579365079365
1254067,2021,2021-04-18,"MA Chidambaram Stadium, Chepauk, Chennai",Royal Challengers Bengaluru,Kolkata Knight Riders,Royal Challengers Bengaluru,bat,1,0.4720812182741117,0.5154639175257731,0.4,0.4,0.4467005076142132,0.5103092783505154,0.5247524752475248,0.59,0.4166666666666667,0.43617021276595747,0.46153846153846156,1,-0.04338269925166144,0.0,0.0,-0.06360877073630222,-0.0652475247524752,-0.01950354609929078,0.5,0.5,1.7844471191585285,4.534609720176718,5.27501221065117,0.4,0.4,1.0,0.5,1.0,0.5,154.93908629441626,153.15463917525773,157.64285714285714,153.10824742268042,208.89365482233504,203.61864261168387
1254068,2021,2021-04-18,"Wankhede Stadium, Mumbai",Punjab Kings,Delhi Capitals,Delhi Capitals,field,0,0.4635416666666667,0.44387755102040816,0.4,0.4,0.4427083333333333,0.5153061224489796,0.5161290322580645,0.49056603773584906,0.41414141414141414,0.3888888888888889,0.5769230769230769,0,0.01966411564625853,0.0,0.3,-0.07259778911564624,0.025562994522215443,0.02525252525252525,0.0,0.0,5.398809523809518,4.243509615384625,8.700745819161,0.6,0.3,0.5,0.5,0.5,0.5,158.04166666666666,152.64285714285714,160.16145833333334,155.91794871794872,207.99487847222224,199.29413265306124
1254069,2021,2021-04-19,"Wankhede Stadium, Mumbai",Chennai Super Kings,Rajasthan Royals,Rajasthan Royals,field,1,0.5944444444444444,0.5030674846625767,0.8,0.6,0.5444444444444444,0.5460122699386503,0.6395348837209303,0.5714285714285714,0.5531914893617021,0.4225352112676056,0.6086956521739131,0,0.09137695978186777,0.20000000000000007,0.0,-0.0015678254942058656,0.06810631229235886,0.13065627809409652,0.0,0.0,5.667901234567893,-2.043524199045663,6.848169166098586,0.5,0.5,0.5,0.5,0.5,0.5,159.2111111111111,153.54320987654322,153.00555555555556,155.04907975460122,214.8499074074074,208.0017382413088
1254070,2021,2021-04-20,"MA Chidambaram Stadium, Chepauk, Chennai",Mumbai Indians,Delhi Capitals,Mumbai Indians,bat,0,0.5922330097087378,0.4467005076142132,0.8,0.6,0.5194174757281553,0.5177664974619289,0.6129032258064516,0.4953271028037383,0.5752212389380531,0.3888888888888889,0.5714285714285714,1,0.14553250209452462,0.20000000000000007,0.29999999999999993,0.0016509782662263994,0.1175761230027133,0.1863323500491642,0.16666666666666663,0.0,6.09292297077522,-2.733851793144453,13.361540420219143,0.7,0.4,0.6666666666666666,0.5,0.6666666666666666,0.6666666666666666,158.96601941747574,152.87309644670052,153.38349514563106,156.1173469387755,212.77702265372167,199.41548223350253
1254071,2021,2021-04-21,"MA Chidambaram Stadium, Chepauk, Chennai",Punjab Kings,Sunrisers Hyderabad,Punjab Kings,bat,0,0.46113989637305697,0.5196850393700787,0.2,0.2,0.44041450777202074,0.4645669291338583,0.5161290322580645,0.5517241379310345,0.41,0.4927536231884058,0.3125,1,-0.05854514299702174,0.0,0.09999999999999998,-0.02415242136183754,-0.03559510567296997,-0.08275362318840584,0.5,0.3333333333333333,2.414262983966381,7.444127126596243,-4.516534753104054,0.6,0.5,0.5,0.0,0.3333333333333333,0.0,158.23316062176167,155.8188976377953,160.3575129533679,152.91338582677164,207.98661485319516,212.50314960629922
1254072,2021,2021-04-21,"Wankhede Stadium, Mumbai",Chennai Super Kings,Kolkata Knight Riders,Kolkata Knight Riders,field,1,0.5966850828729282,0.5128205128205128,0.8,0.4,0.5414364640883977,0.5076923076923077,0.6395348837209303,0.5841584158415841,0.5578947368421052,0.43617021276595747,0.6363636363636364,0,0.08386457005241543,0.4,0.19999999999999996,0.033744156396090075,0.055376467879346136,0.12172452407614776,0.16666666666666663,0.3333333333333333,6.149652925343531,-0.4189545261368437,10.96149974028424,0.6,0.4,0.6666666666666666,0.5,0.6666666666666666,0.3333333333333333,159.37016574585635,153.22051282051282,152.95027624309392,153.36923076923077,214.65184162062613,203.6903418803419
1254073,2021,2021-04-22,"Wankhede Stadium, Mumbai",Rajasthan Royals,Royal Challengers Bengaluru,Royal Challengers Bengaluru,field,0,0.5,0.47474747474747475,0.4,0.6,0.5487804878048781,0.4494949494949495,0.5652173913043478,0.5247524752475248,0.4225352112676056,0.422680412371134,0.45454545454545453,0,0.02525252525252525,-0.19999999999999996,-0.09999999999999998,0.09928553830992859,0.04046491605682301,-0.00014520110352839177,-0.16666666666666669,-0.6666666666666667,-1.7083410795067095,-2.435279187817258,-0.8375800689824757,0.4,0.5,0.3333333333333333,0.5,0.3333333333333333,1.0,153.47852760736197,155.18686868686868,155.25,157.68527918781726,207.9242886178862,208.76186868686867
1254074,2021,2021-04-23,"MA Chidambaram Stadium, Chepauk, Chennai",Mumbai Indians,Punjab Kings,Punjab Kings,field,0,0.5893719806763285,0.4587628865979381,0.6,0.2,0.5217391304347826,0.44329896907216493,0.6129032258064516,0.5161290322580645,0.5701754385964912,0.40594059405940597,0.5384615384615384,0,0.13060909407839033,0.39999999999999997,0.09999999999999998,0.07844016136261767,0.09677419354838712,0.16423484453708526,0.5,0.25,0.8238209074156941,-6.845460431296374,4.892168019655685,0.6,0.5,0.5,0.0,0.5,0.25,158.8599033816425,158.03608247422682,153.30917874396135,160.15463917525773,212.77713365539452,207.88496563573884
1254075,2021,2021-04-24,"Wankhede Stadium, Mumbai",Kolkata Knight Riders,Rajasthan Royals,Rajasthan Royals,field,0,0.5102040816326531,0.49696969696969695,0.4,0.2,0.5102040816326531,0.5454545454545454,0.5784313725490197,0.5652173913043478,0.43617021276595747,0.4166666666666667,0.5454545454545454,0,0.013234384662956122,0.2,0.0,-0.03525046382189234,0.01321398124467188,0.01950354609929078,-0.25,0.0,-0.15256346441015012,-1.6968769325912092,-4.039950010307109,0.4,0.4,0.0,0.25,0.25,0.25,153.46938775510205,153.6219512195122,153.7091836734694,155.4060606060606,203.82661564625852,207.86656565656563
1254076,2021,2021-04-25,"Wankhede Stadium, Mumbai",Chennai Super Kings,Royal Challengers Bengaluru,Chennai Super Kings,bat,1,0.5989010989010989,0.47738693467336685,0.8,0.8,0.5384615384615384,0.45226130653266333,0.6395348837209303,0.5294117647058824,0.5625,0.422680412371134,0.64,1,0.12151416422773204,0.0,0.09999999999999998,0.0862002319288751,0.1101231190150479,0.13981958762886598,-0.25,-0.25,4.386713788723824,-4.563048063048058,5.816889852191366,0.6,0.5,0.75,1.0,0.75,1.0,159.7032967032967,155.31658291457288,153.21978021978023,157.7828282828283,214.59771062271062,208.78082077051926
1254077,2021,2021-04-25,"MA Chidambaram Stadium, Chepauk, Chennai",Delhi Capitals,Sunrisers Hyderabad,Delhi Capitals,bat,1,0.4494949494949495,0.5234375,0.6,0.2,0.5151515151515151,0.4609375,0.5,0.559322033898305,0.3888888888888889,0.4927536231884058,0.3888888888888889,1,-0.0739425505050505,0.39999999999999997,0.0,0.05421401515151514,-0.05932203389830504,-0.10386473429951693,0.75,0.5,-2.7488952020202078,3.364054568527905,-12.723066603535358,0.5,0.5,1.0,0.25,0.75,0.25,152.7979797979798,155.546875,156.0203045685279,152.65625,199.52146464646464,212.24453125
1254078,2021,2021-04-26,"Narendra Modi Stadium, Ahmedabad",Punjab Kings,Kolkata Knight Riders,Kolkata Knight Riders,field,0,0.46153846153846156,0.5076142131979695,0.4,0.2,0.4461538461538462,0.5076142131979695,0.5212765957446809,0.5784313725490197,0.40594059405940597,0.43157894736842106,0.3333333333333333,0,-0.046075751659507946,0.2,0.2,-0.06146036704412333,-0.05715477680433878,-0.025638353309015094,0.0,0.2,4.537081869061552,6.395991149290666,3.7720569222092024,0.5,0.3,0.5,0.5,0.4,0.2,157.9025641025641,153.36548223350255,160.00512820512822,153.60913705583755,207.7142735042735,203.9422165820643
1254079,2021,2021-04-27,"Narendra Modi Stadium, Ahmedabad",Royal Challengers Bengaluru,Delhi Capitals,Delhi Capitals,field,1,0.475,0.45226130653266333,0.8,0.8,0.45,0.5175879396984925,0.5242718446601942,0.5,0.422680412371134,0.3956043956043956,0.56,0,0.022738693467336646,0.0,-0.19999999999999996,-0.06758793969849247,0.024271844660194164,0.02707601676673843,0.0,0.0,2.3208542713567795,1.9143952083650788,9.35969430485764,0.4,0.6,0.5,0.5,0.8,0.8,155.15,152.82914572864323,157.9497487437186,156.03535353535352,209.0041666666667,199.64447236180905
1254080,2021,2021-04-28,"Arun Jaitley Stadium, Delhi",Sunrisers Hyderabad,Chennai Super Kings,Sunrisers Hyderabad,bat,0,0.5193798449612403,0.6010928961748634,0.2,0.8,0.4573643410852713,0.5409836065573771,0.55,0.6395348837209303,0.4927536231884058,0.5670103092783505,0.2857142857142857,1,-0.08171305121362304,-0.6000000000000001,-0.19999999999999996,-0.0836192654721058,-0.08953488372093021,-0.07425668608994468,0.0,-0.6000000000000001,-4.300673529037994,-0.343753971279682,-2.4011670267293255,0.5,0.7,0.5,0.5,0.2,0.8,155.57364341085272,159.87431693989072,152.70542635658916,153.04918032786884,212.1124031007752,214.51357012750452
1254081,2021,2021-04-29,"Arun Jaitley Stadium, Delhi",Rajasthan Royals,Mumbai Indians,Mumbai Indians,field,0,0.5,0.5865384615384616,0.4,0.4,0.5481927710843374,0.5192307692307693,0.5698924731182796,0.6129032258064516,0.4166666666666667,0.5652173913043478,0.5,0,-0.08653846153846156,0.0,-0.09999999999999998,0.02896200185356812,-0.043010752688172005,-0.1485507246376811,0.0,0.0,-5.222931235431247,2.0643535681186336,-4.904857893110915,0.5,0.6,0.5,0.5,0.4,0.4,153.5030303030303,158.72596153846155,155.2710843373494,153.20673076923077,207.80411646586344,212.70897435897436
1254082,2021,2021-04-29,"Narendra Modi Stadium, Ahmedabad",Kolkata Knight Riders,Delhi Capitals,Delhi Capitals,field,0,0.51010101010101,0.45,0.2,0.6,0.51010101010101,0.52,0.5825242718446602,0.4954128440366973,0.43157894736842106,0.3956043956043956,0.56,0,0.060101010101010044,-0.39999999999999997,-0.19999999999999996,-0.009898989898989963,0.08711142780796288,0.035974551764025475,1.0,-0.3333333333333333,0.3122727272727275,-2.656007309273633,4.114581649831649,0.4,0.6,1.0,0.0,0.3333333333333333,0.6666666666666666,153.22727272727272,152.915,153.45454545454547,156.1105527638191,203.97483164983166,199.86025
1254083,2021,2021-04-30,"Narendra Modi Stadium, Ahmedabad",Punjab Kings,Royal Challengers Bengaluru,Royal Challengers Bengaluru,field,1,0.45918367346938777,0.47761194029850745,0.2,0.8,0.44387755102040816,0.44776119402985076,0.5212765957446809,0.5242718446601942,0.4019607843137255,0.42857142857142855,0.5384615384615384,0,-0.01842826682911969,-0.6000000000000001,-0.09999999999999998,-0.0038836430094426055,-0.002995248915513282,-0.026610644257703042,-1.0,-0.5,2.495634074525327,1.8216326530612434,-1.5361707618370701,0.4,0.5,0.0,1.0,0.3333333333333333,0.8333333333333334,157.72448979591837,155.22885572139305,159.83163265306123,158.01,207.67593537414965,209.21210613598672
1254084,2021,2021-05-01,"Arun Jaitley Stadium, Delhi",Chennai Super Kings,Mumbai Indians,Mumbai Indians,field,0,0.6032608695652174,0.5885167464114832,1.0,0.6,0.5380434782608695,0.5215311004784688,0.6436781609195402,0.6170212765957447,0.5670103092783505,0.5652173913043478,0.4,0,0.01474412315373419,0.4,0.20000000000000007,0.016512377782400667,0.026656884323795538,0.0017929179740027168,0.0,0.33333333333333337,1.156178489702512,-0.1451268982733609,2.163200800915348,0.8,0.6,1.0,1.0,0.8333333333333334,0.5,159.94565217391303,158.78947368421052,153.14673913043478,153.29186602870814,214.7596920289855,212.59649122807016
1254085,2021,2021-05-02,"Arun Jaitley Stadium, Delhi",Rajasthan Royals,Sunrisers Hyderabad,Sunrisers Hyderabad,field,1,0.49700598802395207,0.5153846153846153,0.4,0.2,0.5449101796407185,0.46153846153846156,0.5698924731182796,0.55,0.410958904109589,0.4857142857142857,0.46153846153846156,0,-0.018378627360663258,0.2,0.0,0.08337171810225696,0.019892473118279574,-0.07475538160469669,0.0,0.16666666666666666,-2.0838739573679277,2.5097190234914706,-4.2406202978657745,0.4,0.4,0.0,0.0,0.3333333333333333,0.16666666666666666,153.60843373493975,155.69230769230768,155.37125748502993,152.86153846153846,207.79091816367267,212.03153846153845
1254086,2021,2021-05-02,"Narendra Modi Stadium, Ahmedabad",Punjab Kings,Delhi Capitals,Delhi Capitals,field,0,0.4619289340101523,0.4527363184079602,0.4,0.8,0.4416243654822335,0.5223880597014925,0.5212765957446809,0.5,0.4077669902912621,0.3956043956043956,0.5555555555555556,0,0.009192615602192089,-0.4,-0.19999999999999996,-0.080763694219259,0.021276595744680882,0.012162594686866535,0.0,-0.28571428571428575,4.902139050938217,3.6563451776649742,7.524284668030418,0.4,0.6,0.5,0.5,0.42857142857142855,0.7142857142857143,157.83248730964468,152.93034825870646,159.75634517766497,156.1,207.4369712351946,199.91268656716417
1254104,2021,2021-09-19,Dubai International Cricket Stadium,Chennai Super Kings,Mumbai Indians,Chennai Super Kings,bat,1,0.6,0.5904761904761905,0.8,0.6,0.5351351351351351,0.5238095238095238,0.6436781609195402,0.6210526315789474,0.5612244897959183,0.5652173913043478,0.3870967741935484,1,0.00952380952380949,0.20000000000000007,0.20000000000000007,0.011325611325611273,0.02262552934059281,-0.003992901508429458,0.29166666666666663,0.1428571428571429,1.183268983268988,-0.09729729729730252,2.5221407121406685,0.8,0.6,0.6666666666666666,0.375,0.7142857142857143,0.5714285714285714,160.25945945945946,159.07619047619048,153.5027027027027,153.6,215.0453153153153,212.52317460317462
1254087,2021,2021-09-20,"Zayed Cricket Stadium, Abu Dhabi",Royal Challengers Bengaluru,Kolkata Knight Riders,Royal Challengers Bengaluru,bat,0,0.4752475247524752,0.507537688442211,0.6,0.2,0.4504950495049505,0.507537688442211,0.5192307692307693,0.5825242718446602,0.42857142857142855,0.4270833333333333,0.48148148148148145,1,-0.03229016368973581,0.39999999999999997,0.2,-0.057042638937260526,-0.06329350261389088,0.0014880952380952328,0.0,0.4285714285714286,1.9470620428876941,4.647091177279435,5.399061313166499,0.5,0.3,0.5,0.5,0.7142857142857143,0.2857142857142857,155.17821782178217,153.23115577889448,158.1144278606965,153.46733668341707,209.40115511551156,204.00209380234506
1254111,2021,2021-09-21,Dubai International Cricket Stadium,Rajasthan Royals,Punjab Kings,Punjab Kings,field,1,0.5,0.4595959595959596,0.4,0.4,0.5416666666666666,0.4393939393939394,0.5698924731182796,0.5212765957446809,0.4189189189189189,0.40384615384615385,0.5454545454545454,0,0.04040404040404039,0.0,0.2,0.10227272727272724,0.04861587737359874,0.01507276507276506,-0.48214285714285715,0.05357142857142855,-3.8677493497852993,-4.364357864357885,0.331316137566148,0.5,0.3,0.14285714285714285,0.625,0.42857142857142855,0.375,154.00598802395209,157.87373737373738,155.42857142857142,159.7929292929293,207.51001984126984,207.1787037037037
1254105,2021,2021-09-22,Dubai International Cricket Stadium,Sunrisers Hyderabad,Delhi Capitals,Sunrisers Hyderabad,bat,0,0.5114503816793893,0.45544554455445546,0.2,0.8,0.46564885496183206,0.5247524752475248,0.5409836065573771,0.5045045045045045,0.4857142857142857,0.3956043956043956,0.5789473684210527,1,0.056004837124933815,-0.6000000000000001,-0.39999999999999997,-0.059103620285692715,0.036479102052872636,0.09010989010989012,0.14545454545454545,-0.6071428571428572,2.763358778625957,-2.775207929816588,12.036036580757298,0.3,0.7,0.6,0.45454545454545453,0.14285714285714285,0.75,155.76335877862596,153.0,153.3740458015267,156.1492537313433,212.00534351145038,199.96930693069308
1254096,2021,2021-09-23,"Zayed Cricket Stadium, Abu Dhabi",Mumbai Indians,Kolkata Knight Riders,Kolkata Knight Riders,field,0,0.5876777251184834,0.51,0.4,0.4,0.5213270142180095,0.505,0.6145833333333334,0.5865384615384616,0.5652173913043478,0.4270833333333333,0.7857142857142857,0,0.07767772511848337,0.0,0.19999999999999996,0.016327014218009528,0.028044871794871806,0.13813405797101447,-0.5,0.125,6.031824644549772,0.45137440758293224,8.516379541864126,0.6,0.4,0.5,1.0,0.5,0.375,158.96682464454977,152.935,153.61137440758293,153.16,212.37946287519748,203.86308333333335
1254113,2021,2021-09-24,Sharjah Cricket Stadium,Royal Challengers Bengaluru,Chennai Super Kings,Chennai Super Kings,field,0,0.4729064039408867,0.6021505376344086,0.4,0.8,0.45320197044334976,0.5376344086021505,0.5192307692307693,0.6436781609195402,0.42424242424242425,0.5656565656565656,0.34615384615384615,0,-0.12924413369352195,-0.4,-0.30000000000000004,-0.08443243815880075,-0.12444739168877095,-0.14141414141414138,0.15000000000000002,-0.125,-5.369564065893343,4.38842755243266,-5.791011617846948,0.5,0.8,0.4,0.25,0.625,0.75,154.86699507389162,160.23655913978496,157.7970297029703,153.40860215053763,209.50459770114944,215.29560931899638
1254097,2021,2021-09-25,"Zayed Cricket Stadium, Abu Dhabi",Delhi Capitals,Rajasthan Royals,Rajasthan Royals,field,1,0.458128078817734,0.5029585798816568,0.8,0.6,0.5221674876847291,0.5384615384615384,0.5089285714285714,0.5698924731182796,0.3956043956043956,0.4266666666666667,0.4782608695652174,0,-0.044830501063922834,0.20000000000000007,0.19999999999999996,-0.016294050776809343,-0.06096390168970822,-0.031062271062271107,0.0,0.2777777777777778,-1.2594417077175706,0.44788798406469255,-7.320235423285794,0.7,0.5,0.5,0.5,0.7777777777777778,0.5,152.93103448275863,154.1904761904762,156.03960396039605,155.59171597633136,200.01871921182268,207.33895463510848
1254107,2021,2021-09-25,Sharjah Cricket Stadium,Punjab Kings,Sunrisers Hyderabad,Sunrisers Hyderabad,field,1,0.457286432160804,0.5075757575757576,0.4,0.2,0.44221105527638194,0.4696969696969697,0.5157894736842106,0.5409836065573771,0.40384615384615385,0.4788732394366197,0.29411764705882354,0,-0.05028932541495357,0.2,0.09999999999999998,-0.027485914420587787,-0.02519413287316652,-0.07502708559046584,0.4,0.20833333333333331,2.401515151515156,6.654446474798249,-5.191308816811329,0.3,0.2,0.8,0.4,0.3333333333333333,0.125,158.0,155.59848484848484,159.91959798994975,153.2651515151515,207.11247906197653,212.30378787878786
1254098,2021,2021-09-26,"Zayed Cricket Stadium, Abu Dhabi",Kolkata Knight Riders,Chennai Super Kings,Kolkata Knight Riders,bat,0,0.5124378109452736,0.6042780748663101,0.6,0.8,0.5074626865671642,0.5401069518716578,0.5904761904761905,0.6477272727272727,0.4270833333333333,0.5656565656565656,0.34782608695652173,1,-0.0918402639210365,-0.20000000000000007,-0.30000000000000004,-0.0326442653044936,-0.05725108225108222,-0.13857323232323232,0.5,-0.33333333333333337,-7.254077207545151,-0.25330566419242473,-11.651303198801003,0.5,0.8,1.0,0.5,0.4444444444444444,0.7777777777777778,152.96517412935324,160.2192513368984,153.16915422885572,153.42245989304814,203.88764510779436,215.53894830659536
1254108,2021,2021-09-26,Dubai International Cricket Stadium,Royal Challengers Bengaluru,Mumbai Indians,Mumbai Indians,field,1,0.47058823529411764,0.5849056603773585,0.2,0.4,0.45098039215686275,0.5188679245283019,0.5192307692307693,0.6145833333333334,0.42,0.5603448275862069,0.39285714285714285,0,-0.11431742508324083,-0.2,0.0,-0.06788753237143913,-0.0953525641025641,-0.14034482758620687,0.22222222222222227,0.11111111111111116,-4.075564187939335,4.156310995445693,-2.786055617215453,0.5,0.5,0.5555555555555556,0.3333333333333333,0.5555555555555556,0.4444444444444444,154.87254901960785,158.94811320754718,157.79310344827587,153.63679245283018,209.4236928104575,212.20974842767296
1254100,2021,2021-09-27,Dubai International Cricket Stadium,Rajasthan Royals,Sunrisers Hyderabad,Rajasthan Royals,bat,0,0.5,0.5037593984962406,0.6,0.0,0.5411764705882353,0.47368421052631576,0.5638297872340425,0.532258064516129,0.4266666666666667,0.4788732394366197,0.5,1,-0.003759398496240629,0.6,0.30000000000000004,0.0674922600619195,0.03157172271791353,-0.052206572769953,-0.2954545454545454,0.3333333333333333,-1.3367442274324617,2.529721362229111,-5.167453191803048,0.4,0.1,0.25,0.5454545454545454,0.4444444444444444,0.1111111111111111,153.9940828402367,155.33082706766916,155.58235294117648,153.05263157894737,207.0393137254902,212.20676691729324
1254092,2021,2021-09-28,Sharjah Cricket Stadium,Delhi Capitals,Kolkata Knight Riders,Kolkata Knight Riders,field,0,0.46078431372549017,0.5099009900990099,0.8,0.6,0.5196078431372549,0.5099009900990099,0.5089285714285714,0.5904761904761905,0.40217391304347827,0.422680412371134,0.46153846153846156,0,-0.04911667637351974,0.20000000000000007,0.4,0.009706853038245034,-0.08154761904761909,-0.020506499327655747,0.55,0.4,-0.11818093574063937,2.6046188362678606,-3.805663948747849,0.8,0.4,0.8,0.25,0.8,0.4,152.93627450980392,153.05445544554456,155.86699507389162,153.26237623762376,200.11372549019606,203.9193894389439
1254099,2021,2021-09-28,"Zayed Cricket Stadium, Abu Dhabi",Punjab Kings,Mumbai Indians,Mumbai Indians,field,0,0.46,0.5821596244131455,0.4,0.4,0.44,0.5211267605633803,0.5157894736842106,0.6082474226804123,0.4095238095238095,0.5603448275862069,0.48148148148148145,0,-0.12215962441314548,0.0,0.0,-0.08112676056338025,-0.09245794899620174,-0.15082101806239734,0.5,0.0,-0.8880046948356721,6.029859154929568,-4.925851721439756,0.4,0.4,0.5,0.0,0.4,0.4,157.835,158.72300469483568,159.72,153.69014084507043,207.20591666666667,212.13176838810642
1254103,2021,2021-09-29,Dubai International Cricket Stadium,Rajasthan Royals,Royal Challengers Bengaluru,Royal Challengers Bengaluru,field,0,0.49707602339181284,0.47317073170731705,0.4,0.4,0.543859649122807,0.44878048780487806,0.5638297872340425,0.5192307692307693,0.42105263157894735,0.42574257425742573,0.43478260869565216,0,0.02390529168449579,0.0,-0.19999999999999996,0.09507916131792898,0.04459901800327326,-0.004689942678478387,-0.37777777777777777,-0.19999999999999996,-0.8690100430416123,-1.9146026831785434,-2.2638601245661505,0.4,0.6,0.2222222222222222,0.6,0.4,0.6,154.0529411764706,154.9219512195122,155.64912280701753,157.56372549019608,206.98996101364523,209.25382113821138
1254091,2021,2021-09-30,Sharjah Cricket Stadium,Sunrisers Hyderabad,Chennai Super Kings,Chennai Super Kings,field,0,0.5074626865671642,0.6063829787234043,0.2,0.8,0.4701492537313433,0.5372340425531915,0.5396825396825397,0.651685393258427,0.4788732394366197,0.5656565656565656,0.26666666666666666,0,-0.0989202921562401,-0.6000000000000001,-0.6000000000000001,-0.0670847888218482,-0.11200285357588735,-0.08678332621994594,-0.06666666666666671,-0.6000000000000001,-4.864004445855841,-0.3816290885995386,-3.4597239864507117,0.2,0.8,0.3333333333333333,0.4,0.2,0.8,155.4179104477612,160.28191489361703,153.13432835820896,153.5159574468085,212.13805970149255,215.59778368794326
1254102,2021,2021-10-01,Dubai International Cricket Stadium,Kolkata Knight Riders,Punjab Kings,Punjab Kings,field,0,0.5123152709359606,0.4577114427860697,0.6,0.4,0.5123152709359606,0.43781094527363185,0.5943396226415094,0.5157894736842106,0.422680412371134,0.4056603773584906,0.6785714285714286,0,0.054603828149890954,0.19999999999999996,0.10000000000000003,0.07450432566232879,0.07855014895729884,0.01702003501264343,-0.05555555555555558,0.09090909090909088,-4.780506335318478,-6.473960248020973,-3.3788634822603,0.4,0.3,0.5,0.5555555555555556,0.45454545454545453,0.36363636363636365,152.9408866995074,157.72139303482587,153.13300492610838,159.60696517412936,203.87577996715927,207.25464344941958
1254089,2021,2021-10-02,"Zayed Cricket Stadium, Abu Dhabi",Chennai Super Kings,Rajasthan Royals,Rajasthan Royals,field,0,0.6084656084656085,0.4941860465116279,0.8,0.4,0.5396825396825397,0.5406976744186046,0.6555555555555556,0.5638297872340425,0.5656565656565656,0.4155844155844156,0.625,0,0.11427956195398059,0.4,0.5,-0.0010151347360649599,0.09172576832151302,0.15007215007215002,1.0,0.4545454545454546,6.14592035644668,-2.221022517534152,8.619951499118145,0.9,0.4,1.0,0.0,0.8181818181818182,0.36363636363636365,160.16931216931218,154.0233918128655,153.4126984126984,155.63372093023256,215.61578483245148,206.99583333333334
1254112,2021,2021-10-02,Sharjah Cricket Stadium,Mumbai Indians,Delhi Capitals,Delhi Capitals,field,0,0.5841121495327103,0.4585365853658537,0.4,0.8,0.5233644859813084,0.5170731707317073,0.6122448979591837,0.5089285714285714,0.5603448275862069,0.3978494623655914,0.5517241379310345,0,0.1255755641668566,-0.4,-0.19999999999999996,0.006291315249601026,0.10331632653061229,0.16249536522061547,-0.16666666666666663,-0.27272727272727276,5.811739229541814,-2.137392340113621,12.019677836030695,0.5,0.7,0.5,0.6666666666666666,0.45454545454545453,0.7272727272727273,158.6214953271028,152.80975609756098,153.60280373831776,155.74019607843138,212.15919003115263,200.13951219512194
1254090,2021,2021-10-03,Sharjah Cricket Stadium,Royal Challengers Bengaluru,Punjab Kings,Royal Challengers Bengaluru,bat,1,0.47572815533980584,0.4603960396039604,0.4,0.4,0.45145631067961167,0.4405940594059406,0.5238095238095238,0.5208333333333334,0.42574257425742573,0.4056603773584906,0.4444444444444444,1,0.01533211573584542,0.0,0.19999999999999996,0.010862251273671075,0.0029761904761904656,0.020082196898935145,-0.5,0.21969696969696967,-2.8596558684994875,-2.1117121468244306,1.876693421769346,0.6,0.4,0.3333333333333333,0.8333333333333334,0.6363636363636364,0.4166666666666667,154.9126213592233,157.77227722772278,157.5219512195122,159.63366336633663,209.18948220064723,207.3127887788779
1254109,2021,2021-10-03,Dubai International Cricket Stadium,Sunrisers Hyderabad,Kolkata Knight Riders,Sunrisers Hyderabad,bat,0,0.5037037037037037,0.5098039215686274,0.2,0.6,0.4666666666666667,0.5098039215686274,0.5396825396825397,0.5943396226415094,0.4722222222222222,0.41836734693877553,0.35,1,-0.006100217864923763,-0.39999999999999997,-0.2,-0.04313725490196074,-0.05465708295896976,0.05385487528344668,0.18333333333333335,-0.23484848484848486,2.2592592592592666,-0.1762527233115634,8.111584967320255,0.2,0.4,0.5833333333333334,0.4,0.18181818181818182,0.4166666666666667,155.25925925925927,153.0,153.02962962962962,153.2058823529412,211.9311111111111,203.81952614379085
1254110,2021,2021-10-04,Dubai International Cricket Stadium,Chennai Super Kings,Delhi Capitals,Delhi Capitals,field,0,0.6052631578947368,0.46116504854368934,0.8,0.8,0.5368421052631579,0.5194174757281553,0.6555555555555556,0.5132743362831859,0.56,0.3978494623655914,0.625,0,0.1440981093510475,0.0,0.0,0.017424629535002567,0.1422812192723697,0.16215053763440868,0.19999999999999996,0.0,7.61231476750126,-2.0044929396662496,15.395461590870411,0.8,0.8,0.7,0.5,0.75,0.75,160.32105263157894,152.70873786407768,153.60526315789474,155.609756097561,215.54885964912282,200.1533980582524
1254093,2021,2021-10-05,Sharjah Cricket Stadium,Rajasthan Royals,Mumbai Indians,Mumbai Indians,field,0,0.49710982658959535,0.5813953488372093,0.4,0.2,0.5433526011560693,0.5209302325581395,0.5684210526315789,0.6122448979591837,0.4155844155844156,0.5555555555555556,0.4782608695652174,0,-0.08428552224761399,0.2,0.0,0.022422368597929787,-0.04382384532760475,-0.13997113997113997,0.09999999999999998,0.0,-4.251162790697663,2.3242640139803825,-5.288668279786748,0.4,0.4,0.5,0.4,0.4166666666666667,0.4166666666666667,154.2325581395349,158.48372093023255,155.82658959537574,153.50232558139535,206.84094412331405,212.1296124031008
1254095,2021,2021-10-06,"Zayed Cricket Stadium, Abu Dhabi",Sunrisers Hyderabad,Royal Challengers Bengaluru,Royal Challengers Bengaluru,field,1,0.5,0.4782608695652174,0.2,0.6,0.47058823529411764,0.45410628019323673,0.5396825396825397,0.5238095238095238,0.4657534246575342,0.43137254901960786,0.5555555555555556,0,0.021739130434782594,-0.39999999999999997,-0.39999999999999997,0.016481955100880907,0.015873015873015817,0.034380875637926356,0.5,-0.5,0.00671355498721482,-4.7448600799543215,2.404154826181667,0.2,0.6,0.5,0.0,0.16666666666666666,0.6666666666666666,154.96323529411765,154.95652173913044,152.77941176470588,157.5242718446602,211.64779411764704,209.24363929146537
1254094,2021,2021-10-07,Dubai International Cricket Stadium,Chennai Super Kings,Punjab Kings,Punjab Kings,field,0,0.6020942408376964,0.458128078817734,0.6,0.4,0.5340314136125655,0.43842364532019706,0.6555555555555556,0.5154639175257731,0.5544554455445545,0.4056603773584906,0.625,0,0.14396616201996237,0.19999999999999996,0.29999999999999993,0.09560776829236839,0.14009163802978242,0.14879506818606392,0.036363636363636376,0.30769230769230765,2.4203182627085766,-6.1263766022747745,8.12535785211361,0.7,0.4,0.6363636363636364,0.6,0.6923076923076923,0.38461538461538464,160.1937172774869,157.77339901477833,153.52879581151834,159.6551724137931,215.67897033158815,207.55361247947454
1254106,2021,2021-10-07,Sharjah Cricket Stadium,Kolkata Knight Riders,Rajasthan Royals,Rajasthan Royals,field,1,0.5121951219512195,0.4942528735632184,0.6,0.2,0.5073170731707317,0.5402298850574713,0.5981308411214953,0.5684210526315789,0.41836734693877553,0.41025641025641024,0.5217391304347826,0,0.017942248388001125,0.39999999999999997,0.09999999999999998,-0.03291281188673956,0.029709788489916344,0.008110936682365288,0.0,0.07692307692307693,-1.0271253348371658,-2.4517521726941425,-2.882814222969813,0.5,0.4,0.4,0.4,0.46153846153846156,0.38461538461538464,152.83414634146342,153.8612716763006,153.01951219512196,155.4712643678161,203.84869918699187,206.73151340996168
1254088,2021,2021-10-08,"Zayed Cricket Stadium, Abu Dhabi",Mumbai Indians,Sunrisers Hyderabad,Mumbai Indians,bat,1,0.5833333333333334,0.5036496350364964,0.4,0.4,0.5231481481481481,0.46715328467153283,0.6161616161616161,0.5396825396825397,0.5555555555555556,0.47297297297297297,0.5294117647058824,1,0.07968369829683697,0.0,0.10000000000000003,0.05599486347661531,0.07647907647907648,0.08258258258258261,-0.5,0.23076923076923078,3.3238713165720526,0.5440997566909971,0.5327633594665144,0.4,0.3,0.5,1.0,0.46153846153846156,0.23076923076923078,158.1851851851852,154.86131386861314,153.20833333333334,152.66423357664235,211.89845679012345,211.36569343065693
1254101,2021,2021-10-08,Dubai International Cricket Stadium,Delhi Capitals,Royal Challengers Bengaluru,Royal Challengers Bengaluru,field,0,0.463768115942029,0.47596153846153844,0.8,0.6,0.5217391304347826,0.4567307692307692,0.5175438596491229,0.5188679245283019,0.3978494623655914,0.43137254901960786,0.38461538461538464,0,-0.012193422519509445,0.20000000000000007,0.30000000000000004,0.06500836120401338,-0.001324064879179021,-0.03352308665401649,-0.09790209790209792,0.15384615384615385,-2.227680230397624,-1.9298813376483395,-9.166353121516181,0.8,0.5,0.5384615384615384,0.6363636363636364,0.7692307692307693,0.6153846153846154,152.6425120772947,154.87019230769232,155.51456310679612,157.44444444444446,200.231884057971,209.39823717948718
1254114,2021,2021-10-10,Dubai International Cricket Stadium,Delhi Capitals,Chennai Super Kings,Chennai Super Kings,field,0,0.46153846153846156,0.5989583333333334,0.6,0.4,0.5192307692307693,0.53125,0.5175438596491229,0.6555555555555556,0.39361702127659576,0.5490196078431373,0.4,0,-0.1374198717948718,0.19999999999999996,0.09999999999999998,-0.012019230769230727,-0.1380116959064327,-0.15540258656654155,-0.08333333333333337,0.0714285714285714,-7.36017628205127,2.112092391304344,-15.546908386752108,0.7,0.6,0.5,0.5833333333333334,0.7142857142857143,0.6428571428571429,152.6971153846154,160.05729166666666,155.56521739130434,153.453125,200.1951923076923,215.74210069444442
1254115,2021,2021-10-11,Sharjah Cricket Stadium,Royal Challengers Bengaluru,Kolkata Knight Riders,Royal Challengers Bengaluru,bat,0,0.4784688995215311,0.5145631067961165,0.8,0.6,0.45933014354066987,0.5048543689320388,0.5233644859813084,0.5981308411214953,0.43137254901960786,0.42424242424242425,0.4642857142857143,1,-0.0360942072745854,0.20000000000000007,-0.09999999999999998,-0.045524225391368967,-0.07476635514018692,0.007130124777183611,-0.07142857142857145,0.1428571428571429,2.0011148789891706,4.786641150112047,5.775508663538801,0.5,0.6,0.42857142857142855,0.5,0.6428571428571429,0.5,154.92344497607655,152.92233009708738,157.47596153846155,152.6893203883495,209.6317384370016,203.8562297734628
1254116,2021,2021-10-13,Sharjah Cricket Stadium,Delhi Capitals,Kolkata Knight Riders,Kolkata Knight Riders,field,0,0.45933014354066987,0.5169082125603864,0.4,0.8,0.5167464114832536,0.5024154589371981,0.5175438596491229,0.6018518518518519,0.3894736842105263,0.42424242424242425,0.4444444444444444,0,-0.05757806901971657,-0.4,-0.09999999999999998,0.014330952546055542,-0.084307992202729,-0.03476874003189795,0.1428571428571429,0.1333333333333333,-0.06559877955760385,3.0306809736157447,-3.8021985684457036,0.6,0.7,0.7142857142857143,0.5714285714285714,0.6666666666666666,0.5333333333333333,152.78947368421052,152.85507246376812,155.64903846153845,152.6183574879227,200.13588516746412,203.93808373590983
1254117,2021,2021-10-15,Dubai International Cricket Stadium,Chennai Super Kings,Kolkata Knight Riders,Kolkata Knight Riders,field,1,0.6010362694300518,0.5192307692307693,0.4,0.8,0.533678756476684,0.5048076923076923,0.6593406593406593,0.6055045871559633,0.5490196078431373,0.42424242424242425,0.6666666666666666,0,0.08180550019928257,-0.4,-0.09999999999999998,0.028871064168991656,0.05383607218469599,0.12477718360071305,0.11538461538461542,0.10416666666666663,7.350313870067765,1.0155689517736164,11.803894728975678,0.6,0.7,0.6153846153846154,0.5,0.6666666666666666,0.5625,160.12435233160622,152.77403846153845,153.54922279792746,152.53365384615384,215.87400690846286,204.07011217948718
1304047,2022,2022-03-26,"Wankhede Stadium, Mumbai",Chennai Super Kings,Kolkata Knight Riders,Kolkata Knight Riders,field,0,0.6030927835051546,0.5167464114832536,0.4,0.8,0.5309278350515464,0.507177033492823,0.6593406593406593,0.6,0.5533980582524272,0.42424242424242425,0.68,0,0.08634637202190099,-0.4,-0.09999999999999998,0.023750801558723444,0.05934065934065935,0.1291556340100029,0.8,0.0,7.456123908646987,0.8857593844029168,11.66588689389829,0.6,0.7,0.8,0.0,0.5,0.5,160.28865979381445,152.83253588516746,153.60824742268042,152.7224880382775,215.83135738831615,204.16547049441786
1304048,2022,2022-03-27,"Brabourne Stadium, Mumbai",Mumbai Indians,Delhi Capitals,Delhi Capitals,field,0,0.5852534562211982,0.45714285714285713,0.6,0.4,0.5253456221198156,0.5142857142857142,0.6161616161616161,0.5175438596491229,0.559322033898305,0.3854166666666667,0.5333333333333333,0,0.12811059907834105,0.19999999999999996,-0.09999999999999998,0.011059907834101379,0.09861775651249327,0.17390536723163835,0.5,0.0,5.834408602150546,-2.1633188543205506,11.682027649769594,0.5,0.6,1.0,0.5,0.5,0.5,158.53917050691246,152.7047619047619,153.3917050691244,155.55502392344496,211.72012288786485,200.03809523809525
1304049,2022,2022-03-27,"Dr DY Patil Sports Academy, Mumbai",Royal Challengers Bengaluru,Punjab Kings,Punjab Kings,field,0,0.47619047619047616,0.46078431372549017,0.6,0.6,0.46190476190476193,0.4411764705882353,0.5233644859813084,0.5204081632653061,0.42718446601941745,0.4056603773584906,0.4642857142857143,0,0.015406162464985995,0.0,0.0,0.020728291316526648,0.002956322716002213,0.021524088660926866,0.0,0.0,-2.8385154061624576,-2.141851956093433,2.092369281045734,0.5,0.5,0.5,0.5,0.5,0.5,154.84285714285716,157.6813725490196,157.38755980861245,159.52941176470588,209.83444444444442,207.74207516339868
1304050,2022,2022-03-28,"Wankhede Stadium, Mumbai",Lucknow Super Giants,Gujarat Titans,Gujarat Titans,field,0,0.5,0.5,0.5,0.5,0.5,0.5,0.5,0.5,0.5,0.5,0.5,0,0.0,0.0,0.0,0.0,0.0,0.0,0.0,0.0,0.0,0.0,0.5,0.5,0.5,0.5,0.5,0.5,0.5,158.87974394147233,158.87974394147233,158.87974394147233,158.87974394147233,,
1304051,2022,2022-03-29,"Maharashtra Cricket Association Stadium, Pune",Rajasthan Royals,Sunrisers Hyderabad,Sunrisers Hyderabad,field,1,0.49142857142857144,0.5,0.2,0.4,0.5428571428571428,0.463768115942029,0.5625,0.53125,0.41025641025641024,0.47297297297297297,0.4666666666666667,0,-0.008571428571428563,-0.2,0.2,0.07908902691511382,0.03125,-0.06271656271656273,0.0,0.0,-1.6721639180409795,2.2991304347825974,-4.531296066252622,0.4,0.2,0.5,0.5,0.5,0.5,153.4655172413793,155.13768115942028,155.56,153.2608695652174,206.60276190476188,211.1340579710145
1304052,2022,2022-03-30,"Dr DY Patil Sports Academy, Mumbai",Kolkata Knight Riders,Royal Challengers Bengaluru,Royal Challengers Bengaluru,field,0,0.5190476190476191,0.47393364928909953,0.8,0.4,0.5095238095238095,0.4597156398104265,0.6036036036036037,0.5233644859813084,0.42424242424242425,0.4230769230769231,0.5517241379310345,0,0.045113969758519556,0.4,0.29999999999999993,0.04980816971338298,0.0802391176222953,0.0011655011655011815,0.5,1.0,-2.342473482283907,-5.009523809523813,-5.501090423531167,0.7,0.4,0.5,0.0,1.0,0.0,152.73809523809524,155.08056872037915,152.61904761904762,157.62857142857143,204.11992063492065,209.6210110584518
1304053,2022,2022-03-31,"Brabourne Stadium, Mumbai",Chennai Super Kings,Lucknow Super Giants,Lucknow Super Giants,field,0,0.6,0.0,0.4,0.0,0.5282051282051282,0.0,0.6593406593406593,0.5,0.5480769230769231,0.0,0.5,0,0.6,0.4,0.6,0.5282051282051282,0.15934065934065933,0.5480769230769231,-0.5,0.0,2.1384615384615415,-7.497435897435906,3.3214529914529862,0.6,0.0,0.0,0.5,0.0,0.0,160.13846153846154,158.0,153.5025641025641,161.0,215.721452991453,212.4
1304054,2022,2022-04-01,"Wankhede Stadium, Mumbai",Punjab Kings,Kolkata Knight Riders,Kolkata Knight Riders,field,0,0.4634146341463415,0.5165876777251185,0.6,0.6,0.44390243902439025,0.5071090047393365,0.5252525252525253,0.6036036036036037,0.4056603773584906,0.42,0.3448275862068966,0,-0.053173043578777,0.0,-0.09999999999999998,-0.06320656571494626,-0.07835107835107835,-0.014339622641509397,0.0,0.5,5.305976187723985,7.229892497977119,3.445130042769648,0.5,0.6,0.3333333333333333,0.3333333333333333,1.0,0.5,157.9268292682927,152.6208530805687,159.75121951219512,152.521327014218,207.42040650406506,203.9752764612954
1304055,2022,2022-04-02,"Dr DY Patil Sports Academy, Mumbai",Rajasthan Royals,Mumbai Indians,Mumbai Indians,field,1,0.4943181818181818,0.5825688073394495,0.4,0.6,0.5397727272727273,0.5229357798165137,0.5625,0.6161616161616161,0.4177215189873418,0.5546218487394958,0.4583333333333333,0,-0.08825062552126767,-0.19999999999999996,-0.09999999999999998,0.016836947456213558,-0.05366161616161613,-0.13690032975215405,0.0,1.0,-4.8352817824377325,2.0135529608006664,-4.896767271337239,0.4,0.5,0.5,0.5,1.0,0.0,153.78857142857143,158.62385321100916,155.52272727272728,153.5091743119266,206.61638257575757,211.5131498470948
1304056,2022,2022-04-02,"Maharashtra Cricket Association Stadium, Pune",Gujarat Titans,Delhi Capitals,Delhi Capitals,field,1,1.0,0.4597156398104265,1.0,0.4,1.0,0.5165876777251185,1.0,0.5217391304347826,0.5,0.3854166666666667,0.5,0,0.5402843601895735,0.6,0.4,0.4834123222748815,0.4782608695652174,0.11458333333333331,0.0,0.0,8.170616113744074,2.342857142857156,21.846445497630356,1.0,0.6,0.5,0.5,1.0,1.0,161.0,152.82938388625593,158.0,155.65714285714284,221.8,199.95355450236966
1304057,2022,2022-04-03,"Brabourne Stadium, Mumbai",Punjab Kings,Chennai Super Kings,Chennai Super Kings,field,1,0.46116504854368934,0.5969387755102041,0.6,0.4,0.441747572815534,0.5255102040816326,0.5252525252525253,0.6593406593406593,0.40186915887850466,0.5428571428571428,0.4,0,-0.1357737269665148,0.19999999999999996,0.0,-0.08376263126609862,-0.13408813408813403,-0.14098798397863815,0.5,0.5,-2.56761442441055,5.864275807410365,-8.117872828743145,0.5,0.5,0.5,0.0,0.5,0.0,157.8252427184466,160.39285714285714,159.6601941747573,153.79591836734693,207.3203074433657,215.43818027210884
1304058,2022,2022-04-04,"Dr DY Patil Sports Academy, Mumbai",Lucknow Super Giants,Sunrisers Hyderabad,Sunrisers Hyderabad,field,1,0.5,0.49640287769784175,0.5,0.2,0.5,0.4676258992805755,1.0,0.5230769230769231,0.0,0.47297297297297297,0.5,0,0.003597122302158251,0.3,0.3,0.03237410071942448,0.4769230769230769,-0.47297297297297297,0.0,0.5,29.4064748201439,31.830935251798564,9.641007194244594,0.5,0.2,0.5,0.5,0.5,0.0,184.5,155.0935251798561,185.5,153.66906474820144,220.2,210.5589928057554
1304059,2022,2022-04-05,"Wankhede Stadium, Mumbai",Rajasthan Royals,Royal Challengers Bengaluru,Royal Challengers Bengaluru,field,0,0.4971751412429379,0.47641509433962265,0.6,0.4,0.536723163841808,0.46226415094339623,0.5625,0.5277777777777778,0.425,0.4230769230769231,0.4166666666666667,0,0.020760046903315232,0.19999999999999996,0.0,0.07445901289841172,0.03472222222222221,0.0019230769230769162,-0.09999999999999998,0.5,-0.9603344768439115,-1.8836318847564826,-2.9198708382191114,0.5,0.5,0.4,0.5,1.0,0.5,154.01136363636363,154.97169811320754,155.6045197740113,157.48815165876778,206.5982109227872,209.5180817610063
1304060,2022,2022-04-06,"Maharashtra Cricket Association Stadium, Pune",Mumbai Indians,Kolkata Knight Riders,Kolkata Knight Riders,field,0,0.5799086757990868,0.5188679245283019,0.4,0.6,0.5251141552511416,0.5094339622641509,0.61,0.6071428571428571,0.5546218487394958,0.42,0.7586206896551724,0,0.0610407512707849,-0.19999999999999996,-0.29999999999999993,0.015680192986990638,0.0028571428571428914,0.13462184873949584,0.0,-0.6666666666666666,6.10976135090894,1.241384509347796,7.439075198874207,0.4,0.7,0.5,0.5,0.0,0.6666666666666666,158.675799086758,152.56603773584905,153.68949771689498,152.44811320754718,211.3427701674277,203.90369496855348
1304061,2022,2022-04-07,"Dr DY Patil Sports Academy, Mumbai",Delhi Capitals,Lucknow Super Giants,Lucknow Super Giants,field,0,0.45754716981132076,0.6666666666666666,0.2,0.6666666666666666,0.5188679245283019,0.3333333333333333,0.5172413793103449,1.0,0.3854166666666667,0.5,0.5,0,-0.20911949685534587,-0.4666666666666666,-0.16666666666666663,0.18553459119496857,-0.48275862068965514,-0.11458333333333331,-0.5,-0.16666666666666663,-26.484276729559753,-20.27014218009478,-22.482389937106916,0.5,0.6666666666666666,0.5,1.0,0.5,0.6666666666666666,152.8490566037736,179.33333333333334,155.72985781990522,176.0,199.85094339622643,222.33333333333334
1304062,2022,2022-04-08,"Brabourne Stadium, Mumbai",Punjab Kings,Gujarat Titans,Gujarat Titans,field,0,0.463768115942029,1.0,0.6,1.0,0.4396135265700483,0.5,0.5252525252525253,1.0,0.4074074074074074,1.0,0.5,0,-0.536231884057971,-0.4,-0.5,-0.06038647342995168,-0.4747474747474747,-0.5925925925925926,0.5,-0.33333333333333337,-8.067632850241552,1.9975845410627926,-10.126167471819684,0.5,1.0,1.0,0.5,0.6666666666666666,1.0,157.93236714975845,166.0,159.4975845410628,157.5,207.17383252818033,217.3
1304063,2022,2022-04-09,"Dr DY Patil Sports Academy, Mumbai",Chennai Super Kings,Sunrisers Hyderabad,Sunrisers Hyderabad,field,0,0.5939086294416244,0.4928571428571429,0.4,0.2,0.5279187817258884,0.4714285714285714,0.6521739130434783,0.5151515151515151,0.5428571428571428,0.47297297297297297,0.75,0,0.10105148658448149,0.2,0.2,0.056490210297316934,0.13702239789196313,0.06988416988416984,0.5,0.0,5.111131254532268,0.15036258158085047,5.0017609378777195,0.4,0.2,0.5,0.0,0.0,0.0,160.21827411167513,155.10714285714286,153.9289340101523,153.77857142857144,215.31818950930628,210.31642857142856
1304064,2022,2022-04-09,"Maharashtra Cricket Association Stadium, Pune",Mumbai Indians,Royal Challengers Bengaluru,Royal Challengers Bengaluru,field,0,0.5772727272727273,0.4788732394366197,0.4,0.6,0.5227272727272727,0.4647887323943662,0.61,0.5321100917431193,0.55,0.4230769230769231,0.5862068965517241,0,0.09839948783610758,-0.19999999999999996,-0.3,0.05793854033290652,0.07788990825688069,0.12692307692307697,-0.5,-0.6666666666666666,3.6300256081946145,-3.815180102915946,1.7715251102574996,0.3,0.6,0.0,0.5,0.0,0.6666666666666666,158.68636363636364,155.05633802816902,153.72727272727272,157.54245283018867,211.4212121212121,209.6496870109546
1304065,2022,2022-04-10,"Brabourne Stadium, Mumbai",Delhi Capitals,Kolkata Knight Riders,Kolkata Knight Riders,field,1,0.45539906103286387,0.5211267605633803,0.2,0.6,0.5164319248826291,0.5117370892018779,0.5172413793103449,0.6106194690265486,0.38144329896907214,0.42,0.42857142857142855,0,-0.06572769953051638,-0.39999999999999997,-0.29999999999999993,0.0046948356807512415,-0.09337808971620376,-0.03855670103092784,0.5,-0.4166666666666667,0.22065727699529702,3.2381521835415015,-4.093818466353696,0.4,0.7,1.0,0.5,0.3333333333333333,0.75,152.83098591549296,152.61032863849766,155.72641509433961,152.4882629107981,199.79154929577464,203.88536776212834
1304066,2022,2022-04-10,"Wankhede Stadium, Mumbai",Rajasthan Royals,Lucknow Super Giants,Lucknow Super Giants,field,1,0.4943820224719101,0.75,0.4,0.75,0.5337078651685393,0.5,0.5625,1.0,0.41975308641975306,0.5,0.5,0,-0.2556179775280899,-0.35,-0.35,0.0337078651685393,-0.4375,-0.08024691358024694,0.3333333333333333,-0.08333333333333337,-19.153954802259875,-13.547752808988776,-23.110767790262173,0.4,0.75,0.3333333333333333,0.0,0.6666666666666666,0.75,154.09604519774012,173.25,155.70224719101122,169.25,206.68923220973784,229.8
1304067,2022,2022-04-11,"Dr DY Patil Sports Academy, Mumbai",Gujarat Titans,Sunrisers Hyderabad,Sunrisers Hyderabad,field,0,1.0,0.49645390070921985,1.0,0.4,0.6666666666666666,0.475177304964539,1.0,0.5223880597014925,1.0,0.47297297297297297,0.5,0,0.5035460992907801,0.6,0.7,0.1914893617021276,0.4776119402985075,0.527027027027027,0.0,0.6666666666666667,18.893617021276583,14.21985815602838,11.081560283687935,1.0,0.3,0.5,0.5,1.0,0.3333333333333333,174.0,155.10638297872342,168.0,153.78014184397162,220.9333333333333,209.85177304964537
1304068,2022,2022-04-12,"Dr DY Patil Sports Academy, Mumbai",Chennai Super Kings,Royal Challengers Bengaluru,Royal Challengers Bengaluru,field,1,0.5909090909090909,0.48130841121495327,0.2,0.6,0.5252525252525253,0.4672897196261682,0.6521739130434783,0.5363636363636364,0.5377358490566038,0.4230769230769231,0.6666666666666666,0,0.10960067969413767,-0.39999999999999997,-0.39999999999999997,0.05796280562635708,0.1158102766798419,0.11465892597968069,-0.5,-0.75,5.144812612102328,-3.57739365485844,5.457630825387838,0.3,0.7,0.0,0.5,0.0,0.75,160.18686868686868,155.04205607476635,153.93434343434345,157.5117370892019,215.14789562289562,209.69026479750778
1304069,2022,2022-04-13,"Maharashtra Cricket Association Stadium, Pune",Punjab Kings,Mumbai Indians,Mumbai Indians,field,1,0.46153846153846156,0.5746606334841629,0.6,0.2,0.4375,0.5203619909502263,0.5252525252525253,0.61,0.4036697247706422,0.5454545454545454,0.4642857142857143,0,-0.11312217194570129,0.39999999999999997,0.2,-0.08286199095022628,-0.08474747474747468,-0.1417848206839032,0.5,0.5,-0.5698529411764639,5.924773755656105,-4.313654788838619,0.5,0.3,0.5,0.0,0.5,0.0,158.08173076923077,158.65158371040724,159.64423076923077,153.71945701357467,207.18709935897434,211.50075414781296
1304070,2022,2022-04-14,"Dr DY Patil Sports Academy, Mumbai",Gujarat Titans,Rajasthan Royals,Rajasthan Royals,field,1,0.75,0.4972067039106145,0.75,0.6,0.5,0.5307262569832403,1.0,0.5625,0.5,0.4268292682926829,0.5,0,0.2527932960893855,0.15000000000000002,0.35,-0.030726256983240274,0.4375,0.07317073170731708,-1.0,0.0,16.842696629213492,12.262569832402221,22.888919925512113,0.75,0.4,0.0,1.0,0.75,0.75,171.0,154.1573033707865,168.0,155.73743016759778,229.8,206.9110800744879
1304071,2022,2022-04-15,"Brabourne Stadium, Mumbai",Kolkata Knight Riders,Sunrisers Hyderabad,Sunrisers Hyderabad,field,0,0.5186915887850467,0.5,0.6,0.4,0.514018691588785,0.4788732394366197,0.6052631578947368,0.5294117647058824,0.42,0.47297297297297297,0.6666666666666666,0,0.01869158878504673,0.19999999999999996,0.29999999999999993,0.0351454521521653,0.07585139318885448,-0.05297297297297299,-0.5,0.09999999999999998,-2.500921416348575,-1.0576543372383753,-5.654663024878261,0.7,0.4,0.0,0.5,0.6,0.5,152.69626168224298,155.19718309859155,152.7803738317757,153.83802816901408,203.97655763239874,209.631220657277
1304072,2022,2022-04-16,"Brabourne Stadium, Mumbai",Lucknow Super Giants,Mumbai Indians,Mumbai Indians,field,1,0.6,0.5720720720720721,0.6,0.0,0.6,0.5225225225225225,0.6666666666666666,0.6039603960396039,0.5,0.5454545454545454,0.5,0,0.027927927927927865,0.6,0.3,0.07747747747747746,0.06270627062706269,-0.045454545454545414,0.5,0.6,12.225225225225216,14.4810810810811,17.690735735735757,0.6,0.3,1.0,0.5,0.6,0.0,171.0,158.77477477477478,168.4,153.9189189189189,229.28000000000003,211.58926426426427
1304073,2022,2022-04-16,"Wankhede Stadium, Mumbai",Royal Challengers Bengaluru,Delhi Capitals,Delhi Capitals,field,1,0.4790697674418605,0.45794392523364486,0.6,0.4,0.4697674418604651,0.514018691588785,0.5315315315315315,0.5172413793103449,0.4230769230769231,0.3877551020408163,0.5925925925925926,0,0.021125842208215617,0.19999999999999996,0.19999999999999996,-0.0442512497283199,0.01429015222118668,0.03532182103610676,0.0,0.09999999999999998,2.09710932406,1.9869246632442525,9.980840397015157,0.6,0.4,0.6666666666666666,0.6666666666666666,0.6,0.5,155.2186046511628,153.1214953271028,157.78504672897196,155.7981220657277,209.66682170542637,199.68598130841121
1304074,2022,2022-04-17,"Dr DY Patil Sports Academy, Mumbai",Punjab Kings,Sunrisers Hyderabad,Sunrisers Hyderabad,field,0,0.46411483253588515,0.5034965034965035,0.6,0.6,0.4354066985645933,0.4825174825174825,0.5252525252525253,0.5362318840579711,0.4090909090909091,0.47297297297297297,0.3333333333333333,0,-0.0393816709606184,0.0,0.09999999999999998,-0.0471107839528892,-0.01097935880544576,-0.06388206388206386,0.33333333333333337,0.0,2.9300699300699478,5.784320942215686,-2.256428659060248,0.6,0.5,1.0,0.6666666666666666,0.6,0.6,158.27272727272728,155.34265734265733,159.77033492822966,153.98601398601397,207.20534290271132,209.46177156177157
1304075,2022,2022-04-17,"Maharashtra Cricket Association Stadium, Pune",Chennai Super Kings,Gujarat Titans,Gujarat Titans,field,0,0.592964824120603,0.8,0.2,0.8,0.5226130653266332,0.4,0.6521739130434783,1.0,0.5420560747663551,0.6666666666666666,0.5,0,-0.20703517587939702,-0.6000000000000001,-0.5,0.12261306532663319,-0.34782608695652173,-0.12461059190031154,-0.5,-0.6000000000000001,-14.732663316582915,-11.269346733668357,-14.261892797319916,0.3,0.8,0.5,1.0,0.2,0.8,160.46733668341707,175.2,154.13065326633165,165.4,214.93810720268007,229.2
1304076,2022,2022-04-18,"Brabourne Stadium, Mumbai",Rajasthan Royals,Kolkata Knight Riders,Kolkata Knight Riders,field,1,0.49444444444444446,0.5162790697674419,0.6,0.4,0.5333333333333333,0.5116279069767442,0.5567010309278351,0.6052631578947368,0.4268292682926829,0.4158415841584158,0.4583333333333333,0,-0.021834625322997403,0.19999999999999996,-0.19999999999999996,0.02170542635658912,-0.048562126966901764,0.010987684134267095,0.5,0.09999999999999998,1.3620111731843565,3.050516795865633,3.165605081825987,0.4,0.6,0.5,0.0,0.6,0.5,154.16201117318437,152.8,155.9388888888889,152.88837209302326,207.19157407407405,204.02596899224807
1304077,2022,2022-04-19,"Dr DY Patil Sports Academy, Mumbai",Royal Challengers Bengaluru,Lucknow Super Giants,Lucknow Super Giants,field,1,0.48148148148148145,0.6666666666666666,0.8,0.8,0.4675925925925926,0.5,0.5315315315315315,0.6666666666666666,0.42857142857142855,0.6666666666666666,0.5,0,-0.18518518518518517,0.0,-0.06666666666666665,-0.032407407407407385,-0.1351351351351351,-0.23809523809523808,-0.6666666666666667,0.0,-20.291666666666657,-12.644186046511635,-18.778858024691374,0.6,0.6666666666666666,0.3333333333333333,1.0,0.6666666666666666,0.6666666666666666,155.375,175.66666666666666,157.85581395348837,170.5,209.6878086419753,228.46666666666667
1304078,2022,2022-04-20,"Brabourne Stadium, Mumbai",Punjab Kings,Delhi Capitals,Delhi Capitals,field,0,0.46190476190476193,0.4558139534883721,0.4,0.4,0.43333333333333335,0.5162790697674419,0.5252525252525253,0.5128205128205128,0.40540540540540543,0.3877551020408163,0.5357142857142857,0,0.006090808416389815,0.0,0.09999999999999998,-0.08294573643410852,0.01243201243201253,0.017650303364589115,-0.5,0.09999999999999998,5.024141749723157,3.780062305295928,7.517565522332973,0.5,0.4,0.5,1.0,0.5,0.4,158.23809523809524,153.21395348837208,159.73333333333332,155.9532710280374,207.31198412698416,199.79441860465118
1304079,2022,2022-04-21,"Dr DY Patil Sports Academy, Mumbai",Mumbai Indians,Chennai Super Kings,Chennai Super Kings,field,0,0.5695067264573991,0.59,0.0,0.2,0.5246636771300448,0.52,0.5980392156862745,0.6521739130434783,0.5454545454545454,0.5370370370370371,0.59375,0,-0.020493273542600887,-0.2,0.0,0.0046636771300447855,-0.054134697357203776,0.008417508417508324,-0.5,-0.16666666666666666,-1.6355605381165788,-0.08892376681615133,-3.3278905082212304,0.3,0.3,0.0,0.5,0.0,0.16666666666666666,158.8744394618834,160.51,154.12107623318386,154.21,211.64252615844543,214.97041666666667
1304080,2022,2022-04-22,"Wankhede Stadium, Mumbai",Rajasthan Royals,Delhi Capitals,Delhi Capitals,field,1,0.4972375690607735,0.4583333333333333,0.6,0.4,0.5303867403314917,0.5185185185185185,0.5567010309278351,0.5169491525423728,0.43373493975903615,0.3877551020408163,0.5,0,0.03890423572744017,0.19999999999999996,0.09999999999999998,0.011868221812973201,0.039751878385462236,0.04597983771821984,-0.07142857142857145,0.16666666666666663,1.455555555555577,0.4747783630990341,7.531195007161841,0.5,0.4,0.42857142857142855,0.5,0.6666666666666666,0.5,154.51111111111112,153.05555555555554,156.23756906077347,155.76279069767443,207.40156537753222,199.87037037037038
1304081,2022,2022-04-23,"Dr DY Patil Sports Academy, Mumbai",Gujarat Titans,Kolkata Knight Riders,Gujarat Titans,bat,1,0.8333333333333334,0.5138888888888888,0.8,0.4,0.5,0.5138888888888888,1.0,0.6,0.6666666666666666,0.4158415841584158,0.5,1,0.31944444444444453,0.4,0.33333333333333337,-0.01388888888888884,0.4,0.2508250825082508,0.5,0.4047619047619048,21.268518518518533,12.81481481481481,31.316743827160508,0.8333333333333334,0.5,0.5,0.0,0.8333333333333334,0.42857142857142855,174.33333333333334,153.0648148148148,166.0,153.1851851851852,235.44444444444446,204.12770061728395
1304082,2022,2022-04-23,"Brabourne Stadium, Mumbai",Royal Challengers Bengaluru,Sunrisers Hyderabad,Sunrisers Hyderabad,field,0,0.4838709677419355,0.5069444444444444,0.8,0.8,0.46543778801843316,0.4861111111111111,0.5315315315315315,0.5428571428571428,0.4339622641509434,0.47297297297297297,0.42105263157894735,0,-0.02307347670250892,0.0,0.09999999999999998,-0.020673323092677942,-0.011325611325611273,-0.03901070882202956,-0.5,0.04761904761904767,0.17364311315921555,3.9143518518518476,0.31709442737664517,0.6,0.5,0.5,1.0,0.7142857142857143,0.6666666666666666,155.49308755760367,155.31944444444446,157.87962962962962,153.96527777777777,209.7242703533026,209.40717592592594
1304083,2022,2022-04-24,"Wankhede Stadium, Mumbai",Lucknow Super Giants,Mumbai Indians,Mumbai Indians,field,1,0.5714285714285714,0.5669642857142857,0.6,0.0,0.5714285714285714,0.5223214285714286,0.5,0.5980392156862745,0.6666666666666666,0.5409836065573771,1.0,0,0.004464285714285698,0.6,0.3714285714285714,0.049107142857142794,-0.0980392156862745,0.12568306010928953,-0.5,0.5714285714285714,15.0,17.870535714285722,19.547172619047615,0.5714285714285714,0.2,0.0,0.5,0.5714285714285714,0.0,173.85714285714286,158.85714285714286,172.0,154.12946428571428,231.14285714285714,211.59568452380952
1304084,2022,2022-04-25,"Wankhede Stadium, Mumbai",Punjab Kings,Chennai Super Kings,Chennai Super Kings,field,1,0.4597156398104265,0.5920398009950248,0.4,0.4,0.4312796208530806,0.5223880597014925,0.5252525252525253,0.6559139784946236,0.4017857142857143,0.5370370370370371,0.4230769230769231,0,-0.13232416118459833,0.0,0.09999999999999998,-0.09110843884841191,-0.13066145324209832,-0.1352513227513228,-0.41666666666666663,0.14285714285714285,-2.4543868336045023,5.326354011930846,-7.742753845307448,0.5,0.4,0.25,0.6666666666666666,0.42857142857142855,0.2857142857142857,158.03317535545023,160.48756218905473,159.54028436018956,154.2139303482587,207.35268562401262,215.09543946932007
1304085,2022,2022-04-26,"Maharashtra Cricket Association Stadium, Pune",Rajasthan Royals,Royal Challengers Bengaluru,Royal Challengers Bengaluru,field,1,0.5,0.481651376146789,0.6,0.6,0.5274725274725275,0.463302752293578,0.5567010309278351,0.5315315315315315,0.44047619047619047,0.42990654205607476,0.4,0,0.01834862385321101,0.0,0.0,0.0641697751789495,0.02516949939630353,0.010569648420115707,0.0,0.0892857142857143,-0.20776521871357545,-0.9673874512584177,-1.9055692778169941,0.6,0.6,1.0,1.0,0.7142857142857143,0.625,154.88397790055248,155.09174311926606,156.5164835164835,157.48387096774192,207.86858974358975,209.77415902140675
1304086,2022,2022-04-27,"Wankhede Stadium, Mumbai",Sunrisers Hyderabad,Gujarat Titans,Gujarat Titans,field,0,0.5103448275862069,0.8571428571428571,1.0,0.8,0.4896551724137931,0.5714285714285714,0.5492957746478874,1.0,0.47297297297297297,0.75,1.0,0,-0.3467980295566502,0.19999999999999996,-0.2571428571428571,-0.08177339901477831,-0.45070422535211263,-0.27702702702702703,-0.5,-0.1428571428571428,-16.969458128078827,-10.056157635467969,-31.591215106732363,0.6,0.8571428571428571,0.5,1.0,0.7142857142857143,0.8571428571428571,154.7448275862069,171.71428571428572,153.37241379310345,163.42857142857142,209.45402298850573,241.0452380952381
1304087,2022,2022-04-28,"Wankhede Stadium, Mumbai",Kolkata Knight Riders,Delhi Capitals,Delhi Capitals,field,0,0.511520737327189,0.45622119815668205,0.2,0.4,0.511520737327189,0.5207373271889401,0.5948275862068966,0.5126050420168067,0.4158415841584158,0.3877551020408163,0.5517241379310345,0,0.055299539170506895,-0.2,0.10000000000000003,-0.009216589861751112,0.0822225441900899,0.02808648211759951,0.09999999999999998,-0.05357142857142855,-0.26267281105990037,-2.871287762416813,4.169508448540711,0.4,0.3,0.5,0.4,0.375,0.42857142857142855,153.04147465437788,153.30414746543778,153.19815668202764,156.06944444444446,204.19439324116743,200.02488479262672
1304088,2022,2022-04-29,"Maharashtra Cricket Association Stadium, Pune",Lucknow Super Giants,Punjab Kings,Punjab Kings,field,1,0.625,0.46226415094339623,0.6,0.4,0.5,0.42924528301886794,0.5,0.5252525252525253,0.75,0.40707964601769914,0.5,0,0.16273584905660377,0.19999999999999996,0.125,0.07075471698113206,-0.025252525252525304,0.34292035398230086,-0.5,0.125,14.955188679245282,7.382075471698101,20.24190251572324,0.625,0.5,0.5,1.0,0.625,0.5,173.125,158.16981132075472,167.0,159.6179245283019,227.575,207.33309748427675
1304089,2022,2022-04-30,"Brabourne Stadium, Mumbai",Royal Challengers Bengaluru,Gujarat Titans,Royal Challengers Bengaluru,bat,0,0.4794520547945205,0.875,0.4,0.8,0.4657534246575342,0.625,0.5267857142857143,1.0,0.42990654205607476,0.75,0.5,1,-0.3955479452054795,-0.4,-0.375,-0.15924657534246578,-0.4732142857142857,-0.32009345794392524,-1.0,-0.3194444444444444,-20.21632420091325,-9.952981651376149,-34.575009512937584,0.5,0.875,0.0,1.0,0.5555555555555556,0.875,154.90867579908675,175.125,157.42201834862385,167.375,209.67290715372908,244.24791666666667
1304090,2022,2022-04-30,"Dr DY Patil Sports Academy, Mumbai",Rajasthan Royals,Mumbai Indians,Mumbai Indians,field,0,0.5027322404371585,0.5644444444444444,0.8,0.0,0.5245901639344263,0.5244444444444445,0.5567010309278351,0.5922330097087378,0.4470588235294118,0.5409836065573771,0.48,0,-0.06171220400728594,0.8,0.39999999999999997,0.00014571948998176598,-0.03553197878090275,-0.09392478302796531,0.5,0.75,-3.9136019536019546,2.098506375227686,-3.4474013357620095,0.6,0.2,0.5,0.0,0.75,0.0,154.82417582417582,158.73777777777778,156.28961748633878,154.1911111111111,208.1163023679417,211.5637037037037
1304091,2022,2022-05-01,"Wankhede Stadium, Mumbai",Lucknow Super Giants,Delhi Capitals,Lucknow Super Giants,bat,1,0.6666666666666666,0.45871559633027525,0.6,0.6,0.4444444444444444,0.5229357798165137,0.5,0.5166666666666667,0.8,0.3877551020408163,1.0,1,0.20795107033639137,0.0,0.2666666666666666,-0.07849133537206932,-0.01666666666666672,0.41224489795918373,-0.16666666666666669,0.16666666666666663,17.59989806320081,7.199180747567851,27.149643221202865,0.6666666666666666,0.4,0.3333333333333333,0.5,0.6666666666666666,0.5,170.88888888888889,153.28899082568807,163.22222222222223,156.02304147465438,227.3111111111111,200.16146788990824
1304092,2022,2022-05-01,"Maharashtra Cricket Association Stadium, Pune",Chennai Super Kings,Sunrisers Hyderabad,Sunrisers Hyderabad,field,1,0.5891089108910891,0.5068493150684932,0.4,0.8,0.5247524752475248,0.4863013698630137,0.648936170212766,0.5492957746478874,0.5370370370370371,0.4666666666666667,0.7058823529411765,0,0.0822595958225959,-0.4,-0.19999999999999996,0.038451105384511075,0.09964039556487858,0.07037037037037042,0.0,-0.375,5.543808490438067,0.6913061169130401,5.51691532166916,0.4,0.6,0.0,0.0,0.25,0.625,160.56435643564356,155.0205479452055,154.37623762376236,153.68493150684932,215.12673267326733,209.60981735159817
1304093,2022,2022-05-02,"Wankhede Stadium, Mumbai",Rajasthan Royals,Kolkata Knight Riders,Kolkata Knight Riders,field,0,0.5,0.5091743119266054,0.6,0.0,0.5217391304347826,0.5091743119266054,0.5567010309278351,0.5948275862068966,0.4418604651162791,0.4117647058823529,0.48,0,-0.00917431192660545,0.6,0.3,0.012564818508177145,-0.0381265552790615,0.030095759233926156,0.09999999999999998,0.3333333333333333,1.8323557427181925,3.1317311527722325,4.142791018481603,0.6,0.3,0.5,0.4,0.6666666666666666,0.3333333333333333,154.8415300546448,153.0091743119266,156.31521739130434,153.1834862385321,208.424365942029,204.2815749235474
1304094,2022,2022-05-03,"Dr DY Patil Sports Academy, Mumbai",Gujarat Titans,Punjab Kings,Gujarat Titans,bat,0,0.8888888888888888,0.460093896713615,1.0,0.4,0.5555555555555556,0.431924882629108,1.0,0.52,0.75,0.40707964601769914,1.0,1,0.42879499217527384,0.6,0.38888888888888884,0.12363067292644758,0.48,0.34292035398230086,0.16666666666666663,0.4444444444444444,16.948356807511743,8.079812206572768,33.461450182576954,0.8888888888888888,0.5,0.6666666666666666,0.5,0.8888888888888888,0.4444444444444444,175.0,158.05164319248826,167.66666666666666,159.5868544600939,240.7314814814815,207.27003129890454
1304095,2022,2022-05-04,"Maharashtra Cricket Association Stadium, Pune",Royal Challengers Bengaluru,Chennai Super Kings,Chennai Super Kings,field,1,0.4772727272727273,0.5911330049261084,0.4,0.6,0.4681818181818182,0.5221674876847291,0.5267857142857143,0.648936170212766,0.42592592592592593,0.5412844036697247,0.32142857142857145,0,-0.11386027765338114,-0.19999999999999996,0.09999999999999998,-0.053985669502910894,-0.12215045592705165,-0.11535847774379882,0.0,0.16666666666666669,-5.791200179131209,2.950918865420533,-5.372690700104499,0.5,0.4,0.5,0.5,0.5,0.3333333333333333,154.97727272727272,160.76847290640393,157.49771689497717,154.54679802955664,209.5807575757576,214.9534482758621
1304096,2022,2022-05-05,"Brabourne Stadium, Mumbai",Delhi Capitals,Sunrisers Hyderabad,Sunrisers Hyderabad,field,1,0.45662100456621,0.5034013605442177,0.4,0.6,0.5205479452054794,0.4897959183673469,0.512396694214876,0.5416666666666666,0.3877551020408163,0.4666666666666667,0.45,0,-0.04678035597800767,-0.19999999999999996,-0.09999999999999998,0.030752026838132496,-0.029269972451790638,-0.07891156462585036,0.0,-0.11111111111111116,-1.7996458857515734,2.188229420208444,-9.591523001894814,0.4,0.5,1.0,1.0,0.4444444444444444,0.5555555555555556,153.45205479452054,155.2517006802721,156.2018348623853,154.01360544217687,200.27945205479452,209.87097505668933
1304097,2022,2022-05-06,"Brabourne Stadium, Mumbai",Mumbai Indians,Gujarat Titans,Gujarat Titans,field,1,0.5663716814159292,0.8,0.2,0.8,0.5265486725663717,0.6,0.5961538461538461,1.0,0.5409836065573771,0.6,0.5,0,-0.23362831858407085,-0.6000000000000001,-0.6000000000000001,-0.07345132743362826,-0.40384615384615385,-0.05901639344262288,-0.6666666666666667,-0.6888888888888889,-13.052212389380543,-11.192035398230104,-27.069690265486713,0.2,0.8,0.3333333333333333,1.0,0.1111111111111111,0.8,158.74778761061947,171.8,154.2079646017699,165.4,211.38864306784663,238.45833333333334
1304098,2022,2022-05-07,"Wankhede Stadium, Mumbai",Punjab Kings,Rajasthan Royals,Punjab Kings,bat,0,0.46261682242990654,0.4972972972972973,0.4,0.6,0.42990654205607476,0.518918918918919,0.5247524752475248,0.5567010309278351,0.40707964601769914,0.4367816091954023,0.43478260869565216,1,-0.03468047486739079,-0.19999999999999996,-0.09999999999999998,-0.08901237686284419,-0.0319485556803103,-0.029701963177703183,-0.0444444444444444,-0.09999999999999998,3.164567249085735,3.185021470068193,-1.500322051023005,0.5,0.6,0.4,0.4444444444444444,0.5,0.6,157.99065420560748,154.82608695652175,159.50934579439252,156.32432432432432,207.20147975077882,208.70180180180182
1304099,2022,2022-05-07,"Maharashtra Cricket Association Stadium, Pune",Lucknow Super Giants,Kolkata Knight Riders,Kolkata Knight Riders,field,1,0.7,0.5114155251141552,0.8,0.2,0.5,0.5114155251141552,0.5,0.5982905982905983,0.8333333333333334,0.4117647058823529,0.5,0,0.18858447488584473,0.6000000000000001,0.29999999999999993,-0.011415525114155223,-0.09829059829059827,0.42156862745098045,0.0,0.29999999999999993,20.268036529680387,12.621917808219195,22.373957382039578,0.7,0.4,1.0,1.0,0.7,0.4,173.3,153.03196347031962,165.8,153.17808219178082,226.65333333333334,204.27937595129376
1304100,2022,2022-05-08,"Wankhede Stadium, Mumbai",Royal Challengers Bengaluru,Sunrisers Hyderabad,Royal Challengers Bengaluru,bat,1,0.4796380090497738,0.5,0.4,0.4,0.4660633484162896,0.49324324324324326,0.5267857142857143,0.5342465753424658,0.43119266055045874,0.4666666666666667,0.4,1,-0.020361990950226228,0.0,0.09999999999999998,-0.027179894826953654,-0.007460861056751478,-0.035474006116207935,0.75,0.045454545454545414,-0.4006359300476845,3.137469287469287,-0.504271126329968,0.6,0.5,0.75,0.0,0.5454545454545454,0.5,155.05882352941177,155.45945945945945,157.5090909090909,154.3716216216216,209.43514328808445,209.93941441441441
1304101,2022,2022-05-08,"Dr DY Patil Sports Academy, Mumbai",Chennai Super Kings,Delhi Capitals,Delhi Capitals,field,1,0.5882352941176471,0.4590909090909091,0.4,0.6,0.5245098039215687,0.5181818181818182,0.6421052631578947,0.512396694214876,0.5412844036697247,0.3939393939393939,0.6153846153846154,0,0.12914438502673797,-0.19999999999999996,-0.2,0.0063279857397504635,0.12970856894301874,0.14734500973033082,0.6666666666666666,-0.2,7.06925133689839,-1.7006446414182221,14.762179144385016,0.3,0.5,0.6666666666666666,0.0,0.3,0.5,160.76470588235293,153.69545454545454,154.63725490196077,156.337899543379,215.0830882352941,200.32090909090908
1304102,2022,2022-05-09,"Dr DY Patil Sports Academy, Mumbai",Kolkata Knight Riders,Mumbai Indians,Mumbai Indians,field,1,0.509090909090909,0.5682819383259912,0.2,0.4,0.5136363636363637,0.5242290748898678,0.5932203389830508,0.5961538461538461,0.4117647058823529,0.5447154471544715,0.26666666666666666,0,-0.05919102923508213,-0.2,0.09999999999999998,-0.010592711253504139,-0.002933507170795324,-0.1329507412721186,-0.3333333333333333,0.16363636363636364,-6.0327392871445795,-1.0045254305166225,-6.861992724602828,0.3,0.2,0.0,0.3333333333333333,0.36363636363636365,0.2,152.79545454545453,158.8281938325991,153.28181818181818,154.2863436123348,204.4253787878788,211.28737151248163
1304103,2022,2022-05-10,"Maharashtra Cricket Association Stadium, Pune",Gujarat Titans,Lucknow Super Giants,Gujarat Titans,bat,1,0.7272727272727273,0.7272727272727273,0.6,0.8,0.6363636363636364,0.45454545454545453,0.8333333333333334,0.5,0.6,0.8571428571428571,1.0,1,0.0,-0.20000000000000007,-0.10000000000000009,0.18181818181818182,0.33333333333333337,-0.2571428571428571,0.0,0.0,-1.7272727272727195,6.545454545454561,11.145454545454527,0.7,0.8,1.0,1.0,0.7272727272727273,0.7272727272727273,171.8181818181818,173.54545454545453,166.45454545454547,159.9090909090909,235.3348484848485,224.18939393939397
1304104,2022,2022-05-11,"Dr DY Patil Sports Academy, Mumbai",Rajasthan Royals,Delhi Capitals,Delhi Capitals,field,0,0.5,0.45701357466063347,0.6,0.4,0.5161290322580645,0.5203619909502263,0.5612244897959183,0.5081967213114754,0.4367816091954023,0.3939393939393939,0.52,0,0.04298642533936653,0.19999999999999996,0.19999999999999996,-0.004232958692161781,0.053027768484442905,0.0428422152560084,0.3333333333333333,0.18181818181818182,1.4868044515103236,-0.07272727272726343,8.467332425112346,0.6,0.4,0.3333333333333333,0.0,0.6363636363636364,0.45454545454545453,155.0162162162162,153.52941176470588,156.5,156.57272727272726,208.92706093189966,200.45972850678731
1304105,2022,2022-05-12,"Wankhede Stadium, Mumbai",Chennai Super Kings,Mumbai Indians,Mumbai Indians,field,0,0.5902439024390244,0.5657894736842105,0.6,0.4,0.5219512195121951,0.5263157894736842,0.6421052631578947,0.5904761904761905,0.5454545454545454,0.5447154471544715,0.42424242424242425,0,0.02445442875481385,0.19999999999999996,0.2,-0.00436456996148904,0.05162907268170425,0.0007390983000739038,0.5714285714285714,0.18181818181818182,2.3679289687633798,0.12032520325203677,4.110671088289791,0.4,0.2,0.5714285714285714,0.0,0.36363636363636365,0.18181818181818182,160.99512195121952,158.62719298245614,154.45365853658538,154.33333333333334,215.24853658536583,211.13786549707604
1304106,2022,2022-05-13,"Brabourne Stadium, Mumbai",Punjab Kings,Royal Challengers Bengaluru,Royal Challengers Bengaluru,field,1,0.4604651162790698,0.481981981981982,0.4,0.4,0.4325581395348837,0.46846846846846846,0.5247524752475248,0.5267857142857143,0.40350877192982454,0.43636363636363634,0.5517241379310345,0,-0.021516865702912225,0.0,-0.19999999999999996,-0.035910328933584756,-0.002033239038189527,-0.0328548644338118,0.3333333333333333,-0.12878787878787884,2.9096584957050027,2.2891718404714254,-2.1379663384314256,0.4,0.6,0.3333333333333333,0.0,0.45454545454545453,0.5833333333333334,158.13488372093022,155.22522522522522,159.65116279069767,157.36199095022624,207.17449612403104,209.31246246246246
1304107,2022,2022-05-14,"Maharashtra Cricket Association Stadium, Pune",Kolkata Knight Riders,Sunrisers Hyderabad,Kolkata Knight Riders,bat,1,0.5113122171945701,0.4966442953020134,0.4,0.2,0.5113122171945701,0.4899328859060403,0.5932203389830508,0.527027027027027,0.4174757281553398,0.4666666666666667,0.6363636363636364,1,0.014667921892556668,0.2,-0.09999999999999998,0.021379331288529813,0.06619331195602385,-0.04919093851132689,0.5,-0.037878787878787845,-2.404354824015286,-1.5246135625132808,-5.400675696194838,0.4,0.5,0.5,0.0,0.4166666666666667,0.45454545454545453,152.85067873303169,155.25503355704697,153.0995475113122,154.6241610738255,204.60625942684766,210.0069351230425
1304108,2022,2022-05-15,"Wankhede Stadium, Mumbai",Chennai Super Kings,Gujarat Titans,Chennai Super Kings,bat,0,0.587378640776699,0.75,0.4,0.6,0.5194174757281553,0.6666666666666666,0.6421052631578947,0.8333333333333334,0.5405405405405406,0.6666666666666666,0.0,1,-0.162621359223301,-0.19999999999999996,-0.29999999999999993,-0.1472491909385113,-0.19122807017543864,-0.12612612612612606,-0.5,-0.4166666666666667,-8.81553398058253,-5.212783171521039,-16.397842502696847,0.4,0.7,0.5,1.0,0.3333333333333333,0.75,160.68446601941747,169.5,154.20388349514562,159.41666666666666,215.4716019417476,231.86944444444444
1304109,2022,2022-05-15,"Brabourne Stadium, Mumbai",Rajasthan Royals,Lucknow Super Giants,Rajasthan Royals,bat,1,0.49732620320855614,0.6666666666666666,0.4,0.8,0.5133689839572193,0.4166666666666667,0.5612244897959183,0.4,0.4318181818181818,0.8571428571428571,1.0,1,-0.1693404634581105,-0.4,-0.19999999999999996,0.09670231729055262,0.1612244897959183,-0.42532467532467527,0.0,-0.08333333333333326,-10.873655913978496,-2.0592691622103416,-18.357390077243025,0.5,0.7,1.0,1.0,0.5833333333333334,0.6666666666666666,155.04301075268816,165.91666666666666,156.524064171123,158.58333333333334,209.01622103386808,227.3736111111111
1304110,2022,2022-05-16,"Dr DY Patil Sports Academy, Mumbai",Delhi Capitals,Punjab Kings,Punjab Kings,field,1,0.4594594594594595,0.46296296296296297,0.6,0.6,0.5225225225225225,0.4305555555555556,0.5121951219512195,0.5247524752475248,0.3939393939393939,0.40869565217391307,0.4827586206896552,0,-0.00350350350350348,0.0,0.0,0.09196696696696693,-0.012557353296305251,-0.014756258234519148,-0.3333333333333333,0.0,-4.807307307307326,-3.041394335511967,-6.728242826159516,0.5,0.5,0.3333333333333333,0.6666666666666666,0.5,0.5,153.56306306306305,158.37037037037038,156.58823529411765,159.62962962962962,200.39729729729729,207.1255401234568
1304111,2022,2022-05-17,"Wankhede Stadium, Mumbai",Sunrisers Hyderabad,Mumbai Indians,Mumbai Indians,field,1,0.49333333333333335,0.5676855895196506,0.0,0.6,0.4866666666666667,0.5283842794759825,0.52,0.5943396226415094,0.4666666666666667,0.5447154471544715,0.4444444444444444,0,-0.0743522561863173,-0.6,0.2,-0.04171761280931585,-0.0743396226415094,-0.07804878048780484,-0.5,0.16666666666666669,-3.344279475982546,0.6903639010189409,-0.9853323629306203,0.5,0.3,0.0,0.5,0.4166666666666667,0.25,155.04,158.38427947598254,154.77333333333334,154.0829694323144,209.95222222222222,210.93755458515284
1304112,2022,2022-05-18,"Dr DY Patil Sports Academy, Mumbai",Lucknow Super Giants,Kolkata Knight Riders,Lucknow Super Giants,bat,1,0.6153846153846154,0.5135135135135135,0.6,0.6,0.38461538461538464,0.5135135135135135,0.3333333333333333,0.5932203389830508,0.8571428571428571,0.4230769230769231,1.0,1,0.10187110187110193,0.0,0.19999999999999996,-0.12889812889812885,-0.2598870056497175,0.434065934065934,0.3333333333333333,0.15384615384615385,12.040540540540547,7.112959112959089,22.815632940632952,0.6,0.4,0.6666666666666666,0.3333333333333333,0.6153846153846154,0.46153846153846156,165.0,152.95945945945945,160.07692307692307,152.96396396396398,227.4371794871795,204.62154654654654
1304113,2022,2022-05-19,"Wankhede Stadium, Mumbai",Gujarat Titans,Royal Challengers Bengaluru,Gujarat Titans,bat,0,0.7692307692307693,0.4798206278026906,0.6,0.4,0.6153846153846154,0.47085201793721976,0.8571428571428571,0.5221238938053098,0.6666666666666666,0.43636363636363634,1.0,1,0.2894101414280787,0.19999999999999996,0.19999999999999996,0.14453259744739566,0.3350189633375473,0.2303030303030303,0.19999999999999996,0.23076923076923084,11.77578475336324,-0.2099792099791955,22.453903644935053,0.7,0.5,1.0,0.8,0.7692307692307693,0.5384615384615384,167.0,155.22421524663676,157.3846153846154,157.59459459459458,231.71025641025642,209.25635276532137
1304114,2022,2022-05-20,"Brabourne Stadium, Mumbai",Chennai Super Kings,Rajasthan Royals,Chennai Super Kings,bat,0,0.5845410628019324,0.5,0.4,0.4,0.5217391304347826,0.5159574468085106,0.6421052631578947,0.5612244897959183,0.5357142857142857,0.43820224719101125,0.6,1,0.08454106280193241,0.0,-0.19999999999999996,0.005781683626271961,0.08088077336197641,0.09751203852327445,-1.0,-0.3076923076923077,5.3849492366116465,-2.3898653510124177,6.622761846027345,0.4,0.6,0.0,1.0,0.3076923076923077,0.6153846153846154,160.55072463768116,155.1657754010695,154.12077294685992,156.51063829787233,215.48091787439614,208.8581560283688
1304115,2022,2022-05-21,"Wankhede Stadium, Mumbai",Delhi Capitals,Mumbai Indians,Mumbai Indians,field,0,0.4618834080717489,0.5652173913043478,0.6,0.6,0.5201793721973094,0.5304347826086957,0.5121951219512195,0.5887850467289719,0.4,0.5447154471544715,0.4838709677419355,0,-0.1033339832325989,0.0,0.3,-0.010255410411386334,-0.0765899247777524,-0.1447154471544715,0.09523809523809523,0.30769230769230765,-4.9342951842464515,2.2703486094790435,-10.160029245466944,0.6,0.3,0.42857142857142855,0.3333333333333333,0.5384615384615384,0.23076923076923078,153.58744394618833,158.52173913043478,156.52252252252254,154.2521739130435,200.5847533632287,210.74478260869566
1304116,2022,2022-05-22,"Wankhede Stadium, Mumbai",Sunrisers Hyderabad,Punjab Kings,Sunrisers Hyderabad,bat,0,0.4966887417218543,0.4608294930875576,0.2,0.4,0.48344370860927155,0.43317972350230416,0.52,0.5196078431372549,0.47368421052631576,0.40869565217391307,0.6842105263157895,1,0.03585924863429668,-0.2,0.09999999999999998,0.05026398510696739,0.00039215686274507444,0.06498855835240269,0.0,0.0,-3.0035401470992156,-4.620105594042798,2.552672404146449,0.5,0.4,0.3333333333333333,0.3333333333333333,0.46153846153846156,0.46153846153846156,155.2913907284768,158.29493087557603,155.0066225165563,159.6267281105991,209.821412803532,207.26874039938556
1312197,2022,2022-05-24,"Eden Gardens, Kolkata",Rajasthan Royals,Gujarat Titans,Gujarat Titans,field,0,0.5026455026455027,0.7142857142857143,0.6,0.4,0.5132275132275133,0.6428571428571429,0.5656565656565656,0.8571428571428571,0.43820224719101125,0.5714285714285714,0.0,0,-0.21164021164021163,0.19999999999999996,-0.09999999999999998,-0.12962962962962965,-0.29148629148629146,-0.13322632423756015,0.0,-0.0714285714285714,-11.927811550152,-1.809523809523796,-20.714814814814815,0.6,0.7,0.5,0.5,0.6428571428571429,0.7142857142857143,155.14361702127658,167.07142857142858,156.47619047619048,158.28571428571428,208.7089947089947,229.42380952380952
1312198,2022,2022-05-25,"Eden Gardens, Kolkata",Royal Challengers Bengaluru,Lucknow Super Giants,Lucknow Super Giants,field,1,0.48214285714285715,0.6428571428571429,0.6,0.6,0.46875,0.42857142857142855,0.5263157894736842,0.3333333333333333,0.43636363636363634,0.875,1.0,0,-0.16071428571428575,0.0,-0.09999999999999998,0.04017857142857145,0.19298245614035087,-0.43863636363636366,0.0,-0.07142857142857151,-12.924107142857139,-5.858744394618839,-16.71592261904763,0.5,0.6,0.5,0.5,0.5714285714285714,0.6428571428571429,155.29017857142858,168.21428571428572,157.64125560538116,163.5,209.3328869047619,226.04880952380952
1312199,2022,2022-05-27,"Narendra Modi Stadium, Ahmedabad",Royal Challengers Bengaluru,Rajasthan Royals,Rajasthan Royals,field,0,0.48444444444444446,0.5,0.8,0.6,0.4666666666666667,0.5105263157894737,0.5263157894736842,0.5656565656565656,0.44144144144144143,0.43333333333333335,0.5,0,-0.015555555555555545,0.20000000000000007,0.0,-0.04385964912280704,-0.039340776182881454,0.00810810810810808,0.0,0.0,0.2025396825396797,1.141212406015029,0.7886998050682337,0.6,0.6,0.5,0.5,0.6,0.6,155.52,155.31746031746033,157.79910714285714,156.6578947368421,209.47896296296298,208.69026315789475
1312200,2022,2022-05-29,"Narendra Modi Stadium, Ahmedabad",Rajasthan Royals,Gujarat Titans,Rajasthan Royals,bat,0,0.5026178010471204,0.7333333333333333,0.6,0.6,0.5130890052356021,0.6666666666666666,0.57,0.875,0.43333333333333335,0.5714285714285714,0.0,1,-0.2307155322862129,0.0,-0.09999999999999998,-0.15357766143106455,-0.30500000000000005,-0.13809523809523805,0.5,-0.10833333333333328,-13.319298245614021,-3.6069808027923216,-17.89536358347874,0.6,0.7,1.0,0.5,0.625,0.7333333333333333,155.34736842105264,168.66666666666666,156.65968586387436,160.26666666666668,208.64685863874348,226.54222222222222
1359475,2023,2023-03-31,"Narendra Modi Stadium, Ahmedabad",Chennai Super Kings,Gujarat Titans,Gujarat Titans,field,0,0.5817307692307693,0.75,0.2,0.8,0.5240384615384616,0.625,0.6421052631578947,0.8888888888888888,0.5309734513274337,0.5714285714285714,0.0,0,-0.16826923076923073,-0.6000000000000001,-0.29999999999999993,-0.10096153846153844,-0.2467836257309941,-0.04045512010113772,-0.5,0.0,-5.9375,-4.269230769230774,-9.620112179487165,0.4,0.7,0.5,1.0,0.5,0.5,160.5,166.4375,154.10576923076923,158.375,215.68822115384617,225.30833333333334
1359476,2023,2023-04-01,"Punjab Cricket Association IS Bindra Stadium, Mohali, Chandigarh",Punjab Kings,Kolkata Knight Riders,Kolkata Knight Riders,field,1,0.463302752293578,0.5112107623318386,0.6,0.6,0.43119266055045874,0.5112107623318386,0.5242718446601942,0.5882352941176471,0.40869565217391307,0.4230769230769231,0.3333333333333333,0,-0.04790801003826062,0.0,0.2,-0.08001810178137986,-0.06396344945745291,-0.014381270903010002,0.0,0.0,5.096474266672146,6.394947957378548,2.6631639034023067,0.5,0.3,0.5,0.5,0.5,0.5,158.30275229357798,153.20627802690584,159.61467889908258,153.21973094170403,207.39044342507646,204.72727952167415
1359477,2023,2023-04-01,"Bharat Ratna Shri Atal Bihari Vajpayee Ekana Cricket Stadium, Lucknow",Lucknow Super Giants,Delhi Capitals,Delhi Capitals,field,1,0.6,0.45982142857142855,0.4,0.6,0.4666666666666667,0.5178571428571429,0.2857142857142857,0.5121951219512195,0.875,0.39603960396039606,1.0,0,0.14017857142857143,-0.19999999999999996,0.09999999999999998,-0.05119047619047623,-0.22648083623693382,0.47896039603960394,0.0,0.0,16.255059523809535,9.861883408071748,25.365615079365085,0.6,0.5,0.5,0.5,0.5,0.5,169.86666666666667,153.61160714285714,166.4,156.53811659192826,226.1522222222222,200.78660714285712
1359478,2023,2023-04-02,"Rajiv Gandhi International Stadium, Uppal, Hyderabad",Rajasthan Royals,Sunrisers Hyderabad,Sunrisers Hyderabad,field,1,0.5,0.4934210526315789,0.6,0.2,0.515625,0.4868421052631579,0.57,0.52,0.42857142857142855,0.4675324675324675,0.5,0,0.006578947368421073,0.39999999999999997,0.09999999999999998,0.02878289473684209,0.04999999999999993,-0.038961038961038974,0.0,0.0,-0.08797189308350539,1.4969846491228225,-1.134087171052613,0.5,0.4,0.5,0.5,0.5,0.5,155.21465968586386,155.30263157894737,156.53645833333334,155.03947368421052,208.64244791666667,209.77653508771928
1359479,2023,2023-04-02,"M Chinnaswamy Stadium, Bengaluru",Mumbai Indians,Royal Challengers Bengaluru,Royal Challengers Bengaluru,field,0,0.5670995670995671,0.4823008849557522,0.6,0.6,0.5324675324675324,0.4646017699115044,0.5925925925925926,0.5263157894736842,0.5447154471544715,0.4375,0.5666666666666667,0,0.08479868214381492,0.0,-0.09999999999999998,0.067865762556028,0.06627680311890838,0.10721544715447151,0.0,0.0,3.001589855572149,-3.540606060606052,0.9119239167911815,0.4,0.5,0.5,0.5,0.5,0.5,158.52813852813853,155.52654867256638,154.27272727272728,157.81333333333333,210.62770562770564,209.71578171091446
1359480,2023,2023-04-03,"MA Chidambaram Stadium, Chepauk, Chennai",Chennai Super Kings,Lucknow Super Giants,Lucknow Super Giants,field,1,0.5789473684210527,0.625,0.2,0.4,0.5215311004784688,0.4375,0.6421052631578947,0.2857142857142857,0.5263157894736842,0.8888888888888888,0.0,0,-0.046052631578947345,-0.2,-0.3,0.08403110047846885,0.35639097744360904,-0.36257309941520466,0.0,-1.0,-10.728767942583744,-10.698265550239228,-10.695519338118004,0.3,0.6,0.5,0.5,0.0,1.0,160.58373205741626,171.3125,154.23923444976077,164.9375,215.73468899521532,226.43020833333333
1359481,2023,2023-04-04,"Arun Jaitley Stadium, Delhi",Delhi Capitals,Gujarat Titans,Gujarat Titans,field,0,0.4577777777777778,0.7647058823529411,0.4,0.8,0.52,0.6470588235294118,0.5080645161290323,0.9,0.39603960396039606,0.5714285714285714,0.0,0,-0.30692810457516334,-0.4,-0.19999999999999996,-0.12705882352941178,-0.39193548387096777,-0.17538896746817534,0.0,-1.0,-13.788496732026147,-2.828518907563023,-23.243816993464065,0.5,0.7,0.5,0.5,0.0,1.0,153.56444444444443,167.35294117647058,156.70089285714286,159.52941176470588,200.78755555555554,224.0313725490196
1359482,2023,2023-04-05,"Barsapara Cricket Stadium, Guwahati",Punjab Kings,Rajasthan Royals,Rajasthan Royals,field,1,0.4657534246575342,0.5025906735751295,0.6,0.6,0.4292237442922374,0.5129533678756477,0.5242718446601942,0.57,0.41379310344827586,0.43478260869565216,0.4166666666666667,0,-0.03683724891759532,0.0,0.0,-0.0837296235834103,-0.04572815533980579,-0.020989505247376306,0.0,0.0,2.988513127853878,3.1483663378049016,-1.3834938210266046,0.5,0.5,0.5,0.5,1.0,1.0,158.45205479452054,155.46354166666666,159.55251141552512,156.40414507772022,207.19414003044142,208.57763385146802
1359483,2023,2023-04-06,"Eden Gardens, Kolkata",Kolkata Knight Riders,Royal Challengers Bengaluru,Royal Challengers Bengaluru,field,1,0.5089285714285714,0.4845814977973568,0.4,0.6,0.5133928571428571,0.4669603524229075,0.5833333333333334,0.5304347826086957,0.4230769230769231,0.4375,0.5333333333333333,0,0.024347073631214577,-0.19999999999999996,-0.2,0.046432504719949586,0.05289855072463767,-0.014423076923076927,-0.5,-1.0,-2.4250117998741416,-4.483288558786342,-4.787887756975039,0.3,0.5,0.5,1.0,0.0,1.0,153.17410714285714,155.59911894273128,153.38839285714286,157.8716814159292,204.77760416666666,209.5654919236417
1359484,2023,2023-04-07,"Bharat Ratna Shri Atal Bihari Vajpayee Ekana Cricket Stadium, Lucknow",Sunrisers Hyderabad,Lucknow Super Giants,Sunrisers Hyderabad,bat,0,0.49019607843137253,0.5882352941176471,0.2,0.4,0.49019607843137253,0.47058823529411764,0.5131578947368421,0.25,0.4675324675324675,0.8888888888888888,0.0,1,-0.09803921568627455,-0.2,-0.3,0.019607843137254888,0.26315789473684215,-0.4213564213564213,-0.5,-0.5,-18.150326797385617,-12.64705882352942,-19.35762527233115,0.3,0.6,0.5,1.0,0.0,0.5,155.1437908496732,173.2941176470588,155.35294117647058,168.0,209.45904139433551,228.81666666666666
1359485,2023,2023-04-08,"Barsapara Cricket Stadium, Guwahati",Rajasthan Royals,Delhi Capitals,Delhi Capitals,field,1,0.5,0.4557522123893805,0.4,0.4,0.5154639175257731,0.5176991150442478,0.5643564356435643,0.5080645161290323,0.43478260869565216,0.39215686274509803,0.5,0,0.04424778761061948,0.0,0.09999999999999998,-0.002235197518474674,0.05629191951453205,0.04262574595055413,-0.5,0.5,2.0510798294282324,-0.11548682703320878,7.8128098105403865,0.5,0.4,0.0,0.5,0.5,0.0,155.65284974093265,153.60176991150442,156.61340206185568,156.7288888888889,208.6066151202749,200.79380530973452
1359486,2023,2023-04-08,"Wankhede Stadium, Mumbai",Mumbai Indians,Chennai Super Kings,Chennai Super Kings,field,0,0.5646551724137931,0.580952380952381,0.4,0.2,0.5301724137931034,0.5190476190476191,0.5925925925925926,0.6421052631578947,0.5403225806451613,0.5304347826086957,0.5882352941176471,0,-0.01629720853858785,0.2,0.0,0.011124794745484334,-0.049512670565302175,0.009887798036465556,0.05555555555555558,-0.5,-2.2704844006568123,-0.13181444991789704,-5.4357553366174045,0.4,0.4,0.5,0.4444444444444444,0.0,0.5,158.58189655172413,160.85238095238094,154.34913793103448,154.48095238095237,210.5344827586207,215.9702380952381
1359487,2023,2023-04-09,"Narendra Modi Stadium, Ahmedabad",Gujarat Titans,Kolkata Knight Riders,Gujarat Titans,bat,0,0.7777777777777778,0.5111111111111111,0.8,0.6,0.6666666666666666,0.5111111111111111,0.9090909090909091,0.5833333333333334,0.5714285714285714,0.42857142857142855,1.0,1,0.2666666666666667,0.20000000000000007,0.29999999999999993,0.15555555555555556,0.3257575757575757,0.14285714285714285,0.5,0.5,13.711111111111109,6.413333333333327,18.34392592592596,0.7,0.4,1.0,0.5,1.0,0.5,167.11111111111111,153.4,159.66666666666666,153.25333333333333,223.12962962962965,204.7857037037037
1359488,2023,2023-04-09,"Rajiv Gandhi International Stadium, Uppal, Hyderabad",Punjab Kings,Sunrisers Hyderabad,Sunrisers Hyderabad,field,0,0.4681818181818182,0.487012987012987,0.8,0.2,0.42727272727272725,0.4935064935064935,0.5242718446601942,0.5131578947368421,0.4188034188034188,0.46153846153846156,0.35,0,-0.01883116883116881,0.6000000000000001,0.39999999999999997,-0.06623376623376626,0.011113949923352018,-0.04273504273504275,0.5,1.0,3.705194805194793,4.531168831168827,-2.098777056277072,0.6,0.2,0.5,0.0,1.0,0.0,158.62727272727273,154.92207792207793,159.7,155.16883116883116,207.10598484848484,209.2047619047619
1359489,2023,2023-04-10,"M Chinnaswamy Stadium, Bengaluru",Royal Challengers Bengaluru,Lucknow Super Giants,Lucknow Super Giants,field,0,0.4824561403508772,0.6111111111111112,0.6,0.6,0.4692982456140351,0.4444444444444444,0.5258620689655172,0.3333333333333333,0.4375,0.8888888888888888,1.0,0,-0.12865497076023397,0.0,-0.09999999999999998,0.024853801169590684,0.19252873563218392,-0.45138888888888884,0.5,-0.16666666666666663,-15.266081871345023,-7.313999021047465,-20.465497076023354,0.5,0.6,1.0,0.5,0.5,0.6666666666666666,155.4561403508772,170.72222222222223,158.07488986784142,165.38888888888889,209.45950292397663,229.92499999999998
1359490,2023,2023-04-11,"Arun Jaitley Stadium, Delhi",Delhi Capitals,Mumbai Indians,Mumbai Indians,field,0,0.45374449339207046,0.5622317596566524,0.2,0.4,0.5198237885462555,0.5278969957081545,0.504,0.5925925925925926,0.39215686274509803,0.536,0.46875,0,-0.10848726626458194,-0.2,0.0,-0.008073207161898965,-0.08859259259259256,-0.143843137254902,-1.0,0.0,-5.0244465031858,2.5468304910934876,-9.692034561645642,0.4,0.4,0.0,1.0,0.0,0.0,153.55066079295153,158.57510729613733,156.91592920353983,154.36909871244634,200.72599118942733,210.41802575107297
1359491,2023,2023-04-12,"MA Chidambaram Stadium, Chepauk, Chennai",Rajasthan Royals,Chennai Super Kings,Chennai Super Kings,field,1,0.5025641025641026,0.5829383886255924,0.6,0.4,0.5128205128205128,0.5213270142180095,0.5643564356435643,0.6458333333333334,0.44086021505376344,0.5304347826086957,0.4230769230769231,0,-0.08037428606148989,0.19999999999999996,0.19999999999999996,-0.008506501397496757,-0.08147689768976907,-0.08957456755493226,-0.5,0.0,-4.967313235940793,2.0455705432008813,-6.985501681046713,0.6,0.4,0.5,1.0,0.6666666666666666,0.6666666666666666,155.8762886597938,160.8436018957346,156.53846153846155,154.49289099526067,208.65786324786325,215.64336492890996
1359492,2023,2023-04-13,"Punjab Cricket Association IS Bindra Stadium, Mohali, Chandigarh",Punjab Kings,Gujarat Titans,Gujarat Titans,field,0,0.4660633484162896,0.7368421052631579,0.6,0.8,0.4253393665158371,0.6842105263157895,0.5242718446601942,0.9090909090909091,0.4152542372881356,0.5,0.5,0,-0.27077875684686825,-0.20000000000000007,0.0,-0.2588711597999524,-0.3848190644307149,-0.0847457627118644,0.5,0.0,-10.496070492974525,-2.52441057394617,-15.475791855203624,0.6,0.6,1.0,0.5,0.6666666666666666,0.6666666666666666,158.55656108597285,169.05263157894737,159.63348416289594,162.1578947368421,207.0575414781297,222.53333333333333
1359493,2023,2023-04-14,"Eden Gardens, Kolkata",Sunrisers Hyderabad,Kolkata Knight Riders,Kolkata Knight Riders,field,1,0.49032258064516127,0.5132743362831859,0.4,0.6,0.4967741935483871,0.5088495575221239,0.5194805194805194,0.5867768595041323,0.46153846153846156,0.42857142857142855,0.34782608695652173,0,-0.022951755638024596,-0.19999999999999996,-0.3,-0.012075363973736819,-0.06729634002361284,0.032967032967033016,-0.5,-0.3333333333333333,1.2208963745360961,1.6124464744504792,3.833106385003333,0.2,0.5,0.5,1.0,0.3333333333333333,0.6666666666666666,154.85806451612902,153.63716814159292,155.09032258064516,153.47787610619469,208.89763440860216,205.06452802359883
1359494,2023,2023-04-15,"M Chinnaswamy Stadium, Bengaluru",Royal Challengers Bengaluru,Delhi Capitals,Delhi Capitals,field,1,0.48034934497816595,0.4517543859649123,0.4,0.0,0.4672489082969432,0.5175438596491229,0.5258620689655172,0.504,0.4336283185840708,0.3883495145631068,0.6071428571428571,0,0.02859495901325365,0.4,0.2,-0.05029495135217965,0.021862068965517234,0.045278804020964014,0.0,0.3333333333333333,2.071477821190541,1.3290053327150702,8.722967900099576,0.5,0.3,0.5,0.5,0.3333333333333333,0.0,155.70305676855895,153.6315789473684,158.31578947368422,156.98678414096915,209.32998544395923,200.60701754385966
1359495,2023,2023-04-15,"Bharat Ratna Shri Atal Bihari Vajpayee Ekana Cricket Stadium, Lucknow",Lucknow Super Giants,Punjab Kings,Punjab Kings,field,0,0.631578947368421,0.46396396396396394,0.6,0.6,0.47368421052631576,0.42342342342342343,0.4,0.5242718446601942,0.8888888888888888,0.4117647058823529,1.0,0,0.16761498340445707,0.0,0.09999999999999998,0.050260787102892335,-0.12427184466019414,0.4771241830065359,0.5,0.25,14.415836889521103,8.233997155049792,24.48802354986566,0.6,0.5,1.0,0.5,0.75,0.5,172.94736842105263,158.53153153153153,167.8421052631579,159.6081081081081,231.62368421052633,207.13566066066068
1359496,2023,2023-04-16,"Wankhede Stadium, Mumbai",Kolkata Knight Riders,Mumbai Indians,Mumbai Indians,field,0,0.5110132158590308,0.5641025641025641,0.4,0.4,0.5110132158590308,0.5299145299145299,0.5819672131147541,0.5963302752293578,0.42857142857142855,0.536,0.2903225806451613,0,-0.053089348243533285,0.0,0.0,-0.018901314055499108,-0.014363062114603697,-0.10742857142857148,0.09999999999999998,0.16666666666666669,-4.773316013404127,-0.6382770435633915,-4.993486200534676,0.5,0.5,0.5,0.4,0.5,0.3333333333333333,153.863436123348,158.63675213675214,153.80616740088107,154.44444444444446,205.15822320117474,210.1517094017094
1359497,2023,2023-04-16,"Narendra Modi Stadium, Ahmedabad",Gujarat Titans,Rajasthan Royals,Rajasthan Royals,field,0,0.75,0.5051020408163265,0.8,0.6,0.7,0.5102040816326531,0.9166666666666666,0.5643564356435643,0.5,0.44680851063829785,1.0,0,0.24489795918367352,0.20000000000000007,0.09999999999999998,0.18979591836734688,0.3523102310231023,0.05319148936170215,0.16666666666666663,0.0,12.325641025641033,5.082653061224477,14.86338435374148,0.7,0.6,0.6666666666666666,0.5,0.75,0.75,168.3,155.97435897435898,161.7,156.6173469387755,223.60666666666665,208.74328231292517
1359498,2023,2023-04-17,"M Chinnaswamy Stadium, Bengaluru",Chennai Super Kings,Royal Challengers Bengaluru,Royal Challengers Bengaluru,field,1,0.5801886792452831,0.4826086956521739,0.4,0.4,0.5235849056603774,0.4652173913043478,0.6391752577319587,0.5258620689655172,0.5304347826086957,0.43859649122807015,0.6551724137931034,0,0.09757998359310915,0.0,-0.19999999999999996,0.058367514356029604,0.11331318876644147,0.09183829138062555,-0.16666666666666663,0.0,5.113617719442146,-3.6942201532503987,6.300434098988234,0.4,0.6,0.5,0.6666666666666666,0.5,0.5,160.89622641509433,155.7826086956522,154.58962264150944,158.28384279475983,215.66202830188678,209.36159420289854
1359499,2023,2023-04-18,"Rajiv Gandhi International Stadium, Uppal, Hyderabad",Mumbai Indians,Sunrisers Hyderabad,Sunrisers Hyderabad,field,1,0.5659574468085107,0.4935897435897436,0.6,0.4,0.5319148936170213,0.4935897435897436,0.6,0.5194805194805194,0.536,0.46835443037974683,0.5263157894736842,0,0.07236770321876707,0.19999999999999996,0.3,0.038325150027277655,0.08051948051948055,0.0676455696202532,0.0,0.0,3.4262684124386453,-0.8357883251500198,1.2509510820148932,0.6,0.3,0.5,0.5,0.5,0.5,158.7531914893617,155.32692307692307,154.5744680851064,155.4102564102564,209.97744680851062,208.72649572649573
1359500,2023,2023-04-19,"Sawai Mansingh Stadium, Jaipur",Lucknow Super Giants,Rajasthan Royals,Rajasthan Royals,field,1,0.6,0.5076142131979695,0.6,0.8,0.45,0.5126903553299492,0.4,0.5686274509803921,0.8,0.44680851063829785,0.0,0,0.09238578680203047,-0.20000000000000007,-0.19999999999999996,-0.06269035532994921,-0.1686274509803921,0.3531914893617022,0.0,-0.20000000000000007,16.158163265306115,10.779187817258872,21.71632825719118,0.5,0.7,0.5,0.5,0.6,0.8,172.25,156.09183673469389,167.5,156.72081218274113,230.6,208.88367174280881
1359501,2023,2023-04-20,"Punjab Cricket Association IS Bindra Stadium, Mohali, Chandigarh",Royal Challengers Bengaluru,Punjab Kings,Punjab Kings,field,1,0.4805194805194805,0.4663677130044843,0.4,0.6,0.4675324675324675,0.4260089686098655,0.5213675213675214,0.5288461538461539,0.43859649122807015,0.4117647058823529,0.43333333333333335,0,0.014151767514996194,-0.19999999999999996,-0.09999999999999998,0.04152349892260204,-0.007478632478632452,0.02683178534571723,0.0,-0.19999999999999996,-2.490652844912944,-1.0271202963540702,2.6808575828755465,0.5,0.6,0.5,0.5,0.4,0.6,156.05194805194805,158.542600896861,158.5782608695652,159.60538116591928,209.5773448773449,206.89648729446935
1359502,2023,2023-04-20,"Arun Jaitley Stadium, Delhi",Kolkata Knight Riders,Delhi Capitals,Delhi Capitals,field,0,0.5087719298245614,0.4497816593886463,0.4,0.0,0.5087719298245614,0.519650655021834,0.5819672131147541,0.5,0.42452830188679247,0.3883495145631068,0.5333333333333333,0,0.05899027043591515,0.4,0.2,-0.01087872519727262,0.08196721311475408,0.03617878732368568,0.5,0.4,0.37991266375544797,-3.1140350877192873,4.556325174289441,0.5,0.3,0.5,0.0,0.4,0.0,154.0,153.62008733624455,153.94736842105263,157.06140350877192,205.1484649122807,200.59213973799126
1359503,2023,2023-04-21,"MA Chidambaram Stadium, Chepauk, Chennai",Sunrisers Hyderabad,Chennai Super Kings,Chennai Super Kings,field,0,0.49044585987261147,0.5821596244131455,0.4,0.6,0.4968152866242038,0.5211267605633803,0.5128205128205128,0.6391752577319587,0.46835443037974683,0.5344827586206896,0.2777777777777778,0,-0.09171376454053404,-0.19999999999999996,-0.10000000000000003,-0.02431147393917643,-0.12635474491144594,-0.06612832824094278,-0.3,-0.19999999999999996,-5.730540354654465,0.7559881582488401,-7.282507999162675,0.3,0.4,0.2,0.5,0.4,0.6,155.47133757961782,161.2018779342723,155.64331210191082,154.88732394366198,208.47218683651806,215.75469483568074
1359504,2023,2023-04-22,"Bharat Ratna Shri Atal Bihari Vajpayee Ekana Cricket Stadium, Lucknow",Gujarat Titans,Lucknow Super Giants,Gujarat Titans,bat,1,0.7142857142857143,0.6190476190476191,0.6,0.6,0.6666666666666666,0.42857142857142855,0.9166666666666666,0.4,0.4444444444444444,0.8181818181818182,1.0,1,0.09523809523809523,0.0,0.19999999999999996,0.23809523809523808,0.5166666666666666,-0.3737373737373738,-0.16666666666666663,-0.06666666666666665,-2.666666666666657,-3.857142857142861,-6.041269841269838,0.7,0.5,0.5,0.6666666666666666,0.6,0.6666666666666666,168.71428571428572,171.38095238095238,162.52380952380952,166.38095238095238,224.0825396825397,230.12380952380954
1359505,2023,2023-04-22,"Wankhede Stadium, Mumbai",Punjab Kings,Mumbai Indians,Mumbai Indians,field,1,0.4642857142857143,0.5677966101694916,0.4,0.6,0.42857142857142855,0.5296610169491526,0.5238095238095238,0.6,0.4117647058823529,0.5396825396825397,0.4827586206896552,0,-0.10351089588377727,-0.19999999999999996,-0.09999999999999998,-0.10108958837772403,-0.07619047619047614,-0.12791783380018673,-0.07142857142857145,-0.09999999999999998,-0.3896035108958813,4.995914043583525,-2.9184561642453843,0.5,0.6,0.42857142857142855,0.5,0.5,0.6,158.50446428571428,158.89406779661016,159.66964285714286,154.67372881355934,206.95230654761903,209.87076271186442
1359506,2023,2023-04-23,"M Chinnaswamy Stadium, Bengaluru",Royal Challengers Bengaluru,Rajasthan Royals,Rajasthan Royals,field,1,0.4827586206896552,0.5050505050505051,0.4,0.6,0.46551724137931033,0.5151515151515151,0.5213675213675214,0.5631067961165048,0.4434782608695652,0.44680851063829785,0.48148148148148145,0,-0.02229188436084989,-0.19999999999999996,-0.09999999999999998,-0.04963427377220481,-0.041739274748983424,-0.0033302497687326404,0.0,-0.16666666666666663,0.09885349203571536,1.8340548340548537,0.7533713572506429,0.5,0.6,0.5,0.5,0.5,0.6666666666666666,156.1293103448276,156.03045685279187,158.54112554112555,156.7070707070707,209.77399425287356,209.02062289562292
1359507,2023,2023-04-23,"Eden Gardens, Kolkata",Chennai Super Kings,Kolkata Knight Riders,Kolkata Knight Riders,field,1,0.5841121495327103,0.5065502183406113,0.8,0.4,0.5233644859813084,0.5065502183406113,0.6428571428571429,0.5819672131147541,0.5344827586206896,0.4205607476635514,0.6538461538461539,0,0.07756193119209898,0.4,0.09999999999999998,0.016814267640697045,0.060889929742388826,0.11392201095713822,0.0,0.3333333333333333,7.2113618740562515,0.9556584907970489,10.80342917193812,0.5,0.4,0.5,0.5,0.6666666666666666,0.3333333333333333,161.09345794392524,153.882096069869,154.78971962616822,153.83406113537117,215.93901869158879,205.13558951965067
1359508,2023,2023-04-24,"Rajiv Gandhi International Stadium, Uppal, Hyderabad",Delhi Capitals,Sunrisers Hyderabad,Delhi Capitals,bat,1,0.45217391304347826,0.4873417721518987,0.2,0.4,0.5217391304347826,0.4936708860759494,0.5039370078740157,0.5128205128205128,0.3883495145631068,0.4625,0.47619047619047616,1,-0.03516785910842046,-0.2,0.0,0.028068244358833205,-0.008883504946497034,-0.07415048543689323,0.16666666666666669,-0.16666666666666666,-1.8267473858007577,1.3984854347465614,-7.795409099247848,0.3,0.3,0.5,0.3333333333333333,0.16666666666666666,0.3333333333333333,153.5086956521739,155.33544303797467,156.9301310043668,155.53164556962025,200.5054347826087,208.30084388185654
1359509,2023,2023-04-25,"Narendra Modi Stadium, Ahmedabad",Gujarat Titans,Mumbai Indians,Mumbai Indians,field,1,0.7272727272727273,0.5654008438818565,0.6,0.6,0.6818181818181818,0.5316455696202531,0.9166666666666666,0.5945945945945946,0.5,0.5396825396825397,0.0,0,0.16187188339087077,0.0,0.19999999999999996,0.15017261219792866,0.322072072072072,-0.03968253968253965,0.0,0.16666666666666663,8.110088224012287,6.030494821634079,14.775143843498256,0.7,0.5,0.5,0.5,0.6666666666666666,0.5,167.1818181818182,159.0717299578059,160.95454545454547,154.9240506329114,224.65151515151513,209.87637130801687
1359510,2023,2023-04-26,"M Chinnaswamy Stadium, Bengaluru",Kolkata Knight Riders,Royal Challengers Bengaluru,Royal Challengers Bengaluru,field,1,0.5043478260869565,0.48497854077253216,0.2,0.6,0.508695652173913,0.463519313304721,0.5772357723577236,0.5213675213675214,0.4205607476635514,0.4482758620689655,0.5483870967741935,0,0.019369285314424334,-0.39999999999999997,-0.19999999999999996,0.04517633886919198,0.055868250990202206,-0.027715114405414132,-0.09999999999999998,-0.2857142857142857,-2.2486471356596383,-4.455284857571229,-4.758119985071858,0.4,0.6,0.5,0.6,0.2857142857142857,0.5714285714285714,154.02173913043478,156.27038626609442,154.18695652173912,158.64224137931035,205.16934782608695,209.9274678111588
1359511,2023,2023-04-27,"Sawai Mansingh Stadium, Jaipur",Rajasthan Royals,Chennai Super Kings,Rajasthan Royals,bat,1,0.5025125628140703,0.586046511627907,0.6,0.8,0.5175879396984925,0.5209302325581395,0.5576923076923077,0.6428571428571429,0.44680851063829785,0.5384615384615384,0.4444444444444444,1,-0.08353394881383669,-0.20000000000000007,0.0,-0.0033422928596470447,-0.0851648351648352,-0.09165302782324058,-0.5,-0.1428571428571429,-5.275593140709418,1.9344630127381208,-7.043691324841262,0.5,0.5,0.0,0.5,0.5714285714285714,0.7142857142857143,156.16161616161617,161.43720930232558,156.86934673366835,154.93488372093023,209.02956448911223,216.0732558139535
1359512,2023,2023-04-28,"Punjab Cricket Association IS Bindra Stadium, Mohali, Chandigarh",Lucknow Super Giants,Punjab Kings,Punjab Kings,field,1,0.5909090909090909,0.4666666666666667,0.6,0.4,0.4090909090909091,0.4266666666666667,0.36363636363636365,0.5238095238095238,0.8181818181818182,0.4166666666666667,0.5,0,0.12424242424242427,0.19999999999999996,-0.09999999999999998,-0.017575757575757578,-0.1601731601731602,0.40151515151515155,0.16666666666666669,0.0,10.657979797979806,5.101212121212143,21.241420875420886,0.5,0.6,0.5,0.3333333333333333,0.5714285714285714,0.5714285714285714,169.4090909090909,158.7511111111111,164.95454545454547,159.85333333333332,228.12727272727273,206.88585185185184
1359513,2023,2023-04-29,"Eden Gardens, Kolkata",Kolkata Knight Riders,Gujarat Titans,Gujarat Titans,field,0,0.5064935064935064,0.7391304347826086,0.2,0.6,0.5064935064935064,0.6521739130434783,0.5772357723577236,0.9166666666666666,0.42592592592592593,0.5454545454545454,0.5,0,-0.2326369282891022,-0.39999999999999997,-0.29999999999999993,-0.14568040654997183,-0.339430894308943,-0.11952861952861948,-0.6666666666666667,-0.3392857142857143,-14.692264257481668,-6.2708450969320495,-18.771437982307532,0.4,0.7,0.3333333333333333,1.0,0.375,0.7142857142857143,154.2207792207792,168.91304347826087,154.2943722943723,160.56521739130434,205.2474025974026,224.01884057971014
1359514,2023,2023-04-29,"Arun Jaitley Stadium, Delhi",Sunrisers Hyderabad,Delhi Capitals,Sunrisers Hyderabad,bat,1,0.48427672955974843,0.45454545454545453,0.4,0.4,0.49056603773584906,0.5238095238095238,0.5063291139240507,0.5039370078740157,0.4625,0.3942307692307692,0.5,1,0.0297312750142939,0.0,-0.10000000000000003,-0.03324348607367478,0.0023921060500349256,0.0682692307692308,-0.3333333333333333,0.0,1.7525933186310567,-1.3843587640142232,7.761644749380565,0.3,0.4,0.0,0.3333333333333333,0.2857142857142857,0.2857142857142857,155.22012578616352,153.46753246753246,155.45911949685535,156.84347826086957,208.21467505241088,200.45303030303032
1359515,2023,2023-04-30,"MA Chidambaram Stadium, Chepauk, Chennai",Chennai Super Kings,Punjab Kings,Chennai Super Kings,bat,0,0.5833333333333334,0.4646017699115044,0.6,0.4,0.5185185185185185,0.42920353982300885,0.6363636363636364,0.5188679245283019,0.5384615384615384,0.4166666666666667,0.5555555555555556,1,0.11873156342182895,0.19999999999999996,0.0,0.08931497869550964,0.11749571183533447,0.12179487179487175,0.16666666666666663,0.125,2.538798754506729,-5.130408062930201,9.231356522451648,0.5,0.5,0.6666666666666666,0.5,0.625,0.5,161.47685185185185,158.93805309734512,155.15277777777777,160.28318584070797,216.30532407407406,207.07396755162242
1359516,2023,2023-04-30,"Wankhede Stadium, Mumbai",Rajasthan Royals,Mumbai Indians,Rajasthan Royals,bat,0,0.505,0.5630252100840336,0.6,0.6,0.52,0.5336134453781513,0.5576923076923077,0.5892857142857143,0.45263157894736844,0.5396825396825397,0.46153846153846156,1,-0.05802521008403361,0.0,0.09999999999999998,-0.013613445378151234,-0.03159340659340659,-0.08705096073517121,0.07142857142857145,0.19642857142857145,-2.6500570077277246,1.7921428571428635,-0.9420203081232614,0.6,0.5,0.5,0.42857142857142855,0.625,0.42857142857142855,156.39195979899498,159.0420168067227,156.935,155.14285714285714,209.00041666666667,209.94243697478993
1359517,2023,2023-05-01,"Bharat Ratna Shri Atal Bihari Vajpayee Ekana Cricket Stadium, Lucknow",Royal Challengers Bengaluru,Lucknow Super Giants,Royal Challengers Bengaluru,bat,1,0.4829059829059829,0.6086956521739131,0.6,0.6,0.4658119658119658,0.391304347826087,0.5169491525423728,0.36363636363636365,0.4482758620689655,0.8333333333333334,0.6666666666666666,1,-0.12578966926793017,0.0,-0.09999999999999998,0.07450761798587885,0.1533127889060092,-0.38505747126436785,0.0,-0.125,-16.84986993682645,-7.701996641164385,-16.801282051282044,0.5,0.6,0.5,0.5,0.5,0.625,156.36752136752136,173.2173913043478,158.8197424892704,166.52173913043478,210.19871794871796,227.0
1359518,2023,2023-05-02,"Narendra Modi Stadium, Ahmedabad",Delhi Capitals,Gujarat Titans,Delhi Capitals,bat,1,0.4525862068965517,0.75,0.4,0.8,0.521551724137931,0.6666666666666666,0.5,0.9230769230769231,0.3942307692307692,0.5454545454545454,0.0,1,-0.2974137931034483,-0.4,-0.5,-0.14511494252873558,-0.42307692307692313,-0.1512237762237762,0.06666666666666665,-0.5,-15.758620689655174,-4.316017316017337,-23.616403256705013,0.3,0.8,0.6666666666666666,0.6,0.25,0.75,153.61637931034483,169.375,157.017316017316,161.33333333333334,200.44331896551722,224.05972222222223
1359519,2023,2023-05-03,"Bharat Ratna Shri Atal Bihari Vajpayee Ekana Cricket Stadium, Lucknow",Lucknow Super Giants,Chennai Super Kings,Chennai Super Kings,field,0,0.5833333333333334,0.5806451612903226,0.4,0.6,0.375,0.5207373271889401,0.3333333333333333,0.6363636363636364,0.8333333333333334,0.5338983050847458,0.5,0,0.0026881720430107503,-0.19999999999999996,0.0,-0.14573732718894006,-0.30303030303030304,0.2994350282485876,-0.09999999999999998,0.0,8.845622119815658,9.469278033794183,10.783602150537575,0.5,0.5,0.4,0.5,0.5555555555555556,0.5555555555555556,170.5,161.65437788018434,164.83333333333334,155.36405529953916,227.19166666666663,216.40806451612906
1359520,2023,2023-05-03,"Punjab Cricket Association IS Bindra Stadium, Mohali, Chandigarh",Punjab Kings,Mumbai Indians,Mumbai Indians,field,0,0.4669603524229075,0.5648535564853556,0.6,0.6,0.42731277533039647,0.5313807531380753,0.5233644859813084,0.5929203539823009,0.4166666666666667,0.5396825396825397,0.5,0,-0.09789320406244811,0.0,0.09999999999999998,-0.10406797780767885,-0.06955586800099256,-0.12301587301587297,-0.25,0.05555555555555558,-0.14861850957549905,5.0773966416603855,-2.811048544166539,0.6,0.5,0.25,0.5,0.5555555555555556,0.5,159.12334801762114,159.27196652719664,160.4581497797357,155.3807531380753,207.1952276064611,210.00627615062763
1359521,2023,2023-05-04,"Rajiv Gandhi International Stadium, Uppal, Hyderabad",Kolkata Knight Riders,Sunrisers Hyderabad,Kolkata Knight Riders,bat,1,0.5043103448275862,0.4875,0.2,0.4,0.5043103448275862,0.49375,0.5772357723577236,0.5063291139240507,0.42201834862385323,0.4691358024691358,0.625,1,0.0168103448275862,-0.2,-0.10000000000000003,0.010560344827586166,0.07090665843367294,-0.04711745384528254,0.25,-0.041666666666666685,-1.1536637931034477,-1.257327586206884,-2.6949281609195452,0.3,0.4,0.5,0.25,0.3333333333333333,0.375,154.32758620689654,155.48125,154.4051724137931,155.6625,205.25840517241377,207.95333333333332
1359522,2023,2023-05-05,"Sawai Mansingh Stadium, Jaipur",Rajasthan Royals,Gujarat Titans,Rajasthan Royals,bat,0,0.5024875621890548,0.72,0.4,0.6,0.5223880597014925,0.64,0.5576923076923077,0.8571428571428571,0.4479166666666667,0.5454545454545454,0.25,1,-0.2175124378109452,-0.19999999999999996,-0.19999999999999996,-0.11761194029850752,-0.2994505494505494,-0.09753787878787873,0.0,-0.11111111111111105,-10.930000000000007,-2.861094527363207,-15.081754560530726,0.5,0.7,0.5,0.5,0.5555555555555556,0.6666666666666666,156.67,167.6,157.2189054726368,160.08,208.96757877280263,224.04933333333335
1359523,2023,2023-05-06,"MA Chidambaram Stadium, Chepauk, Chennai",Mumbai Indians,Chennai Super Kings,Chennai Super Kings,field,0,0.5666666666666667,0.5779816513761468,0.6,0.4,0.5333333333333333,0.5229357798165137,0.5964912280701754,0.6363636363636364,0.5396825396825397,0.5338983050847458,0.5714285714285714,0,-0.011314984709480114,0.19999999999999996,0.09999999999999998,0.010397553516819591,-0.03987240829346095,0.005784234597793869,-0.09999999999999998,0.05555555555555558,-2.146044546851016,0.4002293577981675,-6.1903363914373415,0.6,0.5,0.4,0.5,0.5555555555555556,0.5,159.50833333333333,161.65437788018434,155.625,155.22477064220183,210.0883333333333,216.27866972477065
1359524,2023,2023-05-06,"Arun Jaitley Stadium, Delhi",Royal Challengers Bengaluru,Delhi Capitals,Royal Challengers Bengaluru,bat,0,0.4851063829787234,0.45493562231759654,0.6,0.6,0.46808510638297873,0.5236051502145923,0.5169491525423728,0.5,0.452991452991453,0.4,0.6206896551724138,1,0.03017076066112684,0.0,0.2,-0.055520043831613575,0.016949152542372836,0.05299145299145297,0.25,0.22222222222222227,2.723276413112984,1.7232537577365292,9.926146470641982,0.5,0.3,0.5,0.25,0.5555555555555556,0.3333333333333333,156.23829787234044,153.51502145922746,158.60256410256412,156.8793103448276,210.32893617021278,200.4027896995708
1359525,2023,2023-05-07,"Narendra Modi Stadium, Ahmedabad",Gujarat Titans,Lucknow Super Giants,Lucknow Super Giants,field,1,0.7307692307692307,0.56,0.8,0.4,0.6153846153846154,0.36,0.8666666666666667,0.3333333333333333,0.5454545454545454,0.7692307692307693,1.0,0,0.17076923076923067,0.4,0.19999999999999996,0.25538461538461543,0.5333333333333334,-0.22377622377622386,0.0,0.19999999999999996,-2.9492307692307804,-6.37179487179489,-0.8525641025641164,0.7,0.5,0.5,0.5,0.7,0.5,165.73076923076923,168.68,158.46153846153845,164.83333333333334,223.9474358974359,224.8
1359526,2023,2023-05-07,"Sawai Mansingh Stadium, Jaipur",Rajasthan Royals,Sunrisers Hyderabad,Rajasthan Royals,bat,0,0.5,0.484472049689441,0.2,0.2,0.5247524752475248,0.4906832298136646,0.5576923076923077,0.5,0.44329896907216493,0.4691358024691358,0.5294117647058824,1,0.01552795031055898,0.0,0.2,0.034069245433860196,0.05769230769230771,-0.02583683339697085,-0.16666666666666669,0.16666666666666669,0.9310280893668335,1.2719389951417384,1.2734482299161414,0.5,0.3,0.3333333333333333,0.5,0.5,0.3333333333333333,156.47761194029852,155.54658385093168,157.02970297029702,155.75776397515529,209.04694719471945,207.7734989648033
1359527,2023,2023-05-08,"Eden Gardens, Kolkata",Punjab Kings,Kolkata Knight Riders,Punjab Kings,bat,0,0.4649122807017544,0.5064377682403434,0.4,0.4,0.42543859649122806,0.5064377682403434,0.5233644859813084,0.5772357723577236,0.4132231404958678,0.42727272727272725,0.3548387096774194,1,-0.04152548753858898,0.0,0.09999999999999998,-0.0809991717491153,-0.05387128637641525,-0.014049586776859468,0.25,0.09999999999999998,4.964893456818004,6.246818763647298,2.0074953567753084,0.5,0.4,0.5,0.25,0.5,0.4,159.3640350877193,154.39914163090128,160.7017543859649,154.4549356223176,207.27595029239765,205.26845493562234
1359528,2023,2023-05-09,"Wankhede Stadium, Mumbai",Royal Challengers Bengaluru,Mumbai Indians,Mumbai Indians,field,0,0.4830508474576271,0.5643153526970954,0.6,0.4,0.4703389830508475,0.5311203319502075,0.5169491525423728,0.5964912280701754,0.4491525423728814,0.5354330708661418,0.45161290322580644,0,-0.08126450523946832,0.19999999999999996,0.0,-0.06078134889935999,-0.07954207552780257,-0.0862805284932604,0.33333333333333337,0.0,-3.080016175539754,3.1632382802154098,0.2625518672199121,0.5,0.5,0.8333333333333334,0.5,0.5,0.5,156.34322033898306,159.4232365145228,158.72340425531914,155.56016597510373,210.475,210.21244813278008
1359529,2023,2023-05-10,"MA Chidambaram Stadium, Chepauk, Chennai",Chennai Super Kings,Delhi Capitals,Chennai Super Kings,bat,1,0.5799086757990868,0.45726495726495725,0.4,0.8,0.5251141552511416,0.5213675213675214,0.64,0.5038759689922481,0.5338983050847458,0.4,0.6296296296296297,1,0.12264371853412953,-0.4,0.19999999999999996,0.0037466338836201762,0.13612403100775194,0.13389830508474576,-0.4,0.1454545454545454,7.8969262134399685,-1.8321476865189084,15.949505327245078,0.6,0.4,0.6,1.0,0.5454545454545454,0.4,161.55504587155963,153.65811965811966,155.15068493150685,156.98283261802575,216.4189497716895,200.46944444444443
1359530,2023,2023-05-11,"Eden Gardens, Kolkata",Kolkata Knight Riders,Rajasthan Royals,Rajasthan Royals,field,0,0.5085470085470085,0.4975369458128079,0.6,0.2,0.5042735042735043,0.5270935960591133,0.5806451612903226,0.5576923076923077,0.42727272727272725,0.4387755102040816,0.5384615384615384,0,0.011010062734200632,0.39999999999999997,0.09999999999999998,-0.022820091785609065,0.02295285359801491,-0.011502782931354372,0.4,0.0,-2.245282220529731,-2.765294092880282,-3.804299818955002,0.5,0.4,0.4,0.0,0.45454545454545453,0.45454545454545453,154.51709401709402,156.76237623762376,154.55982905982907,157.32512315270935,205.26901709401707,209.07331691297207
1359531,2023,2023-05-12,"Wankhede Stadium, Mumbai",Mumbai Indians,Gujarat Titans,Gujarat Titans,field,1,0.5661157024793388,0.7407407407407407,0.6,0.8,0.5330578512396694,0.5925925925925926,0.6,0.8666666666666667,0.5354330708661418,0.5833333333333334,0.5,0,-0.17462503826140185,-0.20000000000000007,-0.09999999999999998,-0.05953474135292314,-0.2666666666666667,-0.04790026246719159,-0.19444444444444442,-0.18181818181818188,-8.409090909090907,-3.186256504438319,-13.815590245893276,0.6,0.7,0.5555555555555556,0.75,0.5454545454545454,0.7272727272727273,159.5909090909091,168.0,155.7396694214876,158.92592592592592,210.3115702479339,224.12716049382718
1359532,2023,2023-05-13,"Rajiv Gandhi International Stadium, Uppal, Hyderabad",Sunrisers Hyderabad,Lucknow Super Giants,Sunrisers Hyderabad,bat,0,0.4876543209876543,0.5384615384615384,0.4,0.2,0.4876543209876543,0.38461538461538464,0.5061728395061729,0.3076923076923077,0.4691358024691358,0.7692307692307693,0.0,1,-0.050807217473884114,0.2,0.0,0.10303893637226968,0.19848053181386516,-0.3000949667616335,-0.3,-0.05454545454545451,-12.84330484330485,-11.202716049382701,-16.489514086736307,0.4,0.4,0.2,0.5,0.4,0.45454545454545453,155.92592592592592,168.76923076923077,156.1172839506173,167.32,207.5662551440329,224.05576923076922
1359533,2023,2023-05-13,"Arun Jaitley Stadium, Delhi",Punjab Kings,Delhi Capitals,Delhi Capitals,field,1,0.462882096069869,0.4553191489361702,0.4,0.6,0.4279475982532751,0.5191489361702127,0.5233644859813084,0.5,0.4098360655737705,0.4,0.5,0,0.007562947133698816,-0.19999999999999996,0.0,-0.09120133791693763,0.02336448598130836,0.00983606557377048,0.09999999999999998,0.09090909090909088,5.84978165938864,3.7691187996864812,6.724250983307002,0.4,0.4,0.5,0.4,0.45454545454545453,0.36363636363636365,159.44978165938863,153.6,160.7947598253275,157.02564102564102,207.2887190684134,200.5644680851064
1359534,2023,2023-05-14,"Sawai Mansingh Stadium, Jaipur",Royal Challengers Bengaluru,Rajasthan Royals,Royal Challengers Bengaluru,bat,1,0.4810126582278481,0.5,0.4,0.4,0.46835443037974683,0.5294117647058824,0.5169491525423728,0.5619047619047619,0.44537815126050423,0.4387755102040816,0.5,1,-0.01898734177215189,0.0,-0.09999999999999998,-0.061057334326135526,-0.04495560936238907,0.006602641056422609,0.25,-0.04545454545454547,-0.2107833967284023,1.6139913592555786,1.4722273930669587,0.4,0.5,0.5,0.25,0.45454545454545453,0.5,156.52320675105486,156.73399014778326,158.89830508474577,157.2843137254902,210.55400843881858,209.08178104575163
1359535,2023,2023-05-14,"MA Chidambaram Stadium, Chepauk, Chennai",Chennai Super Kings,Kolkata Knight Riders,Chennai Super Kings,bat,0,0.5818181818181818,0.5063829787234042,0.4,0.6,0.5272727272727272,0.502127659574468,0.64,0.5806451612903226,0.5378151260504201,0.42342342342342343,0.6666666666666666,1,0.07543520309477758,-0.19999999999999996,0.19999999999999996,0.025145067698259194,0.05935483870967739,0.11439170262699672,0.3333333333333333,0.16666666666666669,7.086291654522483,0.5371373307543763,11.219617988394589,0.6,0.4,0.6666666666666666,0.3333333333333333,0.5833333333333334,0.4166666666666667,161.5799086757991,154.4936170212766,155.0818181818182,154.54468085106382,216.56068181818182,205.34106382978723
1359536,2023,2023-05-15,"Narendra Modi Stadium, Ahmedabad",Gujarat Titans,Sunrisers Hyderabad,Sunrisers Hyderabad,field,1,0.7142857142857143,0.48466257668711654,0.6,0.4,0.6071428571428571,0.49079754601226994,0.8125,0.5061728395061729,0.5833333333333334,0.4634146341463415,0.5,0,0.22962313759859776,0.19999999999999996,0.19999999999999996,0.11634531113058716,0.30632716049382713,0.11991869918699188,0.0714285714285714,0.303030303030303,12.735539000876429,4.74123575810691,17.372546012269936,0.6,0.4,0.5714285714285714,0.5,0.6666666666666666,0.36363636363636365,168.82142857142858,156.08588957055215,161.03571428571428,156.29447852760737,224.70833333333331,207.33578732106338
1359537,2023,2023-05-16,"Bharat Ratna Shri Atal Bihari Vajpayee Ekana Cricket Stadium, Lucknow",Lucknow Super Giants,Mumbai Indians,Mumbai Indians,field,1,0.5555555555555556,0.5679012345679012,0.4,0.8,0.37037037037037035,0.5308641975308642,0.35714285714285715,0.6,0.7692307692307693,0.5390625,1.0,0,-0.012345679012345623,-0.4,-0.19999999999999996,-0.16049382716049387,-0.24285714285714283,0.23016826923076927,-0.16666666666666669,-0.08333333333333337,9.539094650205783,11.999841722063934,12.01172839506171,0.5,0.7,0.3333333333333333,0.5,0.5,0.5833333333333334,169.37037037037038,159.8312757201646,167.8846153846154,155.88477366255145,222.43148148148146,210.41975308641975
1359538,2023,2023-05-17,"Himachal Pradesh Cricket Association Stadium, Dharamsala",Delhi Capitals,Punjab Kings,Punjab Kings,field,1,0.4533898305084746,0.4652173913043478,0.4,0.4,0.5211864406779662,0.4260869565217391,0.4961832061068702,0.5233644859813084,0.4,0.4146341463414634,0.4838709677419355,0,-0.011827560795873215,0.0,0.0,0.09509948415622704,-0.027181279874438136,-0.014634146341463372,0.0,-0.16666666666666669,-5.957184966838611,-3.6188714153561534,-6.588202530090911,0.4,0.4,0.5,0.5,0.3333333333333333,0.5,153.52542372881356,159.48260869565217,157.06808510638297,160.68695652173912,200.63665254237287,207.22485507246378
1359539,2023,2023-05-18,"Rajiv Gandhi International Stadium, Uppal, Hyderabad",Sunrisers Hyderabad,Royal Challengers Bengaluru,Royal Challengers Bengaluru,field,0,0.4817073170731707,0.4831932773109244,0.4,0.4,0.49390243902439024,0.47058823529411764,0.5,0.5169491525423728,0.4634146341463415,0.45,0.5714285714285714,0,-0.0014859602377536585,0.0,-0.09999999999999998,0.023314203730272598,-0.016949152542372836,0.013414634146341475,-0.33333333333333337,-0.16666666666666669,-0.5108628817380634,-1.988988370896351,-3.382021589123468,0.4,0.5,0.16666666666666666,0.5,0.3333333333333333,0.5,156.0731707317073,156.58403361344537,156.4878048780488,158.47679324894514,207.17764227642274,210.5596638655462
1359540,2023,2023-05-19,"Himachal Pradesh Cricket Association Stadium, Dharamsala",Punjab Kings,Rajasthan Royals,Rajasthan Royals,field,0,0.46320346320346323,0.4975609756097561,0.4,0.2,0.42857142857142855,0.526829268292683,0.5185185185185185,0.5566037735849056,0.4146341463414634,0.4387755102040816,0.44,0,-0.03435751240629287,0.2,0.0,-0.0982578397212544,-0.03808525506638716,-0.024141363862618226,-0.5,0.0,3.3944486885663423,3.5622004012248,-2.048023088023058,0.4,0.4,0.0,0.5,0.46153846153846156,0.46153846153846156,159.64935064935065,156.2549019607843,160.91341991341992,157.35121951219512,207.19531024531025,209.2433333333333
1359541,2023,2023-05-20,"Arun Jaitley Stadium, Delhi",Chennai Super Kings,Delhi Capitals,Chennai Super Kings,bat,1,0.579185520361991,0.45569620253164556,0.4,0.6,0.5294117647058824,0.5189873417721519,0.64,0.4961832061068702,0.5333333333333333,0.4056603773584906,0.6428571428571429,1,0.12348931783034545,-0.19999999999999996,0.0,0.01042442293373047,0.1438167938931298,0.12767295597484274,0.16666666666666669,0.1538461538461538,7.723628691983123,-2.196276554950515,16.077555033697962,0.5,0.5,0.5,0.3333333333333333,0.5384615384615384,0.38461538461538464,161.5,153.77637130801688,155.0452488687783,157.2415254237288,216.59253393665156,200.5149789029536
1359542,2023,2023-05-20,"Eden Gardens, Kolkata",Lucknow Super Giants,Kolkata Knight Riders,Kolkata Knight Riders,field,1,0.5714285714285714,0.5084745762711864,0.4,0.6,0.35714285714285715,0.5,0.35714285714285715,0.584,0.7857142857142857,0.42342342342342343,1.0,0,0.06295399515738498,-0.19999999999999996,0.09999999999999998,-0.14285714285714285,-0.2268571428571428,0.36229086229086227,-0.3333333333333333,0.07692307692307687,15.180992736077485,13.537037037037038,17.134019370460067,0.5,0.4,0.0,0.3333333333333333,0.5384615384615384,0.46153846153846156,169.64285714285714,154.46186440677965,168.03703703703704,154.5,222.4482142857143,205.31419491525423
1359543,2023,2023-05-21,"Wankhede Stadium, Mumbai",Sunrisers Hyderabad,Mumbai Indians,Mumbai Indians,field,0,0.47878787878787876,0.5655737704918032,0.2,0.6,0.4909090909090909,0.5327868852459017,0.5,0.5948275862068966,0.4578313253012048,0.5390625,0.45,0,-0.08678589170392448,-0.39999999999999997,-0.3,-0.04187779433681077,-0.09482758620689657,-0.0812311746987952,-0.35,-0.23076923076923073,-3.6266020864381687,0.701415797317452,-3.4760622619638752,0.3,0.6,0.25,0.6,0.3076923076923077,0.5384615384615384,156.25454545454545,159.88114754098362,156.6727272727273,155.97131147540983,207.10262626262627,210.57868852459015
1359544,2023,2023-05-21,"M Chinnaswamy Stadium, Bengaluru",Royal Challengers Bengaluru,Gujarat Titans,Gujarat Titans,field,0,0.48535564853556484,0.7241379310344828,0.6,0.6,0.47280334728033474,0.5862068965517241,0.5210084033613446,0.8125,0.45,0.6153846153846154,0.5,0,-0.23878228249891792,0.0,-0.09999999999999998,-0.11340354927138935,-0.2914915966386554,-0.1653846153846154,0.0,-0.15384615384615385,-12.771461549559945,-2.200666473485967,-14.685754821334115,0.6,0.7,0.5,0.5,0.5384615384615384,0.6923076923076923,156.7112970711297,169.48275862068965,158.5924369747899,160.79310344827587,210.63263598326358,225.3183908045977
1370350,2023,2023-05-23,"MA Chidambaram Stadium, Chepauk, Chennai",Chennai Super Kings,Gujarat Titans,Gujarat Titans,field,1,0.581081081081081,0.7333333333333333,0.6,0.8,0.5315315315315315,0.6,0.64,0.8235294117647058,0.5371900826446281,0.6153846153846154,0.0,0,-0.15225225225225225,-0.20000000000000007,-0.09999999999999998,-0.06846846846846844,-0.18352941176470583,-0.07819453273998733,0.0714285714285714,-0.1428571428571429,-8.6550527903469,-6.995495495495504,-10.051606606606612,0.6,0.7,0.5714285714285714,0.5,0.5714285714285714,0.7142857142857143,161.77828054298644,170.43333333333334,155.0045045045045,162.0,216.56283783783783,226.61444444444444
1370351,2023,2023-05-24,"MA Chidambaram Stadium, Chepauk, Chennai",Mumbai Indians,Lucknow Super Giants,Mumbai Indians,bat,1,0.5673469387755102,0.5862068965517241,0.6,0.6,0.5346938775510204,0.3448275862068966,0.5982905982905983,0.35714285714285715,0.5390625,0.8,0.0,1,-0.018859957776213854,0.0,0.09999999999999998,0.1898662913441238,0.24114774114774112,-0.26093750000000004,0.3333333333333333,0.0,-9.813089373680498,-12.134693877551001,-11.447565095003512,0.6,0.5,0.3333333333333333,0.0,0.5714285714285714,0.5714285714285714,160.04897959183674,169.86206896551724,156.15102040816328,168.28571428571428,210.6334693877551,222.0810344827586
1370352,2023,2023-05-26,"Narendra Modi Stadium, Ahmedabad",Gujarat Titans,Mumbai Indians,Mumbai Indians,field,1,0.7096774193548387,0.5691056910569106,0.6,0.8,0.6129032258064516,0.5365853658536586,0.7777777777777778,0.5982905982905983,0.6153846153846154,0.5426356589147286,0.3333333333333333,0,0.1405717282979282,-0.20000000000000007,0.09999999999999998,0.07631785995279305,0.17948717948717952,0.07274895646988677,0.625,0.06666666666666665,9.86178861788619,6.3957513768685885,17.305192761605014,0.7,0.6,0.625,0.0,0.6666666666666666,0.6,170.0,160.1382113821138,162.32258064516128,155.9268292682927,227.99462365591395,210.68943089430894
1370353,2023,2023-05-29,"Narendra Modi Stadium, Ahmedabad",Gujarat Titans,Chennai Super Kings,Chennai Super Kings,field,0,0.71875,0.5829596412556054,0.6,0.8,0.59375,0.5291479820627802,0.7777777777777778,0.64,0.6428571428571429,0.5409836065573771,0.75,0,0.1357903587443946,-0.20000000000000007,0.09999999999999998,0.06460201793721976,0.13777777777777778,0.10187353629976581,0.6666666666666666,0.08750000000000002,10.144425675675677,7.580297085201806,13.252583146487297,0.7,0.6,0.6666666666666666,0.0,0.6875,0.6,171.96875,161.82432432432432,162.59375,155.0134529147982,229.95729166666666,216.70470852017937
1422119,2024,2024-03-22,"MA Chidambaram Stadium, Chepauk, Chennai",Royal Challengers Bengaluru,Chennai Super Kings,Royal Challengers Bengaluru,bat,0,0.48333333333333334,0.5848214285714286,0.4,0.8,0.4708333333333333,0.53125,0.5210084033613446,0.6435643564356436,0.4462809917355372,0.5409836065573771,0.3333333333333333,1,-0.10148809523809527,-0.4,-0.09999999999999998,-0.060416666666666674,-0.122555953074299,-0.09470261482183989,0.375,0.0,-4.986304185351287,3.4805364614464906,-6.170907738095252,0.5,0.6,1.0,0.625,0.5,0.5,156.87916666666666,161.86547085201795,158.7573221757322,155.27678571428572,210.72083333333333,216.89174107142858
1422120,2024,2024-03-23,"Maharaja Yadavindra Singh International Cricket Stadium, Mullanpur",Delhi Capitals,Punjab Kings,Punjab Kings,field,0,0.453781512605042,0.46120689655172414,0.4,0.2,0.5168067226890757,0.4267241379310345,0.49242424242424243,0.5185185185185185,0.4056603773584906,0.4112903225806452,0.5,0,-0.007425383946682129,0.2,0.09999999999999998,0.0900825847580412,-0.02609427609427606,-0.005629945222154598,0.0,0.0,-6.023543900318742,-3.5154954168485517,-6.72211255191732,0.5,0.4,0.5,0.5,0.5,0.5,153.7436974789916,159.76724137931035,157.51898734177215,161.0344827586207,200.44390756302522,207.16602011494254
1422121,2024,2024-03-23,"Eden Gardens, Kolkata",Kolkata Knight Riders,Sunrisers Hyderabad,Sunrisers Hyderabad,field,1,0.5063291139240507,0.4759036144578313,0.6,0.2,0.5021097046413502,0.4879518072289157,0.5793650793650794,0.5,0.42342342342342343,0.4523809523809524,0.64,0,0.030425499466219363,0.39999999999999997,0.2,0.014157897412434506,0.07936507936507942,-0.028957528957528955,-0.7142857142857143,0.0,-1.9695490824055923,-2.3490417365665337,-1.7714834019622856,0.4,0.2,0.2857142857142857,1.0,0.5,0.5,154.54852320675104,156.51807228915663,154.59071729957805,156.93975903614458,205.22088607594935,206.99236947791164
1422122,2024,2024-03-24,"Sawai Mansingh Stadium, Jaipur",Rajasthan Royals,Lucknow Super Giants,Rajasthan Royals,bat,1,0.5,0.5666666666666667,0.4,0.6,0.529126213592233,0.3333333333333333,0.5607476635514018,0.3333333333333333,0.4387755102040816,0.8,0.6666666666666666,1,-0.06666666666666665,-0.19999999999999996,-0.09999999999999998,0.19579288025889968,0.2274143302180685,-0.3612244897959184,-0.8,0.0,-11.152032520325207,-11.263475058587204,-11.233398058252419,0.4,0.5,0.2,1.0,0.5,0.5,156.41463414634146,167.56666666666666,157.49514563106797,168.75862068965517,209.33826860841424,220.57166666666666
1422123,2024,2024-03-24,"Narendra Modi Stadium, Ahmedabad",Gujarat Titans,Mumbai Indians,Mumbai Indians,field,1,0.696969696969697,0.5668016194331984,0.6,0.6,0.5757575757575758,0.5384615384615384,0.7777777777777778,0.5932203389830508,0.6,0.5426356589147286,0.5,0,0.13016807753649862,0.0,0.0,0.037296037296037365,0.18455743879472697,0.05736434108527133,0.6,0.0,13.060238007606443,6.609618451723719,21.561358524516407,0.6,0.6,0.6,0.0,0.5,0.5,173.24242424242425,160.1821862348178,162.84848484848484,156.23886639676113,232.38888888888889,210.82753036437248
1422124,2024,2024-03-25,"M Chinnaswamy Stadium, Bengaluru",Punjab Kings,Royal Challengers Bengaluru,Royal Challengers Bengaluru,field,0,0.463519313304721,0.48132780082987553,0.4,0.4,0.4291845493562232,0.4730290456431535,0.5229357798165137,0.5210084033613446,0.4112903225806452,0.4426229508196721,0.5483870967741935,0,-0.017808487525154515,0.0,-0.09999999999999998,-0.04384449628693032,0.0019273764551691608,-0.03133262823902694,0.07142857142857145,1.0,2.8951436254518796,2.260962088698136,-3.869308555791008,0.4,0.5,0.5,0.42857142857142855,1.0,0.0,159.8412017167382,156.94605809128632,161.09012875536482,158.82916666666668,207.0974964234621,210.9668049792531
1422125,2024,2024-03-26,"MA Chidambaram Stadium, Chepauk, Chennai",Chennai Super Kings,Gujarat Titans,Gujarat Titans,field,1,0.5866666666666667,0.7058823529411765,0.8,0.6,0.5288888888888889,0.5588235294117647,0.6470588235294118,0.7777777777777778,0.5409836065573771,0.625,0.4,0,-0.11921568627450985,0.20000000000000007,0.0,-0.029934640522875866,-0.130718954248366,-0.0840163934426229,0.6666666666666666,0.0,-11.159663865546236,-7.467973856209142,-17.243294117647082,0.6,0.6,0.6666666666666666,0.0,1.0,1.0,161.92857142857142,173.08823529411765,155.35555555555555,162.8235294117647,216.87533333333332,234.1186274509804
1422126,2024,2024-03-27,"Rajiv Gandhi International Stadium, Uppal, Hyderabad",Sunrisers Hyderabad,Mumbai Indians,Mumbai Indians,field,1,0.47305389221556887,0.5645161290322581,0.0,0.4,0.49101796407185627,0.5403225806451613,0.4939759036144578,0.5882352941176471,0.4523809523809524,0.5426356589147286,0.42857142857142855,0,-0.09146223681668925,-0.4,-0.39999999999999997,-0.04930461657330498,-0.09425939050318927,-0.09025470653377626,-0.8571428571428572,0.0,-3.387120919451405,0.9592186594552743,-3.627905479363875,0.2,0.6,0.14285714285714285,1.0,0.0,0.0,156.80239520958085,160.18951612903226,157.24550898203591,156.28629032258064,207.0882235528942,210.71612903225807
1422127,2024,2024-03-28,"Sawai Mansingh Stadium, Jaipur",Rajasthan Royals,Delhi Capitals,Delhi Capitals,field,1,0.5024154589371981,0.45188284518828453,0.6,0.2,0.5314009661835749,0.5146443514644351,0.5607476635514018,0.49242424242424243,0.4444444444444444,0.40186915887850466,0.5185185185185185,0,0.050532613748913546,0.39999999999999997,-0.09999999999999998,0.016756614719139806,0.06832342112715939,0.04257528556593976,-0.16666666666666669,1.0,2.7637811268635346,-0.03079202695573713,8.78994940000942,0.4,0.5,0.3333333333333333,0.5,1.0,0.0,156.59223300970874,153.8284518828452,157.57004830917873,157.60084033613447,209.2863929146538,200.49644351464437
1422128,2024,2024-03-29,"M Chinnaswamy Stadium, Bengaluru",Royal Challengers Bengaluru,Kolkata Knight Riders,Kolkata Knight Riders,field,0,0.4834710743801653,0.5084033613445378,0.6,0.6,0.47520661157024796,0.5,0.525,0.5793650793650794,0.4426229508196721,0.42857142857142855,0.4375,0,-0.024932286964372496,0.0,0.0,-0.02479338842975204,-0.054365079365079394,0.014051522248243575,-0.5,-0.5,2.259948607542185,4.102095610028243,5.957269602055703,0.5,0.5,0.5,1.0,0.5,1.0,157.03305785123968,154.7731092436975,158.90041493775934,154.7983193277311,211.20495867768594,205.24768907563023
1422129,2024,2024-03-30,"Bharat Ratna Shri Atal Bihari Vajpayee Ekana Cricket Stadium, Lucknow",Lucknow Super Giants,Punjab Kings,Lucknow Super Giants,bat,1,0.5483870967741935,0.46153846153846156,0.6,0.4,0.3225806451612903,0.42735042735042733,0.3125,0.5229357798165137,0.8,0.408,0.6666666666666666,1,0.08684863523573194,0.19999999999999996,0.0,-0.10476978218913702,-0.21043577981651373,0.39200000000000007,-0.5714285714285714,-0.5,7.831679073614566,8.404273504273505,13.36620944766105,0.4,0.4,0.42857142857142855,1.0,0.0,0.5,167.74193548387098,159.9102564102564,169.56666666666666,161.16239316239316,220.4564516129032,207.09024216524216
1422130,2024,2024-03-31,"Narendra Modi Stadium, Ahmedabad",Sunrisers Hyderabad,Gujarat Titans,Sunrisers Hyderabad,bat,0,0.47619047619047616,0.6857142857142857,0.2,0.4,0.4880952380952381,0.5714285714285714,0.4939759036144578,0.7368421052631579,0.4588235294117647,0.625,0.3333333333333333,1,-0.20952380952380956,-0.2,-0.3,-0.08333333333333331,-0.24286620164870004,-0.16617647058823531,-0.6363636363636364,0.0,-14.710714285714289,-6.283333333333331,-29.520873015873008,0.3,0.6,0.0,0.6363636363636364,0.5,0.5,157.51785714285714,172.22857142857143,157.77380952380952,164.05714285714285,207.15436507936508,236.6752380952381
1422131,2024,2024-03-31,"Dr. Y.S. Rajasekhara Reddy ACA-VDCA Cricket Stadium, Visakhapatnam",Delhi Capitals,Chennai Super Kings,Delhi Capitals,bat,1,0.45,0.588495575221239,0.2,1.0,0.5166666666666667,0.5265486725663717,0.48872180451127817,0.6470588235294118,0.40186915887850466,0.5447154471544715,0.3448275862068966,1,-0.13849557522123895,-0.8,-0.29999999999999993,-0.009882005899705004,-0.15833701901813363,-0.14284628827596685,0.0,-1.0,-8.216111111111104,2.414596215795882,-16.38412057522123,0.4,0.7,0.5,0.5,0.0,1.0,153.90833333333333,162.12444444444444,157.7154811715481,155.30088495575222,200.579375,216.96349557522123
1422132,2024,2024-04-01,"Wankhede Stadium, Mumbai",Mumbai Indians,Rajasthan Royals,Rajasthan Royals,field,0,0.5622489959839357,0.5048076923076923,0.4,0.8,0.5421686746987951,0.5288461538461539,0.5833333333333334,0.5607476635514018,0.5426356589147286,0.45,0.5555555555555556,0,0.05744130367624345,-0.4,0.0,0.013322520852641295,0.02258566978193155,0.09263565891472864,0.18181818181818182,-1.0,3.8046679471509037,-0.8731464318813664,1.477754286376296,0.5,0.5,0.6363636363636364,0.45454545454545453,0.0,1.0,160.53413654618473,156.72946859903382,156.7710843373494,157.64423076923077,210.77911646586347,209.30136217948717
1422133,2024,2024-04-02,"M Chinnaswamy Stadium, Bengaluru",Lucknow Super Giants,Royal Challengers Bengaluru,Royal Challengers Bengaluru,field,1,0.5625,0.48148148148148145,0.6,0.4,0.34375,0.4732510288065844,0.3125,0.525,0.8125,0.43902439024390244,0.25,0,0.08101851851851855,0.19999999999999996,0.09999999999999998,-0.12950102880658437,-0.21250000000000002,0.37347560975609756,0.5555555555555556,0.16666666666666669,11.582947530864203,10.826312983204474,8.610783179012344,0.5,0.4,1.0,0.4444444444444444,0.5,0.3333333333333333,168.71875,157.1358024691358,169.83870967741936,159.01239669421489,219.9984375,211.38765432098765
1422134,2024,2024-04-03,"Dr. Y.S. Rajasekhara Reddy ACA-VDCA Cricket Stadium, Visakhapatnam",Kolkata Knight Riders,Delhi Capitals,Kolkata Knight Riders,bat,1,0.5104602510460251,0.45228215767634855,0.6,0.4,0.502092050209205,0.5186721991701245,0.5826771653543307,0.48872180451127817,0.42857142857142855,0.4074074074074074,0.5161290322580645,1,0.05817809336967655,0.19999999999999996,0.19999999999999996,-0.016580148960919527,0.0939553608430525,0.021164021164021163,-0.5,0.6666666666666667,0.8415250264761482,-2.8586994421199563,4.61588222017744,0.6,0.4,0.5,1.0,1.0,0.3333333333333333,154.90376569037656,154.0622406639004,154.9121338912134,157.77083333333334,205.16380753138077,200.54792531120333
1422135,2024,2024-04-04,"Narendra Modi Stadium, Ahmedabad",Gujarat Titans,Punjab Kings,Punjab Kings,field,0,0.6944444444444444,0.4595744680851064,0.6,0.2,0.5555555555555556,0.425531914893617,0.75,0.5181818181818182,0.625,0.408,0.6666666666666666,0,0.23486997635933804,0.39999999999999997,0.3,0.13002364066193856,0.2318181818181818,0.21700000000000003,0.3333333333333333,0.3333333333333333,12.123877068557931,2.6765957446808386,30.253774625689545,0.6,0.3,0.6666666666666666,0.3333333333333333,0.6666666666666666,0.3333333333333333,172.11111111111111,159.98723404255318,164.0,161.32340425531916,237.38703703703706,207.13326241134752
1422136,2024,2024-04-05,"Rajiv Gandhi International Stadium, Uppal, Hyderabad",Chennai Super Kings,Sunrisers Hyderabad,Sunrisers Hyderabad,field,0,0.5859030837004405,0.47337278106508873,0.8,0.2,0.5242290748898678,0.4911242603550296,0.6407766990291263,0.4939759036144578,0.5447154471544715,0.45348837209302323,0.7368421052631579,0,0.1125303026353518,0.6000000000000001,0.39999999999999997,0.03310481453483821,0.14680079541466845,0.09122707506144828,0.25,0.3333333333333333,4.619338115934454,-2.37616974689152,9.663897070962463,0.7,0.3,0.5,0.25,0.6666666666666666,0.3333333333333333,162.1637168141593,157.54437869822485,155.4581497797357,157.8343195266272,217.02444933920705,207.3605522682446
1422137,2024,2024-04-06,"Sawai Mansingh Stadium, Jaipur",Royal Challengers Bengaluru,Rajasthan Royals,Rajasthan Royals,field,0,0.47950819672131145,0.507177033492823,0.2,0.8,0.47540983606557374,0.5311004784688995,0.5206611570247934,0.5648148148148148,0.43902439024390244,0.45,0.5172413793103449,0,-0.027668836771511496,-0.6000000000000001,-0.19999999999999996,-0.055690642403325774,-0.04415365779002134,-0.01097560975609757,0.5714285714285714,-0.75,0.5323139974779281,1.6148423809242445,2.231058645122488,0.4,0.6,1.0,0.42857142857142855,0.25,1.0,157.11885245901638,156.58653846153845,159.10288065843622,157.48803827751198,211.477868852459,209.24681020733652
1422138,2024,2024-04-07,"Wankhede Stadium, Mumbai",Mumbai Indians,Delhi Capitals,Delhi Capitals,field,1,0.56,0.45041322314049587,0.2,0.2,0.54,0.5165289256198347,0.5833333333333334,0.48507462686567165,0.5384615384615384,0.4074074074074074,0.5454545454545454,0,0.10958677685950419,0.0,0.0,0.02347107438016538,0.09825870646766172,0.13105413105413105,0.20833333333333337,-0.25,6.280429752066112,-1.5928132780083217,10.35193223140493,0.4,0.4,0.5833333333333334,0.375,0.0,0.25,160.392,154.11157024793388,156.652,158.2448132780083,210.87279999999998,200.52086776859505
1422139,2024,2024-04-07,"Bharat Ratna Shri Atal Bihari Vajpayee Ekana Cricket Stadium, Lucknow",Lucknow Super Giants,Gujarat Titans,Lucknow Super Giants,bat,1,0.5757575757575758,0.6756756756756757,0.6,0.4,0.3333333333333333,0.5405405405405406,0.3125,0.75,0.8235294117647058,0.5882352941176471,0.0,1,-0.09991809991809986,0.19999999999999996,0.0,-0.20720720720720726,-0.4375,0.23529411764705876,-0.5,0.16666666666666663,-3.746928746928745,4.339527027027032,-17.629197379197365,0.5,0.5,0.5,1.0,0.6666666666666666,0.5,169.0909090909091,172.83783783783784,169.3125,164.97297297297297,220.39242424242423,238.0216216216216
1426260,2024,2024-04-08,"MA Chidambaram Stadium, Chepauk, Chennai",Kolkata Knight Riders,Chennai Super Kings,Chennai Super Kings,field,0,0.5125,0.5833333333333334,0.8,0.6,0.5041666666666667,0.5219298245614035,0.5826771653543307,0.6407766990291263,0.4336283185840708,0.5403225806451613,0.35714285714285715,0,-0.07083333333333341,0.20000000000000007,0.0,-0.017763157894736814,-0.05809953367479559,-0.10669426206109045,-0.19999999999999996,0.5,-6.784544787077806,-0.5460526315789309,-11.668380847953188,0.7,0.7,0.5,0.7,1.0,0.5,155.39166666666668,162.1762114537445,154.95833333333334,155.50438596491227,205.17145833333333,216.83983918128652
1426261,2024,2024-04-09,"Maharaja Yadavindra Singh International Cricket Stadium, Mullanpur",Sunrisers Hyderabad,Punjab Kings,Punjab Kings,field,1,0.4764705882352941,0.461864406779661,0.4,0.4,0.49411764705882355,0.4279661016949153,0.5,0.5225225225225225,0.45348837209302323,0.408,0.6666666666666666,0,0.014606181455633083,0.0,-0.10000000000000003,0.06615154536390827,-0.022522522522522515,0.045488372093023255,-0.5,0.0,-2.5626620139581178,-3.6065802592223406,0.26778747092058097,0.3,0.4,0.5,1.0,0.5,0.5,157.59411764705882,160.15677966101694,157.8764705882353,161.48305084745763,207.43607843137255,207.16829096045197
1426262,2024,2024-04-10,"Sawai Mansingh Stadium, Jaipur",Rajasthan Royals,Gujarat Titans,Gujarat Titans,field,0,0.5095238095238095,0.6578947368421053,1.0,0.4,0.5333333333333333,0.5263157894736842,0.5688073394495413,0.7142857142857143,0.45,0.5882352941176471,0.2,0,-0.14837092731829582,0.6,0.09999999999999998,0.007017543859649145,-0.14547837483617299,-0.13823529411764707,-0.5,0.6,-14.968899521531114,-7.311528822055152,-28.82535087719296,0.6,0.5,0.5,1.0,1.0,0.4,156.74162679425837,171.71052631578948,157.6095238095238,164.92105263157896,209.19833333333335,238.0236842105263
1426263,2024,2024-04-11,"Wankhede Stadium, Mumbai",Royal Challengers Bengaluru,Mumbai Indians,Mumbai Indians,field,0,0.4775510204081633,0.5617529880478087,0.2,0.2,0.47346938775510206,0.5378486055776892,0.5206611570247934,0.5833333333333334,0.43548387096774194,0.5419847328244275,0.4375,0,-0.08420196763964544,0.0,-0.2,-0.06437921782258715,-0.06267217630853994,-0.10650086185668556,0.09890109890109888,-0.04999999999999999,-3.460769168225056,2.3807883221213615,0.3843743393771888,0.3,0.5,0.7142857142857143,0.6153846153846154,0.2,0.25,157.22448979591837,160.68525896414343,159.22540983606558,156.84462151394422,211.39632653061224,211.01195219123505
1426264,2024,2024-04-12,"Bharat Ratna Shri Atal Bihari Vajpayee Ekana Cricket Stadium, Lucknow",Lucknow Super Giants,Delhi Capitals,Lucknow Super Giants,bat,0,0.5882352941176471,0.448559670781893,0.6,0.2,0.35294117647058826,0.5185185185185185,0.3125,0.48148148148148145,0.8333333333333334,0.4074074074074074,1.0,1,0.13967562333575406,0.39999999999999997,0.3,-0.16557734204793023,-0.16898148148148145,0.425925925925926,0.5555555555555556,0.55,14.59077705156136,9.563360881542707,20.878546356814326,0.6,0.3,0.5555555555555556,0.0,0.75,0.2,168.91176470588235,154.320987654321,168.12121212121212,158.55785123966942,221.45735294117648,200.57880658436216
1426265,2024,2024-04-13,"Maharaja Yadavindra Singh International Cricket Stadium, Mullanpur",Punjab Kings,Rajasthan Royals,Rajasthan Royals,field,0,0.459915611814346,0.5071090047393365,0.4,0.8,0.43037974683544306,0.5308056872037915,0.5178571428571429,0.5688073394495413,0.408,0.44554455445544555,0.4230769230769231,0,-0.04719339292499053,-0.4,-0.3,-0.10042594036834845,-0.05095019659239841,-0.03754455445544558,0.0,-0.4,3.3119349005424965,3.7639330493730654,-1.9624779197579016,0.3,0.6,0.5,0.5,0.4,0.8,160.2405063291139,156.92857142857142,161.56962025316454,157.80568720379148,207.19036568213784,209.15284360189574
1426266,2024,2024-04-14,"Eden Gardens, Kolkata",Lucknow Super Giants,Kolkata Knight Riders,Kolkata Knight Riders,field,0,0.5714285714285714,0.5103734439834025,0.6,0.6,0.37142857142857144,0.5020746887966805,0.3125,0.5826771653543307,0.7894736842105263,0.4298245614035088,1.0,0,0.061055127445168944,0.0,0.0,-0.13064611736810905,-0.2701771653543307,0.35964912280701755,0.125,-0.15000000000000002,13.541790160047412,13.276055650475968,16.142252519264957,0.6,0.6,0.5,0.375,0.6,0.75,168.85714285714286,155.31535269709545,168.1764705882353,154.90041493775934,221.6042857142857,205.46203319502075
1426267,2024,2024-04-14,"Wankhede Stadium, Mumbai",Chennai Super Kings,Mumbai Indians,Mumbai Indians,field,1,0.5851528384279476,0.5634920634920635,0.6,0.4,0.5240174672489083,0.5396825396825397,0.6442307692307693,0.5867768595041323,0.5403225806451613,0.5419847328244275,0.4444444444444444,0,0.02166077493588414,0.19999999999999996,0.19999999999999996,-0.015665072433631355,0.057453909726637,-0.0016621521792662408,-0.1428571428571429,0.19999999999999996,1.246031746031747,-1.576419213973793,5.537537256532914,0.7,0.5,0.5,0.6428571428571429,0.6,0.4,162.08333333333334,160.8373015873016,155.4235807860262,157.0,216.67721979621544,211.13968253968252
1426268,2024,2024-04-15,"M Chinnaswamy Stadium, Bengaluru",Sunrisers Hyderabad,Royal Challengers Bengaluru,Royal Challengers Bengaluru,field,1,0.47953216374269003,0.47560975609756095,0.6,0.2,0.49122807017543857,0.4715447154471545,0.5,0.5206611570247934,0.45977011494252873,0.432,0.5454545454545454,0,0.003922407645129078,0.39999999999999997,0.10000000000000003,0.019683354728284086,-0.02066115702479343,0.027770114942528734,0.09999999999999998,0.43333333333333335,0.3547282841249455,-1.381907148824439,-3.854569010602404,0.4,0.3,0.5,0.4,0.6,0.16666666666666666,157.73684210526315,157.3821138211382,158.00584795321637,159.3877551020408,207.4943469785575,211.3489159891599
1426269,2024,2024-04-16,"Eden Gardens, Kolkata",Kolkata Knight Riders,Rajasthan Royals,Rajasthan Royals,field,0,0.512396694214876,0.5094339622641509,0.8,0.8,0.5041322314049587,0.5330188679245284,0.5859375,0.5727272727272728,0.4298245614035088,0.44554455445544555,0.5185185185185185,0,0.0029627319507250505,0.0,0.0,-0.028886636519569686,0.013210227272727249,-0.015719993051936776,-0.05555555555555558,-0.033333333333333326,-1.5622380635306001,-2.829097146421333,-3.590026118821129,0.7,0.7,0.4444444444444444,0.5,0.8,0.8333333333333334,155.34297520661158,156.90521327014218,154.92561983471074,157.75471698113208,205.63285123966944,209.22287735849056
1426270,2024,2024-04-17,"Narendra Modi Stadium, Ahmedabad",Gujarat Titans,Delhi Capitals,Delhi Capitals,field,0,0.6666666666666666,0.45081967213114754,0.4,0.4,0.5384615384615384,0.5163934426229508,0.7272727272727273,0.4852941176470588,0.5882352941176471,0.4074074074074074,0.6666666666666666,0,0.2158469945355191,0.0,0.2,0.022068095838587598,0.24197860962566847,0.1808278867102397,-0.13461538461538458,0.16666666666666669,18.025010508617072,7.125356125356149,36.217302437999166,0.5,0.3,0.6153846153846154,0.75,0.5,0.3333333333333333,172.4102564102564,154.38524590163934,165.71794871794873,158.59259259259258,236.78717948717951,200.56987704918035
1426271,2024,2024-04-18,"Maharaja Yadavindra Singh International Cricket Stadium, Mullanpur",Mumbai Indians,Punjab Kings,Punjab Kings,field,1,0.5612648221343873,0.4579831932773109,0.4,0.2,0.541501976284585,0.42857142857142855,0.5819672131147541,0.5178571428571429,0.5419847328244275,0.40476190476190477,0.5161290322580645,0,0.10328162885707642,0.2,0.10000000000000003,0.11293054771315642,0.06411007025761117,0.13722282806252273,0.16666666666666669,0.0,0.7518849437007873,-4.3357358753778215,3.97249947409793,0.4,0.3,0.5,0.3333333333333333,0.3333333333333333,0.3333333333333333,160.93675889328063,160.18487394957984,157.19367588932806,161.52941176470588,211.24189723320157,207.26939775910364
1426272,2024,2024-04-19,"Bharat Ratna Shri Atal Bihari Vajpayee Ekana Cricket Stadium, Lucknow",Chennai Super Kings,Lucknow Super Giants,Lucknow Super Giants,field,0,0.5869565217391305,0.5555555555555556,0.6,0.6,0.5217391304347826,0.3611111111111111,0.6442307692307693,0.3125,0.544,0.75,0.3333333333333333,0,0.03140096618357491,0.0,0.09999999999999998,0.1606280193236715,0.3317307692307693,-0.20599999999999996,-0.5,0.16666666666666663,-6.363779718583203,-12.443478260869568,-4.3397463768116324,0.7,0.6,0.0,0.5,0.6666666666666666,0.5,162.27510917030568,168.63888888888889,155.55652173913043,168.0,216.6977536231884,221.03750000000002
1426273,2024,2024-04-20,"Arun Jaitley Stadium, Delhi",Sunrisers Hyderabad,Delhi Capitals,Delhi Capitals,field,1,0.48255813953488375,0.4530612244897959,0.8,0.6,0.4883720930232558,0.5183673469387755,0.5,0.48905109489051096,0.4659090909090909,0.4074074074074074,0.5217391304347826,0,0.029496915045087835,0.20000000000000007,0.0,-0.029995253915519715,0.010948905109489038,0.0585016835016835,0.047619047619047616,0.23809523809523808,4.357759848125312,0.3030880670987415,6.778387913304869,0.4,0.4,0.3333333333333333,0.2857142857142857,0.6666666666666666,0.42857142857142855,158.48837209302326,154.13061224489795,158.61046511627907,158.30737704918033,207.4496124031008,200.67122448979592
1426274,2024,2024-04-21,"Eden Gardens, Kolkata",Kolkata Knight Riders,Royal Challengers Bengaluru,Royal Challengers Bengaluru,field,1,0.5102880658436214,0.47368421052631576,0.6,0.0,0.5020576131687243,0.47368421052631576,0.5859375,0.5163934426229508,0.4260869565217391,0.432,0.5757575757575758,0,0.036603855317305645,0.6,0.3,0.028373402642408563,0.06954405737704916,-0.005913043478260882,-0.09999999999999998,0.5238095238095237,-2.1842688392396212,-4.696627521830777,-5.476184168874198,0.6,0.3,0.4,0.5,0.6666666666666666,0.14285714285714285,155.62139917695472,157.80566801619435,155.20987654320987,159.90650406504065,205.8664609053498,211.342645074224
1426275,2024,2024-04-21,"Maharaja Yadavindra Singh International Cricket Stadium, Mullanpur",Punjab Kings,Gujarat Titans,Punjab Kings,bat,0,0.4560669456066946,0.65,0.2,0.4,0.4309623430962343,0.525,0.5132743362831859,0.7272727272727273,0.40476190476190477,0.5555555555555556,0.5,1,-0.19393305439330544,-0.2,-0.10000000000000003,-0.0940376569037657,-0.21399839098954143,-0.1507936507936508,-0.25,-0.14285714285714285,-10.044665271966522,-2.218096234309627,-28.40609832635988,0.3,0.4,0.25,0.5,0.2857142857142857,0.42857142857142855,160.28033472803347,170.325,161.65690376569037,163.875,207.28640167364014,235.69250000000002
1426276,2024,2024-04-22,"Sawai Mansingh Stadium, Jaipur",Mumbai Indians,Rajasthan Royals,Mumbai Indians,bat,0,0.562992125984252,0.5117370892018779,0.6,0.8,0.5393700787401575,0.5352112676056338,0.5819672131147541,0.5765765765765766,0.5454545454545454,0.44554455445544555,0.5357142857142857,1,0.051255036782374086,-0.20000000000000007,-0.30000000000000004,0.0041588111345237655,0.005390636538177507,0.09990999099909986,0.05555555555555558,-0.42857142857142855,3.8373570049026853,-0.7657572732985898,2.01644486340615,0.5,0.8,0.5,0.4444444444444444,0.42857142857142855,0.8571428571428571,161.05905511811022,157.22169811320754,157.29527559055117,158.06103286384976,211.26456692913385,209.2481220657277
1426277,2024,2024-04-23,"MA Chidambaram Stadium, Chepauk, Chennai",Chennai Super Kings,Lucknow Super Giants,Lucknow Super Giants,field,0,0.5844155844155844,0.5675675675675675,0.4,0.6,0.5194805194805194,0.3783783783783784,0.6442307692307693,0.35294117647058826,0.5396825396825397,0.75,0.25,0,0.016848016848016845,-0.19999999999999996,0.09999999999999998,0.14110214110214103,0.291289592760181,-0.21031746031746035,0.7272727272727273,0.0,-6.611163337250275,-12.55988455988458,-3.1461292461292487,0.7,0.6,0.7272727272727273,0.0,0.5714285714285714,0.5714285714285714,162.33478260869566,168.94594594594594,155.66233766233765,168.22222222222223,216.847113997114,219.99324324324326
1426278,2024,2024-04-24,"Arun Jaitley Stadium, Delhi",Delhi Capitals,Gujarat Titans,Gujarat Titans,field,1,0.45121951219512196,0.6585365853658537,0.4,0.4,0.5203252032520326,0.5121951219512195,0.4855072463768116,0.7391304347826086,0.4074074074074074,0.5555555555555556,0.5,0,-0.20731707317073172,0.0,-0.09999999999999998,0.008130081300813052,-0.25362318840579706,-0.1481481481481482,-0.75,-0.125,-15.418699186991859,-4.594524639123932,-33.84085365853659,0.4,0.5,0.25,1.0,0.375,0.5,154.3130081300813,169.73170731707316,158.74693877551022,163.34146341463415,200.72621951219512,234.5670731707317
1426279,2024,2024-04-25,"Rajiv Gandhi International Stadium, Uppal, Hyderabad",Royal Challengers Bengaluru,Sunrisers Hyderabad,Royal Challengers Bengaluru,bat,1,0.4717741935483871,0.48554913294797686,0.0,0.8,0.47580645161290325,0.48554913294797686,0.5121951219512195,0.5,0.432,0.47191011235955055,0.43478260869565216,1,-0.013774939399589736,-0.8,-0.3,-0.00974268133507361,0.012195121951219523,-0.039910112359550554,0.6666666666666667,-0.5892857142857143,-1.0493427186276278,1.313964101003961,3.7946135558456433,0.2,0.5,1.0,0.3333333333333333,0.125,0.7142857142857143,158.06048387096774,159.10982658959537,160.1578947368421,158.84393063583815,211.3364247311828,207.54181117533716
1426280,2024,2024-04-26,"Eden Gardens, Kolkata",Kolkata Knight Riders,Punjab Kings,Punjab Kings,field,0,0.5122950819672131,0.45416666666666666,0.6,0.2,0.5,0.43333333333333335,0.5859375,0.5132743362831859,0.43103448275862066,0.4015748031496063,0.65625,0,0.05812841530054641,0.39999999999999997,0.39999999999999997,0.06666666666666665,0.07266316371681414,0.029459679609014355,0.45454545454545453,0.4642857142857143,-4.310724043715851,-6.112158469945371,-1.3178790983606348,0.6,0.2,0.45454545454545453,0.0,0.7142857142857143,0.25,155.89344262295083,160.20416666666668,155.4795081967213,161.59166666666667,206.02274590163935,207.340625
1426281,2024,2024-04-27,"Arun Jaitley Stadium, Delhi",Delhi Capitals,Mumbai Indians,Mumbai Indians,field,1,0.4534412955465587,0.5607843137254902,0.6,0.6,0.5182186234817814,0.5411764705882353,0.4855072463768116,0.5819672131147541,0.41284403669724773,0.5413533834586466,0.4411764705882353,0,-0.10734301817893149,0.0,0.0,-0.022957847106453877,-0.09645996673794249,-0.12850934676139886,-0.6666666666666667,0.06944444444444442,-6.534270064301012,1.599856527977039,-10.500954989283173,0.4,0.4,0.3333333333333333,1.0,0.4444444444444444,0.375,154.59514170040487,161.12941176470588,158.9959349593496,157.39607843137256,200.8841430499325,211.38509803921568
1426282,2024,2024-04-27,"Bharat Ratna Shri Atal Bihari Vajpayee Ekana Cricket Stadium, Lucknow",Lucknow Super Giants,Rajasthan Royals,Rajasthan Royals,field,0,0.5789473684210527,0.514018691588785,0.6,0.8,0.39473684210526316,0.5327102803738317,0.3888888888888889,0.5803571428571429,0.75,0.44554455445544555,0.25,0,0.06492867683226766,-0.20000000000000007,-0.20000000000000007,-0.13797343826856856,-0.191468253968254,0.30445544554455445,0.045454545454545414,-0.25,12.762540153199893,11.19247284667847,10.354525332021666,0.6,0.8,0.5454545454545454,0.5,0.625,0.875,170.10526315789474,157.34272300469485,169.35135135135135,158.15887850467288,219.59868421052633,209.24415887850466
1426283,2024,2024-04-28,"Narendra Modi Stadium, Ahmedabad",Gujarat Titans,Royal Challengers Bengaluru,Royal Challengers Bengaluru,field,0,0.6428571428571429,0.4738955823293173,0.4,0.2,0.5238095238095238,0.4779116465863454,0.7083333333333334,0.5121951219512195,0.5555555555555556,0.4365079365079365,0.6666666666666666,0,0.16896156052782563,0.2,0.2,0.04589787722317845,0.19613821138211385,0.11904761904761907,0.23809523809523808,0.2222222222222222,12.675559380378644,4.584101382488484,22.489467393383052,0.4,0.2,0.5714285714285714,0.3333333333333333,0.4444444444444444,0.2222222222222222,170.92857142857142,158.25301204819277,164.78571428571428,160.2016129032258,233.79642857142858,211.30696117804553
1426284,2024,2024-04-28,"MA Chidambaram Stadium, Chepauk, Chennai",Chennai Super Kings,Sunrisers Hyderabad,Sunrisers Hyderabad,field,1,0.5818965517241379,0.4827586206896552,0.4,0.8,0.5172413793103449,0.4827586206896552,0.6442307692307693,0.49411764705882355,0.5354330708661418,0.47191011235955055,0.7,0,0.0991379310344827,-0.4,0.09999999999999998,0.03448275862068967,0.15011312217194572,0.06352295850659123,0.5,-0.125,3.36296462158532,-3.205459770114942,9.194995210727996,0.6,0.5,0.6666666666666666,0.16666666666666666,0.5,0.625,162.54112554112555,159.17816091954023,155.9094827586207,159.11494252873564,216.88311781609195,207.68812260536396
1426285,2024,2024-04-29,"Eden Gardens, Kolkata",Delhi Capitals,Kolkata Knight Riders,Delhi Capitals,bat,0,0.45564516129032256,0.5102040816326531,0.8,0.4,0.5161290322580645,0.49795918367346936,0.4855072463768116,0.5859375,0.41818181818181815,0.42735042735042733,0.46875,1,-0.05455892034233051,0.4,-0.09999999999999998,0.01816984858459514,-0.10043025362318841,-0.009168609168609176,0.08333333333333331,-0.125,-1.314384463462801,3.4379410063620526,-5.230954301075286,0.5,0.6,0.5,0.4166666666666667,0.5,0.625,155.00806451612902,156.32244897959183,159.35222672064776,155.9142857142857,201.03904569892472,206.27
1426286,2024,2024-04-30,"Bharat Ratna Shri Atal Bihari Vajpayee Ekana Cricket Stadium, Lucknow",Mumbai Indians,Lucknow Super Giants,Lucknow Super Giants,field,0,0.55859375,0.5641025641025641,0.4,0.4,0.54296875,0.38461538461538464,0.5772357723577236,0.3888888888888889,0.5413533834586466,0.7142857142857143,0.25,0,-0.005508814102564097,0.0,-0.2,0.15835336538461536,0.1883468834688347,-0.17293233082706772,-0.5,-0.22222222222222227,-9.304387019230774,-12.34642269736841,-8.137079326923043,0.3,0.5,0.0,0.5,0.3333333333333333,0.5555555555555556,161.46484375,170.76923076923077,157.78515625,170.1315789473684,211.38984375,219.52692307692305
1426287,2024,2024-05-01,"MA Chidambaram Stadium, Chepauk, Chennai",Chennai Super Kings,Punjab Kings,Punjab Kings,field,0,0.5836909871244635,0.45643153526970953,0.6,0.2,0.5150214592274678,0.43568464730290457,0.6442307692307693,0.5175438596491229,0.5390625,0.4015748031496063,0.5357142857142857,0,0.127259451854754,0.39999999999999997,0.3,0.07933681192456321,0.1266869095816464,0.1374876968503937,0.02564102564102566,0.22222222222222227,2.1277543282300826,-6.188698733816551,9.667781477985727,0.6,0.3,0.6923076923076923,0.6666666666666666,0.5555555555555556,0.3333333333333333,162.7543103448276,160.6265560165975,155.8154506437768,162.00414937759336,217.0252503576538,207.35746887966806
1426288,2024,2024-05-02,"Rajiv Gandhi International Stadium, Uppal, Hyderabad",Sunrisers Hyderabad,Rajasthan Royals,Sunrisers Hyderabad,bat,1,0.48,0.5162790697674419,0.6,0.8,0.4857142857142857,0.5348837209302325,0.4883720930232558,0.584070796460177,0.47191011235955055,0.44554455445544555,0.5,1,-0.036279069767441885,-0.20000000000000007,-0.4,-0.0491694352159468,-0.09569870343692122,0.026365557904104997,-0.7,-0.33333333333333326,1.4969025367156235,1.0822591362126275,-1.550194905869347,0.5,0.9,0.3,1.0,0.5555555555555556,0.8888888888888888,159.03428571428572,157.5373831775701,159.41714285714286,158.33488372093024,207.81561904761904,209.36581395348838
1426289,2024,2024-05-03,"Wankhede Stadium, Mumbai",Kolkata Knight Riders,Mumbai Indians,Mumbai Indians,field,1,0.5121951219512195,0.556420233463035,0.6,0.2,0.4959349593495935,0.5408560311284046,0.5891472868217055,0.5772357723577236,0.42735042735042733,0.5373134328358209,0.28125,0,-0.04422511151181552,0.39999999999999997,0.3,-0.04492107177881116,0.011911514463981865,-0.10996300548539356,-0.17142857142857143,0.36666666666666664,-5.071683907500557,-1.8329695359210234,-4.947791117016237,0.6,0.3,0.42857142857142855,0.6,0.6666666666666666,0.3,156.3252032520325,161.39688715953307,155.90243902439025,157.73540856031127,206.515243902439,211.46303501945525
1426290,2024,2024-05-04,"M Chinnaswamy Stadium, Bengaluru",Gujarat Titans,Royal Challengers Bengaluru,Royal Challengers Bengaluru,field,0,0.627906976744186,0.476,0.4,0.4,0.5116279069767442,0.48,0.7083333333333334,0.5161290322580645,0.5263157894736842,0.4365079365079365,0.5,0,0.15190697674418607,0.0,0.10000000000000003,0.031627906976744224,0.19220430107526887,0.08980785296574767,0.6363636363636364,0.10000000000000003,13.160651162790714,5.382740263379105,21.39460155038759,0.4,0.3,1.0,0.36363636363636365,0.4,0.3,171.6046511627907,158.444,165.74418604651163,160.36144578313252,232.6895348837209,211.29493333333332
1426291,2024,2024-05-05,"Himachal Pradesh Cricket Association Stadium, Dharamsala",Chennai Super Kings,Punjab Kings,Punjab Kings,field,1,0.5811965811965812,0.45867768595041325,0.4,0.4,0.5128205128205128,0.4380165289256198,0.6442307692307693,0.5217391304347826,0.5348837209302325,0.4015748031496063,0.5172413793103449,0,0.12251889524616799,0.0,0.09999999999999998,0.07480398389489296,0.12249163879598668,0.1333089177806262,0.5,0.09999999999999998,2.1147093250097555,-6.157978385251113,9.6321372230463,0.5,0.4,0.5,0.0,0.5,0.4,162.75107296137338,160.63636363636363,155.84615384615384,162.00413223140495,217.10548433048433,207.47334710743803
1426292,2024,2024-05-05,"Bharat Ratna Shri Atal Bihari Vajpayee Ekana Cricket Stadium, Lucknow",Kolkata Knight Riders,Lucknow Super Giants,Lucknow Super Giants,field,1,0.5141700404858299,0.575,0.6,0.6,0.4939271255060729,0.4,0.5891472868217055,0.42105263157894735,0.4322033898305085,0.7142857142857143,0.25,0,-0.06082995951417003,0.0,0.09999999999999998,0.09392712550607285,0.16809465524275813,-0.2820823244552058,-0.038461538461538436,0.09999999999999998,-13.748481781376512,-13.603238866396765,-12.873567813765163,0.7,0.6,0.5,0.5384615384615384,0.7,0.6,156.3765182186235,170.125,155.8582995951417,169.46153846153845,206.8151821862348,219.68874999999997
1426293,2024,2024-05-06,"Wankhede Stadium, Mumbai",Sunrisers Hyderabad,Mumbai Indians,Mumbai Indians,field,0,0.48295454545454547,0.5542635658914729,0.6,0.2,0.48863636363636365,0.5426356589147286,0.4883720930232558,0.5725806451612904,0.4777777777777778,0.5373134328358209,0.45454545454545453,0,-0.07130902043692738,0.39999999999999997,0.3,-0.053999295278365,-0.08420855213803458,-0.05953565505804309,-0.3625,0.32727272727272727,-2.0606060606060623,1.8686575052854266,-3.4689041578576507,0.6,0.3,0.2,0.5625,0.6,0.2727272727272727,159.27272727272728,161.33333333333334,159.64772727272728,157.77906976744185,207.8962121212121,211.36511627906975
1426294,2024,2024-05-07,"Arun Jaitley Stadium, Delhi",Delhi Capitals,Rajasthan Royals,Rajasthan Royals,field,1,0.4538152610441767,0.5138888888888888,0.6,0.8,0.5180722891566265,0.5324074074074074,0.4855072463768116,0.5789473684210527,0.4144144144144144,0.44554455445544555,0.4642857142857143,0,-0.06007362784471215,-0.20000000000000007,-0.30000000000000004,-0.014335118250780932,-0.09344012204424107,-0.03113014004103115,-0.09999999999999998,-0.3454545454545455,-2.7348837209302417,0.8103345280764529,-8.387223895582338,0.5,0.8,0.4,0.5,0.45454545454545453,0.8,155.0,157.73488372093024,159.34274193548387,158.53240740740742,201.15374832663989,209.54097222222222
1426295,2024,2024-05-08,"Rajiv Gandhi International Stadium, Uppal, Hyderabad",Lucknow Super Giants,Sunrisers Hyderabad,Lucknow Super Giants,bat,0,0.5609756097560976,0.480225988700565,0.6,0.4,0.4146341463414634,0.4858757062146893,0.4,0.4883720930232558,0.7142857142857143,0.4725274725274725,1.0,1,0.08074962105553263,0.19999999999999996,0.0,-0.07124155987322589,-0.08837209302325577,0.2417582417582418,0.6363636363636364,0.0,9.966790684855994,11.371186440677974,11.359526434247414,0.6,0.6,1.0,0.36363636363636365,0.5454545454545454,0.5454545454545454,169.3170731707317,159.3502824858757,171.1,159.72881355932202,219.52073170731708,208.16120527306967
1426296,2024,2024-05-09,"Himachal Pradesh Cricket Association Stadium, Dharamsala",Royal Challengers Bengaluru,Punjab Kings,Punjab Kings,field,1,0.47808764940239046,0.4567901234567901,0.6,0.4,0.4820717131474104,0.4403292181069959,0.52,0.5172413793103449,0.4365079365079365,0.4015748031496063,0.46875,0,0.02129752594560036,0.19999999999999996,0.10000000000000003,0.041742495040414496,0.0027586206896551557,0.034933133358330204,0.5,0.0,-2.1289984096535477,-1.7166913580246899,3.8721025363566355,0.4,0.3,0.5,0.0,0.36363636363636365,0.36363636363636365,158.4183266932271,160.54732510288065,160.308,162.02469135802468,211.332802124834,207.46069958847735
1426297,2024,2024-05-10,"Narendra Modi Stadium, Ahmedabad",Gujarat Titans,Chennai Super Kings,Chennai Super Kings,field,1,0.6136363636363636,0.5829787234042553,0.2,0.4,0.5,0.5106382978723404,0.7083333333333334,0.6442307692307693,0.5,0.5384615384615384,0.5,0,0.030657640232108374,-0.2,-0.2,-0.010638297872340385,0.0641025641025641,-0.038461538461538436,0.033333333333333326,-0.18181818181818177,8.276223776223759,9.65735009671181,14.214901676337831,0.3,0.5,0.5333333333333333,0.5,0.36363636363636365,0.5454545454545454,171.04545454545453,162.76923076923077,165.4318181818182,155.77446808510638,231.3556818181818,217.14078014184398
1426298,2024,2024-05-11,"Eden Gardens, Kolkata",Kolkata Knight Riders,Mumbai Indians,Mumbai Indians,field,1,0.5161290322580645,0.555984555984556,0.8,0.2,0.49193548387096775,0.5444015444015444,0.5891472868217055,0.576,0.4369747899159664,0.5373134328358209,0.30303030303030304,0,-0.03985552372649148,0.6000000000000001,0.29999999999999993,-0.052466060530576675,0.013147286821705517,-0.1003386429198545,-0.038461538461538436,0.393939393939394,-4.688690995142622,-2.0555797733217105,-4.192573016564978,0.7,0.4,0.46153846153846156,0.5,0.7272727272727273,0.3333333333333333,156.69354838709677,161.3822393822394,155.78225806451613,157.83783783783784,207.0885080645161,211.28108108108108
1426299,2024,2024-05-12,"MA Chidambaram Stadium, Chepauk, Chennai",Rajasthan Royals,Chennai Super Kings,Rajasthan Royals,bat,0,0.511520737327189,0.5805084745762712,0.6,0.4,0.5345622119815668,0.5127118644067796,0.5739130434782609,0.638095238095238,0.44554455445544555,0.5384615384615384,0.4642857142857143,1,-0.06898773724908225,0.19999999999999996,0.29999999999999993,0.02185034757478721,-0.06418219461697716,-0.09291698400609288,0.3571428571428571,0.2272727272727273,-4.975453112687148,2.7270561587127986,-7.470774102423917,0.7,0.4,1.0,0.6428571428571429,0.7272727272727273,0.5,157.9351851851852,162.91063829787234,158.82027649769586,156.09322033898306,209.7016129032258,217.1723870056497
1426300,2024,2024-05-12,"M Chinnaswamy Stadium, Bengaluru",Royal Challengers Bengaluru,Delhi Capitals,Delhi Capitals,field,1,0.4801587301587302,0.456,0.8,0.6,0.4801587301587302,0.516,0.52,0.4855072463768116,0.4409448818897638,0.41964285714285715,0.6,0,0.024158730158730157,0.20000000000000007,-0.19999999999999996,-0.03584126984126984,0.03449275362318843,0.021302024746906623,0.4166666666666667,-0.08333333333333331,3.482031746031737,0.8803980863693823,10.093916402116406,0.4,0.6,0.4166666666666667,0.0,0.4166666666666667,0.5,158.74603174603175,155.264,160.39043824701196,159.51004016064257,211.38544973544973,201.29153333333332
1426302,2024,2024-05-14,"Arun Jaitley Stadium, Delhi",Delhi Capitals,Lucknow Super Giants,Lucknow Super Giants,field,1,0.4541832669322709,0.5476190476190477,0.6,0.4,0.5179282868525896,0.42857142857142855,0.48201438848920863,0.4,0.41964285714285715,0.6818181818181818,0.25,0,-0.09343578068677677,0.19999999999999996,0.0,0.08935685828116108,0.08201438848920861,-0.2621753246753246,-0.04545454545454547,-0.038461538461538436,-14.011098463289699,-11.379999999999995,-17.986164864352105,0.5,0.5,0.45454545454545453,0.5,0.46153846153846156,0.5,155.20318725099602,169.21428571428572,159.62,171.0,201.5031208499336,219.4892857142857
1426303,2024,2024-05-15,"Barsapara Cricket Stadium, Guwahati",Rajasthan Royals,Punjab Kings,Rajasthan Royals,bat,0,0.5091743119266054,0.45491803278688525,0.4,0.4,0.536697247706422,0.4426229508196721,0.5739130434782609,0.5128205128205128,0.4411764705882353,0.4015748031496063,0.5925925925925926,1,0.0542562791397202,0.0,0.3,0.0940742968867499,0.06109253065774811,0.039601667438628974,-0.5,0.3333333333333333,-2.774004683840758,-3.5914799217927396,2.3202568055346546,0.6,0.3,0.5,1.0,0.6666666666666666,0.3333333333333333,157.85714285714286,160.63114754098362,158.75688073394497,162.3483606557377,209.82087155963302,207.50061475409836
1426305,2024,2024-05-17,"Wankhede Stadium, Mumbai",Lucknow Super Giants,Mumbai Indians,Mumbai Indians,field,1,0.5348837209302325,0.5538461538461539,0.2,0.2,0.4418604651162791,0.5461538461538461,0.38095238095238093,0.5714285714285714,0.6818181818181818,0.5373134328358209,0.8,0,-0.018962432915921368,0.0,0.0,-0.10429338103756702,-0.19047619047619047,0.14450474898236088,-0.08823529411764708,0.15384615384615385,8.378264758497295,14.046336996337004,7.627495527728115,0.4,0.4,0.5,0.5882352941176471,0.46153846153846156,0.3076923076923077,169.67441860465115,161.29615384615386,171.88095238095238,157.83461538461538,218.87441860465117,211.24692307692305
1426306,2024,2024-05-18,"M Chinnaswamy Stadium, Bengaluru",Royal Challengers Bengaluru,Chennai Super Kings,Chennai Super Kings,field,1,0.48221343873517786,0.5822784810126582,1.0,0.6,0.4782608695652174,0.510548523206751,0.52,0.6415094339622641,0.4453125,0.5384615384615384,0.3225806451612903,0,-0.10006504227748036,0.4,0.0,-0.03228765364153363,-0.1215094339622641,-0.09314903846153844,-0.5384615384615384,-0.07692307692307687,-3.9770382528304253,4.279987944544899,-5.72440558585302,0.5,0.5,0.46153846153846156,1.0,0.46153846153846156,0.5384615384615384,158.85770750988144,162.83474576271186,160.3095238095238,156.0295358649789,211.47088274044796,217.19528832630098
1426307,2024,2024-05-19,"Rajiv Gandhi International Stadium, Uppal, Hyderabad",Punjab Kings,Sunrisers Hyderabad,Punjab Kings,bat,0,0.45714285714285713,0.48314606741573035,0.6,0.4,0.44081632653061226,0.48314606741573035,0.5169491525423728,0.4942528735632184,0.4015748031496063,0.4725274725274725,0.3181818181818182,1,-0.026003210272873223,0.19999999999999996,-0.19999999999999996,-0.042329740885118095,0.02269627897915444,-0.0709526693778662,-0.4166666666666667,-0.19871794871794873,1.1740885118092024,2.515042421462965,-0.5793663532828646,0.4,0.6,0.0,0.4166666666666667,0.38461538461538464,0.5833333333333334,160.5673469387755,159.3932584269663,162.2734693877551,159.75842696629215,207.56632653061226,208.14569288389512
1426309,2024,2024-05-21,"Narendra Modi Stadium, Ahmedabad",Sunrisers Hyderabad,Kolkata Knight Riders,Sunrisers Hyderabad,bat,0,0.4860335195530726,0.5180722891566265,0.6,0.8,0.48044692737430167,0.4899598393574297,0.5,0.5891472868217055,0.4725274725274725,0.44166666666666665,0.34615384615384615,1,-0.032038769603553896,-0.20000000000000007,0.0,-0.009512911983128036,-0.08914728682170547,0.030860805860805862,-0.6666666666666666,-0.13461538461538458,3.0091314980592756,4.34659307621547,0.7929853492180996,0.7,0.7,0.0,0.6666666666666666,0.6153846153846154,0.75,159.70391061452514,156.69477911646587,160.0614525139665,155.71485943775102,208.18957169459964,207.39658634538154
1426310,2024,2024-05-22,"Narendra Modi Stadium, Ahmedabad",Royal Challengers Bengaluru,Rajasthan Royals,Rajasthan Royals,field,0,0.484251968503937,0.5068493150684932,1.0,0.2,0.4763779527559055,0.5388127853881278,0.52,0.5739130434782609,0.4496124031007752,0.4368932038834951,0.5,0,-0.022597346564556198,0.8,0.09999999999999998,-0.062434832632222326,-0.05391304347826087,0.012719199217280097,-0.16666666666666663,-0.11538461538461542,1.2969731994510028,1.7367661125850589,1.6602362204724557,0.6,0.5,0.5,0.6666666666666666,0.5,0.6153846153846154,159.09055118110237,157.79357798165137,160.4308300395257,158.69406392694063,211.5769028871391,209.91666666666666
1426311,2024,2024-05-24,"MA Chidambaram Stadium, Chepauk, Chennai",Sunrisers Hyderabad,Rajasthan Royals,Rajasthan Royals,field,1,0.48333333333333334,0.509090909090909,0.6,0.2,0.48333333333333334,0.5409090909090909,0.5,0.5775862068965517,0.4673913043478261,0.4368932038834951,0.5263157894736842,0,-0.0257575757575757,0.39999999999999997,0.09999999999999998,-0.05757575757575756,-0.07758620689655171,0.03049810046433099,-0.35714285714285715,-0.07142857142857151,1.8324200913241953,1.3287878787878924,-1.6866077441077039,0.6,0.5,0.14285714285714285,0.5,0.5714285714285714,0.6428571428571429,159.7,157.8675799086758,160.08333333333334,158.75454545454545,208.1740740740741,209.8606818181818
1426312,2024,2024-05-26,"MA Chidambaram Stadium, Chepauk, Chennai",Sunrisers Hyderabad,Kolkata Knight Riders,Sunrisers Hyderabad,bat,0,0.4861878453038674,0.52,0.6,1.0,0.48066298342541436,0.488,0.5,0.5923076923076923,0.4731182795698925,0.44166666666666665,0.3333333333333333,1,-0.033812154696132635,-0.4,-0.09999999999999998,-0.007337016574585631,-0.09230769230769231,0.031451612903225845,-0.15000000000000002,-0.1692307692307693,3.0605303867403393,4.238850828729284,0.5237830570902418,0.6,0.7,0.25,0.4,0.6,0.7692307692307693,159.78453038674033,156.724,159.9668508287293,155.728,208.14438305709024,207.6206
