season,player,batting_runs,batting_balls,dismissals,batting_matches,boundaries,dot_balls,bowling_runs,balls_bowled,bowling_wickets,fantasy_points,batting_average,strike_rate,boundary_pct,dot_ball_pct,overs_bowled,economy,wicket_frequency
2008,A Chopra,42.0,55.0,4.0,5,5.0,27.0,0.0,0.0,0.0,51.0,10.5,76.36363636363636,0.09090909090909091,0.4909090909090909,0.0,0.0,0.0
2008,A Kumble,13.0,17.0,1.0,10,1.0,7.0,313.0,235.0,7.0,225.0,13.0,76.47058823529412,0.058823529411764705,0.4117647058823529,39.166666666666664,7.991489361702128,0.029787234042553193
2008,A Mishra,37.0,42.0,4.0,6,3.0,16.0,140.0,123.0,11.0,327.0,9.25,88.0952380952381,0.07142857142857142,0.38095238095238093,20.5,6.829268292682927,0.08943089430894309
2008,A Mukund,0.0,1.0,1.0,1,0.0,1.0,0.0,0.0,0.0,0.0,0.0,0.0,0.0,1.0,0.0,0.0,0.0
2008,A Nehra,3.0,13.0,0.0,14,0.0,9.0,357.0,278.0,12.0,359.0,3.0,23.076923076923077,0.0,0.6923076923076923,46.333333333333336,7.705035971223021,0.04316546762589928
2008,A Nel,0.0,0.0,0.0,1,0.0,0.0,31.0,18.0,1.0,29.0,0.0,0.0,0.0,0.0,3.0,10.333333333333334,0.05555555555555555
2008,A Symonds,161.0,111.0,2.0,3,24.0,39.0,106.0,44.0,0.0,189.0,80.5,145.04504504504504,0.21621621621621623,0.35135135135135137,7.333333333333333,14.454545454545455,0.0
2008,AA Noffke,9.0,12.0,1.0,1,1.0,4.0,41.0,25.0,1.0,35.0,9.0,75.0,0.08333333333333333,0.3333333333333333,4.166666666666667,9.84,0.04
2008,AB Agarkar,54.0,49.0,4.0,9,7.0,19.0,211.0,168.0,8.0,281.0,13.5,110.20408163265306,0.14285714285714285,0.3877551020408163,28.0,7.535714285714286,0.047619047619047616
2008,AB Dinda,2.0,4.0,1.0,13,0.0,1.0,266.0,243.0,9.0,275.0,2.0,50.0,0.0,0.25,40.5,6.567901234567901,0.037037037037037035
2008,AB de Villiers,95.0,100.0,4.0,6,6.0,37.0,0.0,0.0,0.0,109.0,23.75,95.0,0.06,0.37,0.0,0.0,0.0
2008,AC Gilchrist,436.0,328.0,13.0,14,70.0,134.0,0.0,0.0,0.0,510.0,33.53846153846154,132.9268292682927,0.21341463414634146,0.40853658536585363,0.0,0.0,0.0
2008,AD Mascarenhas,9.0,8.0,1.0,1,1.0,4.0,31.0,25.0,2.0,60.0,9.0,112.5,0.125,0.5,4.166666666666667,7.4399999999999995,0.08
2008,AM Nayar,206.0,142.0,8.0,10,25.0,34.0,69.0,43.0,1.0,264.0,25.75,145.07042253521126,0.176056338028169,0.23943661971830985,7.166666666666667,9.627906976744185,0.023255813953488372
2008,AM Rahane,4.0,19.0,2.0,2,1.0,16.0,0.0,0.0,0.0,5.0,2.0,21.05263157894737,0.05263157894736842,0.8421052631578947,0.0,0.0,0.0
2008,AS Yadav,49.0,40.0,7.0,6,7.0,15.0,0.0,0.0,0.0,60.0,7.0,122.5,0.175,0.375,0.0,0.0,0.0
2008,Abdur Razzak,0.0,2.0,0.0,1,0.0,2.0,29.0,14.0,0.0,4.0,0.0,0.0,0.0,1.0,2.3333333333333335,12.428571428571427,0.0
2008,B Akhil,46.0,32.0,3.0,7,7.0,11.0,137.0,104.0,2.0,119.0,15.333333333333334,143.75,0.21875,0.34375,17.333333333333332,7.903846153846154,0.019230769230769232
2008,B Chipli,20.0,30.0,3.0,3,3.0,17.0,0.0,0.0,0.0,23.0,6.666666666666667,66.66666666666667,0.1,0.5666666666666667,0.0,0.0,0.0
2008,B Geeves,0.0,0.0,0.0,2,0.0,0.0,91.0,48.0,1.0,33.0,0.0,0.0,0.0,0.0,8.0,11.375,0.020833333333333332
2008,B Lee,17.0,14.0,2.0,4,3.0,6.0,118.0,98.0,4.0,128.0,8.5,121.42857142857143,0.21428571428571427,0.42857142857142855,16.333333333333332,7.224489795918368,0.04081632653061224
2008,BAW Mendis,0.0,0.0,0.0,1,0.0,0.0,24.0,24.0,1.0,29.0,0.0,0.0,0.0,0.0,4.0,6.0,0.041666666666666664
2008,BB McCullum,188.0,96.0,3.0,4,28.0,25.0,0.0,0.0,0.0,220.0,62.666666666666664,195.83333333333334,0.2916666666666667,0.2604166666666667,0.0,0.0,0.0
2008,BJ Hodge,12.0,18.0,2.0,3,2.0,11.0,0.0,0.0,0.0,18.0,6.0,66.66666666666667,0.1111111111111111,0.6111111111111112,0.0,0.0,0.0
2008,CK Kapugedera,16.0,24.0,3.0,4,0.0,7.0,49.0,17.0,0.0,20.0,5.333333333333333,66.66666666666667,0.0,0.2916666666666667,2.8333333333333335,17.294117647058822,0.0
2008,CL White,114.0,105.0,5.0,8,12.0,37.0,24.0,7.0,0.0,138.0,22.8,108.57142857142857,0.11428571428571428,0.3523809523809524,1.1666666666666667,20.57142857142857,0.0
2008,CRD Fernando,2.0,1.0,1.0,5,0.0,0.0,164.0,126.0,10.0,268.0,2.0,200.0,0.0,0.0,21.0,7.809523809523809,0.07936507936507936
2008,D Kalyankrishna,3.0,8.0,1.0,3,0.0,4.0,88.0,50.0,2.0,61.0,3.0,37.5,0.0,0.5,8.333333333333334,10.559999999999999,0.04
2008,D Salunkhe,33.0,24.0,1.0,5,5.0,8.0,80.0,51.0,1.0,79.0,33.0,137.5,0.20833333333333334,0.3333333333333333,8.5,9.411764705882353,0.0196078431372549
2008,DB Das,103.0,95.0,6.0,6,14.0,42.0,0.0,0.0,0.0,117.0,17.166666666666668,108.42105263157895,0.14736842105263157,0.4421052631578947,0.0,0.0,0.0
2008,DB Ravi Teja,109.0,85.0,6.0,6,15.0,29.0,19.0,12.0,1.0,149.0,18.166666666666668,128.23529411764707,0.17647058823529413,0.3411764705882353,2.0,9.5,0.08333333333333333
2008,DJ Bravo,178.0,137.0,6.0,9,24.0,46.0,239.0,181.0,11.0,489.0,29.666666666666668,129.92700729927006,0.17518248175182483,0.3357664233576642,30.166666666666668,7.922651933701657,0.06077348066298342
2008,DJ Hussey,319.0,267.0,11.0,13,36.0,95.0,134.0,78.0,2.0,413.0,29.0,119.47565543071161,0.1348314606741573,0.35580524344569286,13.0,10.307692307692308,0.02564102564102564
2008,DJ Thornely,39.0,54.0,3.0,5,4.0,26.0,40.0,44.0,3.0,126.0,13.0,72.22222222222223,0.07407407407407407,0.48148148148148145,7.333333333333333,5.454545454545455,0.06818181818181818
2008,DL Vettori,0.0,0.0,0.0,2,0.0,0.0,54.0,48.0,2.0,58.0,0.0,0.0,0.0,0.0,8.0,6.75,0.041666666666666664
2008,DNT Zoysa,11.0,9.0,1.0,3,1.0,1.0,100.0,69.0,2.0,70.0,11.0,122.22222222222223,0.1111111111111111,0.1111111111111111,11.5,8.695652173913043,0.028985507246376812
2008,DP Vijaykumar,1.0,1.0,0.0,9,0.0,0.0,205.0,159.0,4.0,137.0,1.0,100.0,0.0,0.0,26.5,7.735849056603773,0.025157232704402517
2008,DPMD Jayawardene,179.0,138.0,9.0,12,22.0,42.0,0.0,0.0,0.0,217.0,19.88888888888889,129.71014492753622,0.15942028985507245,0.30434782608695654,0.0,0.0,0.0
2008,DR Smith,45.0,41.0,2.0,4,6.0,16.0,83.0,69.0,5.0,184.0,22.5,109.7560975609756,0.14634146341463414,0.3902439024390244,11.5,7.217391304347826,0.07246376811594203
2008,DS Kulkarni,2.0,17.0,0.0,10,0.0,14.0,241.0,191.0,11.0,317.0,2.0,11.764705882352942,0.0,0.8235294117647058,31.833333333333332,7.570680628272251,0.05759162303664921
2008,DS Lehmann,18.0,19.0,2.0,2,3.0,8.0,0.0,0.0,0.0,21.0,9.0,94.73684210526316,0.15789473684210525,0.42105263157894735,0.0,0.0,0.0
2008,DT Patil,13.0,13.0,1.0,2,1.0,5.0,0.0,0.0,0.0,18.0,13.0,100.0,0.07692307692307693,0.38461538461538464,0.0,0.0,0.0
2008,DW Steyn,2.0,5.0,2.0,10,0.0,3.0,265.0,244.0,10.0,284.0,1.0,40.0,0.0,0.6,40.666666666666664,6.5163934426229515,0.040983606557377046
2008,G Gambhir,534.0,394.0,14.0,14,76.0,112.0,0.0,0.0,0.0,614.0,38.142857142857146,135.53299492385787,0.19289340101522842,0.28426395939086296,0.0,0.0,0.0
2008,GC Smith,441.0,375.0,12.0,11,62.0,137.0,0.0,0.0,0.0,511.0,36.75,117.6,0.16533333333333333,0.36533333333333334,0.0,0.0,0.0
2008,GD McGrath,4.0,5.0,1.0,14,1.0,4.0,366.0,327.0,12.0,357.0,4.0,80.0,0.2,0.8,54.5,6.715596330275229,0.03669724770642202
2008,Gagandeep Singh,0.0,0.0,0.0,4,0.0,0.0,142.0,84.0,3.0,91.0,0.0,0.0,0.0,0.0,14.0,10.142857142857142,0.03571428571428571
2008,H Das,2.0,5.0,1.0,1,0.0,3.0,0.0,0.0,0.0,2.0,2.0,40.0,0.0,0.6,0.0,0.0,0.0
2008,HH Gibbs,167.0,159.0,9.0,9,25.0,80.0,0.0,0.0,0.0,192.0,18.555555555555557,105.03144654088051,0.15723270440251572,0.5031446540880503,0.0,0.0,0.0
2008,Harbhajan Singh,30.0,17.0,2.0,3,4.0,6.0,84.0,61.0,5.0,163.0,15.0,176.47058823529412,0.23529411764705882,0.35294117647058826,10.166666666666666,8.262295081967213,0.08196721311475409
2008,I Sharma,11.0,11.0,1.0,13,1.0,4.0,348.0,266.0,7.0,235.0,11.0,100.0,0.09090909090909091,0.36363636363636365,44.333333333333336,7.849624060150376,0.02631578947368421
2008,IK Pathan,131.0,120.0,5.0,14,15.0,46.0,359.0,331.0,15.0,557.0,26.2,109.16666666666667,0.125,0.38333333333333336,55.166666666666664,6.507552870090635,0.045317220543806644
2008,Iqbal Abdulla,1.0,2.0,0.0,1,0.0,1.0,22.0,17.0,0.0,5.0,1.0,50.0,0.0,0.5,2.8333333333333335,7.764705882352941,0.0
2008,J Arunkumar,23.0,24.0,3.0,3,5.0,14.0,0.0,0.0,0.0,28.0,7.666666666666667,95.83333333333333,0.20833333333333334,0.5833333333333334,0.0,0.0,0.0
2008,JA Morkel,241.0,168.0,8.0,13,32.0,56.0,413.0,307.0,17.0,722.0,30.125,143.45238095238096,0.19047619047619047,0.3333333333333333,51.166666666666664,8.071661237785017,0.05537459283387622
2008,JDP Oram,18.0,13.0,1.0,4,2.0,3.0,147.0,97.0,3.0,107.0,18.0,138.46153846153845,0.15384615384615385,0.23076923076923078,16.166666666666668,9.092783505154639,0.030927835051546393
2008,JH Kallis,199.0,188.0,11.0,11,27.0,71.0,322.0,211.0,4.0,330.0,18.09090909090909,105.85106382978724,0.14361702127659576,0.3776595744680851,35.166666666666664,9.156398104265403,0.018957345971563982
2008,JR Hopes,221.0,152.0,11.0,11,35.0,57.0,285.0,171.0,7.0,431.0,20.09090909090909,145.39473684210526,0.23026315789473684,0.375,28.5,10.0,0.04093567251461988
2008,Joginder Sharma,16.0,11.0,2.0,8,2.0,3.0,241.0,157.0,8.0,242.0,8.0,145.45454545454547,0.18181818181818182,0.2727272727272727,26.166666666666668,9.210191082802547,0.050955414012738856
2008,K Goel,76.0,79.0,5.0,6,11.0,44.0,25.0,12.0,0.0,91.0,15.2,96.20253164556962,0.13924050632911392,0.5569620253164557,2.0,12.5,0.0
2008,KC Sangakkara,320.0,207.0,10.0,9,49.0,56.0,0.0,0.0,0.0,369.0,32.0,154.58937198067633,0.23671497584541062,0.27053140096618356,0.0,0.0,0.0
2008,KD Karthik,145.0,108.0,7.0,8,17.0,31.0,0.0,0.0,0.0,166.0,20.714285714285715,134.25925925925927,0.1574074074074074,0.28703703703703703,0.0,0.0,0.0
2008,Kamran Akmal,128.0,78.0,4.0,6,21.0,31.0,0.0,0.0,0.0,157.0,32.0,164.10256410256412,0.2692307692307692,0.3974358974358974,0.0,0.0,0.0
2008,L Balaji,0.0,5.0,1.0,9,0.0,3.0,293.0,205.0,11.0,307.0,0.0,0.0,0.0,0.6,34.166666666666664,8.575609756097561,0.05365853658536585
2008,L Ronchi,34.0,34.0,2.0,4,7.0,21.0,0.0,0.0,0.0,49.0,17.0,100.0,0.20588235294117646,0.6176470588235294,0.0,0.0,0.0
2008,LA Pomersbach,152.0,101.0,1.0,5,22.0,28.0,0.0,0.0,0.0,190.0,152.0,150.4950495049505,0.21782178217821782,0.27722772277227725,0.0,0.0,0.0
2008,LPC Silva,40.0,27.0,2.0,3,6.0,7.0,21.0,6.0,0.0,50.0,20.0,148.14814814814815,0.2222222222222222,0.25925925925925924,1.0,21.0,0.0
2008,LR Shukla,163.0,127.0,8.0,13,22.0,32.0,126.0,78.0,6.0,355.0,20.375,128.3464566929134,0.1732283464566929,0.25196850393700787,13.0,9.692307692307692,0.07692307692307693
2008,LRPL Taylor,149.0,85.0,4.0,4,23.0,22.0,0.0,0.0,0.0,172.0,37.25,175.2941176470588,0.27058823529411763,0.25882352941176473,0.0,0.0,0.0
2008,M Kaif,176.0,176.0,9.0,14,20.0,76.0,0.0,0.0,0.0,216.0,19.555555555555557,100.0,0.11363636363636363,0.4318181818181818,0.0,0.0,0.0
2008,M Kartik,30.0,28.0,3.0,5,3.0,8.0,132.0,87.0,3.0,116.0,10.0,107.14285714285714,0.10714285714285714,0.2857142857142857,14.5,9.10344827586207,0.034482758620689655
2008,M Muralitharan,0.0,3.0,1.0,15,0.0,3.0,416.0,369.0,11.0,331.0,0.0,0.0,0.0,1.0,61.5,6.764227642276423,0.02981029810298103
2008,M Ntini,11.0,19.0,1.0,9,2.0,14.0,256.0,212.0,7.0,220.0,11.0,57.89473684210526,0.10526315789473684,0.7368421052631579,35.333333333333336,7.245283018867924,0.0330188679245283
2008,M Rawat,34.0,39.0,4.0,7,4.0,19.0,0.0,0.0,0.0,50.0,8.5,87.17948717948718,0.10256410256410256,0.48717948717948717,0.0,0.0,0.0
2008,MA Khote,24.0,22.0,2.0,3,3.0,7.0,52.0,30.0,2.0,81.0,12.0,109.0909090909091,0.13636363636363635,0.3181818181818182,5.0,10.4,0.06666666666666667
2008,MEK Hussey,168.0,100.0,3.0,3,23.0,29.0,0.0,0.0,0.0,195.0,56.0,168.0,0.23,0.29,0.0,0.0,0.0
2008,MF Maharoof,125.0,79.0,6.0,10,17.0,25.0,254.0,222.0,15.0,533.0,20.833333333333332,158.22784810126583,0.21518987341772153,0.31645569620253167,37.0,6.864864864864865,0.06756756756756757
2008,MK Pandey,3.0,10.0,2.0,2,0.0,6.0,0.0,0.0,0.0,3.0,1.5,30.0,0.0,0.6,0.0,0.0,0.0
2008,MK Tiwary,104.0,87.0,3.0,7,16.0,29.0,0.0,0.0,0.0,136.0,34.666666666666664,119.54022988505747,0.1839080459770115,0.3333333333333333,0.0,0.0,0.0
2008,ML Hayden,189.0,135.0,2.0,4,30.0,42.0,0.0,0.0,0.0,227.0,94.5,140.0,0.2222222222222222,0.3111111111111111,0.0,0.0,0.0
2008,MM Patel,0.0,1.0,0.0,15,0.0,1.0,422.0,334.0,14.0,410.0,0.0,0.0,0.0,1.0,55.666666666666664,7.580838323353293,0.041916167664670656
2008,MS Dhoni,414.0,319.0,11.0,14,53.0,105.0,0.0,0.0,0.0,483.0,37.63636363636363,129.78056426332287,0.16614420062695925,0.329153605015674,0.0,0.0,0.0
2008,MS Gony,35.0,25.0,1.0,16,5.0,9.0,454.0,370.0,17.0,525.0,35.0,140.0,0.2,0.36,61.666666666666664,7.3621621621621625,0.04594594594594595
2008,MV Boucher,225.0,181.0,8.0,10,30.0,59.0,0.0,0.0,0.0,263.0,28.125,124.30939226519337,0.16574585635359115,0.3259668508287293,0.0,0.0,0.0
2008,Misbah-ul-Haq,117.0,82.0,9.0,8,16.0,28.0,0.0,0.0,0.0,133.0,13.0,142.6829268292683,0.1951219512195122,0.34146341463414637,0.0,0.0,0.0
2008,Mohammad Asif,3.0,6.0,2.0,8,0.0,3.0,306.0,198.0,8.0,227.0,1.5,50.0,0.0,0.5,33.0,9.272727272727273,0.04040404040404041
2008,Mohammad Hafeez,64.0,84.0,8.0,8,9.0,46.0,71.0,63.0,2.0,127.0,8.0,76.19047619047619,0.10714285714285714,0.5476190476190477,10.5,6.761904761904762,0.031746031746031744
2008,NK Patel,103.0,83.0,3.0,4,14.0,29.0,0.0,0.0,0.0,121.0,34.333333333333336,124.09638554216868,0.1686746987951807,0.3493975903614458,0.0,0.0,0.0
2008,P Amarnath,0.0,0.0,0.0,6,0.0,0.0,241.0,132.0,7.0,199.0,0.0,0.0,0.0,0.0,22.0,10.954545454545455,0.05303030303030303
2008,P Kumar,112.0,100.0,9.0,13,16.0,48.0,375.0,274.0,11.0,419.0,12.444444444444445,112.0,0.16,0.48,45.666666666666664,8.211678832116789,0.040145985401459854
2008,PA Patel,302.0,315.0,11.0,13,45.0,143.0,0.0,0.0,0.0,355.0,27.454545454545453,95.87301587301587,0.14285714285714285,0.45396825396825397,0.0,0.0,0.0
2008,PJ Sangwan,2.0,5.0,2.0,7,0.0,3.0,220.0,153.0,5.0,147.0,1.0,40.0,0.0,0.6,25.5,8.627450980392156,0.032679738562091505
2008,PM Sarvesh Kumar,1.0,2.0,0.0,2,0.0,1.0,42.0,31.0,1.0,34.0,1.0,50.0,0.0,0.5,5.166666666666667,8.129032258064516,0.03225806451612903
2008,PP Chawla,90.0,61.0,4.0,15,13.0,23.0,396.0,284.0,17.0,572.0,22.5,147.54098360655738,0.21311475409836064,0.3770491803278688,47.333333333333336,8.366197183098592,0.05985915492957746
2008,PP Ojha,2.0,4.0,1.0,12,0.0,1.0,299.0,236.0,11.0,321.0,2.0,50.0,0.0,0.25,39.333333333333336,7.601694915254237,0.046610169491525424
2008,PR Shah,34.0,38.0,4.0,4,4.0,13.0,0.0,0.0,0.0,38.0,8.5,89.47368421052632,0.10526315789473684,0.34210526315789475,0.0,0.0,0.0
2008,Pankaj Singh,5.0,8.0,0.0,5,0.0,4.0,129.0,76.0,0.0,25.0,5.0,62.5,0.0,0.5,12.666666666666666,10.18421052631579,0.0
2008,R Bhatia,34.0,28.0,2.0,9,4.0,8.0,184.0,131.0,6.0,216.0,17.0,121.42857142857143,0.14285714285714285,0.2857142857142857,21.833333333333332,8.427480916030534,0.04580152671755725
2008,R Dravid,371.0,299.0,14.0,14,46.0,100.0,0.0,0.0,0.0,421.0,26.5,124.08026755852843,0.15384615384615385,0.33444816053511706,0.0,0.0,0.0
2008,R Vinay Kumar,25.0,28.0,3.0,8,3.0,9.0,183.0,139.0,5.0,173.0,8.333333333333334,89.28571428571429,0.10714285714285714,0.32142857142857145,23.166666666666668,7.899280575539568,0.03597122302158273
2008,RA Jadeja,135.0,108.0,7.0,10,17.0,34.0,21.0,12.0,0.0,164.0,19.285714285714285,125.0,0.1574074074074074,0.3148148148148148,2.0,10.5,0.0
2008,RG Sharma,404.0,276.0,11.0,12,57.0,90.0,26.0,25.0,1.0,490.0,36.72727272727273,146.3768115942029,0.20652173913043478,0.32608695652173914,4.166666666666667,6.239999999999999,0.04
2008,RP Singh,27.0,25.0,5.0,14,3.0,7.0,459.0,323.0,15.0,441.0,5.4,108.0,0.12,0.28,53.833333333333336,8.526315789473683,0.04643962848297214
2008,RR Powar,28.0,21.0,0.0,5,5.0,9.0,93.0,77.0,3.0,128.0,28.0,133.33333333333334,0.23809523809523808,0.42857142857142855,12.833333333333334,7.246753246753246,0.03896103896103896
2008,RR Raje,8.0,9.0,0.0,6,1.0,4.0,142.0,101.0,5.0,158.0,8.0,88.88888888888889,0.1111111111111111,0.4444444444444444,16.833333333333332,8.435643564356436,0.04950495049504951
2008,RR Sarwan,73.0,78.0,3.0,4,7.0,30.0,0.0,0.0,0.0,84.0,24.333333333333332,93.58974358974359,0.08974358974358974,0.38461538461538464,0.0,0.0,0.0
2008,RT Ponting,39.0,53.0,3.0,4,3.0,24.0,0.0,0.0,0.0,46.0,13.0,73.58490566037736,0.05660377358490566,0.4528301886792453,0.0,0.0,0.0
2008,RV Uthappa,320.0,291.0,12.0,14,43.0,110.0,0.0,0.0,0.0,379.0,26.666666666666668,109.96563573883161,0.14776632302405499,0.37800687285223367,0.0,0.0,0.0
2008,S Anirudha,1.0,8.0,1.0,1,0.0,5.0,0.0,0.0,0.0,1.0,1.0,12.5,0.0,0.625,0.0,0.0,0.0
2008,S Badrinath,192.0,138.0,6.0,11,29.0,49.0,0.0,0.0,0.0,241.0,32.0,139.1304347826087,0.21014492753623187,0.35507246376811596,0.0,0.0,0.0
2008,S Chanderpaul,25.0,33.0,3.0,3,4.0,18.0,0.0,0.0,0.0,29.0,8.333333333333334,75.75757575757575,0.12121212121212122,0.5454545454545454,0.0,0.0,0.0
2008,S Dhawan,340.0,308.0,10.0,14,43.0,114.0,0.0,0.0,0.0,399.0,34.0,110.3896103896104,0.1396103896103896,0.37012987012987014,0.0,0.0,0.0
2008,S Sohal,4.0,8.0,2.0,2,0.0,5.0,0.0,0.0,0.0,4.0,2.0,50.0,0.0,0.625,0.0,0.0,0.0
2008,S Sreesanth,0.0,3.0,1.0,15,0.0,2.0,451.0,332.0,19.0,531.0,0.0,0.0,0.0,0.6666666666666666,55.333333333333336,8.150602409638553,0.0572289156626506
2008,S Vidyut,145.0,115.0,8.0,8,24.0,48.0,22.0,13.0,1.0,194.0,18.125,126.08695652173913,0.20869565217391303,0.41739130434782606,2.1666666666666665,10.153846153846155,0.07692307692307693
2008,SA Asnodkar,311.0,241.0,9.0,9,49.0,81.0,0.0,0.0,0.0,364.0,34.55555555555556,129.04564315352698,0.2033195020746888,0.3360995850622407,0.0,0.0,0.0
2008,SB Bangar,47.0,49.0,5.0,9,4.0,20.0,221.0,151.0,4.0,167.0,9.4,95.91836734693878,0.08163265306122448,0.40816326530612246,25.166666666666668,8.781456953642383,0.026490066225165563
2008,SB Joshi,6.0,16.0,2.0,4,0.0,8.0,82.0,55.0,1.0,39.0,3.0,37.5,0.0,0.5,9.166666666666666,8.945454545454545,0.01818181818181818
2008,SB Styris,112.0,124.0,6.0,8,11.0,47.0,201.0,166.0,3.0,206.0,18.666666666666668,90.3225806451613,0.08870967741935484,0.3790322580645161,27.666666666666668,7.265060240963855,0.018072289156626505
2008,SC Ganguly,349.0,324.0,14.0,13,48.0,142.0,131.0,120.0,6.0,551.0,24.928571428571427,107.71604938271605,0.14814814814814814,0.4382716049382716,20.0,6.55,0.05
2008,SD Chitnis,18.0,10.0,2.0,3,2.0,1.0,62.0,38.0,2.0,74.0,9.0,180.0,0.2,0.1,6.333333333333333,9.789473684210527,0.05263157894736842
2008,SE Marsh,616.0,452.0,10.0,11,85.0,151.0,0.0,0.0,0.0,705.0,61.6,136.28318584070797,0.18805309734513273,0.334070796460177,0.0,0.0,0.0
2008,SK Raina,421.0,304.0,9.0,14,53.0,84.0,30.0,19.0,1.0,519.0,46.77777777777778,138.48684210526315,0.17434210526315788,0.27631578947368424,3.1666666666666665,9.473684210526317,0.05263157894736842
2008,SK Trivedi,5.0,12.0,1.0,15,0.0,7.0,407.0,298.0,13.0,386.0,5.0,41.666666666666664,0.0,0.5833333333333334,49.666666666666664,8.194630872483222,0.0436241610738255
2008,SK Warne,70.0,60.0,7.0,15,9.0,22.0,409.0,318.0,19.0,586.0,10.0,116.66666666666667,0.15,0.36666666666666664,53.0,7.716981132075472,0.059748427672955975
2008,SM Katich,96.0,72.0,1.0,2,13.0,22.0,0.0,0.0,0.0,113.0,96.0,133.33333333333334,0.18055555555555555,0.3055555555555556,0.0,0.0,0.0
2008,SM Pollock,147.0,116.0,8.0,13,20.0,40.0,306.0,278.0,11.0,462.0,18.375,126.72413793103448,0.1724137931034483,0.3448275862068966,46.333333333333336,6.60431654676259,0.039568345323741004
2008,SP Fleming,196.0,171.0,9.0,10,30.0,74.0,0.0,0.0,0.0,230.0,21.77777777777778,114.61988304093568,0.17543859649122806,0.4327485380116959,0.0,0.0,0.0
2008,SP Goswami,82.0,86.0,3.0,3,10.0,41.0,0.0,0.0,0.0,92.0,27.333333333333332,95.34883720930233,0.11627906976744186,0.47674418604651164,0.0,0.0,0.0
2008,SR Tendulkar,188.0,189.0,6.0,7,28.0,79.0,0.0,0.0,0.0,220.0,31.333333333333332,99.47089947089947,0.14814814814814814,0.41798941798941797,0.0,0.0,0.0
2008,SR Watson,472.0,322.0,10.0,15,66.0,95.0,394.0,341.0,17.0,987.0,47.2,146.583850931677,0.20496894409937888,0.2950310559006211,56.833333333333336,6.932551319648094,0.04985337243401759
2008,SS Tiwary,26.0,20.0,2.0,2,4.0,8.0,0.0,0.0,0.0,30.0,13.0,130.0,0.2,0.4,0.0,0.0,0.0
2008,ST Jayasuriya,514.0,333.0,13.0,14,88.0,127.0,163.0,126.0,4.0,710.0,39.53846153846154,154.35435435435434,0.26426426426426425,0.3813813813813814,21.0,7.761904761904762,0.031746031746031744
2008,Salman Butt,193.0,172.0,7.0,7,32.0,70.0,0.0,0.0,0.0,225.0,27.571428571428573,112.20930232558139,0.18604651162790697,0.4069767441860465,0.0,0.0,0.0
2008,Shahid Afridi,81.0,46.0,8.0,10,13.0,19.0,237.0,185.0,9.0,327.0,10.125,176.08695652173913,0.2826086956521739,0.41304347826086957,30.833333333333332,7.686486486486487,0.04864864864864865
2008,Shoaib Akhtar,2.0,8.0,1.0,3,0.0,5.0,54.0,46.0,5.0,135.0,2.0,25.0,0.0,0.625,7.666666666666667,7.0434782608695645,0.10869565217391304
2008,Shoaib Malik,52.0,49.0,4.0,6,5.0,13.0,87.0,58.0,2.0,115.0,13.0,106.12244897959184,0.10204081632653061,0.2653061224489796,9.666666666666666,9.0,0.034482758620689655
2008,Sohail Tanvir,36.0,31.0,3.0,11,4.0,9.0,274.0,263.0,22.0,622.0,12.0,116.12903225806451,0.12903225806451613,0.2903225806451613,43.833333333333336,6.250950570342205,0.08365019011406843
2008,T Kohli,10.0,16.0,2.0,2,1.0,10.0,0.0,0.0,0.0,11.0,5.0,62.5,0.0625,0.625,0.0,0.0,0.0
2008,T Taibu,31.0,26.0,3.0,3,3.0,9.0,0.0,0.0,0.0,34.0,10.333333333333334,119.23076923076923,0.11538461538461539,0.34615384615384615,0.0,0.0,0.0
2008,TM Dilshan,104.0,79.0,4.0,7,17.0,33.0,3.0,6.0,1.0,158.0,26.0,131.64556962025316,0.21518987341772153,0.4177215189873418,1.0,3.0,0.16666666666666666
2008,TM Srivastava,8.0,10.0,1.0,2,0.0,4.0,0.0,0.0,0.0,12.0,8.0,80.0,0.0,0.4,0.0,0.0,0.0
2008,U Kaul,0.0,1.0,0.0,1,0.0,1.0,0.0,0.0,0.0,4.0,0.0,0.0,0.0,1.0,0.0,0.0,0.0
2008,Umar Gul,39.0,19.0,3.0,6,6.0,6.0,197.0,151.0,12.0,357.0,13.0,205.26315789473685,0.3157894736842105,0.3157894736842105,25.166666666666668,7.827814569536423,0.07947019867549669
2008,V Kohli,165.0,168.0,12.0,12,22.0,67.0,62.0,49.0,2.0,241.0,13.75,98.21428571428571,0.13095238095238096,0.39880952380952384,8.166666666666666,7.591836734693878,0.04081632653061224
2008,V Sehwag,406.0,229.0,12.0,14,67.0,58.0,134.0,67.0,3.0,560.0,33.833333333333336,177.292576419214,0.2925764192139738,0.25327510917030566,11.166666666666666,12.0,0.04477611940298507
2008,VRV Singh,4.0,3.0,1.0,13,1.0,1.0,422.0,292.0,11.0,328.0,4.0,133.33333333333334,0.3333333333333333,0.3333333333333333,48.666666666666664,8.67123287671233,0.03767123287671233
2008,VS Yeligati,2.0,2.0,1.0,2,0.0,1.0,61.0,32.0,0.0,6.0,2.0,100.0,0.0,0.5,5.333333333333333,11.4375,0.0
2008,VVS Laxman,155.0,134.0,5.0,6,23.0,49.0,0.0,0.0,0.0,182.0,31.0,115.67164179104478,0.17164179104477612,0.3656716417910448,0.0,0.0,0.0
2008,VY Mahesh,15.0,28.0,2.0,11,0.0,13.0,379.0,265.0,16.0,451.0,7.5,53.57142857142857,0.0,0.4642857142857143,44.166666666666664,8.581132075471698,0.06037735849056604
2008,W Jaffer,115.0,110.0,5.0,6,15.0,45.0,0.0,0.0,0.0,134.0,23.0,104.54545454545455,0.13636363636363635,0.4090909090909091,0.0,0.0,0.0
2008,WA Mota,26.0,28.0,1.0,3,2.0,9.0,36.0,20.0,1.0,61.0,26.0,92.85714285714286,0.07142857142857142,0.32142857142857145,3.3333333333333335,10.799999999999999,0.05
2008,WP Saha,159.0,119.0,6.0,10,19.0,44.0,0.0,0.0,0.0,194.0,26.5,133.61344537815125,0.15966386554621848,0.3697478991596639,0.0,0.0,0.0
2008,WPUJC Vaas,21.0,18.0,2.0,5,1.0,6.0,146.0,102.0,5.0,159.0,10.5,116.66666666666667,0.05555555555555555,0.3333333333333333,17.0,8.588235294117647,0.049019607843137254
2008,Y Venugopal Rao,288.0,217.0,8.0,10,37.0,73.0,137.0,87.0,2.0,383.0,36.0,132.7188940092166,0.17050691244239632,0.33640552995391704,14.5,9.448275862068966,0.022988505747126436
2008,YK Pathan,435.0,253.0,12.0,16,68.0,75.0,231.0,168.0,8.0,719.0,36.25,171.93675889328063,0.26877470355731226,0.2964426877470356,28.0,8.25,0.047619047619047616
2008,YV Takawale,70.0,69.0,2.0,4,9.0,32.0,0.0,0.0,0.0,87.0,35.0,101.44927536231884,0.13043478260869565,0.463768115942029,0.0,0.0,0.0
2008,Younis Khan,3.0,7.0,1.0,1,0.0,4.0,0.0,0.0,0.0,3.0,3.0,42.857142857142854,0.0,0.5714285714285714,0.0,0.0,0.0
2008,Yuvraj Singh,299.0,191.0,12.0,15,43.0,60.0,85.0,56.0,3.0,429.0,24.916666666666668,156.54450261780104,0.225130890052356,0.31413612565445026,9.333333333333334,9.107142857142856,0.05357142857142857
2008,Z Khan,34.0,43.0,4.0,11,4.0,21.0,369.0,257.0,14.0,416.0,8.5,79.06976744186046,0.09302325581395349,0.4883720930232558,42.833333333333336,8.614785992217898,0.054474708171206226
2009,A Chopra,11.0,20.0,1.0,1,2.0,13.0,0.0,0.0,0.0,13.0,11.0,55.0,0.1,0.65,0.0,0.0,0.0
2009,A Flintoff,62.0,57.0,2.0,3,7.0,17.0,106.0,66.0,2.0,123.0,31.0,108.7719298245614,0.12280701754385964,0.2982456140350877,11.0,9.636363636363637,0.030303030303030304
2009,A Kumble,16.0,20.0,1.0,16,2.0,9.0,353.0,357.0,21.0,603.0,16.0,80.0,0.1,0.45,59.5,5.932773109243698,0.058823529411764705
2009,A Mishra,26.0,20.0,2.0,11,4.0,10.0,300.0,262.0,14.0,416.0,13.0,130.0,0.2,0.5,43.666666666666664,6.870229007633588,0.05343511450381679
2009,A Mithun,0.0,0.0,0.0,1,0.0,0.0,42.0,27.0,0.0,4.0,0.0,0.0,0.0,0.0,4.5,9.333333333333334,0.0
2009,A Nehra,1.0,1.0,0.0,13,0.0,0.0,353.0,323.0,19.0,528.0,1.0,100.0,0.0,0.0,53.833333333333336,6.557275541795665,0.058823529411764705
2009,A Singh,1.0,3.0,1.0,5,0.0,2.0,100.0,107.0,9.0,242.0,1.0,33.333333333333336,0.0,0.6666666666666666,17.833333333333332,5.607476635514019,0.08411214953271028
2009,A Symonds,249.0,171.0,8.0,8,26.0,46.0,162.0,145.0,7.0,454.0,31.125,145.6140350877193,0.15204678362573099,0.26900584795321636,24.166666666666668,6.703448275862069,0.04827586206896552
2009,AA Bilakhia,67.0,84.0,4.0,6,5.0,34.0,0.0,0.0,0.0,80.0,16.75,79.76190476190476,0.05952380952380952,0.40476190476190477,0.0,0.0,0.0
2009,AB Agarkar,66.0,58.0,2.0,11,6.0,18.0,292.0,197.0,6.0,258.0,33.0,113.79310344827586,0.10344827586206896,0.3103448275862069,32.833333333333336,8.893401015228426,0.030456852791878174
2009,AB Dinda,2.0,3.0,2.0,8,0.0,2.0,195.0,148.0,4.0,126.0,1.0,66.66666666666667,0.0,0.6666666666666666,24.666666666666668,7.905405405405405,0.02702702702702703
2009,AB McDonald,3.0,4.0,1.0,1,0.0,1.0,22.0,18.0,0.0,3.0,3.0,75.0,0.0,0.25,3.0,7.333333333333333,0.0
2009,AB de Villiers,465.0,359.0,9.0,13,51.0,107.0,0.0,0.0,0.0,532.0,51.666666666666664,129.52646239554318,0.14206128133704735,0.298050139275766,0.0,0.0,0.0
2009,AC Gilchrist,495.0,337.0,16.0,16,83.0,143.0,0.0,0.0,0.0,578.0,30.9375,146.88427299703264,0.24629080118694363,0.42433234421364985,0.0,0.0,0.0
2009,AD Mascarenhas,39.0,39.0,4.0,5,4.0,14.0,133.0,116.0,6.0,197.0,9.75,100.0,0.10256410256410256,0.358974358974359,19.333333333333332,6.879310344827586,0.05172413793103448
2009,AD Mathews,16.0,14.0,1.0,1,2.0,3.0,32.0,15.0,0.0,18.0,16.0,114.28571428571429,0.14285714285714285,0.21428571428571427,2.5,12.8,0.0
2009,AM Nayar,193.0,155.0,10.0,11,21.0,49.0,84.0,77.0,4.0,318.0,19.3,124.51612903225806,0.13548387096774195,0.3161290322580645,12.833333333333334,6.545454545454545,0.05194805194805195
2009,AM Rahane,144.0,128.0,6.0,7,15.0,36.0,5.0,6.0,1.0,188.0,24.0,112.5,0.1171875,0.28125,1.0,5.0,0.16666666666666666
2009,AM Salvi,0.0,0.0,0.0,5,0.0,0.0,138.0,106.0,4.0,120.0,0.0,0.0,0.0,0.0,17.666666666666668,7.811320754716981,0.03773584905660377
2009,AN Ghosh,7.0,8.0,2.0,2,1.0,5.0,0.0,0.0,0.0,8.0,3.5,87.5,0.125,0.625,0.0,0.0,0.0
2009,AS Raut,78.0,65.0,5.0,8,8.0,21.0,37.0,24.0,0.0,102.0,15.6,120.0,0.12307692307692308,0.3230769230769231,4.0,9.25,0.0
2009,Anureet Singh,0.0,0.0,0.0,2,0.0,0.0,47.0,34.0,2.0,58.0,0.0,0.0,0.0,0.0,5.666666666666667,8.294117647058822,0.058823529411764705
2009,B Akhil,17.0,16.0,3.0,6,2.0,8.0,80.0,69.0,4.0,131.0,5.666666666666667,106.25,0.125,0.5,11.5,6.956521739130435,0.057971014492753624
2009,B Lee,28.0,35.0,2.0,5,3.0,16.0,113.0,132.0,5.0,168.0,14.0,80.0,0.08571428571428572,0.45714285714285713,22.0,5.136363636363637,0.03787878787878788
2009,BAW Mendis,0.0,1.0,1.0,4,0.0,1.0,136.0,101.0,3.0,87.0,0.0,0.0,0.0,1.0,16.833333333333332,8.07920792079208,0.0297029702970297
2009,BB McCullum,286.0,248.0,12.0,13,39.0,105.0,0.0,0.0,0.0,329.0,23.833333333333332,115.3225806451613,0.15725806451612903,0.42338709677419356,0.0,0.0,0.0
2009,BJ Hodge,365.0,317.0,10.0,12,43.0,115.0,167.0,123.0,7.0,591.0,36.5,115.14195583596215,0.13564668769716087,0.3627760252365931,20.5,8.146341463414634,0.056910569105691054
2009,C Nanda,0.0,1.0,1.0,3,0.0,1.0,58.0,50.0,2.0,58.0,0.0,0.0,0.0,1.0,8.333333333333334,6.959999999999999,0.04
2009,CH Gayle,184.0,159.0,7.0,7,28.0,73.0,146.0,119.0,1.0,241.0,26.285714285714285,115.72327044025157,0.1761006289308176,0.4591194968553459,19.833333333333332,7.3613445378151265,0.008403361344537815
2009,CK Langeveldt,0.0,0.0,0.0,1,0.0,0.0,15.0,25.0,3.0,79.0,0.0,0.0,0.0,0.0,4.166666666666667,3.5999999999999996,0.12
2009,D du Preez,10.0,13.0,1.0,2,0.0,5.0,56.0,43.0,4.0,114.0,10.0,76.92307692307692,0.0,0.38461538461538464,7.166666666666667,7.813953488372093,0.09302325581395349
2009,DA Warner,163.0,137.0,7.0,7,21.0,53.0,0.0,0.0,0.0,184.0,23.285714285714285,118.97810218978103,0.15328467153284672,0.38686131386861317,0.0,0.0,0.0
2009,DB Ravi Teja,65.0,71.0,4.0,6,7.0,27.0,0.0,0.0,0.0,80.0,16.25,91.54929577464789,0.09859154929577464,0.38028169014084506,0.0,0.0,0.0
2009,DJ Bravo,218.0,211.0,8.0,11,23.0,87.0,265.0,208.0,11.0,528.0,27.25,103.3175355450237,0.10900473933649289,0.41232227488151657,34.666666666666664,7.64423076923077,0.052884615384615384
2009,DJ Hussey,98.0,61.0,3.0,4,13.0,19.0,34.0,24.0,0.0,115.0,32.666666666666664,160.65573770491804,0.21311475409836064,0.3114754098360656,4.0,8.5,0.0
2009,DL Vettori,34.0,32.0,2.0,7,3.0,8.0,186.0,138.0,7.0,232.0,17.0,106.25,0.09375,0.25,23.0,8.08695652173913,0.050724637681159424
2009,DP Nannes,0.0,0.0,0.0,13,0.0,0.0,383.0,315.0,15.0,427.0,0.0,0.0,0.0,0.0,52.5,7.295238095238095,0.047619047619047616
2009,DPMD Jayawardene,219.0,172.0,7.0,10,24.0,44.0,0.0,0.0,0.0,259.0,31.285714285714285,127.32558139534883,0.13953488372093023,0.2558139534883721,0.0,0.0,0.0
2009,DR Smith,215.0,134.0,8.0,8,27.0,36.0,128.0,85.0,1.0,267.0,26.875,160.44776119402985,0.20149253731343283,0.26865671641791045,14.166666666666666,9.035294117647059,0.011764705882352941
2009,DS Kulkarni,9.0,18.0,2.0,8,0.0,7.0,209.0,160.0,5.0,158.0,4.5,50.0,0.0,0.3888888888888889,26.666666666666668,7.8374999999999995,0.03125
2009,DW Steyn,0.0,3.0,1.0,3,0.0,3.0,61.0,58.0,2.0,58.0,0.0,0.0,0.0,1.0,9.666666666666666,6.310344827586207,0.034482758620689655
2009,FH Edwards,4.0,5.0,1.0,6,0.0,3.0,160.0,149.0,5.0,149.0,4.0,80.0,0.0,0.6,24.833333333333332,6.442953020134229,0.03355704697986577
2009,G Gambhir,286.0,283.0,13.0,15,34.0,120.0,0.0,0.0,0.0,328.0,22.0,101.06007067137809,0.12014134275618374,0.42402826855123676,0.0,0.0,0.0
2009,GC Smith,212.0,222.0,11.0,12,28.0,96.0,0.0,0.0,0.0,244.0,19.272727272727273,95.49549549549549,0.12612612612612611,0.43243243243243246,0.0,0.0,0.0
2009,GJ Bailey,45.0,40.0,3.0,2,7.0,16.0,0.0,0.0,0.0,52.0,15.0,112.5,0.175,0.4,0.0,0.0,0.0
2009,GR Napier,15.0,16.0,1.0,1,1.0,7.0,28.0,24.0,1.0,41.0,15.0,93.75,0.0625,0.4375,4.0,7.0,0.041666666666666664
2009,HH Gibbs,371.0,344.0,11.0,14,44.0,131.0,0.0,0.0,0.0,427.0,33.72727272727273,107.84883720930233,0.12790697674418605,0.3808139534883721,0.0,0.0,0.0
2009,Harbhajan Singh,84.0,57.0,9.0,13,11.0,15.0,271.0,267.0,12.0,411.0,9.333333333333334,147.3684210526316,0.19298245614035087,0.2631578947368421,44.5,6.089887640449438,0.0449438202247191
2009,Harmeet Singh,0.0,0.0,0.0,7,0.0,0.0,198.0,141.0,3.0,103.0,0.0,0.0,0.0,0.0,23.5,8.425531914893616,0.02127659574468085
2009,I Sharma,16.0,13.0,2.0,11,2.0,5.0,303.0,270.0,11.0,329.0,8.0,123.07692307692308,0.15384615384615385,0.38461538461538464,45.0,6.733333333333333,0.040740740740740744
2009,IK Pathan,196.0,164.0,11.0,14,23.0,55.0,395.0,311.0,17.0,660.0,17.818181818181817,119.51219512195122,0.1402439024390244,0.3353658536585366,51.833333333333336,7.620578778135048,0.05466237942122187
2009,J Botha,47.0,42.0,3.0,3,5.0,11.0,76.0,73.0,3.0,127.0,15.666666666666666,111.9047619047619,0.11904761904761904,0.2619047619047619,12.166666666666666,6.2465753424657535,0.0410958904109589
2009,JA Morkel,97.0,73.0,5.0,12,12.0,17.0,329.0,247.0,13.0,462.0,19.4,132.87671232876713,0.1643835616438356,0.2328767123287671,41.166666666666664,7.991902834008098,0.05263157894736842
2009,JD Ryder,56.0,49.0,5.0,5,9.0,25.0,121.0,102.0,3.0,140.0,11.2,114.28571428571429,0.1836734693877551,0.5102040816326531,17.0,7.117647058823529,0.029411764705882353
2009,JDP Oram,88.0,94.0,6.0,8,9.0,40.0,139.0,93.0,5.0,230.0,14.666666666666666,93.61702127659575,0.09574468085106383,0.425531914893617,15.5,8.96774193548387,0.053763440860215055
2009,JH Kallis,361.0,349.0,13.0,15,45.0,145.0,361.0,288.0,6.0,564.0,27.76923076923077,103.43839541547278,0.12893982808022922,0.4154727793696275,48.0,7.520833333333333,0.020833333333333332
2009,JP Duminy,372.0,334.0,8.0,13,37.0,105.0,96.0,107.0,4.0,529.0,46.5,111.37724550898204,0.11077844311377245,0.3143712574850299,17.833333333333332,5.3831775700934585,0.037383177570093455
2009,Jaskaran Singh,0.0,0.0,0.0,1,0.0,0.0,32.0,19.0,0.0,4.0,0.0,0.0,0.0,0.0,3.1666666666666665,10.105263157894738,0.0
2009,Joginder Sharma,20.0,18.0,1.0,4,1.0,6.0,57.0,43.0,2.0,83.0,20.0,111.11111111111111,0.05555555555555555,0.3333333333333333,7.166666666666667,7.953488372093023,0.046511627906976744
2009,K Goel,124.0,140.0,8.0,8,13.0,61.0,62.0,49.0,0.0,137.0,15.5,88.57142857142857,0.09285714285714286,0.4357142857142857,8.166666666666666,7.591836734693878,0.0
2009,KC Sangakkara,332.0,332.0,14.0,13,34.0,120.0,0.0,0.0,0.0,370.0,23.714285714285715,100.0,0.10240963855421686,0.3614457831325301,0.0,0.0,0.0
2009,KD Karthik,288.0,224.0,8.0,13,29.0,57.0,0.0,0.0,0.0,337.0,36.0,128.57142857142858,0.12946428571428573,0.2544642857142857,0.0,0.0,0.0
2009,KP Appanna,0.0,1.0,0.0,5,0.0,0.0,91.0,72.0,2.0,70.0,0.0,0.0,0.0,0.0,12.0,7.583333333333333,0.027777777777777776
2009,KP Pietersen,93.0,89.0,6.0,6,10.0,36.0,88.0,79.0,4.0,203.0,15.5,104.49438202247191,0.11235955056179775,0.4044943820224719,13.166666666666666,6.6835443037974684,0.05063291139240506
2009,KV Sharma,1.0,3.0,1.0,1,0.0,2.0,0.0,0.0,0.0,1.0,1.0,33.333333333333336,0.0,0.6666666666666666,0.0,0.0,0.0
2009,Kamran Khan,3.0,5.0,1.0,5,0.0,3.0,147.0,118.0,7.0,194.0,3.0,60.0,0.0,0.6,19.666666666666668,7.47457627118644,0.059322033898305086
2009,L Balaji,4.0,10.0,2.0,13,0.0,5.0,319.0,228.0,13.0,373.0,2.0,40.0,0.0,0.5,38.0,8.394736842105264,0.05701754385964912
2009,L Ronchi,0.0,3.0,1.0,1,0.0,2.0,0.0,0.0,0.0,0.0,0.0,0.0,0.0,0.6666666666666666,0.0,0.0,0.0
2009,LA Carseldine,81.0,71.0,3.0,5,11.0,26.0,6.0,7.0,1.0,125.0,27.0,114.08450704225352,0.15492957746478872,0.36619718309859156,1.1666666666666667,5.142857142857142,0.14285714285714285
2009,LA Pomersbach,41.0,49.0,3.0,4,4.0,22.0,0.0,0.0,0.0,49.0,13.666666666666666,83.6734693877551,0.08163265306122448,0.4489795918367347,0.0,0.0,0.0
2009,LR Shukla,83.0,86.0,6.0,8,8.0,39.0,102.0,86.0,3.0,174.0,13.833333333333334,96.51162790697674,0.09302325581395349,0.45348837209302323,14.333333333333334,7.116279069767441,0.03488372093023256
2009,LRPL Taylor,280.0,211.0,10.0,11,35.0,75.0,13.0,7.0,0.0,323.0,28.0,132.70142180094786,0.16587677725118483,0.35545023696682465,1.1666666666666667,11.142857142857142,0.0
2009,M Kartik,21.0,20.0,0.0,10,0.0,2.0,207.0,209.0,4.0,161.0,21.0,105.0,0.0,0.1,34.833333333333336,5.9425837320574155,0.019138755980861243
2009,M Manhas,75.0,65.0,3.0,6,8.0,22.0,0.0,0.0,0.0,95.0,25.0,115.38461538461539,0.12307692307692308,0.3384615384615385,0.0,0.0,0.0
2009,M Morkel,8.0,9.0,1.0,2,1.0,4.0,40.0,43.0,0.0,13.0,8.0,88.88888888888889,0.1111111111111111,0.4444444444444444,7.166666666666667,5.5813953488372094,0.0
2009,M Muralitharan,8.0,8.0,2.0,13,1.0,3.0,267.0,302.0,14.0,403.0,4.0,100.0,0.125,0.375,50.333333333333336,5.304635761589403,0.046357615894039736
2009,M Rawat,16.0,20.0,0.0,3,1.0,5.0,0.0,0.0,0.0,29.0,16.0,80.0,0.05,0.25,0.0,0.0,0.0
2009,M Vijay,60.0,69.0,4.0,4,6.0,31.0,0.0,0.0,0.0,66.0,15.0,86.95652173913044,0.08695652173913043,0.4492753623188406,0.0,0.0,0.0
2009,MC Henriques,38.0,40.0,2.0,4,3.0,19.0,107.0,76.0,2.0,99.0,19.0,95.0,0.075,0.475,12.666666666666666,8.447368421052632,0.02631578947368421
2009,MF Maharoof,21.0,21.0,1.0,3,0.0,7.0,67.0,66.0,4.0,129.0,21.0,100.0,0.0,0.3333333333333333,11.0,6.090909090909091,0.06060606060606061
2009,MK Pandey,168.0,120.0,2.0,4,21.0,38.0,0.0,0.0,0.0,197.0,84.0,140.0,0.175,0.31666666666666665,0.0,0.0,0.0
2009,MK Tiwary,9.0,13.0,1.0,1,1.0,7.0,11.0,6.0,0.0,10.0,9.0,69.23076923076923,0.07692307692307693,0.5384615384615384,1.0,11.0,0.0
2009,ML Hayden,572.0,409.0,10.0,12,82.0,135.0,0.0,0.0,0.0,662.0,57.2,139.85330073349633,0.20048899755501223,0.33007334963325186,0.0,0.0,0.0
2009,MM Patel,33.0,26.0,3.0,11,5.0,8.0,245.0,216.0,16.0,470.0,11.0,126.92307692307692,0.19230769230769232,0.3076923076923077,36.0,6.805555555555555,0.07407407407407407
2009,MN van Wyk,167.0,135.0,3.0,5,20.0,37.0,0.0,0.0,0.0,195.0,55.666666666666664,123.70370370370371,0.14814814814814814,0.2740740740740741,0.0,0.0,0.0
2009,MS Dhoni,332.0,270.0,8.0,13,31.0,64.0,0.0,0.0,0.0,383.0,41.5,122.96296296296296,0.11481481481481481,0.23703703703703705,0.0,0.0,0.0
2009,MS Gony,13.0,7.0,2.0,7,2.0,4.0,173.0,107.0,5.0,160.0,6.5,185.71428571428572,0.2857142857142857,0.5714285714285714,17.833333333333332,9.700934579439252,0.04672897196261682
2009,MV Boucher,150.0,121.0,5.0,9,14.0,37.0,0.0,0.0,0.0,180.0,30.0,123.96694214876032,0.11570247933884298,0.30578512396694213,0.0,0.0,0.0
2009,Mashrafe Mortaza,2.0,2.0,0.0,1,0.0,1.0,58.0,27.0,0.0,6.0,2.0,100.0,0.0,0.5,4.5,12.88888888888889,0.0
2009,Mohammad Ashraful,2.0,12.0,1.0,1,0.0,7.0,0.0,0.0,0.0,2.0,2.0,16.666666666666668,0.0,0.5833333333333334,0.0,0.0,0.0
2009,NK Patel,18.0,41.0,2.0,2,1.0,25.0,0.0,0.0,0.0,19.0,9.0,43.90243902439025,0.024390243902439025,0.6097560975609756,0.0,0.0,0.0
2009,NV Ojha,168.0,145.0,7.0,8,22.0,72.0,0.0,0.0,0.0,194.0,24.0,115.86206896551724,0.15172413793103448,0.496551724137931,0.0,0.0,0.0
2009,P Kumar,65.0,46.0,5.0,13,7.0,19.0,400.0,309.0,13.0,429.0,13.0,141.30434782608697,0.15217391304347827,0.41304347826086957,51.5,7.766990291262136,0.042071197411003236
2009,PA Patel,142.0,131.0,8.0,9,21.0,53.0,0.0,0.0,0.0,167.0,17.75,108.3969465648855,0.16030534351145037,0.40458015267175573,0.0,0.0,0.0
2009,PC Valthaty,6.0,12.0,2.0,2,1.0,9.0,0.0,0.0,0.0,7.0,3.0,50.0,0.08333333333333333,0.75,0.0,0.0,0.0
2009,PJ Sangwan,6.0,10.0,2.0,13,0.0,5.0,373.0,294.0,15.0,425.0,3.0,60.0,0.0,0.5,49.0,7.612244897959184,0.05102040816326531
2009,PP Chawla,31.0,39.0,3.0,14,3.0,14.0,319.0,273.0,12.0,378.0,10.333333333333334,79.48717948717949,0.07692307692307693,0.358974358974359,45.5,7.010989010989011,0.04395604395604396
2009,PP Ojha,1.0,7.0,3.0,15,0.0,5.0,358.0,324.0,18.0,499.0,0.3333333333333333,14.285714285714286,0.0,0.7142857142857143,54.0,6.62962962962963,0.05555555555555555
2009,PR Shah,53.0,54.0,3.0,4,6.0,23.0,0.0,0.0,0.0,63.0,17.666666666666668,98.14814814814815,0.1111111111111111,0.42592592592592593,0.0,0.0,0.0
2009,Pankaj Singh,1.0,2.0,1.0,3,0.0,1.0,65.0,45.0,2.0,59.0,1.0,50.0,0.0,0.5,7.5,8.666666666666666,0.044444444444444446
2009,R Ashwin,8.0,15.0,1.0,1,1.0,10.0,14.0,24.0,2.0,59.0,8.0,53.333333333333336,0.06666666666666667,0.6666666666666666,4.0,3.5,0.08333333333333333
2009,R Bhatia,8.0,18.0,5.0,8,1.0,13.0,152.0,132.0,10.0,271.0,1.6,44.44444444444444,0.05555555555555555,0.7222222222222222,22.0,6.909090909090909,0.07575757575757576
2009,R Bishnoi,19.0,17.0,3.0,3,3.0,11.0,0.0,0.0,0.0,22.0,6.333333333333333,111.76470588235294,0.17647058823529413,0.6470588235294118,0.0,0.0,0.0
2009,R Dravid,271.0,239.0,11.0,12,31.0,81.0,0.0,0.0,0.0,306.0,24.636363636363637,113.38912133891213,0.1297071129707113,0.3389121338912134,0.0,0.0,0.0
2009,R Vinay Kumar,47.0,44.0,4.0,11,5.0,19.0,273.0,199.0,9.0,305.0,11.75,106.81818181818181,0.11363636363636363,0.4318181818181818,33.166666666666664,8.231155778894474,0.04522613065326633
2009,RA Jadeja,295.0,276.0,12.0,13,27.0,89.0,156.0,144.0,6.0,480.0,24.583333333333332,106.8840579710145,0.09782608695652174,0.322463768115942,24.0,6.5,0.041666666666666664
2009,RA Shaikh,0.0,0.0,0.0,1,0.0,0.0,11.0,6.0,0.0,4.0,0.0,0.0,0.0,0.0,1.0,11.0,0.0
2009,RE van der Merwe,122.0,101.0,8.0,10,16.0,45.0,263.0,209.0,9.0,371.0,15.25,120.79207920792079,0.15841584158415842,0.44554455445544555,34.833333333333336,7.55023923444976,0.0430622009569378
2009,RG Sharma,362.0,323.0,13.0,16,40.0,117.0,162.0,139.0,11.0,689.0,27.846153846153847,112.07430340557275,0.1238390092879257,0.3622291021671827,23.166666666666668,6.9928057553956835,0.07913669064748201
2009,RJ Harris,21.0,18.0,1.0,8,0.0,5.0,235.0,192.0,6.0,199.0,21.0,116.66666666666667,0.0,0.2777777777777778,32.0,7.34375,0.03125
2009,RJ Quiney,103.0,105.0,7.0,7,15.0,49.0,0.0,0.0,0.0,118.0,14.714285714285714,98.0952380952381,0.14285714285714285,0.4666666666666667,0.0,0.0,0.0
2009,RP Singh,8.0,17.0,4.0,16,0.0,9.0,429.0,379.0,23.0,631.0,2.0,47.05882352941177,0.0,0.5294117647058824,63.166666666666664,6.79155672823219,0.06068601583113457
2009,RR Bose,0.0,0.0,0.0,1,0.0,0.0,24.0,12.0,0.0,4.0,0.0,0.0,0.0,0.0,2.0,12.0,0.0
2009,RR Powar,23.0,22.0,0.0,8,2.0,7.0,138.0,131.0,5.0,182.0,23.0,104.54545454545455,0.09090909090909091,0.3181818181818182,21.833333333333332,6.320610687022901,0.03816793893129771
2009,RR Raje,12.0,9.0,1.0,4,1.0,2.0,72.0,42.0,1.0,50.0,12.0,133.33333333333334,0.1111111111111111,0.2222222222222222,7.0,10.285714285714286,0.023809523809523808
2009,RS Bopara,138.0,124.0,6.0,5,15.0,42.0,5.0,8.0,0.0,153.0,23.0,111.29032258064517,0.12096774193548387,0.3387096774193548,1.3333333333333333,3.75,0.0
2009,RV Uthappa,175.0,177.0,11.0,13,21.0,75.0,0.0,0.0,0.0,204.0,15.909090909090908,98.87005649717514,0.11864406779661017,0.423728813559322,0.0,0.0,0.0
2009,S Badrinath,177.0,166.0,9.0,11,24.0,72.0,0.0,0.0,0.0,209.0,19.666666666666668,106.62650602409639,0.14457831325301204,0.43373493975903615,0.0,0.0,0.0
2009,S Dhawan,40.0,46.0,4.0,4,3.0,18.0,0.0,0.0,0.0,43.0,10.0,86.95652173913044,0.06521739130434782,0.391304347826087,0.0,0.0,0.0
2009,S Sohal,115.0,102.0,7.0,8,17.0,49.0,0.0,0.0,0.0,136.0,16.428571428571427,112.74509803921569,0.16666666666666666,0.4803921568627451,0.0,0.0,0.0
2009,S Sreesanth,5.0,19.0,0.0,7,1.0,15.0,196.0,145.0,6.0,184.0,5.0,26.31578947368421,0.05263157894736842,0.7894736842105263,24.166666666666668,8.110344827586207,0.041379310344827586
2009,S Tyagi,0.0,0.0,0.0,8,0.0,0.0,143.0,118.0,5.0,157.0,0.0,0.0,0.0,0.0,19.666666666666668,7.271186440677965,0.0423728813559322
2009,SA Asnodkar,98.0,98.0,8.0,8,15.0,52.0,0.0,0.0,0.0,113.0,12.25,100.0,0.15306122448979592,0.5306122448979592,0.0,0.0,0.0
2009,SB Bangar,2.0,9.0,1.0,1,0.0,5.0,0.0,0.0,0.0,2.0,2.0,22.22222222222222,0.0,0.5555555555555556,0.0,0.0,0.0
2009,SB Jakati,20.0,16.0,2.0,8,3.0,5.0,225.0,175.0,13.0,372.0,10.0,125.0,0.1875,0.3125,29.166666666666668,7.714285714285714,0.07428571428571429
2009,SB Styris,14.0,8.0,1.0,2,1.0,1.0,64.0,49.0,5.0,144.0,14.0,175.0,0.125,0.125,8.166666666666666,7.836734693877552,0.10204081632653061
2009,SC Ganguly,189.0,213.0,11.0,12,19.0,97.0,98.0,73.0,2.0,262.0,17.181818181818183,88.73239436619718,0.0892018779342723,0.45539906103286387,12.166666666666666,8.054794520547945,0.0273972602739726
2009,SD Chitnis,6.0,9.0,1.0,1,1.0,5.0,0.0,0.0,0.0,7.0,6.0,66.66666666666667,0.1111111111111111,0.5555555555555556,0.0,0.0,0.0
2009,SK Raina,434.0,318.0,15.0,14,58.0,105.0,169.0,166.0,7.0,667.0,28.933333333333334,136.47798742138366,0.18238993710691823,0.330188679245283,27.666666666666668,6.108433734939759,0.04216867469879518
2009,SK Trivedi,9.0,19.0,2.0,7,0.0,9.0,152.0,123.0,6.0,179.0,4.5,47.36842105263158,0.0,0.47368421052631576,20.5,7.414634146341464,0.04878048780487805
2009,SK Warne,108.0,118.0,7.0,13,10.0,49.0,369.0,313.0,14.0,492.0,15.428571428571429,91.52542372881356,0.0847457627118644,0.4152542372881356,52.166666666666664,7.073482428115017,0.04472843450479233
2009,SL Malinga,0.0,1.0,1.0,13,0.0,1.0,331.0,323.0,18.0,498.0,0.0,0.0,0.0,1.0,53.833333333333336,6.148606811145511,0.05572755417956656
2009,SM Harwood,9.0,14.0,0.0,3,0.0,4.0,74.0,67.0,3.0,96.0,9.0,64.28571428571429,0.0,0.2857142857142857,11.166666666666666,6.6268656716417915,0.04477611940298507
2009,SM Katich,145.0,119.0,9.0,9,21.0,51.0,0.0,0.0,0.0,170.0,16.11111111111111,121.84873949579831,0.17647058823529413,0.42857142857142855,0.0,0.0,0.0
2009,SP Goswami,53.0,64.0,2.0,2,6.0,30.0,0.0,0.0,0.0,59.0,26.5,82.8125,0.09375,0.46875,0.0,0.0,0.0
2009,SR Tendulkar,364.0,315.0,11.0,13,49.0,117.0,59.0,37.0,0.0,421.0,33.09090909090909,115.55555555555556,0.15555555555555556,0.37142857142857144,6.166666666666667,9.567567567567567,0.0
2009,SS Sarkar,0.0,0.0,0.0,2,0.0,0.0,34.0,25.0,1.0,33.0,0.0,0.0,0.0,0.0,4.166666666666667,8.16,0.04
2009,SS Shaikh,6.0,7.0,0.0,1,1.0,4.0,0.0,0.0,0.0,11.0,6.0,85.71428571428571,0.14285714285714285,0.5714285714285714,0.0,0.0,0.0
2009,SS Tiwary,13.0,12.0,1.0,3,0.0,3.0,0.0,0.0,0.0,21.0,13.0,108.33333333333333,0.0,0.25,0.0,0.0,0.0
2009,ST Jayasuriya,221.0,205.0,12.0,12,30.0,93.0,164.0,118.0,7.0,426.0,18.416666666666668,107.8048780487805,0.14634146341463414,0.45365853658536587,19.666666666666668,8.338983050847457,0.059322033898305086
2009,Shoaib Ahmed,1.0,6.0,2.0,7,0.0,5.0,154.0,103.0,5.0,146.0,0.5,16.666666666666668,0.0,0.8333333333333334,17.166666666666668,8.970873786407767,0.04854368932038835
2009,T Henderson,11.0,16.0,1.0,2,1.0,10.0,41.0,36.0,1.0,41.0,11.0,68.75,0.0625,0.625,6.0,6.833333333333333,0.027777777777777776
2009,T Kohli,1.0,4.0,1.0,1,0.0,3.0,0.0,0.0,0.0,1.0,1.0,25.0,0.0,0.75,0.0,0.0,0.0
2009,T Thushara,2.0,8.0,1.0,2,0.0,5.0,61.0,50.0,3.0,81.0,2.0,25.0,0.0,0.625,8.333333333333334,7.319999999999999,0.06
2009,TL Suman,237.0,193.0,9.0,12,26.0,69.0,107.0,90.0,5.0,400.0,26.333333333333332,122.79792746113989,0.13471502590673576,0.35751295336787564,15.0,7.133333333333334,0.05555555555555555
2009,TM Dilshan,418.0,357.0,10.0,13,55.0,133.0,99.0,96.0,0.0,485.0,41.8,117.08683473389355,0.15406162464985995,0.37254901960784315,16.0,6.1875,0.0
2009,TM Srivastava,0.0,1.0,0.0,1,0.0,1.0,0.0,0.0,0.0,4.0,0.0,0.0,0.0,1.0,0.0,0.0,0.0
2009,V Kohli,246.0,225.0,11.0,14,30.0,89.0,46.0,39.0,0.0,288.0,22.363636363636363,109.33333333333333,0.13333333333333333,0.39555555555555555,6.5,7.076923076923077,0.0
2009,V Sehwag,198.0,146.0,10.0,11,31.0,52.0,25.0,7.0,0.0,233.0,19.8,135.6164383561644,0.21232876712328766,0.3561643835616438,1.1666666666666667,21.428571428571427,0.0
2009,VRV Singh,0.0,0.0,0.0,4,0.0,0.0,83.0,54.0,1.0,41.0,0.0,0.0,0.0,0.0,9.0,9.222222222222221,0.018518518518518517
2009,VS Malik,0.0,0.0,0.0,5,0.0,0.0,100.0,74.0,2.0,70.0,0.0,0.0,0.0,0.0,12.333333333333334,8.108108108108107,0.02702702702702703
2009,VVS Laxman,19.0,33.0,5.0,5,2.0,22.0,0.0,0.0,0.0,21.0,3.8,57.57575757575758,0.06060606060606061,0.6666666666666666,0.0,0.0,0.0
2009,VY Mahesh,0.0,0.0,0.0,1,0.0,0.0,25.0,13.0,1.0,29.0,0.0,0.0,0.0,0.0,2.1666666666666665,11.53846153846154,0.07692307692307693
2009,W Jaffer,15.0,19.0,2.0,2,2.0,10.0,0.0,0.0,0.0,17.0,7.5,78.94736842105263,0.10526315789473684,0.5263157894736842,0.0,0.0,0.0
2009,WA Mota,30.0,48.0,4.0,7,0.0,18.0,62.0,55.0,3.0,117.0,7.5,62.5,0.0,0.375,9.166666666666666,6.763636363636364,0.05454545454545454
2009,WP Saha,72.0,41.0,3.0,7,7.0,5.0,0.0,0.0,0.0,95.0,24.0,175.609756097561,0.17073170731707318,0.12195121951219512,0.0,0.0,0.0
2009,WPUJC Vaas,30.0,21.0,1.0,2,2.0,3.0,71.0,51.0,4.0,136.0,30.0,142.85714285714286,0.09523809523809523,0.14285714285714285,8.5,8.352941176470589,0.0784313725490196
2009,Y Nagar,20.0,22.0,1.0,1,1.0,7.0,20.0,13.0,2.0,71.0,20.0,90.9090909090909,0.045454545454545456,0.3181818181818182,2.1666666666666665,9.230769230769232,0.15384615384615385
2009,Y Venugopal Rao,124.0,118.0,10.0,14,9.0,35.0,123.0,92.0,4.0,249.0,12.4,105.08474576271186,0.07627118644067797,0.2966101694915254,15.333333333333334,8.021739130434783,0.043478260869565216
2009,YA Abdulla,0.0,0.0,0.0,9,0.0,0.0,244.0,180.0,14.0,386.0,0.0,0.0,0.0,0.0,30.0,8.133333333333333,0.07777777777777778
2009,YK Pathan,261.0,192.0,12.0,13,39.0,82.0,248.0,221.0,7.0,479.0,21.75,135.9375,0.203125,0.4270833333333333,36.833333333333336,6.733031674208144,0.03167420814479638
2009,YV Takawale,18.0,22.0,1.0,1,2.0,12.0,0.0,0.0,0.0,20.0,18.0,81.81818181818181,0.09090909090909091,0.5454545454545454,0.0,0.0,0.0
2009,Yashpal Singh,47.0,67.0,4.0,4,5.0,37.0,0.0,0.0,0.0,52.0,11.75,70.14925373134328,0.07462686567164178,0.5522388059701493,0.0,0.0,0.0
2009,Yuvraj Singh,340.0,317.0,12.0,14,41.0,119.0,142.0,121.0,6.0,539.0,28.333333333333332,107.25552050473186,0.12933753943217666,0.3753943217665615,20.166666666666668,7.041322314049586,0.049586776859504134
2009,Z Khan,8.0,11.0,1.0,6,0.0,3.0,143.0,131.0,6.0,178.0,8.0,72.72727272727273,0.0,0.2727272727272727,21.833333333333332,6.549618320610687,0.04580152671755725
2010,A Kumble,6.0,12.0,0.0,16,0.0,4.0,422.0,387.0,17.0,495.0,6.0,50.0,0.0,0.3333333333333333,64.5,6.542635658914729,0.04392764857881137
2010,A Mishra,39.0,54.0,4.0,14,1.0,15.0,370.0,326.0,17.0,505.0,9.75,72.22222222222223,0.018518518518518517,0.2777777777777778,54.333333333333336,6.809815950920245,0.05214723926380368
2010,A Mithun,5.0,4.0,1.0,1,1.0,2.0,39.0,20.0,1.0,31.0,5.0,125.0,0.25,0.5,3.3333333333333335,11.7,0.05
2010,A Nehra,23.0,20.0,1.0,4,3.0,8.0,102.0,85.0,6.0,188.0,23.0,115.0,0.15,0.4,14.166666666666666,7.2,0.07058823529411765
2010,A Symonds,429.0,356.0,13.0,16,53.0,125.0,384.0,324.0,12.0,794.0,33.0,120.50561797752809,0.14887640449438203,0.351123595505618,54.0,7.111111111111111,0.037037037037037035
2010,A Uniyal,4.0,7.0,1.0,2,0.0,3.0,67.0,37.0,2.0,58.0,4.0,57.142857142857146,0.0,0.42857142857142855,6.166666666666667,10.864864864864865,0.05405405405405406
2010,AA Bilakhia,2.0,4.0,1.0,1,0.0,2.0,0.0,0.0,0.0,2.0,2.0,50.0,0.0,0.5,0.0,0.0,0.0
2010,AA Jhunjhunwala,183.0,172.0,10.0,11,20.0,62.0,69.0,39.0,0.0,211.0,18.3,106.3953488372093,0.11627906976744186,0.36046511627906974,6.5,10.615384615384615,0.0
2010,AB Agarkar,40.0,30.0,1.0,7,4.0,6.0,207.0,136.0,4.0,168.0,40.0,133.33333333333334,0.13333333333333333,0.2,22.666666666666668,9.13235294117647,0.029411764705882353
2010,AB Barath,42.0,43.0,2.0,3,6.0,20.0,0.0,0.0,0.0,52.0,21.0,97.67441860465117,0.13953488372093023,0.46511627906976744,0.0,0.0,0.0
2010,AB Dinda,0.0,1.0,1.0,7,0.0,1.0,154.0,141.0,9.0,249.0,0.0,0.0,0.0,1.0,23.5,6.553191489361702,0.06382978723404255
2010,AB McDonald,65.0,54.0,0.0,4,5.0,12.0,136.0,82.0,5.0,211.0,65.0,120.37037037037037,0.09259259259259259,0.2222222222222222,13.666666666666666,9.951219512195122,0.06097560975609756
2010,AB de Villiers,111.0,123.0,7.0,7,7.0,41.0,0.0,0.0,0.0,122.0,15.857142857142858,90.2439024390244,0.056910569105691054,0.3333333333333333,0.0,0.0,0.0
2010,AC Gilchrist,289.0,200.0,17.0,16,47.0,73.0,0.0,0.0,0.0,336.0,17.0,144.5,0.235,0.365,0.0,0.0,0.0
2010,AC Voges,181.0,143.0,6.0,8,18.0,38.0,76.0,55.0,0.0,211.0,30.166666666666668,126.57342657342657,0.1258741258741259,0.26573426573426573,9.166666666666666,8.290909090909091,0.0
2010,AD Mascarenhas,12.0,11.0,2.0,2,0.0,1.0,66.0,48.0,4.0,112.0,6.0,109.0909090909091,0.0,0.09090909090909091,8.0,8.25,0.08333333333333333
2010,AD Mathews,233.0,197.0,6.0,12,26.0,61.0,317.0,230.0,8.0,483.0,38.833333333333336,118.2741116751269,0.1319796954314721,0.3096446700507614,38.333333333333336,8.269565217391303,0.034782608695652174
2010,AG Murtaza,0.0,0.0,0.0,3,0.0,0.0,92.0,72.0,3.0,87.0,0.0,0.0,0.0,0.0,12.0,7.666666666666667,0.041666666666666664
2010,AG Paunikar,0.0,1.0,1.0,1,0.0,1.0,0.0,0.0,0.0,0.0,0.0,0.0,0.0,1.0,0.0,0.0,0.0
2010,AJ Finch,21.0,21.0,1.0,1,1.0,7.0,5.0,7.0,0.0,22.0,21.0,100.0,0.047619047619047616,0.3333333333333333,1.1666666666666667,4.285714285714286,0.0
2010,AM Nayar,58.0,51.0,2.0,3,6.0,17.0,0.0,0.0,0.0,68.0,29.0,113.72549019607843,0.11764705882352941,0.3333333333333333,0.0,0.0,0.0
2010,AN Ahmed,4.0,8.0,0.0,1,0.0,3.0,26.0,14.0,0.0,8.0,4.0,50.0,0.0,0.375,2.3333333333333335,11.142857142857142,0.0
2010,AP Dole,34.0,23.0,2.0,3,4.0,6.0,114.0,73.0,5.0,167.0,17.0,147.82608695652175,0.17391304347826086,0.2608695652173913,12.166666666666666,9.36986301369863,0.0684931506849315
2010,AP Tare,50.0,41.0,4.0,4,8.0,19.0,0.0,0.0,0.0,58.0,12.5,121.95121951219512,0.1951219512195122,0.4634146341463415,0.0,0.0,0.0
2010,AS Raut,56.0,48.0,2.0,5,6.0,19.0,0.0,0.0,0.0,74.0,28.0,116.66666666666667,0.125,0.3958333333333333,0.0,0.0,0.0
2010,AT Rayudu,356.0,258.0,12.0,14,47.0,69.0,0.0,0.0,0.0,411.0,29.666666666666668,137.984496124031,0.1821705426356589,0.26744186046511625,0.0,0.0,0.0
2010,Anirudh Singh,63.0,69.0,4.0,4,7.0,31.0,0.0,0.0,0.0,70.0,15.75,91.30434782608695,0.10144927536231885,0.4492753623188406,0.0,0.0,0.0
2010,B Akhil,0.0,0.0,0.0,1,0.0,0.0,6.0,6.0,0.0,4.0,0.0,0.0,0.0,0.0,1.0,6.0,0.0
2010,B Lee,11.0,11.0,1.0,4,1.0,2.0,154.0,91.0,0.0,24.0,11.0,100.0,0.09090909090909091,0.18181818181818182,15.166666666666666,10.153846153846155,0.0
2010,B Sumanth,35.0,38.0,1.0,4,3.0,14.0,0.0,0.0,0.0,50.0,35.0,92.10526315789474,0.07894736842105263,0.3684210526315789,0.0,0.0,0.0
2010,BAW Mendis,1.0,1.0,0.0,2,0.0,0.0,68.0,50.0,2.0,59.0,1.0,100.0,0.0,0.0,8.333333333333334,8.16,0.04
2010,BB McCullum,114.0,117.0,3.0,5,16.0,50.0,0.0,0.0,0.0,138.0,38.0,97.43589743589743,0.13675213675213677,0.42735042735042733,0.0,0.0,0.0
2010,BJ Hodge,99.0,95.0,4.0,4,12.0,35.0,41.0,30.0,2.0,161.0,24.75,104.21052631578948,0.12631578947368421,0.3684210526315789,5.0,8.2,0.06666666666666667
2010,Bipul Sharma,9.0,7.0,0.0,4,1.0,1.0,94.0,59.0,3.0,101.0,9.0,128.57142857142858,0.14285714285714285,0.14285714285714285,9.833333333333334,9.559322033898304,0.05084745762711865
2010,C Ganapathy,0.0,0.0,0.0,1,0.0,0.0,13.0,6.0,0.0,4.0,0.0,0.0,0.0,0.0,1.0,13.0,0.0
2010,C Madan,15.0,21.0,1.0,1,3.0,12.0,0.0,0.0,0.0,18.0,15.0,71.42857142857143,0.14285714285714285,0.5714285714285714,0.0,0.0,0.0
2010,CA Pujara,122.0,119.0,4.0,6,17.0,50.0,0.0,0.0,0.0,147.0,30.5,102.52100840336135,0.14285714285714285,0.42016806722689076,0.0,0.0,0.0
2010,CH Gayle,292.0,197.0,9.0,9,46.0,62.0,153.0,102.0,4.0,438.0,32.44444444444444,148.2233502538071,0.233502538071066,0.3147208121827411,17.0,9.0,0.0392156862745098
2010,CK Langeveldt,0.0,1.0,1.0,3,0.0,1.0,92.0,70.0,5.0,133.0,0.0,0.0,0.0,1.0,11.666666666666666,7.885714285714286,0.07142857142857142
2010,CL White,48.0,33.0,2.0,5,6.0,11.0,19.0,7.0,0.0,66.0,24.0,145.45454545454547,0.18181818181818182,0.3333333333333333,1.1666666666666667,16.285714285714285,0.0
2010,CRD Fernando,2.0,2.0,0.0,5,0.0,0.0,142.0,121.0,7.0,197.0,2.0,100.0,0.0,0.0,20.166666666666668,7.041322314049586,0.05785123966942149
2010,DA Warner,282.0,195.0,10.0,11,41.0,69.0,0.0,0.0,0.0,331.0,28.2,144.6153846153846,0.21025641025641026,0.35384615384615387,0.0,0.0,0.0
2010,DE Bollinger,18.0,17.0,0.0,8,2.0,6.0,212.0,192.0,12.0,352.0,18.0,105.88235294117646,0.11764705882352941,0.35294117647058826,32.0,6.625,0.0625
2010,DJ Bravo,61.0,53.0,7.0,10,7.0,24.0,230.0,161.0,4.0,180.0,8.714285714285714,115.09433962264151,0.1320754716981132,0.4528301886792453,26.833333333333332,8.571428571428571,0.024844720496894408
2010,DJ Hussey,94.0,89.0,4.0,6,10.0,29.0,81.0,60.0,0.0,112.0,23.5,105.61797752808988,0.11235955056179775,0.3258426966292135,10.0,8.1,0.0
2010,DL Vettori,33.0,28.0,1.0,3,4.0,5.0,97.0,71.0,2.0,95.0,33.0,117.85714285714286,0.14285714285714285,0.17857142857142858,11.833333333333334,8.197183098591548,0.028169014084507043
2010,DP Nannes,4.0,13.0,1.0,9,0.0,9.0,233.0,214.0,7.0,211.0,4.0,30.76923076923077,0.0,0.6923076923076923,35.666666666666664,6.532710280373832,0.03271028037383177
2010,DPMD Jayawardene,445.0,312.0,12.0,13,67.0,90.0,0.0,0.0,0.0,524.0,37.083333333333336,142.62820512820514,0.21474358974358973,0.28846153846153844,0.0,0.0,0.0
2010,DR Martyn,19.0,26.0,2.0,1,1.0,8.0,0.0,0.0,0.0,20.0,9.5,73.07692307692308,0.038461538461538464,0.3076923076923077,0.0,0.0,0.0
2010,DR Smith,22.0,25.0,2.0,3,2.0,12.0,36.0,23.0,1.0,53.0,11.0,88.0,0.08,0.48,3.8333333333333335,9.391304347826086,0.043478260869565216
2010,DS Kulkarni,0.0,0.0,0.0,1,0.0,0.0,40.0,25.0,1.0,29.0,0.0,0.0,0.0,0.0,4.166666666666667,9.6,0.04
2010,DW Steyn,13.0,17.0,4.0,15,2.0,9.0,415.0,380.0,15.0,434.0,3.25,76.47058823529412,0.11764705882352941,0.5294117647058824,63.333333333333336,6.552631578947368,0.039473684210526314
2010,EJG Morgan,35.0,31.0,3.0,4,3.0,9.0,0.0,0.0,0.0,42.0,11.666666666666666,112.90322580645162,0.0967741935483871,0.2903225806451613,0.0,0.0,0.0
2010,FY Fazal,164.0,160.0,8.0,10,20.0,53.0,19.0,11.0,0.0,192.0,20.5,102.5,0.125,0.33125,1.8333333333333333,10.363636363636363,0.0
2010,G Gambhir,277.0,223.0,10.0,10,34.0,71.0,0.0,0.0,0.0,319.0,27.7,124.2152466367713,0.15246636771300448,0.3183856502242152,0.0,0.0,0.0
2010,GC Smith,44.0,40.0,3.0,2,7.0,19.0,0.0,0.0,0.0,51.0,14.666666666666666,110.0,0.175,0.475,0.0,0.0,0.0
2010,GJ Bailey,18.0,27.0,2.0,1,2.0,15.0,0.0,0.0,0.0,20.0,9.0,66.66666666666667,0.07407407407407407,0.5555555555555556,0.0,0.0,0.0
2010,HH Gibbs,267.0,243.0,10.0,10,35.0,97.0,0.0,0.0,0.0,302.0,26.7,109.87654320987654,0.1440329218106996,0.3991769547325103,0.0,0.0,0.0
2010,Harbhajan Singh,105.0,64.0,6.0,15,17.0,17.0,383.0,331.0,17.0,587.0,17.5,164.0625,0.265625,0.265625,55.166666666666664,6.942598187311178,0.0513595166163142
2010,Harmeet Singh,0.0,1.0,1.0,8,0.0,1.0,176.0,149.0,8.0,228.0,0.0,0.0,0.0,1.0,24.833333333333332,7.087248322147651,0.053691275167785234
2010,I Sharma,6.0,17.0,2.0,7,0.0,11.0,242.0,160.0,7.0,201.0,3.0,35.294117647058826,0.0,0.6470588235294118,26.666666666666668,9.075,0.04375
2010,IK Pathan,276.0,188.0,8.0,14,31.0,40.0,433.0,288.0,15.0,706.0,34.5,146.80851063829786,0.16489361702127658,0.2127659574468085,48.0,9.020833333333334,0.052083333333333336
2010,Iqbal Abdulla,0.0,1.0,0.0,3,0.0,0.0,62.0,50.0,1.0,37.0,0.0,0.0,0.0,0.0,8.333333333333334,7.4399999999999995,0.02
2010,J Theron,2.0,6.0,2.0,7,0.0,3.0,204.0,157.0,8.0,222.0,1.0,33.333333333333336,0.0,0.5,26.166666666666668,7.796178343949045,0.050955414012738856
2010,JA Morkel,199.0,135.0,7.0,14,23.0,36.0,409.0,292.0,11.0,525.0,28.428571428571427,147.40740740740742,0.17037037037037037,0.26666666666666666,48.666666666666664,8.404109589041097,0.03767123287671233
2010,JD Unadkat,0.0,0.0,0.0,3,0.0,0.0,85.0,62.0,4.0,112.0,0.0,0.0,0.0,0.0,10.333333333333334,8.225806451612902,0.06451612903225806
2010,JH Kallis,572.0,517.0,12.0,16,76.0,186.0,484.0,348.0,13.0,989.0,47.666666666666664,110.63829787234043,0.1470019342359768,0.3597678916827853,58.0,8.344827586206897,0.03735632183908046
2010,JM Kemp,26.0,25.0,2.0,5,2.0,10.0,58.0,47.0,3.0,115.0,13.0,104.0,0.08,0.4,7.833333333333333,7.404255319148937,0.06382978723404255
2010,JP Duminy,157.0,134.0,4.0,7,18.0,42.0,37.0,33.0,1.0,212.0,39.25,117.16417910447761,0.13432835820895522,0.31343283582089554,5.5,6.7272727272727275,0.030303030303030304
2010,Jaskaran Singh,8.0,11.0,2.0,6,0.0,5.0,142.0,92.0,6.0,174.0,4.0,72.72727272727273,0.0,0.45454545454545453,15.333333333333334,9.26086956521739,0.06521739130434782
2010,Joginder Sharma,0.0,0.0,0.0,3,0.0,0.0,89.0,51.0,2.0,62.0,0.0,0.0,0.0,0.0,8.5,10.470588235294118,0.0392156862745098
2010,K Goel,18.0,20.0,1.0,2,2.0,9.0,7.0,6.0,0.0,24.0,18.0,90.0,0.1,0.45,1.0,7.0,0.0
2010,KA Pollard,273.0,152.0,14.0,14,40.0,42.0,276.0,231.0,15.0,696.0,19.5,179.60526315789474,0.2631578947368421,0.27631578947368424,38.5,7.1688311688311686,0.06493506493506493
2010,KAJ Roach,10.0,9.0,1.0,2,1.0,3.0,80.0,52.0,0.0,15.0,10.0,111.11111111111111,0.1111111111111111,0.3333333333333333,8.666666666666666,9.230769230769232,0.0
2010,KB Arun Karthik,3.0,5.0,0.0,1,0.0,1.0,0.0,0.0,0.0,7.0,3.0,60.0,0.0,0.2,0.0,0.0,0.0
2010,KC Sangakkara,357.0,260.0,12.0,12,52.0,81.0,0.0,0.0,0.0,409.0,29.75,137.30769230769232,0.2,0.31153846153846154,0.0,0.0,0.0
2010,KD Karthik,278.0,242.0,12.0,14,32.0,75.0,0.0,0.0,0.0,318.0,23.166666666666668,114.87603305785125,0.1322314049586777,0.30991735537190085,0.0,0.0,0.0
2010,KM Jadhav,76.0,60.0,4.0,5,9.0,17.0,0.0,0.0,0.0,89.0,19.0,126.66666666666667,0.15,0.2833333333333333,0.0,0.0,0.0
2010,KP Appanna,2.0,3.0,1.0,2,0.0,1.0,50.0,41.0,1.0,31.0,2.0,66.66666666666667,0.0,0.3333333333333333,6.833333333333333,7.317073170731708,0.024390243902439025
2010,KP Pietersen,236.0,159.0,4.0,7,31.0,42.0,77.0,60.0,3.0,354.0,59.0,148.42767295597486,0.1949685534591195,0.2641509433962264,10.0,7.7,0.05
2010,Kamran Khan,0.0,0.0,0.0,3,0.0,0.0,53.0,37.0,3.0,87.0,0.0,0.0,0.0,0.0,6.166666666666667,8.594594594594595,0.08108108108108109
2010,L Ablish,0.0,0.0,0.0,2,0.0,0.0,37.0,25.0,3.0,83.0,0.0,0.0,0.0,0.0,4.166666666666667,8.879999999999999,0.12
2010,L Balaji,18.0,20.0,2.0,7,2.0,10.0,214.0,144.0,7.0,215.0,9.0,90.0,0.1,0.5,24.0,8.916666666666666,0.04861111111111111
2010,LR Shukla,36.0,27.0,2.0,4,5.0,9.0,108.0,72.0,3.0,124.0,18.0,133.33333333333334,0.18518518518518517,0.3333333333333333,12.0,9.0,0.041666666666666664
2010,LRPL Taylor,88.0,77.0,4.0,7,8.0,24.0,0.0,0.0,0.0,108.0,22.0,114.28571428571429,0.1038961038961039,0.3116883116883117,0.0,0.0,0.0
2010,M Kaif,28.0,31.0,3.0,3,2.0,10.0,0.0,0.0,0.0,30.0,9.333333333333334,90.3225806451613,0.06451612903225806,0.3225806451612903,0.0,0.0,0.0
2010,M Kartik,22.0,22.0,1.0,10,2.0,9.0,260.0,237.0,9.0,285.0,22.0,100.0,0.09090909090909091,0.4090909090909091,39.5,6.582278481012659,0.0379746835443038
2010,M Manhas,157.0,151.0,4.0,8,14.0,43.0,0.0,0.0,0.0,187.0,39.25,103.97350993377484,0.09271523178807947,0.2847682119205298,0.0,0.0,0.0
2010,M Morkel,9.0,16.0,2.0,2,1.0,11.0,66.0,46.0,0.0,10.0,4.5,56.25,0.0625,0.6875,7.666666666666667,8.608695652173912,0.0
2010,M Muralitharan,1.0,2.0,1.0,12,0.0,1.0,356.0,306.0,16.0,445.0,1.0,50.0,0.0,0.5,51.0,6.980392156862745,0.05228758169934641
2010,M Vijay,458.0,305.0,12.0,15,62.0,102.0,0.0,0.0,0.0,532.0,38.166666666666664,150.1639344262295,0.20327868852459016,0.3344262295081967,0.0,0.0,0.0
2010,MB Parmar,0.0,0.0,0.0,1,0.0,0.0,33.0,19.0,0.0,4.0,0.0,0.0,0.0,0.0,3.1666666666666665,10.421052631578949,0.0
2010,MC Henriques,11.0,5.0,1.0,1,2.0,1.0,35.0,24.0,1.0,38.0,11.0,220.0,0.4,0.2,4.0,8.75,0.041666666666666664
2010,MD Mishra,166.0,149.0,10.0,11,24.0,67.0,0.0,0.0,0.0,194.0,16.6,111.40939597315436,0.1610738255033557,0.44966442953020136,0.0,0.0,0.0
2010,MEK Hussey,37.0,44.0,2.0,3,2.0,17.0,0.0,0.0,0.0,43.0,18.5,84.0909090909091,0.045454545454545456,0.38636363636363635,0.0,0.0,0.0
2010,MF Maharoof,31.0,24.0,3.0,7,4.0,8.0,209.0,147.0,8.0,251.0,10.333333333333334,129.16666666666666,0.16666666666666666,0.3333333333333333,24.5,8.53061224489796,0.05442176870748299
2010,MJ Lumb,278.0,196.0,9.0,11,51.0,81.0,0.0,0.0,0.0,337.0,30.88888888888889,141.83673469387756,0.2602040816326531,0.413265306122449,0.0,0.0,0.0
2010,MK Pandey,249.0,233.0,11.0,13,34.0,104.0,0.0,0.0,0.0,291.0,22.636363636363637,106.86695278969957,0.1459227467811159,0.44635193133047213,0.0,0.0,0.0
2010,MK Tiwary,237.0,192.0,10.0,12,28.0,56.0,11.0,7.0,1.0,298.0,23.7,123.4375,0.14583333333333334,0.2916666666666667,1.1666666666666667,9.428571428571429,0.14285714285714285
2010,ML Hayden,346.0,295.0,16.0,16,53.0,131.0,0.0,0.0,0.0,403.0,21.625,117.28813559322033,0.17966101694915254,0.4440677966101695,0.0,0.0,0.0
2010,MM Patel,4.0,5.0,0.0,4,0.0,1.0,118.0,76.0,3.0,95.0,4.0,80.0,0.0,0.2,12.666666666666666,9.31578947368421,0.039473684210526314
2010,MR Marsh,28.0,31.0,2.0,3,2.0,10.0,89.0,64.0,2.0,84.0,14.0,90.3225806451613,0.06451612903225806,0.3225806451612903,10.666666666666666,8.34375,0.03125
2010,MS Bisla,218.0,189.0,9.0,10,33.0,82.0,0.0,0.0,0.0,255.0,24.22222222222222,115.34391534391534,0.1746031746031746,0.43386243386243384,0.0,0.0,0.0
2010,MS Dhoni,287.0,215.0,9.0,11,34.0,55.0,0.0,0.0,0.0,329.0,31.88888888888889,133.48837209302326,0.15813953488372093,0.2558139534883721,0.0,0.0,0.0
2010,MS Gony,2.0,7.0,1.0,3,0.0,4.0,92.0,51.0,1.0,35.0,2.0,28.571428571428573,0.0,0.5714285714285714,8.5,10.823529411764707,0.0196078431372549
2010,MV Boucher,13.0,10.0,1.0,2,1.0,2.0,0.0,0.0,0.0,18.0,13.0,130.0,0.1,0.2,0.0,0.0,0.0
2010,Mandeep Singh,4.0,11.0,2.0,2,1.0,10.0,0.0,0.0,0.0,5.0,2.0,36.36363636363637,0.09090909090909091,0.9090909090909091,0.0,0.0,0.0
2010,ND Doshi,0.0,0.0,0.0,1,0.0,0.0,17.0,25.0,1.0,29.0,0.0,0.0,0.0,0.0,4.166666666666667,4.08,0.04
2010,NLTC Perera,0.0,0.0,0.0,1,0.0,0.0,19.0,6.0,0.0,4.0,0.0,0.0,0.0,0.0,1.0,19.0,0.0
2010,NV Ojha,377.0,294.0,12.0,14,57.0,115.0,0.0,0.0,0.0,446.0,31.416666666666668,128.2312925170068,0.19387755102040816,0.391156462585034,0.0,0.0,0.0
2010,OA Shah,115.0,96.0,3.0,5,12.0,30.0,0.0,0.0,0.0,135.0,38.333333333333336,119.79166666666667,0.125,0.3125,0.0,0.0,0.0
2010,P Dogra,107.0,108.0,6.0,8,9.0,45.0,0.0,0.0,0.0,124.0,17.833333333333332,99.07407407407408,0.08333333333333333,0.4166666666666667,0.0,0.0,0.0
2010,P Kumar,4.0,8.0,2.0,12,0.0,4.0,391.0,286.0,10.0,294.0,2.0,50.0,0.0,0.5,47.666666666666664,8.202797202797203,0.03496503496503497
2010,PA Patel,72.0,83.0,5.0,4,8.0,35.0,0.0,0.0,0.0,80.0,14.4,86.74698795180723,0.0963855421686747,0.42168674698795183,0.0,0.0,0.0
2010,PD Collingwood,203.0,159.0,4.0,7,22.0,54.0,101.0,90.0,5.0,362.0,50.75,127.67295597484276,0.13836477987421383,0.33962264150943394,15.0,6.733333333333333,0.05555555555555555
2010,PJ Sangwan,10.0,15.0,0.0,8,0.0,5.0,260.0,199.0,9.0,267.0,10.0,66.66666666666667,0.0,0.3333333333333333,33.166666666666664,7.839195979899498,0.04522613065326633
2010,PP Chawla,62.0,63.0,5.0,14,7.0,22.0,371.0,295.0,12.0,405.0,12.4,98.41269841269842,0.1111111111111111,0.3492063492063492,49.166666666666664,7.545762711864407,0.04067796610169491
2010,PP Ojha,3.0,8.0,3.0,16,0.0,6.0,439.0,359.0,21.0,580.0,1.0,37.5,0.0,0.75,59.833333333333336,7.337047353760445,0.0584958217270195
2010,Pankaj Singh,1.0,2.0,1.0,2,0.0,1.0,83.0,51.0,2.0,55.0,1.0,50.0,0.0,0.5,8.5,9.764705882352942,0.0392156862745098
2010,R Ashwin,30.0,40.0,3.0,12,2.0,15.0,308.0,296.0,13.0,393.0,10.0,75.0,0.05,0.375,49.333333333333336,6.243243243243243,0.04391891891891892
2010,R Bhatia,24.0,17.0,3.0,5,3.0,6.0,136.0,98.0,3.0,110.0,8.0,141.1764705882353,0.17647058823529413,0.35294117647058826,16.333333333333332,8.326530612244898,0.030612244897959183
2010,R Dravid,256.0,203.0,9.0,11,37.0,66.0,0.0,0.0,0.0,301.0,28.444444444444443,126.10837438423646,0.18226600985221675,0.3251231527093596,0.0,0.0,0.0
2010,R McLaren,66.0,71.0,3.0,10,7.0,25.0,281.0,214.0,4.0,201.0,22.0,92.95774647887323,0.09859154929577464,0.352112676056338,35.666666666666664,7.878504672897197,0.018691588785046728
2010,R Sathish,112.0,98.0,6.0,10,11.0,28.0,81.0,50.0,2.0,189.0,18.666666666666668,114.28571428571429,0.11224489795918367,0.2857142857142857,8.333333333333334,9.719999999999999,0.04
2010,R Sharma,29.0,26.0,3.0,6,4.0,15.0,170.0,125.0,5.0,170.0,9.666666666666666,111.53846153846153,0.15384615384615385,0.5769230769230769,20.833333333333332,8.16,0.04
2010,R Vinay Kumar,27.0,35.0,3.0,14,1.0,11.0,404.0,281.0,16.0,472.0,9.0,77.14285714285714,0.02857142857142857,0.3142857142857143,46.833333333333336,8.626334519572953,0.05693950177935943
2010,RE van der Merwe,1.0,2.0,1.0,1,0.0,1.0,27.0,27.0,2.0,51.0,1.0,50.0,0.0,0.5,4.5,6.0,0.07407407407407407
2010,RG Sharma,404.0,310.0,18.0,16,50.0,95.0,159.0,119.0,2.0,508.0,22.444444444444443,130.32258064516128,0.16129032258064516,0.3064516129032258,19.833333333333332,8.016806722689076,0.01680672268907563
2010,RJ Harris,45.0,39.0,4.0,8,4.0,15.0,238.0,194.0,14.0,415.0,11.25,115.38461538461539,0.10256410256410256,0.38461538461538464,32.333333333333336,7.360824742268041,0.07216494845360824
2010,RP Singh,9.0,20.0,2.0,12,0.0,11.0,385.0,265.0,13.0,374.0,4.5,45.0,0.0,0.55,44.166666666666664,8.716981132075473,0.04905660377358491
2010,RR Powar,5.0,8.0,1.0,7,0.0,5.0,163.0,143.0,3.0,104.0,5.0,62.5,0.0,0.625,23.833333333333332,6.839160839160839,0.02097902097902098
2010,RS Bopara,248.0,223.0,8.0,10,28.0,74.0,132.0,82.0,5.0,413.0,31.0,111.21076233183857,0.12556053811659193,0.33183856502242154,13.666666666666666,9.658536585365853,0.06097560975609756
2010,RS Gavaskar,2.0,8.0,1.0,2,0.0,6.0,8.0,6.0,0.0,6.0,2.0,25.0,0.0,0.75,1.0,8.0,0.0
2010,RS Sodhi,4.0,2.0,0.0,1,1.0,1.0,0.0,0.0,0.0,9.0,4.0,200.0,0.5,0.5,0.0,0.0,0.0
2010,RV Uthappa,374.0,224.0,12.0,14,48.0,60.0,0.0,0.0,0.0,430.0,31.166666666666668,166.96428571428572,0.21428571428571427,0.26785714285714285,0.0,0.0,0.0
2010,S Anirudha,30.0,19.0,1.0,2,4.0,5.0,0.0,0.0,0.0,38.0,30.0,157.89473684210526,0.21052631578947367,0.2631578947368421,0.0,0.0,0.0
2010,S Badrinath,356.0,310.0,12.0,15,46.0,100.0,0.0,0.0,0.0,418.0,29.666666666666668,114.83870967741936,0.14838709677419354,0.3225806451612903,0.0,0.0,0.0
2010,S Dhawan,191.0,180.0,10.0,10,26.0,74.0,0.0,0.0,0.0,217.0,19.1,106.11111111111111,0.14444444444444443,0.4111111111111111,0.0,0.0,0.0
2010,S Ladda,0.0,10.0,2.0,5,0.0,9.0,144.0,92.0,4.0,112.0,0.0,0.0,0.0,0.9,15.333333333333334,9.391304347826086,0.043478260869565216
2010,S Narwal,14.0,13.0,3.0,5,2.0,5.0,186.0,98.0,5.0,149.0,4.666666666666667,107.6923076923077,0.15384615384615385,0.38461538461538464,16.333333333333332,11.387755102040817,0.05102040816326531
2010,S Sreesanth,27.0,22.0,0.0,6,5.0,10.0,191.0,127.0,4.0,156.0,27.0,122.72727272727273,0.22727272727272727,0.45454545454545453,21.166666666666668,9.023622047244094,0.031496062992125984
2010,S Sriram,27.0,31.0,1.0,1,3.0,11.0,24.0,12.0,0.0,30.0,27.0,87.09677419354838,0.0967741935483871,0.3548387096774194,2.0,12.0,0.0
2010,S Tyagi,3.0,4.0,0.0,6,0.0,1.0,161.0,102.0,1.0,52.0,3.0,75.0,0.0,0.25,17.0,9.470588235294118,0.00980392156862745
2010,SA Asnodkar,5.0,4.0,1.0,1,1.0,2.0,0.0,0.0,0.0,6.0,5.0,125.0,0.25,0.5,0.0,0.0,0.0
2010,SB Jakati,0.0,0.0,0.0,11,0.0,0.0,300.0,230.0,13.0,369.0,0.0,0.0,0.0,0.0,38.333333333333336,7.826086956521738,0.05652173913043478
2010,SB Wagh,0.0,0.0,0.0,1,0.0,0.0,16.0,6.0,1.0,29.0,0.0,0.0,0.0,0.0,1.0,16.0,0.16666666666666666
2010,SC Ganguly,493.0,440.0,13.0,14,73.0,183.0,43.0,25.0,0.0,570.0,37.92307692307692,112.04545454545455,0.16590909090909092,0.4159090909090909,4.166666666666667,10.319999999999999,0.0
2010,SE Bond,1.0,2.0,1.0,8,0.0,1.0,225.0,191.0,9.0,254.0,1.0,50.0,0.0,0.5,31.833333333333332,7.068062827225131,0.04712041884816754
2010,SE Marsh,147.0,117.0,3.0,4,20.0,42.0,0.0,0.0,0.0,171.0,49.0,125.64102564102564,0.17094017094017094,0.358974358974359,0.0,0.0,0.0
2010,SJ Srivastava,1.0,2.0,1.0,8,0.0,1.0,257.0,178.0,6.0,179.0,1.0,50.0,0.0,0.5,29.666666666666668,8.662921348314606,0.033707865168539325
2010,SK Raina,528.0,387.0,13.0,16,68.0,106.0,181.0,146.0,6.0,762.0,40.61538461538461,136.43410852713177,0.17571059431524547,0.2739018087855297,24.333333333333332,7.438356164383562,0.0410958904109589
2010,SK Trivedi,20.0,15.0,3.0,11,4.0,8.0,265.0,216.0,11.0,331.0,6.666666666666667,133.33333333333334,0.26666666666666666,0.5333333333333333,36.0,7.361111111111111,0.05092592592592592
2010,SK Warne,10.0,21.0,3.0,14,0.0,11.0,388.0,304.0,11.0,329.0,3.3333333333333335,47.61904761904762,0.0,0.5238095238095238,50.666666666666664,7.657894736842105,0.03618421052631579
2010,SL Malinga,1.0,1.0,0.0,13,0.0,0.0,360.0,308.0,15.0,428.0,1.0,100.0,0.0,0.0,51.333333333333336,7.012987012987013,0.048701298701298704
2010,SP Goswami,8.0,10.0,1.0,1,2.0,8.0,0.0,0.0,0.0,10.0,8.0,80.0,0.2,0.8,0.0,0.0,0.0
2010,SR Tendulkar,618.0,489.0,13.0,15,89.0,149.0,0.0,0.0,0.0,715.0,47.53846153846154,126.38036809815951,0.18200408997955012,0.3047034764826176,0.0,0.0,0.0
2010,SR Watson,185.0,117.0,5.0,6,27.0,37.0,185.0,138.0,6.0,366.0,37.0,158.1196581196581,0.23076923076923078,0.3162393162393162,23.0,8.043478260869565,0.043478260869565216
2010,SS Tiwary,419.0,319.0,13.0,15,47.0,90.0,0.0,0.0,0.0,474.0,32.23076923076923,131.34796238244513,0.14733542319749215,0.28213166144200624,0.0,0.0,0.0
2010,ST Jayasuriya,33.0,35.0,4.0,4,5.0,16.0,68.0,54.0,2.0,88.0,8.25,94.28571428571429,0.14285714285714285,0.45714285714285713,9.0,7.555555555555555,0.037037037037037035
2010,STR Binny,8.0,5.0,1.0,1,1.0,1.0,9.0,6.0,0.0,9.0,8.0,160.0,0.2,0.2,1.0,9.0,0.0
2010,SW Tait,12.0,13.0,1.0,8,1.0,6.0,274.0,204.0,11.0,316.0,12.0,92.3076923076923,0.07692307692307693,0.46153846153846156,34.0,8.058823529411764,0.05392156862745098
2010,T Thushara,10.0,11.0,1.0,4,0.0,4.0,102.0,92.0,5.0,147.0,10.0,90.9090909090909,0.0,0.36363636363636365,15.333333333333334,6.652173913043478,0.05434782608695652
2010,TL Suman,307.0,264.0,8.0,14,35.0,94.0,24.0,13.0,0.0,366.0,38.375,116.28787878787878,0.13257575757575757,0.3560606060606061,2.1666666666666665,11.076923076923078,0.0
2010,TM Dilshan,44.0,55.0,6.0,6,6.0,26.0,70.0,49.0,3.0,125.0,7.333333333333333,80.0,0.10909090909090909,0.4727272727272727,8.166666666666666,8.571428571428571,0.061224489795918366
2010,UT Yadav,3.0,4.0,0.0,7,0.0,1.0,191.0,150.0,6.0,181.0,3.0,75.0,0.0,0.25,25.0,7.64,0.04
2010,V Kohli,307.0,216.0,13.0,13,38.0,56.0,51.0,33.0,0.0,349.0,23.615384615384617,142.12962962962962,0.17592592592592593,0.25925925925925924,5.5,9.272727272727273,0.0
2010,V Sehwag,356.0,227.0,14.0,14,61.0,75.0,23.0,34.0,3.0,492.0,25.428571428571427,156.8281938325991,0.2687224669603524,0.3303964757709251,5.666666666666667,4.0588235294117645,0.08823529411764706
2010,VRV Singh,0.0,0.0,0.0,1,0.0,0.0,41.0,21.0,0.0,4.0,0.0,0.0,0.0,0.0,3.5,11.714285714285714,0.0
2010,VS Malik,6.0,5.0,1.0,3,1.0,1.0,66.0,46.0,1.0,40.0,6.0,120.0,0.2,0.2,7.666666666666667,8.608695652173912,0.021739130434782608
2010,VVS Laxman,64.0,62.0,4.0,6,8.0,24.0,0.0,0.0,0.0,80.0,16.0,103.2258064516129,0.12903225806451613,0.3870967741935484,0.0,0.0,0.0
2010,VY Mahesh,0.0,0.0,0.0,1,0.0,0.0,23.0,19.0,1.0,29.0,0.0,0.0,0.0,0.0,3.1666666666666665,7.2631578947368425,0.05263157894736842
2010,WP Saha,67.0,53.0,3.0,6,10.0,18.0,0.0,0.0,0.0,89.0,22.333333333333332,126.41509433962264,0.18867924528301888,0.33962264150943394,0.0,0.0,0.0
2010,WPUJC Vaas,30.0,34.0,4.0,6,2.0,13.0,147.0,131.0,9.0,265.0,7.5,88.23529411764706,0.058823529411764705,0.38235294117647056,21.833333333333332,6.732824427480916,0.06870229007633588
2010,Y Nagar,1.0,7.0,1.0,1,0.0,3.0,28.0,18.0,1.0,26.0,1.0,14.285714285714286,0.0,0.42857142857142855,3.0,9.333333333333334,0.05555555555555555
2010,Y Venugopal Rao,34.0,44.0,4.0,5,4.0,23.0,10.0,6.0,0.0,42.0,8.5,77.27272727272727,0.09090909090909091,0.5227272727272727,1.0,10.0,0.0
2010,YA Abdulla,0.0,1.0,0.0,2,0.0,0.0,67.0,42.0,1.0,33.0,0.0,0.0,0.0,0.0,7.0,9.571428571428571,0.023809523809523808
2010,YK Pathan,333.0,210.0,11.0,14,46.0,67.0,253.0,213.0,5.0,516.0,30.272727272727273,158.57142857142858,0.21904761904761905,0.319047619047619,35.5,7.126760563380282,0.023474178403755867
2010,Yuvraj Singh,259.0,206.0,12.0,14,35.0,80.0,155.0,138.0,5.0,427.0,21.583333333333332,125.72815533980582,0.16990291262135923,0.3883495145631068,23.0,6.739130434782608,0.036231884057971016
2010,Z Khan,24.0,13.0,2.0,14,4.0,5.0,388.0,292.0,15.0,451.0,12.0,184.6153846153846,0.3076923076923077,0.38461538461538464,48.666666666666664,7.972602739726028,0.05136986301369863
2011,A Mishra,68.0,52.0,6.0,14,10.0,14.0,369.0,324.0,19.0,589.0,11.333333333333334,130.76923076923077,0.19230769230769232,0.2692307692307692,54.0,6.833333333333333,0.05864197530864197
2011,A Mithun,27.0,20.0,3.0,12,4.0,6.0,325.0,220.0,5.0,192.0,9.0,135.0,0.2,0.3,36.666666666666664,8.863636363636365,0.022727272727272728
2011,A Singh,1.0,4.0,2.0,9,0.0,3.0,222.0,174.0,9.0,254.0,0.5,25.0,0.0,0.75,29.0,7.655172413793103,0.05172413793103448
2011,A Symonds,135.0,143.0,3.0,9,12.0,52.0,41.0,24.0,1.0,196.0,45.0,94.4055944055944,0.08391608391608392,0.36363636363636365,4.0,10.25,0.041666666666666664
2011,AA Chavan,1.0,3.0,0.0,2,0.0,2.0,31.0,30.0,0.0,9.0,1.0,33.333333333333336,0.0,0.6666666666666666,5.0,6.2,0.0
2011,AA Jhunjhunwala,10.0,19.0,2.0,3,2.0,12.0,22.0,13.0,0.0,16.0,5.0,52.63157894736842,0.10526315789473684,0.631578947368421,2.1666666666666665,10.153846153846155,0.0
2011,AA Kazi,0.0,0.0,0.0,1,0.0,0.0,21.0,12.0,0.0,4.0,0.0,0.0,0.0,0.0,2.0,10.5,0.0
2011,AB Agarkar,7.0,7.0,0.0,7,1.0,1.0,235.0,163.0,8.0,236.0,7.0,100.0,0.14285714285714285,0.14285714285714285,27.166666666666668,8.650306748466257,0.049079754601226995
2011,AB Dinda,0.0,5.0,1.0,5,0.0,5.0,159.0,107.0,5.0,141.0,0.0,0.0,0.0,1.0,17.833333333333332,8.915887850467291,0.04672897196261682
2011,AB McDonald,8.0,7.0,1.0,1,0.0,2.0,23.0,12.0,0.0,8.0,8.0,114.28571428571429,0.0,0.2857142857142857,2.0,11.5,0.0
2011,AB de Villiers,312.0,248.0,8.0,13,35.0,77.0,0.0,0.0,0.0,367.0,39.0,125.80645161290323,0.14112903225806453,0.31048387096774194,0.0,0.0,0.0
2011,AC Blizzard,120.0,88.0,6.0,6,23.0,42.0,0.0,0.0,0.0,143.0,20.0,136.36363636363637,0.26136363636363635,0.4772727272727273,0.0,0.0,0.0
2011,AC Gilchrist,383.0,309.0,14.0,14,59.0,123.0,0.0,0.0,0.0,442.0,27.357142857142858,123.94822006472492,0.19093851132686085,0.39805825242718446,0.0,0.0,0.0
2011,AC Thomas,1.0,4.0,0.0,11,0.0,3.0,300.0,240.0,11.0,320.0,1.0,25.0,0.0,0.75,40.0,7.5,0.04583333333333333
2011,AG Murtaza,2.0,5.0,0.0,5,0.0,3.0,122.0,120.0,3.0,97.0,2.0,40.0,0.0,0.6,20.0,6.1,0.025
2011,AG Paunikar,49.0,60.0,4.0,4,9.0,34.0,0.0,0.0,0.0,58.0,12.25,81.66666666666667,0.15,0.5666666666666667,0.0,0.0,0.0
2011,AJ Finch,47.0,51.0,7.0,6,6.0,24.0,13.0,13.0,0.0,53.0,6.714285714285714,92.15686274509804,0.11764705882352941,0.47058823529411764,2.1666666666666665,6.0,0.0
2011,AL Menaria,180.0,158.0,10.0,12,20.0,60.0,121.0,93.0,2.0,262.0,18.0,113.92405063291139,0.12658227848101267,0.379746835443038,15.5,7.806451612903226,0.021505376344086023
2011,AM Nayar,61.0,67.0,6.0,9,9.0,32.0,95.0,63.0,2.0,132.0,10.166666666666666,91.04477611940298,0.13432835820895522,0.47761194029850745,10.5,9.047619047619047,0.031746031746031744
2011,AM Rahane,120.0,99.0,5.0,7,14.0,33.0,0.0,0.0,0.0,142.0,24.0,121.21212121212122,0.1414141414141414,0.3333333333333333,0.0,0.0,0.0
2011,AM Salvi,0.0,0.0,0.0,2,0.0,0.0,67.0,50.0,3.0,83.0,0.0,0.0,0.0,0.0,8.333333333333334,8.04,0.06
2011,AN Ahmed,18.0,13.0,0.0,6,2.0,5.0,178.0,126.0,5.0,169.0,18.0,138.46153846153845,0.15384615384615385,0.38461538461538464,21.0,8.476190476190476,0.03968253968253968
2011,AS Raut,60.0,59.0,4.0,4,6.0,22.0,8.0,6.0,0.0,70.0,15.0,101.69491525423729,0.1016949152542373,0.3728813559322034,1.0,8.0,0.0
2011,AT Rayudu,395.0,355.0,14.0,16,53.0,137.0,0.0,0.0,0.0,460.0,28.214285714285715,111.26760563380282,0.14929577464788732,0.38591549295774646,0.0,0.0,0.0
2011,AUK Pathan,33.0,18.0,4.0,5,7.0,8.0,49.0,35.0,0.0,44.0,8.25,183.33333333333334,0.3888888888888889,0.4444444444444444,5.833333333333333,8.4,0.0
2011,Anand Rajan,0.0,0.0,0.0,2,0.0,0.0,49.0,33.0,3.0,83.0,0.0,0.0,0.0,0.0,5.5,8.909090909090908,0.09090909090909091
2011,B Akhil,13.0,9.0,1.0,1,1.0,3.0,22.0,13.0,0.0,14.0,13.0,144.44444444444446,0.1111111111111111,0.3333333333333333,2.1666666666666665,10.153846153846155,0.0
2011,B Chipli,207.0,172.0,9.0,13,25.0,58.0,20.0,6.0,0.0,252.0,23.0,120.34883720930233,0.14534883720930233,0.3372093023255814,1.0,20.0,0.0
2011,B Kumar,1.0,1.0,0.0,4,0.0,0.0,68.0,67.0,3.0,92.0,1.0,100.0,0.0,0.0,11.166666666666666,6.089552238805971,0.04477611940298507
2011,B Lee,5.0,9.0,2.0,12,0.0,4.0,348.0,281.0,5.0,170.0,2.5,55.55555555555556,0.0,0.4444444444444444,46.833333333333336,7.430604982206406,0.017793594306049824
2011,BA Bhatt,0.0,5.0,0.0,8,0.0,5.0,233.0,172.0,9.0,257.0,0.0,0.0,0.0,1.0,28.666666666666668,8.127906976744185,0.05232558139534884
2011,BB McCullum,357.0,292.0,13.0,13,51.0,107.0,0.0,0.0,0.0,408.0,27.46153846153846,122.26027397260275,0.17465753424657535,0.3664383561643836,0.0,0.0,0.0
2011,BJ Haddin,18.0,11.0,1.0,1,3.0,5.0,0.0,0.0,0.0,21.0,18.0,163.63636363636363,0.2727272727272727,0.45454545454545453,0.0,0.0,0.0
2011,BJ Hodge,285.0,245.0,11.0,14,35.0,88.0,77.0,66.0,7.0,511.0,25.90909090909091,116.3265306122449,0.14285714285714285,0.35918367346938773,11.0,7.0,0.10606060606060606
2011,Bipul Sharma,23.0,18.0,1.0,4,1.0,3.0,79.0,77.0,4.0,136.0,23.0,127.77777777777777,0.05555555555555555,0.16666666666666666,12.833333333333334,6.1558441558441555,0.05194805194805195
2011,CA Ingram,21.0,26.0,2.0,3,2.0,9.0,0.0,0.0,0.0,27.0,10.5,80.76923076923077,0.07692307692307693,0.34615384615384615,0.0,0.0,0.0
2011,CA Pujara,34.0,32.0,3.0,3,4.0,10.0,0.0,0.0,0.0,38.0,11.333333333333334,106.25,0.125,0.3125,0.0,0.0,0.0
2011,CH Gayle,608.0,342.0,9.0,12,101.0,115.0,262.0,224.0,8.0,921.0,67.55555555555556,177.77777777777777,0.2953216374269006,0.3362573099415205,37.333333333333336,7.017857142857142,0.03571428571428571
2011,CJ Ferguson,48.0,56.0,2.0,4,6.0,26.0,0.0,0.0,0.0,62.0,24.0,85.71428571428571,0.10714285714285714,0.4642857142857143,0.0,0.0,0.0
2011,CK Langeveldt,8.0,8.0,1.0,3,1.0,5.0,92.0,70.0,5.0,142.0,8.0,100.0,0.125,0.625,11.666666666666666,7.885714285714286,0.07142857142857142
2011,CL White,104.0,109.0,4.0,6,8.0,42.0,0.0,0.0,0.0,120.0,26.0,95.41284403669725,0.07339449541284404,0.3853211009174312,0.0,0.0,0.0
2011,DA Warner,324.0,281.0,13.0,13,45.0,118.0,0.0,0.0,0.0,369.0,24.923076923076923,115.30249110320284,0.1601423487544484,0.4199288256227758,0.0,0.0,0.0
2011,DB Ravi Teja,183.0,147.0,7.0,9,21.0,43.0,9.0,6.0,0.0,212.0,26.142857142857142,124.48979591836735,0.14285714285714285,0.2925170068027211,1.0,9.0,0.0
2011,DE Bollinger,0.0,1.0,0.0,13,0.0,1.0,342.0,291.0,17.0,477.0,0.0,0.0,0.0,1.0,48.5,7.051546391752577,0.058419243986254296
2011,DH Yagnik,16.0,23.0,1.0,4,1.0,9.0,0.0,0.0,0.0,29.0,16.0,69.56521739130434,0.043478260869565216,0.391304347826087,0.0,0.0,0.0
2011,DJ Bravo,11.0,6.0,1.0,6,2.0,3.0,159.0,129.0,6.0,183.0,11.0,183.33333333333334,0.3333333333333333,0.5,21.5,7.395348837209302,0.046511627906976744
2011,DJ Hussey,64.0,65.0,6.0,8,6.0,24.0,38.0,18.0,1.0,103.0,10.666666666666666,98.46153846153847,0.09230769230769231,0.36923076923076925,3.0,12.666666666666666,0.05555555555555555
2011,DJ Jacobs,92.0,91.0,6.0,6,14.0,44.0,0.0,0.0,0.0,106.0,15.333333333333334,101.0989010989011,0.15384615384615385,0.4835164835164835,0.0,0.0,0.0
2011,DL Vettori,23.0,30.0,1.0,13,2.0,10.0,315.0,311.0,12.0,373.0,23.0,76.66666666666667,0.06666666666666667,0.3333333333333333,51.833333333333336,6.077170418006431,0.03858520900321544
2011,DP Nannes,0.0,0.0,0.0,2,0.0,0.0,31.0,25.0,2.0,58.0,0.0,0.0,0.0,0.0,4.166666666666667,7.4399999999999995,0.08
2011,DPMD Jayawardene,299.0,272.0,12.0,13,40.0,97.0,0.0,0.0,0.0,347.0,24.916666666666668,109.92647058823529,0.14705882352941177,0.35661764705882354,0.0,0.0,0.0
2011,DS Kulkarni,2.0,4.0,1.0,6,0.0,2.0,155.0,125.0,5.0,147.0,2.0,50.0,0.0,0.5,20.833333333333332,7.44,0.04
2011,DT Christian,190.0,161.0,10.0,14,16.0,47.0,357.0,291.0,11.0,497.0,19.0,118.01242236024845,0.09937888198757763,0.2919254658385093,48.5,7.360824742268041,0.037800687285223365
2011,DW Steyn,36.0,37.0,3.0,12,3.0,12.0,304.0,286.0,14.0,425.0,12.0,97.29729729729729,0.08108108108108109,0.32432432432432434,47.666666666666664,6.377622377622378,0.04895104895104895
2011,EJG Morgan,137.0,123.0,8.0,9,20.0,52.0,0.0,0.0,0.0,161.0,17.125,111.3821138211382,0.16260162601626016,0.42276422764227645,0.0,0.0,0.0
2011,FY Fazal,19.0,19.0,1.0,2,3.0,9.0,0.0,0.0,0.0,26.0,19.0,100.0,0.15789473684210525,0.47368421052631576,0.0,0.0,0.0
2011,G Gambhir,378.0,332.0,11.0,15,47.0,103.0,0.0,0.0,0.0,441.0,34.36363636363637,113.855421686747,0.14156626506024098,0.3102409638554217,0.0,0.0,0.0
2011,GC Smith,42.0,54.0,4.0,4,6.0,31.0,0.0,0.0,0.0,48.0,10.5,77.77777777777777,0.1111111111111111,0.5740740740740741,0.0,0.0,0.0
2011,Harbhajan Singh,103.0,74.0,4.0,15,15.0,29.0,373.0,326.0,14.0,512.0,25.75,139.1891891891892,0.20270270270270271,0.3918918918918919,54.333333333333336,6.865030674846626,0.04294478527607362
2011,Harmeet Singh,0.0,0.0,0.0,2,0.0,0.0,53.0,44.0,3.0,83.0,0.0,0.0,0.0,0.0,7.333333333333333,7.2272727272727275,0.06818181818181818
2011,Harpreet Singh,14.0,20.0,1.0,2,0.0,7.0,0.0,0.0,0.0,18.0,14.0,70.0,0.0,0.35,0.0,0.0,0.0
2011,I Malhotra,7.0,4.0,0.0,1,1.0,0.0,23.0,6.0,0.0,12.0,7.0,175.0,0.25,0.0,1.0,23.0,0.0
2011,I Sharma,4.0,5.0,0.0,12,0.0,1.0,324.0,275.0,11.0,327.0,4.0,80.0,0.0,0.2,45.833333333333336,7.069090909090908,0.04
2011,IK Pathan,150.0,146.0,7.0,13,18.0,52.0,352.0,286.0,11.0,467.0,21.428571428571427,102.73972602739725,0.1232876712328767,0.3561643835616438,47.666666666666664,7.384615384615385,0.038461538461538464
2011,IR Jaggi,28.0,38.0,2.0,2,3.0,21.0,0.0,0.0,0.0,31.0,14.0,73.6842105263158,0.07894736842105263,0.5526315789473685,0.0,0.0,0.0
2011,Iqbal Abdulla,15.0,12.0,0.0,15,1.0,3.0,313.0,303.0,16.0,476.0,15.0,125.0,0.08333333333333333,0.25,50.5,6.198019801980198,0.052805280528052806
2011,J Botha,230.0,200.0,6.0,10,22.0,61.0,242.0,219.0,7.0,447.0,38.333333333333336,115.0,0.11,0.305,36.5,6.63013698630137,0.0319634703196347
2011,J Syed Mohammad,15.0,13.0,0.0,5,2.0,3.0,128.0,91.0,5.0,162.0,15.0,115.38461538461539,0.15384615384615385,0.23076923076923078,15.166666666666666,8.43956043956044,0.054945054945054944
2011,JA Morkel,138.0,108.0,5.0,15,16.0,33.0,390.0,279.0,15.0,569.0,27.6,127.77777777777777,0.14814814814814814,0.3055555555555556,46.5,8.387096774193548,0.053763440860215055
2011,JD Ryder,292.0,201.0,13.0,13,48.0,81.0,119.0,93.0,4.0,440.0,22.46153846153846,145.273631840796,0.23880597014925373,0.40298507462686567,15.5,7.67741935483871,0.043010752688172046
2011,JD Unadkat,0.0,0.0,0.0,6,0.0,0.0,151.0,111.0,6.0,174.0,0.0,0.0,0.0,0.0,18.5,8.162162162162161,0.05405405405405406
2011,JDP Oram,0.0,3.0,1.0,2,0.0,3.0,46.0,24.0,1.0,29.0,0.0,0.0,0.0,1.0,4.0,11.5,0.041666666666666664
2011,JE Taylor,3.0,4.0,0.0,5,0.0,1.0,167.0,122.0,6.0,173.0,3.0,75.0,0.0,0.25,20.333333333333332,8.213114754098362,0.04918032786885246
2011,JEC Franklin,107.0,80.0,2.0,7,12.0,20.0,99.0,63.0,3.0,214.0,53.5,133.75,0.15,0.25,10.5,9.428571428571429,0.047619047619047616
2011,JH Kallis,424.0,386.0,15.0,15,52.0,144.0,169.0,148.0,7.0,659.0,28.266666666666666,109.84455958549223,0.13471502590673576,0.37305699481865284,24.666666666666668,6.851351351351351,0.0472972972972973
2011,JJ van der Wath,18.0,17.0,2.0,3,2.0,7.0,134.0,76.0,3.0,99.0,9.0,105.88235294117646,0.11764705882352941,0.4117647058823529,12.666666666666666,10.578947368421053,0.039473684210526314
2011,JP Duminy,205.0,176.0,10.0,10,17.0,48.0,149.0,111.0,4.0,322.0,20.5,116.47727272727273,0.09659090909090909,0.2727272727272727,18.5,8.054054054054054,0.036036036036036036
2011,JP Faulkner,0.0,0.0,0.0,1,0.0,0.0,10.0,12.0,1.0,29.0,0.0,0.0,0.0,0.0,2.0,5.0,0.08333333333333333
2011,JR Hopes,196.0,162.0,6.0,9,25.0,53.0,277.0,198.0,7.0,412.0,32.666666666666664,120.98765432098766,0.15432098765432098,0.3271604938271605,33.0,8.393939393939394,0.03535353535353535
2011,Joginder Sharma,0.0,1.0,1.0,1,0.0,1.0,34.0,20.0,0.0,0.0,0.0,0.0,0.0,1.0,3.3333333333333335,10.2,0.0
2011,KA Pollard,146.0,141.0,10.0,16,18.0,53.0,367.0,267.0,10.0,438.0,14.6,103.54609929078015,0.1276595744680851,0.375886524822695,44.5,8.247191011235955,0.03745318352059925
2011,KB Arun Karthik,7.0,8.0,2.0,2,1.0,3.0,0.0,0.0,0.0,8.0,3.5,87.5,0.125,0.375,0.0,0.0,0.0
2011,KC Sangakkara,358.0,298.0,13.0,13,49.0,100.0,0.0,0.0,0.0,407.0,27.53846153846154,120.13422818791946,0.1644295302013423,0.33557046979865773,0.0,0.0,0.0
2011,KD Karthik,282.0,225.0,12.0,13,39.0,76.0,0.0,0.0,0.0,329.0,23.5,125.33333333333333,0.17333333333333334,0.3377777777777778,0.0,0.0,0.0
2011,KM Jadhav,18.0,23.0,3.0,4,1.0,9.0,0.0,0.0,0.0,23.0,6.0,78.26086956521739,0.043478260869565216,0.391304347826087,0.0,0.0,0.0
2011,KMDN Kulasekara,0.0,0.0,0.0,1,0.0,0.0,26.0,19.0,1.0,29.0,0.0,0.0,0.0,0.0,3.1666666666666665,8.210526315789474,0.05263157894736842
2011,Kamran Khan,0.0,0.0,0.0,1,0.0,0.0,47.0,18.0,0.0,4.0,0.0,0.0,0.0,0.0,3.0,15.666666666666666,0.0
2011,L Ablish,0.0,2.0,0.0,1,0.0,2.0,39.0,18.0,0.0,4.0,0.0,0.0,0.0,1.0,3.0,13.0,0.0
2011,L Balaji,4.0,2.0,0.0,14,0.0,0.0,382.0,279.0,10.0,310.0,4.0,200.0,0.0,0.0,46.5,8.21505376344086,0.035842293906810034
2011,LA Pomersbach,51.0,41.0,4.0,4,6.0,14.0,0.0,0.0,0.0,57.0,12.75,124.39024390243902,0.14634146341463414,0.34146341463414637,0.0,0.0,0.0
2011,LR Shukla,14.0,10.0,1.0,1,2.0,3.0,0.0,0.0,0.0,16.0,14.0,140.0,0.2,0.3,0.0,0.0,0.0
2011,LRPL Taylor,181.0,158.0,5.0,11,18.0,51.0,11.0,6.0,0.0,223.0,36.2,114.55696202531645,0.11392405063291139,0.3227848101265823,1.0,11.0,0.0
2011,M Kaif,41.0,35.0,3.0,4,5.0,15.0,0.0,0.0,0.0,50.0,13.666666666666666,117.14285714285714,0.14285714285714285,0.42857142857142855,0.0,0.0,0.0
2011,M Kartik,12.0,15.0,1.0,6,1.0,5.0,170.0,129.0,1.0,58.0,12.0,80.0,0.06666666666666667,0.3333333333333333,21.5,7.906976744186046,0.007751937984496124
2011,M Klinger,73.0,78.0,4.0,4,9.0,33.0,0.0,0.0,0.0,82.0,18.25,93.58974358974359,0.11538461538461539,0.4230769230769231,0.0,0.0,0.0
2011,M Manhas,114.0,128.0,10.0,10,12.0,62.0,42.0,42.0,0.0,126.0,11.4,89.0625,0.09375,0.484375,7.0,6.0,0.0
2011,M Morkel,40.0,25.0,2.0,11,5.0,8.0,335.0,273.0,13.0,406.0,20.0,160.0,0.2,0.32,45.5,7.362637362637362,0.047619047619047616
2011,M Muralitharan,5.0,8.0,0.0,5,0.0,2.0,145.0,117.0,2.0,75.0,5.0,62.5,0.0,0.25,19.5,7.435897435897436,0.017094017094017096
2011,M Vijay,434.0,349.0,16.0,16,54.0,144.0,0.0,0.0,0.0,488.0,27.125,124.35530085959886,0.15472779369627507,0.41260744985673353,0.0,0.0,0.0
2011,MA Agarwal,141.0,129.0,7.0,7,20.0,50.0,0.0,0.0,0.0,161.0,20.142857142857142,109.30232558139535,0.15503875968992248,0.3875968992248062,0.0,0.0,0.0
2011,MD Mishra,67.0,60.0,4.0,5,7.0,23.0,0.0,0.0,0.0,78.0,16.75,111.66666666666667,0.11666666666666667,0.38333333333333336,0.0,0.0,0.0
2011,MEK Hussey,492.0,423.0,12.0,14,59.0,130.0,0.0,0.0,0.0,559.0,41.0,116.31205673758865,0.13947990543735225,0.3073286052009456,0.0,0.0,0.0
2011,MJ Lumb,0.0,2.0,1.0,1,0.0,2.0,0.0,0.0,0.0,0.0,0.0,0.0,0.0,1.0,0.0,0.0,0.0
2011,MK Pandey,246.0,233.0,10.0,9,34.0,101.0,0.0,0.0,0.0,280.0,24.6,105.5793991416309,0.1459227467811159,0.4334763948497854,0.0,0.0,0.0
2011,MK Tiwary,359.0,336.0,9.0,14,40.0,134.0,23.0,13.0,0.0,423.0,39.888888888888886,106.8452380952381,0.11904761904761904,0.39880952380952384,2.1666666666666665,10.615384615384617,0.0
2011,MM Patel,0.0,1.0,1.0,15,0.0,1.0,377.0,329.0,22.0,606.0,0.0,0.0,0.0,1.0,54.833333333333336,6.875379939209727,0.0668693009118541
2011,MR Marsh,50.0,50.0,2.0,5,5.0,23.0,102.0,86.0,7.0,242.0,25.0,100.0,0.1,0.46,14.333333333333334,7.116279069767441,0.08139534883720931
2011,MS Bisla,72.0,90.0,4.0,5,8.0,40.0,0.0,0.0,0.0,84.0,18.0,80.0,0.08888888888888889,0.4444444444444444,0.0,0.0,0.0
2011,MS Dhoni,392.0,247.0,11.0,13,48.0,65.0,0.0,0.0,0.0,452.0,35.63636363636363,158.70445344129556,0.19433198380566802,0.2631578947368421,0.0,0.0,0.0
2011,MS Gony,0.0,2.0,1.0,3,0.0,1.0,86.0,55.0,4.0,108.0,0.0,0.0,0.0,0.5,9.166666666666666,9.381818181818183,0.07272727272727272
2011,MS Wade,22.0,33.0,3.0,3,0.0,14.0,0.0,0.0,0.0,22.0,7.333333333333333,66.66666666666667,0.0,0.42424242424242425,0.0,0.0,0.0
2011,MV Boucher,6.0,6.0,1.0,2,0.0,1.0,0.0,0.0,0.0,10.0,6.0,100.0,0.0,0.16666666666666666,0.0,0.0,0.0
2011,Mandeep Singh,47.0,42.0,4.0,5,5.0,14.0,0.0,0.0,0.0,56.0,11.75,111.9047619047619,0.11904761904761904,0.3333333333333333,0.0,0.0,0.0
2011,ND Doshi,0.0,13.0,1.0,3,0.0,13.0,62.0,32.0,1.0,33.0,0.0,0.0,0.0,1.0,5.333333333333333,11.625,0.03125
2011,NJ Rimmington,1.0,1.0,0.0,1,0.0,0.0,20.0,18.0,0.0,5.0,1.0,100.0,0.0,0.0,3.0,6.666666666666667,0.0
2011,NL McCullum,26.0,23.0,3.0,2,1.0,6.0,35.0,30.0,0.0,31.0,8.666666666666666,113.04347826086956,0.043478260869565216,0.2608695652173913,5.0,7.0,0.0
2011,NLTC Perera,23.0,29.0,2.0,4,4.0,17.0,113.0,83.0,2.0,85.0,11.5,79.3103448275862,0.13793103448275862,0.5862068965517241,13.833333333333334,8.168674698795181,0.024096385542168676
2011,NV Ojha,160.0,169.0,13.0,14,22.0,92.0,0.0,0.0,0.0,186.0,12.307692307692308,94.67455621301775,0.1301775147928994,0.5443786982248521,0.0,0.0,0.0
2011,OA Shah,26.0,16.0,1.0,2,3.0,2.0,0.0,0.0,0.0,33.0,26.0,162.5,0.1875,0.125,0.0,0.0,0.0
2011,P Kumar,27.0,33.0,3.0,13,3.0,16.0,353.0,283.0,10.0,320.0,9.0,81.81818181818181,0.09090909090909091,0.48484848484848486,47.166666666666664,7.484098939929329,0.0353356890459364
2011,P Parameswaran,1.0,1.0,0.0,5,0.0,0.0,137.0,97.0,4.0,121.0,1.0,100.0,0.0,0.0,16.166666666666668,8.474226804123711,0.041237113402061855
2011,P Prasanth,0.0,0.0,0.0,1,0.0,0.0,18.0,6.0,0.0,4.0,0.0,0.0,0.0,0.0,1.0,18.0,0.0
2011,PA Patel,202.0,189.0,9.0,13,27.0,76.0,0.0,0.0,0.0,245.0,22.444444444444443,106.87830687830687,0.14285714285714285,0.4021164021164021,0.0,0.0,0.0
2011,PC Valthaty,463.0,351.0,13.0,14,76.0,155.0,191.0,147.0,7.0,718.0,35.61538461538461,131.9088319088319,0.21652421652421652,0.4415954415954416,24.5,7.795918367346939,0.047619047619047616
2011,PP Chawla,48.0,55.0,4.0,12,4.0,24.0,340.0,253.0,16.0,484.0,12.0,87.27272727272727,0.07272727272727272,0.43636363636363634,42.166666666666664,8.063241106719367,0.06324110671936758
2011,PP Ojha,0.0,0.0,0.0,10,0.0,0.0,279.0,222.0,10.0,290.0,0.0,0.0,0.0,0.0,37.0,7.54054054054054,0.04504504504504504
2011,PR Shah,5.0,5.0,1.0,1,1.0,3.0,0.0,0.0,0.0,6.0,5.0,100.0,0.2,0.6,0.0,0.0,0.0
2011,Pankaj Singh,0.0,0.0,0.0,1,0.0,0.0,24.0,12.0,0.0,4.0,0.0,0.0,0.0,0.0,2.0,12.0,0.0
2011,R Ashwin,2.0,6.0,2.0,16,0.0,4.0,397.0,384.0,20.0,558.0,1.0,33.333333333333336,0.0,0.6666666666666666,64.0,6.203125,0.052083333333333336
2011,R Bhatia,25.0,23.0,2.0,13,3.0,5.0,213.0,192.0,8.0,272.0,12.5,108.69565217391305,0.13043478260869565,0.21739130434782608,32.0,6.65625,0.041666666666666664
2011,R Dravid,343.0,320.0,11.0,12,47.0,130.0,0.0,0.0,0.0,394.0,31.181818181818183,107.1875,0.146875,0.40625,0.0,0.0,0.0
2011,R McLaren,90.0,101.0,3.0,6,8.0,36.0,182.0,111.0,5.0,235.0,30.0,89.10891089108911,0.07920792079207921,0.3564356435643564,18.5,9.837837837837839,0.04504504504504504
2011,R Ninan,3.0,6.0,1.0,2,0.0,2.0,65.0,36.0,3.0,82.0,3.0,50.0,0.0,0.3333333333333333,6.0,10.833333333333334,0.08333333333333333
2011,R Sathish,25.0,35.0,2.0,5,1.0,16.0,41.0,31.0,0.0,38.0,12.5,71.42857142857143,0.02857142857142857,0.45714285714285713,5.166666666666667,7.935483870967741,0.0
2011,R Sharma,24.0,23.0,2.0,14,3.0,11.0,277.0,301.0,16.0,475.0,12.0,104.34782608695652,0.13043478260869565,0.4782608695652174,50.166666666666664,5.5215946843853825,0.053156146179401995
2011,R Vinay Kumar,50.0,48.0,6.0,13,5.0,16.0,342.0,273.0,12.0,383.0,8.333333333333334,104.16666666666667,0.10416666666666667,0.3333333333333333,45.5,7.516483516483516,0.04395604395604396
2011,RA Jadeja,283.0,234.0,9.0,14,34.0,84.0,306.0,260.0,8.0,537.0,31.444444444444443,120.94017094017094,0.1452991452991453,0.358974358974359,43.333333333333336,7.061538461538461,0.03076923076923077
2011,RE van der Merwe,14.0,16.0,1.0,4,1.0,5.0,94.0,90.0,5.0,152.0,14.0,87.5,0.0625,0.3125,15.0,6.266666666666667,0.05555555555555555
2011,RG Sharma,372.0,304.0,10.0,13,45.0,101.0,53.0,25.0,0.0,429.0,37.2,122.36842105263158,0.14802631578947367,0.33223684210526316,4.166666666666667,12.719999999999999,0.0
2011,RJ Harris,31.0,39.0,5.0,13,3.0,19.0,400.0,294.0,16.0,466.0,6.2,79.48717948717949,0.07692307692307693,0.48717948717948717,49.0,8.16326530612245,0.05442176870748299
2011,RN ten Doeschate,107.0,76.0,3.0,4,14.0,22.0,7.0,7.0,0.0,125.0,35.666666666666664,140.78947368421052,0.18421052631578946,0.2894736842105263,1.1666666666666667,6.0,0.0
2011,RP Singh,2.0,4.0,2.0,14,0.0,1.0,364.0,312.0,13.0,375.0,1.0,50.0,0.0,0.25,52.0,7.0,0.041666666666666664
2011,RR Powar,11.0,13.0,2.0,5,0.0,5.0,112.0,72.0,2.0,73.0,5.5,84.61538461538461,0.0,0.38461538461538464,12.0,9.333333333333334,0.027777777777777776
2011,RV Gomez,46.0,52.0,7.0,11,5.0,22.0,125.0,91.0,5.0,196.0,6.571428571428571,88.46153846153847,0.09615384615384616,0.4230769230769231,15.166666666666666,8.241758241758243,0.054945054945054944
2011,RV Uthappa,264.0,215.0,10.0,13,37.0,82.0,0.0,0.0,0.0,313.0,26.4,122.79069767441861,0.17209302325581396,0.3813953488372093,0.0,0.0,0.0
2011,RW Price,0.0,0.0,0.0,1,0.0,0.0,33.0,18.0,0.0,4.0,0.0,0.0,0.0,0.0,3.0,11.0,0.0
2011,S Anirudha,83.0,78.0,4.0,5,9.0,27.0,0.0,0.0,0.0,96.0,20.75,106.41025641025641,0.11538461538461539,0.34615384615384615,0.0,0.0,0.0
2011,S Aravind,13.0,10.0,0.0,13,2.0,1.0,377.0,287.0,21.0,592.0,13.0,130.0,0.2,0.1,47.833333333333336,7.881533101045296,0.07317073170731707
2011,S Badrinath,396.0,320.0,6.0,12,47.0,95.0,0.0,0.0,0.0,467.0,66.0,123.75,0.146875,0.296875,0.0,0.0,0.0
2011,S Dhawan,400.0,315.0,12.0,14,54.0,98.0,12.0,12.0,1.0,491.0,33.333333333333336,126.98412698412699,0.17142857142857143,0.3111111111111111,2.0,6.0,0.08333333333333333
2011,S Ladda,0.0,0.0,0.0,2,0.0,0.0,42.0,25.0,0.0,8.0,0.0,0.0,0.0,0.0,4.166666666666667,10.08,0.0
2011,S Nadeem,0.0,1.0,1.0,5,0.0,1.0,145.0,115.0,4.0,116.0,0.0,0.0,0.0,1.0,19.166666666666668,7.565217391304348,0.034782608695652174
2011,S Rana,18.0,16.0,1.0,1,2.0,4.0,2.0,4.0,0.0,20.0,18.0,112.5,0.125,0.25,0.6666666666666666,3.0,0.0
2011,S Randiv,2.0,4.0,1.0,8,0.0,3.0,222.0,178.0,6.0,180.0,2.0,50.0,0.0,0.75,29.666666666666668,7.48314606741573,0.033707865168539325
2011,S Sohal,249.0,201.0,9.0,10,35.0,76.0,0.0,0.0,0.0,288.0,27.666666666666668,123.88059701492537,0.17412935323383086,0.3781094527363184,0.0,0.0,0.0
2011,S Sreesanth,1.0,9.0,1.0,9,0.0,7.0,212.0,206.0,7.0,208.0,1.0,11.11111111111111,0.0,0.7777777777777778,34.333333333333336,6.174757281553398,0.03398058252427184
2011,S Sriram,4.0,7.0,1.0,1,0.0,4.0,25.0,6.0,0.0,4.0,4.0,57.142857142857146,0.0,0.5714285714285714,1.0,25.0,0.0
2011,SA Asnodkar,9.0,9.0,1.0,1,1.0,4.0,0.0,0.0,0.0,10.0,9.0,100.0,0.1111111111111111,0.4444444444444444,0.0,0.0,0.0
2011,SB Jakati,0.0,0.0,0.0,14,0.0,0.0,338.0,269.0,10.0,306.0,0.0,0.0,0.0,0.0,44.833333333333336,7.5390334572490705,0.03717472118959108
2011,SB Styris,5.0,2.0,0.0,2,1.0,0.0,13.0,6.0,0.0,14.0,5.0,250.0,0.5,0.0,1.0,13.0,0.0
2011,SB Wagh,2.0,3.0,2.0,7,0.0,2.0,131.0,102.0,4.0,122.0,1.0,66.66666666666667,0.0,0.6666666666666666,17.0,7.705882352941177,0.0392156862745098
2011,SC Ganguly,50.0,61.0,2.0,3,5.0,29.0,0.0,0.0,0.0,59.0,25.0,81.9672131147541,0.08196721311475409,0.47540983606557374,0.0,0.0,0.0
2011,SD Chitnis,9.0,9.0,1.0,1,1.0,3.0,0.0,0.0,0.0,10.0,9.0,100.0,0.1111111111111111,0.3333333333333333,0.0,0.0,0.0
2011,SE Marsh,504.0,349.0,12.0,13,72.0,105.0,0.0,0.0,0.0,580.0,42.0,144.41260744985672,0.20630372492836677,0.3008595988538682,0.0,0.0,0.0
2011,SJ Srivastava,4.0,3.0,0.0,6,0.0,0.0,186.0,127.0,8.0,228.0,4.0,133.33333333333334,0.0,0.0,21.166666666666668,8.78740157480315,0.06299212598425197
2011,SK Raina,438.0,335.0,14.0,16,53.0,107.0,208.0,172.0,4.0,599.0,31.285714285714285,130.7462686567164,0.1582089552238806,0.3194029850746269,28.666666666666668,7.255813953488372,0.023255813953488372
2011,SK Trivedi,0.0,2.0,1.0,12,0.0,2.0,306.0,221.0,10.0,294.0,0.0,0.0,0.0,1.0,36.833333333333336,8.307692307692307,0.04524886877828054
2011,SK Warne,10.0,20.0,2.0,13,1.0,13.0,298.0,285.0,13.0,380.0,5.0,50.0,0.05,0.65,47.5,6.273684210526316,0.0456140350877193
2011,SL Malinga,8.0,9.0,2.0,16,1.0,6.0,393.0,395.0,28.0,765.0,4.0,88.88888888888889,0.1111111111111111,0.6666666666666666,65.83333333333333,5.969620253164558,0.07088607594936709
2011,SP Goswami,29.0,31.0,3.0,4,5.0,16.0,0.0,0.0,0.0,38.0,9.666666666666666,93.54838709677419,0.16129032258064516,0.5161290322580645,0.0,0.0,0.0
2011,SR Tendulkar,553.0,511.0,15.0,16,72.0,173.0,0.0,0.0,0.0,633.0,36.86666666666667,108.21917808219177,0.14090019569471623,0.3385518590998043,0.0,0.0,0.0
2011,SR Watson,330.0,256.0,10.0,11,48.0,114.0,248.0,224.0,6.0,532.0,33.0,128.90625,0.1875,0.4453125,37.333333333333336,6.642857142857142,0.026785714285714284
2011,SS Mundhe,0.0,0.0,0.0,1,0.0,0.0,6.0,7.0,1.0,29.0,0.0,0.0,0.0,0.0,1.1666666666666667,5.142857142857142,0.14285714285714285
2011,SS Tiwary,187.0,196.0,8.0,13,18.0,75.0,0.0,0.0,0.0,225.0,23.375,95.40816326530613,0.09183673469387756,0.3826530612244898,0.0,0.0,0.0
2011,STR Binny,37.0,31.0,1.0,3,3.0,10.0,44.0,25.0,0.0,48.0,37.0,119.35483870967742,0.0967741935483871,0.3225806451612903,4.166666666666667,10.559999999999999,0.0
2011,SW Tait,10.0,10.0,1.0,4,1.0,3.0,137.0,102.0,6.0,173.0,10.0,100.0,0.1,0.3,17.0,8.058823529411764,0.058823529411764705
2011,Shakib Al Hasan,29.0,23.0,2.0,7,4.0,6.0,177.0,158.0,11.0,328.0,14.5,126.08695652173913,0.17391304347826086,0.2608695652173913,26.333333333333332,6.7215189873417724,0.06962025316455696
2011,Sunny Singh,43.0,31.0,4.0,5,7.0,11.0,0.0,0.0,0.0,54.0,10.75,138.70967741935485,0.22580645161290322,0.3548387096774194,0.0,0.0,0.0
2011,TD Paine,10.0,29.0,2.0,2,0.0,14.0,0.0,0.0,0.0,10.0,5.0,34.48275862068966,0.0,0.4827586206896552,0.0,0.0,0.0
2011,TG Southee,0.0,0.0,0.0,5,0.0,0.0,167.0,119.0,4.0,120.0,0.0,0.0,0.0,0.0,19.833333333333332,8.420168067226891,0.03361344537815126
2011,TL Suman,65.0,53.0,6.0,7,10.0,25.0,50.0,36.0,0.0,79.0,10.833333333333334,122.64150943396227,0.18867924528301888,0.4716981132075472,6.0,8.333333333333334,0.0
2011,TM Dilshan,226.0,185.0,8.0,10,36.0,69.0,108.0,74.0,1.0,295.0,28.25,122.16216216216216,0.1945945945945946,0.372972972972973,12.333333333333334,8.756756756756756,0.013513513513513514
2011,TR Birt,75.0,59.0,5.0,5,11.0,24.0,0.0,0.0,0.0,86.0,15.0,127.11864406779661,0.1864406779661017,0.4067796610169492,0.0,0.0,0.0
2011,UBT Chand,2.0,12.0,2.0,2,0.0,9.0,0.0,0.0,0.0,2.0,1.0,16.666666666666668,0.0,0.75,0.0,0.0,0.0
2011,UT Yadav,1.0,6.0,1.0,6,0.0,4.0,171.0,112.0,2.0,71.0,1.0,16.666666666666668,0.0,0.6666666666666666,18.666666666666668,9.160714285714285,0.017857142857142856
2011,V Kohli,557.0,473.0,13.0,16,71.0,171.0,140.0,106.0,2.0,694.0,42.84615384615385,117.75898520084567,0.15010570824524314,0.36152219873150104,17.666666666666668,7.924528301886792,0.018867924528301886
2011,V Sehwag,424.0,247.0,9.0,11,69.0,76.0,0.0,0.0,0.0,501.0,47.111111111111114,171.65991902834008,0.2793522267206478,0.3076923076923077,0.0,0.0,0.0
2011,VR Aaron,0.0,5.0,0.0,3,0.0,5.0,83.0,77.0,2.0,62.0,0.0,0.0,0.0,1.0,12.833333333333334,6.467532467532467,0.025974025974025976
2011,VS Malik,0.0,0.0,0.0,1,0.0,0.0,14.0,12.0,0.0,4.0,0.0,0.0,0.0,0.0,2.0,7.0,0.0
2011,VVS Laxman,44.0,42.0,2.0,3,5.0,18.0,0.0,0.0,0.0,53.0,22.0,104.76190476190476,0.11904761904761904,0.42857142857142855,0.0,0.0,0.0
2011,WD Parnell,37.0,42.0,3.0,8,3.0,16.0,221.0,183.0,9.0,285.0,12.333333333333334,88.0952380952381,0.07142857142857142,0.38095238095238093,30.5,7.245901639344262,0.04918032786885246
2011,WP Saha,68.0,67.0,1.0,2,6.0,22.0,0.0,0.0,0.0,78.0,68.0,101.49253731343283,0.08955223880597014,0.3283582089552239,0.0,0.0,0.0
2011,Y Gnaneswara Rao,19.0,18.0,1.0,2,3.0,8.0,7.0,6.0,0.0,26.0,19.0,105.55555555555556,0.16666666666666666,0.4444444444444444,1.0,7.0,0.0
2011,Y Nagar,111.0,108.0,8.0,10,12.0,40.0,67.0,34.0,1.0,160.0,13.875,102.77777777777777,0.1111111111111111,0.37037037037037035,5.666666666666667,11.823529411764705,0.029411764705882353
2011,Y Venugopal Rao,336.0,292.0,12.0,14,43.0,108.0,26.0,12.0,0.0,387.0,28.0,115.06849315068493,0.14726027397260275,0.3698630136986301,2.0,13.0,0.0
2011,YK Pathan,283.0,205.0,9.0,15,37.0,65.0,244.0,241.0,13.0,669.0,31.444444444444443,138.0487804878049,0.18048780487804877,0.3170731707317073,40.166666666666664,6.0746887966804985,0.05394190871369295
2011,Yuvraj Singh,343.0,269.0,9.0,14,42.0,104.0,193.0,175.0,9.0,630.0,38.111111111111114,127.5092936802974,0.15613382899628253,0.38661710037174724,29.166666666666668,6.6171428571428565,0.05142857142857143
2011,Z Khan,21.0,24.0,2.0,15,2.0,12.0,465.0,372.0,14.0,425.0,10.5,87.5,0.08333333333333333,0.5,62.0,7.5,0.03763440860215054
2012,A Ashish Reddy,35.0,30.0,4.0,9,4.0,11.0,238.0,169.0,11.0,334.0,8.75,116.66666666666667,0.13333333333333333,0.36666666666666664,28.166666666666668,8.449704142011834,0.0650887573964497
2012,A Chandila,0.0,1.0,1.0,4,0.0,1.0,87.0,84.0,5.0,137.0,0.0,0.0,0.0,1.0,14.0,6.214285714285714,0.05952380952380952
2012,A Mishra,16.0,21.0,3.0,14,1.0,8.0,381.0,289.0,13.0,386.0,5.333333333333333,76.19047619047619,0.047619047619047616,0.38095238095238093,48.166666666666664,7.9100346020761245,0.04498269896193772
2012,A Mithun,0.0,0.0,0.0,1,0.0,0.0,34.0,19.0,0.0,4.0,0.0,0.0,0.0,0.0,3.1666666666666665,10.736842105263158,0.0
2012,A Nehra,11.0,13.0,1.0,13,1.0,4.0,411.0,290.0,11.0,335.0,11.0,84.61538461538461,0.07692307692307693,0.3076923076923077,48.333333333333336,8.503448275862068,0.03793103448275862
2012,A Singh,0.0,3.0,1.0,9,0.0,2.0,316.0,202.0,10.0,282.0,0.0,0.0,0.0,0.6666666666666666,33.666666666666664,9.386138613861387,0.04950495049504951
2012,AA Chavan,11.0,8.0,1.0,8,2.0,3.0,245.0,169.0,7.0,216.0,11.0,137.5,0.25,0.375,28.166666666666668,8.698224852071005,0.04142011834319527
2012,AA Jhunjhunwala,24.0,27.0,2.0,4,2.0,12.0,39.0,36.0,1.0,59.0,12.0,88.88888888888889,0.07407407407407407,0.4444444444444444,6.0,6.5,0.027777777777777776
2012,AB Agarkar,0.0,0.0,0.0,4,0.0,0.0,134.0,89.0,3.0,91.0,0.0,0.0,0.0,0.0,14.833333333333334,9.03370786516854,0.033707865168539325
2012,AB Dinda,2.0,5.0,0.0,7,0.0,2.0,171.0,153.0,9.0,255.0,2.0,40.0,0.0,0.4,25.5,6.705882352941177,0.058823529411764705
2012,AB McDonald,47.0,36.0,2.0,3,8.0,14.0,63.0,61.0,5.0,184.0,23.5,130.55555555555554,0.2222222222222222,0.3888888888888889,10.166666666666666,6.19672131147541,0.08196721311475409
2012,AB de Villiers,319.0,203.0,8.0,13,41.0,49.0,0.0,0.0,0.0,380.0,39.875,157.14285714285714,0.2019704433497537,0.2413793103448276,0.0,0.0,0.0
2012,AC Blizzard,0.0,3.0,1.0,1,0.0,3.0,0.0,0.0,0.0,0.0,0.0,0.0,0.0,1.0,0.0,0.0,0.0
2012,AC Gilchrist,172.0,147.0,4.0,7,25.0,59.0,0.0,0.0,0.0,209.0,43.0,117.00680272108843,0.17006802721088435,0.4013605442176871,0.0,0.0,0.0
2012,AC Thomas,19.0,15.0,2.0,4,2.0,5.0,116.0,85.0,3.0,104.0,9.5,126.66666666666667,0.13333333333333333,0.3333333333333333,14.166666666666666,8.188235294117648,0.03529411764705882
2012,AD Mascarenhas,14.0,16.0,3.0,4,1.0,7.0,110.0,97.0,7.0,194.0,4.666666666666667,87.5,0.0625,0.4375,16.166666666666668,6.804123711340206,0.07216494845360824
2012,AD Mathews,127.0,110.0,7.0,9,9.0,28.0,195.0,158.0,7.0,323.0,18.142857142857142,115.45454545454545,0.08181818181818182,0.2545454545454545,26.333333333333332,7.405063291139241,0.04430379746835443
2012,AD Russell,47.0,27.0,2.0,4,6.0,5.0,162.0,98.0,1.0,86.0,23.5,174.07407407407408,0.2222222222222222,0.18518518518518517,16.333333333333332,9.918367346938776,0.01020408163265306
2012,AG Murtaza,3.0,5.0,0.0,1,0.0,2.0,11.0,12.0,0.0,7.0,3.0,60.0,0.0,0.4,2.0,5.5,0.0
2012,AJ Finch,55.0,52.0,2.0,2,8.0,21.0,0.0,0.0,0.0,63.0,27.5,105.76923076923077,0.15384615384615385,0.40384615384615385,0.0,0.0,0.0
2012,AL Menaria,220.0,207.0,11.0,12,22.0,77.0,23.0,20.0,1.0,271.0,20.0,106.28019323671498,0.10628019323671498,0.3719806763285024,3.3333333333333335,6.8999999999999995,0.05
2012,AM Nayar,45.0,49.0,2.0,4,3.0,15.0,16.0,6.0,0.0,56.0,22.5,91.83673469387755,0.061224489795918366,0.30612244897959184,1.0,16.0,0.0
2012,AM Rahane,560.0,448.0,14.0,16,83.0,156.0,0.0,0.0,0.0,651.0,40.0,125.0,0.18526785714285715,0.3482142857142857,0.0,0.0,0.0
2012,AN Ahmed,0.0,0.0,0.0,1,0.0,0.0,17.0,13.0,0.0,4.0,0.0,0.0,0.0,0.0,2.1666666666666665,7.846153846153847,0.0
2012,AP Majumdar,87.0,77.0,4.0,4,9.0,25.0,0.0,0.0,0.0,96.0,21.75,112.98701298701299,0.11688311688311688,0.3246753246753247,0.0,0.0,0.0
2012,AT Rayudu,333.0,261.0,9.0,15,35.0,72.0,0.0,0.0,0.0,392.0,37.0,127.58620689655173,0.13409961685823754,0.27586206896551724,0.0,0.0,0.0
2012,AUK Pathan,6.0,8.0,1.0,2,0.0,3.0,14.0,6.0,0.0,10.0,6.0,75.0,0.0,0.375,1.0,14.0,0.0
2012,Anand Rajan,0.0,0.0,0.0,4,0.0,0.0,113.0,76.0,3.0,91.0,0.0,0.0,0.0,0.0,12.666666666666666,8.921052631578947,0.039473684210526314
2012,Ankit Sharma,18.0,13.0,3.0,9,2.0,5.0,167.0,147.0,4.0,144.0,6.0,138.46153846153845,0.15384615384615385,0.38461538461538464,24.5,6.816326530612245,0.027210884353741496
2012,Azhar Mahmood,186.0,145.0,8.0,11,24.0,50.0,331.0,265.0,14.0,572.0,23.25,128.27586206896552,0.16551724137931034,0.3448275862068966,44.166666666666664,7.49433962264151,0.052830188679245285
2012,B Chipli,37.0,35.0,3.0,4,5.0,18.0,0.0,0.0,0.0,46.0,12.333333333333334,105.71428571428571,0.14285714285714285,0.5142857142857142,0.0,0.0,0.0
2012,B Kumar,40.0,41.0,3.0,11,4.0,15.0,293.0,239.0,8.0,276.0,13.333333333333334,97.5609756097561,0.0975609756097561,0.36585365853658536,39.833333333333336,7.355648535564853,0.03347280334728033
2012,B Lee,42.0,21.0,2.0,10,6.0,5.0,303.0,234.0,7.0,255.0,21.0,200.0,0.2857142857142857,0.23809523809523808,39.0,7.769230769230769,0.029914529914529916
2012,BA Bhatt,6.0,2.0,0.0,5,1.0,1.0,143.0,99.0,2.0,77.0,6.0,300.0,0.5,0.5,16.5,8.666666666666666,0.020202020202020204
2012,BB McCullum,289.0,287.0,13.0,12,40.0,126.0,0.0,0.0,0.0,329.0,22.23076923076923,100.69686411149826,0.13937282229965156,0.43902439024390244,0.0,0.0,0.0
2012,BB Samantray,2.0,2.0,0.0,1,0.0,0.0,0.0,0.0,0.0,6.0,2.0,100.0,0.0,0.0,0.0,0.0,0.0
2012,BJ Hodge,245.0,180.0,8.0,12,27.0,47.0,22.0,12.0,1.0,313.0,30.625,136.11111111111111,0.15,0.2611111111111111,2.0,11.0,0.08333333333333333
2012,BW Hilfenhaus,0.0,0.0,0.0,9,0.0,0.0,242.0,215.0,14.0,386.0,0.0,0.0,0.0,0.0,35.833333333333336,6.753488372093023,0.06511627906976744
2012,Bipul Sharma,72.0,47.0,2.0,4,9.0,12.0,82.0,48.0,0.0,89.0,36.0,153.19148936170214,0.19148936170212766,0.2553191489361702,8.0,10.25,0.0
2012,CA Lynn,6.0,10.0,1.0,1,1.0,6.0,0.0,0.0,0.0,7.0,6.0,60.0,0.1,0.6,0.0,0.0,0.0
2012,CA Pujara,17.0,23.0,3.0,3,2.0,15.0,0.0,0.0,0.0,19.0,5.666666666666667,73.91304347826087,0.08695652173913043,0.6521739130434783,0.0,0.0,0.0
2012,CH Gayle,733.0,472.0,12.0,14,105.0,168.0,67.0,30.0,0.0,846.0,61.083333333333336,155.29661016949152,0.22245762711864406,0.3559322033898305,5.0,13.4,0.0
2012,CJ Ferguson,50.0,63.0,4.0,4,3.0,29.0,0.0,0.0,0.0,53.0,12.5,79.36507936507937,0.047619047619047616,0.4603174603174603,0.0,0.0,0.0
2012,CJ McKay,8.0,15.0,1.0,2,0.0,8.0,60.0,42.0,1.0,37.0,8.0,53.333333333333336,0.0,0.5333333333333333,7.0,8.571428571428571,0.023809523809523808
2012,CL White,479.0,327.0,12.0,13,61.0,87.0,27.0,20.0,0.0,548.0,39.916666666666664,146.48318042813455,0.18654434250764526,0.26605504587155965,3.3333333333333335,8.1,0.0
2012,DA Miller,98.0,76.0,2.0,6,10.0,19.0,0.0,0.0,0.0,124.0,49.0,128.94736842105263,0.13157894736842105,0.25,0.0,0.0,0.0
2012,DA Warner,256.0,161.0,7.0,8,42.0,64.0,0.0,0.0,0.0,302.0,36.57142857142857,159.0062111801242,0.2608695652173913,0.39751552795031053,0.0,0.0,0.0
2012,DAJ Bracewell,12.0,9.0,0.0,1,1.0,1.0,32.0,25.0,3.0,92.0,12.0,133.33333333333334,0.1111111111111111,0.1111111111111111,4.166666666666667,7.68,0.12
2012,DB Das,126.0,96.0,1.0,10,15.0,28.0,0.0,0.0,0.0,177.0,126.0,131.25,0.15625,0.2916666666666667,0.0,0.0,0.0
2012,DB Ravi Teja,4.0,4.0,2.0,2,1.0,3.0,0.0,0.0,0.0,5.0,2.0,100.0,0.25,0.75,0.0,0.0,0.0
2012,DE Bollinger,3.0,5.0,1.0,6,0.0,2.0,160.0,112.0,9.0,248.0,3.0,60.0,0.0,0.4,18.666666666666668,8.571428571428571,0.08035714285714286
2012,DH Yagnik,25.0,14.0,1.0,3,5.0,4.0,0.0,0.0,0.0,38.0,25.0,178.57142857142858,0.35714285714285715,0.2857142857142857,0.0,0.0,0.0
2012,DJ Bravo,371.0,271.0,8.0,18,40.0,82.0,470.0,358.0,15.0,826.0,46.375,136.90036900369003,0.14760147601476015,0.3025830258302583,59.666666666666664,7.87709497206704,0.04189944134078212
2012,DJ Harris,111.0,103.0,3.0,4,16.0,48.0,26.0,18.0,0.0,131.0,37.0,107.76699029126213,0.1553398058252427,0.46601941747572817,3.0,8.666666666666666,0.0
2012,DJ Hussey,396.0,313.0,12.0,15,45.0,101.0,67.0,55.0,3.0,532.0,33.0,126.51757188498402,0.14376996805111822,0.3226837060702875,9.166666666666666,7.3090909090909095,0.05454545454545454
2012,DJ Jacobs,0.0,10.0,1.0,1,0.0,9.0,0.0,0.0,0.0,0.0,0.0,0.0,0.0,0.9,0.0,0.0,0.0
2012,DL Vettori,31.0,28.0,3.0,9,4.0,8.0,240.0,211.0,5.0,184.0,10.333333333333334,110.71428571428571,0.14285714285714285,0.2857142857142857,35.166666666666664,6.8246445497630335,0.023696682464454975
2012,DPMD Jayawardene,335.0,306.0,10.0,15,42.0,110.0,0.0,0.0,0.0,397.0,33.5,109.47712418300654,0.13725490196078433,0.35947712418300654,0.0,0.0,0.0
2012,DR Smith,157.0,102.0,4.0,7,25.0,34.0,98.0,78.0,2.0,244.0,39.25,153.92156862745097,0.24509803921568626,0.3333333333333333,13.0,7.538461538461538,0.02564102564102564
2012,DS Kulkarni,10.0,5.0,0.0,2,2.0,1.0,64.0,53.0,6.0,170.0,10.0,200.0,0.4,0.2,8.833333333333334,7.245283018867924,0.11320754716981132
2012,DT Christian,145.0,122.0,5.0,7,14.0,31.0,240.0,168.0,8.0,367.0,29.0,118.85245901639344,0.11475409836065574,0.2540983606557377,28.0,8.571428571428571,0.047619047619047616
2012,DW Steyn,19.0,21.0,5.0,12,1.0,11.0,290.0,289.0,18.0,498.0,3.8,90.47619047619048,0.047619047619047616,0.5238095238095238,48.166666666666664,6.02076124567474,0.06228373702422145
2012,F du Plessis,398.0,310.0,11.0,12,46.0,104.0,16.0,6.0,0.0,452.0,36.18181818181818,128.38709677419354,0.14838709677419354,0.33548387096774196,1.0,16.0,0.0
2012,G Gambhir,590.0,429.0,14.0,17,81.0,126.0,0.0,0.0,0.0,683.0,42.142857142857146,137.52913752913753,0.1888111888111888,0.2937062937062937,0.0,0.0,0.0
2012,GB Hogg,15.0,16.0,2.0,9,1.0,5.0,262.0,220.0,10.0,294.0,7.5,93.75,0.0625,0.3125,36.666666666666664,7.1454545454545455,0.045454545454545456
2012,GJ Maxwell,6.0,11.0,1.0,2,0.0,4.0,22.0,18.0,1.0,35.0,6.0,54.54545454545455,0.0,0.36363636363636365,3.0,7.333333333333333,0.05555555555555555
2012,Gurkeerat Singh,86.0,54.0,3.0,4,14.0,13.0,0.0,0.0,0.0,104.0,28.666666666666668,159.25925925925927,0.25925925925925924,0.24074074074074073,0.0,0.0,0.0
2012,HH Gibbs,81.0,91.0,2.0,3,10.0,46.0,0.0,0.0,0.0,95.0,40.5,89.01098901098901,0.10989010989010989,0.5054945054945055,0.0,0.0,0.0
2012,HV Patel,15.0,17.0,2.0,11,1.0,3.0,352.0,249.0,9.0,277.0,7.5,88.23529411764706,0.058823529411764705,0.17647058823529413,41.5,8.481927710843374,0.03614457831325301
2012,Harbhajan Singh,108.0,82.0,9.0,17,17.0,30.0,389.0,335.0,6.0,307.0,12.0,131.70731707317074,0.2073170731707317,0.36585365853658536,55.833333333333336,6.967164179104477,0.01791044776119403
2012,Harmeet Singh,15.0,7.0,1.0,7,3.0,2.0,196.0,141.0,7.0,217.0,15.0,214.28571428571428,0.42857142857142855,0.2857142857142857,23.5,8.340425531914894,0.04964539007092199
2012,Harpreet Singh,6.0,6.0,1.0,1,0.0,1.0,0.0,0.0,0.0,6.0,6.0,100.0,0.0,0.16666666666666666,0.0,0.0,0.0
2012,IK Pathan,176.0,133.0,7.0,17,20.0,30.0,476.0,364.0,8.0,436.0,25.142857142857142,132.33082706766916,0.15037593984962405,0.22556390977443608,60.666666666666664,7.846153846153847,0.02197802197802198
2012,IR Jaggi,15.0,22.0,2.0,3,0.0,9.0,0.0,0.0,0.0,19.0,7.5,68.18181818181819,0.0,0.4090909090909091,0.0,0.0,0.0
2012,Iqbal Abdulla,2.0,3.0,0.0,8,0.0,1.0,147.0,134.0,4.0,134.0,2.0,66.66666666666667,0.0,0.3333333333333333,22.333333333333332,6.5820895522388065,0.029850746268656716
2012,J Botha,58.0,55.0,4.0,11,5.0,18.0,304.0,251.0,9.0,316.0,14.5,105.45454545454545,0.09090909090909091,0.32727272727272727,41.833333333333336,7.266932270916334,0.035856573705179286
2012,J Syed Mohammad,4.0,1.0,0.0,2,1.0,0.0,66.0,42.0,0.0,13.0,4.0,400.0,1.0,0.0,7.0,9.428571428571429,0.0
2012,J Theron,7.0,6.0,0.0,2,1.0,2.0,66.0,50.0,2.0,66.0,7.0,116.66666666666667,0.16666666666666666,0.3333333333333333,8.333333333333334,7.919999999999999,0.04
2012,JA Morkel,107.0,71.0,7.0,15,11.0,15.0,392.0,315.0,13.0,475.0,15.285714285714286,150.70422535211267,0.15492957746478872,0.2112676056338028,52.5,7.466666666666667,0.04126984126984127
2012,JD Ryder,256.0,216.0,11.0,11,31.0,74.0,74.0,43.0,1.0,316.0,23.272727272727273,118.51851851851852,0.14351851851851852,0.3425925925925926,7.166666666666667,10.325581395348836,0.023255813953488372
2012,JD Unadkat,0.0,0.0,0.0,1,0.0,0.0,32.0,18.0,0.0,4.0,0.0,0.0,0.0,0.0,3.0,10.666666666666666,0.0
2012,JEC Franklin,220.0,229.0,9.0,12,22.0,89.0,126.0,92.0,6.0,404.0,24.444444444444443,96.06986899563319,0.09606986899563319,0.388646288209607,15.333333333333334,8.217391304347826,0.06521739130434782
2012,JH Kallis,409.0,393.0,17.0,17,44.0,138.0,410.0,335.0,15.0,832.0,24.058823529411764,104.07124681933843,0.11195928753180662,0.3511450381679389,55.833333333333336,7.343283582089552,0.04477611940298507
2012,JP Duminy,244.0,195.0,3.0,9,24.0,55.0,104.0,78.0,1.0,317.0,81.33333333333333,125.12820512820512,0.12307692307692308,0.28205128205128205,13.0,8.0,0.01282051282051282
2012,JP Faulkner,14.0,14.0,1.0,2,0.0,2.0,74.0,49.0,3.0,93.0,14.0,100.0,0.0,0.14285714285714285,8.166666666666666,9.061224489795919,0.061224489795918366
2012,K Upadhyay,11.0,8.0,0.0,1,1.0,3.0,33.0,24.0,0.0,16.0,11.0,137.5,0.125,0.375,4.0,8.25,0.0
2012,KA Pollard,220.0,163.0,9.0,14,29.0,55.0,352.0,284.0,16.0,669.0,24.444444444444443,134.96932515337423,0.17791411042944785,0.3374233128834356,47.333333333333336,7.436619718309859,0.056338028169014086
2012,KC Sangakkara,200.0,190.0,11.0,12,25.0,68.0,0.0,0.0,0.0,229.0,18.181818181818183,105.26315789473684,0.13157894736842105,0.35789473684210527,0.0,0.0,0.0
2012,KD Karthik,238.0,217.0,15.0,14,32.0,84.0,0.0,0.0,0.0,270.0,15.866666666666667,109.6774193548387,0.14746543778801843,0.3870967741935484,0.0,0.0,0.0
2012,KK Cooper,38.0,20.0,2.0,6,6.0,7.0,187.0,149.0,10.0,310.0,19.0,190.0,0.3,0.35,24.833333333333332,7.530201342281879,0.06711409395973154
2012,KMDN Kulasekara,5.0,3.0,0.0,4,1.0,0.0,95.0,87.0,4.0,122.0,5.0,166.66666666666666,0.3333333333333333,0.0,14.5,6.551724137931035,0.04597701149425287
2012,KP Appanna,0.0,0.0,0.0,6,0.0,0.0,149.0,107.0,6.0,174.0,0.0,0.0,0.0,0.0,17.833333333333332,8.355140186915888,0.056074766355140186
2012,KP Pietersen,305.0,210.0,6.0,8,42.0,77.0,53.0,39.0,0.0,355.0,50.833333333333336,145.23809523809524,0.2,0.36666666666666664,6.5,8.153846153846153,0.0
2012,L Balaji,0.0,0.0,0.0,8,0.0,0.0,168.0,188.0,11.0,307.0,0.0,0.0,0.0,0.0,31.333333333333332,5.361702127659575,0.05851063829787234
2012,LJ Wright,0.0,0.0,0.0,1,0.0,0.0,24.0,12.0,0.0,4.0,0.0,0.0,0.0,0.0,2.0,12.0,0.0
2012,LR Shukla,75.0,57.0,7.0,9,9.0,23.0,12.0,12.0,1.0,121.0,10.714285714285714,131.57894736842104,0.15789473684210525,0.40350877192982454,2.0,6.0,0.08333333333333333
2012,LRPL Taylor,197.0,177.0,11.0,12,19.0,57.0,0.0,0.0,0.0,228.0,17.90909090909091,111.29943502824858,0.10734463276836158,0.3220338983050847,0.0,0.0,0.0
2012,M Kaif,14.0,16.0,1.0,1,1.0,5.0,0.0,0.0,0.0,15.0,14.0,87.5,0.0625,0.3125,0.0,0.0,0.0
2012,M Kartik,26.0,21.0,1.0,11,2.0,4.0,267.0,225.0,4.0,168.0,26.0,123.80952380952381,0.09523809523809523,0.19047619047619047,37.5,7.12,0.017777777777777778
2012,M Manhas,120.0,99.0,4.0,7,14.0,32.0,0.0,0.0,0.0,146.0,30.0,121.21212121212122,0.1414141414141414,0.32323232323232326,0.0,0.0,0.0
2012,M Morkel,3.0,5.0,1.0,16,0.0,2.0,462.0,384.0,25.0,688.0,3.0,60.0,0.0,0.4,64.0,7.21875,0.06510416666666667
2012,M Muralitharan,6.0,9.0,2.0,10,0.0,6.0,264.0,245.0,15.0,413.0,3.0,66.66666666666667,0.0,0.6666666666666666,40.833333333333336,6.465306122448979,0.061224489795918366
2012,M Vijay,336.0,273.0,14.0,13,49.0,116.0,0.0,0.0,0.0,389.0,24.0,123.07692307692308,0.1794871794871795,0.4249084249084249,0.0,0.0,0.0
2012,M de Lange,0.0,0.0,0.0,3,0.0,0.0,108.0,64.0,3.0,87.0,0.0,0.0,0.0,0.0,10.666666666666666,10.125,0.046875
2012,MA Agarwal,225.0,164.0,11.0,12,34.0,68.0,0.0,0.0,0.0,263.0,20.454545454545453,137.1951219512195,0.2073170731707317,0.4146341463414634,0.0,0.0,0.0
2012,MD Mishra,4.0,4.0,1.0,1,1.0,3.0,0.0,0.0,0.0,5.0,4.0,100.0,0.25,0.75,0.0,0.0,0.0
2012,MEK Hussey,261.0,241.0,8.0,8,36.0,108.0,0.0,0.0,0.0,297.0,32.625,108.29875518672199,0.14937759336099585,0.44813278008298757,0.0,0.0,0.0
2012,MJ Clarke,98.0,96.0,6.0,6,12.0,38.0,72.0,65.0,2.0,160.0,16.333333333333332,102.08333333333333,0.125,0.3958333333333333,10.833333333333334,6.646153846153846,0.03076923076923077
2012,MK Pandey,143.0,115.0,7.0,9,18.0,43.0,0.0,0.0,0.0,169.0,20.428571428571427,124.34782608695652,0.1565217391304348,0.3739130434782609,0.0,0.0,0.0
2012,MK Tiwary,260.0,251.0,10.0,15,24.0,84.0,0.0,0.0,0.0,304.0,26.0,103.58565737051792,0.09561752988047809,0.3346613545816733,0.0,0.0,0.0
2012,MM Patel,2.0,7.0,0.0,12,0.0,5.0,373.0,286.0,15.0,425.0,2.0,28.571428571428573,0.0,0.7142857142857143,47.666666666666664,7.825174825174826,0.05244755244755245
2012,MN Samuels,124.0,124.0,7.0,8,12.0,45.0,217.0,175.0,8.0,344.0,17.714285714285715,100.0,0.0967741935483871,0.3629032258064516,29.166666666666668,7.4399999999999995,0.045714285714285714
2012,MS Bisla,213.0,171.0,7.0,7,26.0,53.0,0.0,0.0,0.0,239.0,30.428571428571427,124.56140350877193,0.15204678362573099,0.30994152046783624,0.0,0.0,0.0
2012,MS Dhoni,358.0,283.0,11.0,17,35.0,78.0,0.0,0.0,0.0,417.0,32.54545454545455,126.5017667844523,0.12367491166077739,0.2756183745583039,0.0,0.0,0.0
2012,MS Gony,4.0,8.0,1.0,6,0.0,4.0,217.0,150.0,3.0,99.0,4.0,50.0,0.0,0.5,25.0,8.68,0.02
2012,Mandeep Singh,432.0,349.0,18.0,16,60.0,128.0,0.0,0.0,0.0,492.0,24.0,123.78223495702005,0.17191977077363896,0.3667621776504298,0.0,0.0,0.0
2012,N Saini,140.0,143.0,11.0,10,16.0,63.0,0.0,0.0,0.0,156.0,12.727272727272727,97.9020979020979,0.11188811188811189,0.4405594405594406,0.0,0.0,0.0
2012,NLTC Perera,4.0,12.0,1.0,2,0.0,5.0,27.0,15.0,0.0,8.0,4.0,33.333333333333336,0.0,0.4166666666666667,2.5,10.8,0.0
2012,NV Ojha,255.0,230.0,11.0,16,34.0,106.0,0.0,0.0,0.0,309.0,23.181818181818183,110.8695652173913,0.14782608695652175,0.4608695652173913,0.0,0.0,0.0
2012,OA Shah,340.0,269.0,7.0,13,40.0,84.0,0.0,0.0,0.0,404.0,48.57142857142857,126.39405204460967,0.14869888475836432,0.31226765799256506,0.0,0.0,0.0
2012,P Awana,4.0,5.0,0.0,12,0.0,1.0,382.0,295.0,17.0,477.0,4.0,80.0,0.0,0.2,49.166666666666664,7.769491525423729,0.0576271186440678
2012,P Dogra,15.0,25.0,5.0,3,0.0,11.0,0.0,0.0,0.0,15.0,3.0,60.0,0.0,0.44,0.0,0.0,0.0
2012,P Kumar,35.0,32.0,2.0,16,3.0,11.0,445.0,392.0,9.0,319.0,17.5,109.375,0.09375,0.34375,65.33333333333333,6.811224489795919,0.02295918367346939
2012,P Negi,36.0,30.0,2.0,7,5.0,11.0,153.0,133.0,7.0,236.0,18.0,120.0,0.16666666666666666,0.36666666666666664,22.166666666666668,6.902255639097744,0.05263157894736842
2012,P Parameswaran,0.0,2.0,0.0,3,0.0,1.0,89.0,62.0,5.0,137.0,0.0,0.0,0.0,0.5,10.333333333333334,8.612903225806452,0.08064516129032258
2012,PA Patel,194.0,166.0,12.0,12,23.0,53.0,0.0,0.0,0.0,221.0,16.166666666666668,116.86746987951807,0.13855421686746988,0.3192771084337349,0.0,0.0,0.0
2012,PA Reddy,73.0,63.0,3.0,3,8.0,21.0,0.0,0.0,0.0,81.0,24.333333333333332,115.87301587301587,0.12698412698412698,0.3333333333333333,0.0,0.0,0.0
2012,PC Valthaty,30.0,52.0,6.0,6,4.0,34.0,16.0,6.0,0.0,34.0,5.0,57.69230769230769,0.07692307692307693,0.6538461538461539,1.0,16.0,0.0
2012,PJ Sangwan,0.0,0.0,0.0,1,0.0,0.0,42.0,25.0,1.0,29.0,0.0,0.0,0.0,0.0,4.166666666666667,10.08,0.04
2012,PP Chawla,106.0,88.0,8.0,16,13.0,32.0,423.0,344.0,16.0,551.0,13.25,120.45454545454545,0.14772727272727273,0.36363636363636365,57.333333333333336,7.377906976744185,0.046511627906976744
2012,PP Ojha,4.0,14.0,1.0,9,0.0,9.0,222.0,185.0,9.0,261.0,4.0,28.571428571428573,0.0,0.6428571428571429,30.833333333333332,7.2,0.04864864864864865
2012,Pankaj Singh,0.0,0.0,0.0,6,0.0,0.0,171.0,127.0,7.0,199.0,0.0,0.0,0.0,0.0,21.166666666666668,8.078740157480315,0.05511811023622047
2012,R Ashwin,18.0,15.0,3.0,18,2.0,4.0,437.0,397.0,14.0,430.0,6.0,120.0,0.13333333333333333,0.26666666666666666,66.16666666666667,6.604534005037783,0.03526448362720403
2012,R Bhatia,35.0,30.0,3.0,17,4.0,7.0,398.0,319.0,13.0,420.0,11.666666666666666,116.66666666666667,0.13333333333333333,0.23333333333333334,53.166666666666664,7.4858934169279,0.04075235109717868
2012,R Dravid,462.0,424.0,16.0,16,67.0,179.0,0.0,0.0,0.0,529.0,28.875,108.9622641509434,0.1580188679245283,0.4221698113207547,0.0,0.0,0.0
2012,R Sharma,2.0,11.0,3.0,11,0.0,8.0,305.0,224.0,9.0,259.0,0.6666666666666666,18.181818181818183,0.0,0.7272727272727273,37.333333333333336,8.169642857142856,0.04017857142857143
2012,R Shukla,0.0,0.0,0.0,1,0.0,0.0,32.0,19.0,0.0,4.0,0.0,0.0,0.0,0.0,3.1666666666666665,10.105263157894738,0.0
2012,R Vinay Kumar,68.0,65.0,5.0,14,5.0,19.0,486.0,344.0,19.0,584.0,13.6,104.61538461538461,0.07692307692307693,0.2923076923076923,57.333333333333336,8.476744186046512,0.055232558139534885
2012,RA Jadeja,191.0,153.0,12.0,16,22.0,49.0,278.0,216.0,12.0,529.0,15.916666666666666,124.83660130718954,0.1437908496732026,0.3202614379084967,36.0,7.722222222222222,0.05555555555555555
2012,RE Levi,83.0,74.0,6.0,6,14.0,36.0,0.0,0.0,0.0,97.0,13.833333333333334,112.16216216216216,0.1891891891891892,0.4864864864864865,0.0,0.0,0.0
2012,RE van der Merwe,0.0,0.0,0.0,3,0.0,0.0,59.0,59.0,2.0,62.0,0.0,0.0,0.0,0.0,9.833333333333334,6.0,0.03389830508474576
2012,RG Sharma,433.0,350.0,14.0,16,57.0,125.0,16.0,6.0,0.0,498.0,30.928571428571427,123.71428571428571,0.16285714285714287,0.35714285714285715,1.0,16.0,0.0
2012,RJ Harris,18.0,11.0,1.0,5,2.0,3.0,136.0,109.0,8.0,236.0,18.0,163.63636363636363,0.18181818181818182,0.2727272727272727,18.166666666666668,7.486238532110091,0.07339449541284404
2012,RJ Peterson,32.0,32.0,3.0,5,4.0,11.0,70.0,48.0,3.0,119.0,10.666666666666666,100.0,0.125,0.34375,8.0,8.75,0.0625
2012,RN ten Doeschate,21.0,21.0,2.0,3,2.0,8.0,24.0,21.0,1.0,52.0,10.5,100.0,0.09523809523809523,0.38095238095238093,3.5,6.857142857142857,0.047619047619047616
2012,RP Singh,6.0,12.0,2.0,11,0.0,6.0,327.0,259.0,10.0,292.0,3.0,50.0,0.0,0.5,43.166666666666664,7.575289575289576,0.03861003861003861
2012,RR Bhatkal,0.0,2.0,2.0,1,0.0,2.0,35.0,12.0,0.0,0.0,0.0,0.0,0.0,1.0,2.0,17.5,0.0
2012,RR Powar,0.0,0.0,0.0,1,0.0,0.0,32.0,18.0,0.0,4.0,0.0,0.0,0.0,0.0,3.0,10.666666666666666,0.0
2012,RV Uthappa,405.0,357.0,14.0,16,48.0,126.0,0.0,0.0,0.0,461.0,28.928571428571427,113.4453781512605,0.13445378151260504,0.35294117647058826,0.0,0.0,0.0
2012,S Anirudha,19.0,9.0,0.0,2,3.0,0.0,0.0,0.0,0.0,30.0,19.0,211.11111111111111,0.3333333333333333,0.0,0.0,0.0,0.0
2012,S Aravind,14.0,8.0,0.0,1,3.0,3.0,48.0,18.0,0.0,21.0,14.0,175.0,0.375,0.375,3.0,16.0,0.0
2012,S Badrinath,196.0,188.0,8.0,9,25.0,74.0,0.0,0.0,0.0,229.0,24.5,104.25531914893617,0.13297872340425532,0.39361702127659576,0.0,0.0,0.0
2012,S Dhawan,569.0,448.0,13.0,15,76.0,159.0,60.0,37.0,3.0,728.0,43.76923076923077,127.00892857142857,0.16964285714285715,0.3549107142857143,6.166666666666667,9.72972972972973,0.08108108108108109
2012,S Nadeem,0.0,2.0,2.0,12,0.0,2.0,320.0,275.0,8.0,244.0,0.0,0.0,0.0,1.0,45.833333333333336,6.9818181818181815,0.02909090909090909
2012,SA Yadav,0.0,4.0,1.0,1,0.0,4.0,0.0,0.0,0.0,0.0,0.0,0.0,0.0,1.0,0.0,0.0,0.0
2012,SB Jakati,7.0,12.0,0.0,15,0.0,5.0,337.0,247.0,9.0,292.0,7.0,58.333333333333336,0.0,0.4166666666666667,41.166666666666664,8.186234817813766,0.03643724696356275
2012,SC Ganguly,268.0,288.0,14.0,15,34.0,116.0,96.0,60.0,2.0,356.0,19.142857142857142,93.05555555555556,0.11805555555555555,0.4027777777777778,10.0,9.6,0.03333333333333333
2012,SD Chitnis,66.0,64.0,3.0,4,8.0,25.0,0.0,0.0,0.0,78.0,22.0,103.125,0.125,0.390625,0.0,0.0,0.0
2012,SE Marsh,336.0,288.0,10.0,13,46.0,108.0,0.0,0.0,0.0,394.0,33.6,116.66666666666667,0.1597222222222222,0.375,0.0,0.0,0.0
2012,SK Raina,441.0,335.0,17.0,18,55.0,109.0,106.0,85.0,2.0,550.0,25.941176470588236,131.6417910447761,0.16417910447761194,0.3253731343283582,14.166666666666666,7.482352941176471,0.023529411764705882
2012,SK Trivedi,5.0,6.0,0.0,14,0.0,3.0,386.0,323.0,13.0,386.0,5.0,83.33333333333333,0.0,0.5,53.833333333333336,7.170278637770897,0.04024767801857585
2012,SL Malinga,55.0,55.0,5.0,14,7.0,23.0,354.0,348.0,22.0,648.0,11.0,100.0,0.12727272727272726,0.41818181818181815,58.0,6.103448275862069,0.06321839080459771
2012,SP Goswami,69.0,69.0,6.0,6,5.0,19.0,0.0,0.0,0.0,78.0,11.5,100.0,0.07246376811594203,0.2753623188405797,0.0,0.0,0.0
2012,SP Narine,9.0,8.0,1.0,15,2.0,4.0,331.0,352.0,24.0,667.0,9.0,112.5,0.25,0.5,58.666666666666664,5.642045454545455,0.06818181818181818
2012,SPD Smith,362.0,272.0,10.0,14,38.0,64.0,5.0,2.0,0.0,416.0,36.2,133.08823529411765,0.13970588235294118,0.23529411764705882,0.3333333333333333,15.0,0.0
2012,SR Tendulkar,324.0,297.0,12.0,13,43.0,111.0,0.0,0.0,0.0,371.0,27.0,109.0909090909091,0.1447811447811448,0.37373737373737376,0.0,0.0,0.0
2012,SR Watson,255.0,171.0,6.0,7,40.0,65.0,165.0,144.0,6.0,449.0,42.5,149.12280701754386,0.23391812865497075,0.38011695906432746,24.0,6.875,0.041666666666666664
2012,SS Tiwary,191.0,173.0,9.0,11,17.0,58.0,0.0,0.0,0.0,216.0,21.22222222222222,110.40462427745665,0.09826589595375723,0.3352601156069364,0.0,0.0,0.0
2012,STR Binny,90.0,70.0,4.0,8,12.0,24.0,78.0,60.0,3.0,193.0,22.5,128.57142857142858,0.17142857142857143,0.34285714285714286,10.0,7.8,0.05
2012,SW Tait,0.0,0.0,0.0,6,0.0,0.0,154.0,156.0,6.0,174.0,0.0,0.0,0.0,0.0,26.0,5.923076923076923,0.038461538461538464
2012,Shakib Al Hasan,91.0,77.0,6.0,8,9.0,19.0,203.0,185.0,12.0,408.0,15.166666666666666,118.18181818181819,0.11688311688311688,0.24675324675324675,30.833333333333332,6.583783783783784,0.06486486486486487
2012,Sunny Gupta,0.0,1.0,1.0,1,0.0,1.0,47.0,19.0,0.0,0.0,0.0,0.0,0.0,1.0,3.1666666666666665,14.842105263157896,0.0
2012,TL Suman,15.0,19.0,2.0,2,2.0,11.0,0.0,0.0,0.0,17.0,7.5,78.94736842105263,0.10526315789473684,0.5789473684210527,0.0,0.0,0.0
2012,TM Dilshan,285.0,274.0,8.0,9,38.0,105.0,78.0,44.0,0.0,331.0,35.625,104.01459854014598,0.1386861313868613,0.38321167883211676,7.333333333333333,10.636363636363637,0.0
2012,TP Sudhindra,0.0,0.0,0.0,3,0.0,0.0,137.0,74.0,1.0,37.0,0.0,0.0,0.0,0.0,12.333333333333334,11.108108108108107,0.013513513513513514
2012,UBT Chand,36.0,35.0,2.0,2,5.0,20.0,0.0,0.0,0.0,41.0,18.0,102.85714285714286,0.14285714285714285,0.5714285714285714,0.0,0.0,0.0
2012,UT Yadav,2.0,7.0,2.0,17,0.0,5.0,458.0,380.0,19.0,537.0,1.0,28.571428571428573,0.0,0.7142857142857143,63.333333333333336,7.231578947368421,0.05
2012,V Kohli,364.0,333.0,12.0,15,43.0,126.0,49.0,18.0,0.0,419.0,30.333333333333332,109.30930930930931,0.12912912912912913,0.3783783783783784,3.0,16.333333333333332,0.0
2012,V Pratap Singh,0.0,1.0,1.0,9,0.0,1.0,299.0,209.0,10.0,282.0,0.0,0.0,0.0,1.0,34.833333333333336,8.583732057416267,0.04784688995215311
2012,V Sehwag,495.0,317.0,16.0,16,76.0,89.0,45.0,24.0,0.0,571.0,30.9375,156.15141955835963,0.23974763406940064,0.2807570977917981,4.0,11.25,0.0
2012,VR Aaron,1.0,3.0,1.0,8,0.0,2.0,279.0,191.0,8.0,229.0,1.0,33.333333333333336,0.0,0.6666666666666666,31.833333333333332,8.764397905759163,0.041884816753926704
2012,VY Mahesh,0.0,0.0,0.0,4,0.0,0.0,83.0,61.0,3.0,91.0,0.0,0.0,0.0,0.0,10.166666666666666,8.163934426229508,0.04918032786885246
2012,WD Parnell,19.0,29.0,4.0,6,2.0,12.0,132.0,128.0,5.0,154.0,4.75,65.51724137931035,0.06896551724137931,0.41379310344827586,21.333333333333332,6.1875,0.0390625
2012,WP Saha,6.0,14.0,1.0,1,0.0,7.0,0.0,0.0,0.0,6.0,6.0,42.857142857142854,0.0,0.5,0.0,0.0,0.0
2012,Y Nagar,153.0,134.0,5.0,8,16.0,41.0,10.0,7.0,0.0,181.0,30.6,114.17910447761194,0.11940298507462686,0.30597014925373134,1.1666666666666667,8.571428571428571,0.0
2012,Y Venugopal Rao,132.0,129.0,5.0,7,13.0,47.0,26.0,12.0,0.0,153.0,26.4,102.32558139534883,0.10077519379844961,0.3643410852713178,2.0,13.0,0.0
2012,YK Pathan,194.0,179.0,11.0,17,17.0,50.0,184.0,136.0,3.0,310.0,17.636363636363637,108.37988826815642,0.09497206703910614,0.27932960893854747,22.666666666666668,8.117647058823529,0.022058823529411766
2012,Z Khan,12.0,17.0,2.0,15,1.0,9.0,466.0,366.0,17.0,490.0,6.0,70.58823529411765,0.058823529411764705,0.5294117647058824,61.0,7.639344262295082,0.04644808743169399
2013,A Ashish Reddy,125.0,90.0,6.0,10,13.0,24.0,71.0,41.0,3.0,229.0,20.833333333333332,138.88888888888889,0.14444444444444443,0.26666666666666666,6.833333333333333,10.390243902439025,0.07317073170731707
2013,A Chandila,4.0,6.0,0.0,8,0.0,2.0,158.0,150.0,6.0,186.0,4.0,66.66666666666667,0.0,0.3333333333333333,25.0,6.32,0.04
2013,A Mishra,89.0,103.0,3.0,17,9.0,40.0,394.0,373.0,21.0,679.0,29.666666666666668,86.40776699029126,0.08737864077669903,0.3883495145631068,62.166666666666664,6.337801608579089,0.05630026809651475
2013,A Mithun,2.0,2.0,1.0,1,0.0,1.0,37.0,25.0,1.0,27.0,2.0,100.0,0.0,0.5,4.166666666666667,8.879999999999999,0.04
2013,A Mukund,19.0,22.0,1.0,1,1.0,7.0,0.0,0.0,0.0,20.0,19.0,86.36363636363636,0.045454545454545456,0.3181818181818182,0.0,0.0,0.0
2013,A Nehra,1.0,8.0,4.0,10,0.0,7.0,319.0,219.0,11.0,300.0,0.25,12.5,0.0,0.875,36.5,8.73972602739726,0.0502283105022831
2013,AA Chavan,0.0,0.0,0.0,3,0.0,0.0,63.0,56.0,1.0,37.0,0.0,0.0,0.0,0.0,9.333333333333334,6.75,0.017857142857142856
2013,AB Agarkar,12.0,16.0,1.0,4,0.0,5.0,93.0,63.0,0.0,24.0,12.0,75.0,0.0,0.3125,10.5,8.857142857142858,0.0
2013,AB Dinda,9.0,11.0,2.0,13,1.0,5.0,465.0,302.0,16.0,454.0,4.5,81.81818181818181,0.09090909090909091,0.45454545454545453,50.333333333333336,9.23841059602649,0.052980132450331126
2013,AB McDonald,0.0,2.0,1.0,1,0.0,2.0,17.0,12.0,1.0,25.0,0.0,0.0,0.0,1.0,2.0,8.5,0.08333333333333333
2013,AB de Villiers,373.0,226.0,10.0,14,51.0,56.0,0.0,0.0,0.0,440.0,37.3,165.04424778761063,0.22566371681415928,0.24778761061946902,0.0,0.0,0.0
2013,AC Gilchrist,294.0,234.0,12.0,13,47.0,96.0,0.0,1.0,1.0,370.0,24.5,125.64102564102564,0.20085470085470086,0.41025641025641024,0.16666666666666666,0.0,1.0
2013,AD Mascarenhas,5.0,5.0,0.0,1,0.0,1.0,25.0,24.0,0.0,9.0,5.0,100.0,0.0,0.2,4.0,6.25,0.0
2013,AD Mathews,172.0,141.0,8.0,11,15.0,43.0,244.0,187.0,5.0,324.0,21.5,121.98581560283688,0.10638297872340426,0.3049645390070922,31.166666666666668,7.828877005347593,0.026737967914438502
2013,AD Russell,11.0,15.0,2.0,3,0.0,6.0,68.0,44.0,0.0,15.0,5.5,73.33333333333333,0.0,0.4,7.333333333333333,9.272727272727273,0.0
2013,AG Murtaza,5.0,4.0,1.0,3,1.0,2.0,96.0,62.0,3.0,89.0,5.0,125.0,0.25,0.5,10.333333333333334,9.29032258064516,0.04838709677419355
2013,AJ Finch,456.0,344.0,14.0,14,70.0,137.0,49.0,24.0,1.0,551.0,32.57142857142857,132.5581395348837,0.20348837209302326,0.39825581395348836,4.0,12.25,0.041666666666666664
2013,AL Menaria,1.0,2.0,1.0,1,0.0,1.0,0.0,0.0,0.0,1.0,1.0,50.0,0.0,0.5,0.0,0.0,0.0
2013,AM Nayar,66.0,74.0,7.0,10,5.0,25.0,59.0,50.0,2.0,133.0,9.428571428571429,89.1891891891892,0.06756756756756757,0.33783783783783783,8.333333333333334,7.079999999999999,0.04
2013,AM Rahane,488.0,472.0,15.0,18,53.0,176.0,0.0,0.0,0.0,553.0,32.53333333333333,103.38983050847457,0.11228813559322035,0.3728813559322034,0.0,0.0,0.0
2013,AN Ahmed,0.0,0.0,0.0,2,0.0,0.0,45.0,42.0,3.0,83.0,0.0,0.0,0.0,0.0,7.0,6.428571428571429,0.07142857142857142
2013,AP Tare,123.0,84.0,5.0,5,19.0,34.0,0.0,0.0,0.0,142.0,24.6,146.42857142857142,0.2261904761904762,0.40476190476190477,0.0,0.0,0.0
2013,AS Rajpoot,2.0,6.0,0.0,2,0.0,5.0,37.0,25.0,1.0,35.0,2.0,33.333333333333336,0.0,0.8333333333333334,4.166666666666667,8.879999999999999,0.04
2013,AT Rayudu,265.0,235.0,13.0,15,26.0,67.0,0.0,0.0,0.0,303.0,20.384615384615383,112.76595744680851,0.11063829787234042,0.2851063829787234,0.0,0.0,0.0
2013,Anand Rajan,0.0,0.0,0.0,2,0.0,0.0,43.0,51.0,2.0,58.0,0.0,0.0,0.0,0.0,8.5,5.0588235294117645,0.0392156862745098
2013,Ankit Sharma,0.0,0.0,0.0,1,0.0,0.0,17.0,12.0,0.0,4.0,0.0,0.0,0.0,0.0,2.0,8.5,0.0
2013,Azhar Mahmood,196.0,158.0,10.0,11,27.0,52.0,334.0,266.0,15.0,602.0,19.6,124.0506329113924,0.17088607594936708,0.3291139240506329,44.333333333333336,7.533834586466165,0.05639097744360902
2013,B Chipli,16.0,19.0,1.0,1,2.0,8.0,0.0,0.0,0.0,18.0,16.0,84.21052631578948,0.10526315789473684,0.42105263157894735,0.0,0.0,0.0
2013,B Kumar,52.0,72.0,7.0,16,4.0,39.0,381.0,359.0,13.0,417.0,7.428571428571429,72.22222222222223,0.05555555555555555,0.5416666666666666,59.833333333333336,6.367688022284122,0.036211699164345405
2013,B Laughlin,4.0,9.0,1.0,2,0.0,5.0,72.0,45.0,1.0,33.0,4.0,44.44444444444444,0.0,0.5555555555555556,7.5,9.6,0.022222222222222223
2013,B Lee,21.0,12.0,1.0,3,3.0,5.0,89.0,75.0,4.0,132.0,21.0,175.0,0.25,0.4166666666666667,12.5,7.12,0.05333333333333334
2013,BA Bhatt,0.0,0.0,0.0,2,0.0,0.0,32.0,31.0,1.0,33.0,0.0,0.0,0.0,0.0,5.166666666666667,6.193548387096774,0.03225806451612903
2013,BAW Mendis,2.0,4.0,1.0,3,0.0,2.0,78.0,72.0,2.0,60.0,2.0,50.0,0.0,0.5,12.0,6.5,0.027777777777777776
2013,BB McCullum,6.0,7.0,1.0,1,1.0,4.0,0.0,0.0,0.0,7.0,6.0,85.71428571428571,0.14285714285714285,0.5714285714285714,0.0,0.0,0.0
2013,BB Samantray,123.0,114.0,5.0,7,15.0,42.0,0.0,0.0,0.0,146.0,24.6,107.89473684210526,0.13157894736842105,0.3684210526315789,0.0,0.0,0.0
2013,BJ Hodge,293.0,224.0,8.0,14,36.0,65.0,3.0,6.0,0.0,353.0,36.625,130.80357142857142,0.16071428571428573,0.29017857142857145,1.0,3.0,0.0
2013,BJ Rohrer,193.0,146.0,7.0,8,26.0,48.0,12.0,7.0,0.0,227.0,27.571428571428573,132.1917808219178,0.1780821917808219,0.3287671232876712,1.1666666666666667,10.285714285714285,0.0
2013,BMAJ Mendis,23.0,27.0,3.0,3,0.0,8.0,36.0,30.0,1.0,48.0,7.666666666666667,85.18518518518519,0.0,0.2962962962962963,5.0,7.2,0.03333333333333333
2013,Bipul Sharma,0.0,0.0,0.0,1,0.0,0.0,21.0,24.0,1.0,29.0,0.0,0.0,0.0,0.0,4.0,5.25,0.041666666666666664
2013,CA Pujara,92.0,100.0,4.0,4,14.0,51.0,0.0,0.0,0.0,106.0,23.0,92.0,0.14,0.51,0.0,0.0,0.0
2013,CH Gayle,720.0,484.0,12.0,16,109.0,176.0,41.0,25.0,3.0,920.0,60.0,148.7603305785124,0.22520661157024793,0.36363636363636365,4.166666666666667,9.84,0.12
2013,CH Morris,14.0,17.0,2.0,16,0.0,6.0,408.0,307.0,15.0,445.0,7.0,82.3529411764706,0.0,0.35294117647058826,51.166666666666664,7.973941368078176,0.048859934853420196
2013,CL White,226.0,200.0,12.0,13,27.0,75.0,16.0,12.0,1.0,282.0,18.833333333333332,113.0,0.135,0.375,2.0,8.0,0.08333333333333333
2013,CM Gautam,44.0,37.0,2.0,3,5.0,11.0,0.0,0.0,0.0,53.0,22.0,118.91891891891892,0.13513513513513514,0.2972972972972973,0.0,0.0,0.0
2013,DA Miller,418.0,257.0,8.0,12,52.0,59.0,0.0,0.0,0.0,486.0,52.25,162.64591439688715,0.20233463035019456,0.22957198443579765,0.0,0.0,0.0
2013,DA Warner,410.0,333.0,14.0,16,55.0,120.0,0.0,0.0,0.0,477.0,29.285714285714285,123.12312312312312,0.16516516516516516,0.36036036036036034,0.0,0.0,0.0
2013,DB Das,75.0,76.0,5.0,6,10.0,37.0,0.0,0.0,0.0,89.0,15.0,98.6842105263158,0.13157894736842105,0.4868421052631579,0.0,0.0,0.0
2013,DB Ravi Teja,14.0,18.0,1.0,2,0.0,3.0,0.0,0.0,0.0,18.0,14.0,77.77777777777777,0.0,0.16666666666666666,0.0,0.0,0.0
2013,DH Yagnik,125.0,99.0,7.0,9,19.0,34.0,0.0,0.0,0.0,152.0,17.857142857142858,126.26262626262626,0.1919191919191919,0.3434343434343434,0.0,0.0,0.0
2013,DJ Bravo,121.0,112.0,8.0,18,14.0,43.0,504.0,390.0,32.0,975.0,15.125,108.03571428571429,0.125,0.38392857142857145,65.0,7.753846153846154,0.08205128205128205
2013,DJ Hussey,235.0,210.0,11.0,11,26.0,76.0,93.0,68.0,0.0,265.0,21.363636363636363,111.9047619047619,0.12380952380952381,0.3619047619047619,11.333333333333334,8.205882352941176,0.0
2013,DJG Sammy,174.0,136.0,6.0,10,21.0,47.0,167.0,135.0,8.0,411.0,29.0,127.94117647058823,0.15441176470588236,0.34558823529411764,22.5,7.4222222222222225,0.05925925925925926
2013,DP Nannes,0.0,0.0,0.0,5,0.0,0.0,165.0,125.0,4.0,120.0,0.0,0.0,0.0,0.0,20.833333333333332,7.920000000000001,0.032
2013,DPMD Jayawardene,331.0,322.0,14.0,15,45.0,145.0,0.0,0.0,0.0,380.0,23.642857142857142,102.79503105590062,0.13975155279503104,0.4503105590062112,0.0,0.0,0.0
2013,DR Smith,418.0,351.0,13.0,13,59.0,153.0,59.0,32.0,2.0,527.0,32.15384615384615,119.08831908831908,0.16809116809116809,0.4358974358974359,5.333333333333333,11.0625,0.0625
2013,DS Kulkarni,0.0,0.0,0.0,6,0.0,0.0,153.0,119.0,8.0,224.0,0.0,0.0,0.0,0.0,19.833333333333332,7.714285714285714,0.06722689075630252
2013,DT Christian,6.0,16.0,2.0,2,0.0,10.0,56.0,38.0,0.0,6.0,3.0,37.5,0.0,0.625,6.333333333333333,8.842105263157896,0.0
2013,DW Steyn,53.0,37.0,2.0,17,7.0,13.0,410.0,424.0,19.0,595.0,26.5,143.24324324324326,0.1891891891891892,0.35135135135135137,70.66666666666667,5.80188679245283,0.04481132075471698
2013,EJG Morgan,307.0,250.0,10.0,13,41.0,90.0,0.0,0.0,0.0,360.0,30.7,122.8,0.164,0.36,0.0,0.0,0.0
2013,G Gambhir,406.0,354.0,15.0,15,56.0,134.0,0.0,0.0,0.0,462.0,27.066666666666666,114.68926553672317,0.15819209039548024,0.3785310734463277,0.0,0.0,0.0
2013,GB Hogg,0.0,0.0,0.0,1,0.0,0.0,31.0,21.0,0.0,4.0,0.0,0.0,0.0,0.0,3.5,8.857142857142858,0.0
2013,GH Vihari,241.0,287.0,14.0,17,18.0,114.0,39.0,37.0,1.0,296.0,17.214285714285715,83.97212543554006,0.0627177700348432,0.397212543554007,6.166666666666667,6.324324324324324,0.02702702702702703
2013,GJ Maxwell,36.0,27.0,2.0,3,5.0,15.0,24.0,12.0,0.0,45.0,18.0,133.33333333333334,0.18518518518518517,0.5555555555555556,2.0,12.0,0.0
2013,Gurkeerat Singh,108.0,98.0,9.0,9,13.0,35.0,0.0,0.0,0.0,125.0,12.0,110.20408163265306,0.1326530612244898,0.35714285714285715,0.0,0.0,0.0
2013,Harbhajan Singh,116.0,82.0,5.0,19,17.0,27.0,466.0,429.0,24.0,789.0,23.2,141.46341463414635,0.2073170731707317,0.32926829268292684,71.5,6.5174825174825175,0.055944055944055944
2013,Harmeet Singh,3.0,4.0,0.0,4,0.0,2.0,122.0,95.0,6.0,169.0,3.0,75.0,0.0,0.5,15.833333333333334,7.705263157894737,0.06315789473684211
2013,I Sharma,0.0,0.0,0.0,16,0.0,0.0,470.0,373.0,15.0,439.0,0.0,0.0,0.0,0.0,62.166666666666664,7.560321715817695,0.040214477211796246
2013,IC Pandey,0.0,2.0,1.0,2,0.0,2.0,50.0,25.0,1.0,29.0,0.0,0.0,0.0,1.0,4.166666666666667,12.0,0.04
2013,IK Pathan,153.0,159.0,8.0,15,14.0,60.0,391.0,314.0,10.0,445.0,19.125,96.22641509433963,0.0880503144654088,0.37735849056603776,52.333333333333336,7.471337579617834,0.03184713375796178
2013,Iqbal Abdulla,8.0,14.0,0.0,5,0.0,5.0,142.0,113.0,7.0,203.0,8.0,57.142857142857146,0.0,0.35714285714285715,18.833333333333332,7.539823008849558,0.061946902654867256
2013,J Botha,43.0,52.0,6.0,6,6.0,33.0,114.0,102.0,5.0,174.0,7.166666666666667,82.6923076923077,0.11538461538461539,0.6346153846153846,17.0,6.705882352941177,0.049019607843137254
2013,J Syed Mohammad,10.0,13.0,2.0,4,1.0,7.0,91.0,61.0,3.0,94.0,5.0,76.92307692307692,0.07692307692307693,0.5384615384615384,10.166666666666666,8.950819672131148,0.04918032786885246
2013,JA Morkel,46.0,37.0,3.0,8,5.0,14.0,167.0,148.0,7.0,246.0,15.333333333333334,124.32432432432432,0.13513513513513514,0.3783783783783784,24.666666666666668,6.77027027027027,0.0472972972972973
2013,JD Unadkat,2.0,2.0,0.0,13,0.0,0.0,373.0,299.0,13.0,379.0,2.0,100.0,0.0,0.0,49.833333333333336,7.48494983277592,0.043478260869565216
2013,JDP Oram,0.0,0.0,0.0,1,0.0,0.0,28.0,26.0,0.0,4.0,0.0,0.0,0.0,0.0,4.333333333333333,6.461538461538462,0.0
2013,JH Kallis,311.0,327.0,15.0,16,38.0,144.0,406.0,326.0,16.0,757.0,20.733333333333334,95.10703363914374,0.1162079510703364,0.44036697247706424,54.333333333333336,7.472392638036809,0.049079754601226995
2013,JJ Bumrah,0.0,0.0,0.0,2,0.0,0.0,74.0,45.0,3.0,83.0,0.0,0.0,0.0,0.0,7.5,9.866666666666667,0.06666666666666667
2013,JO Holder,0.0,0.0,0.0,6,0.0,0.0,173.0,123.0,2.0,74.0,0.0,0.0,0.0,0.0,20.5,8.439024390243903,0.016260162601626018
2013,JP Faulkner,57.0,57.0,5.0,16,7.0,28.0,434.0,390.0,28.0,808.0,11.4,100.0,0.12280701754385964,0.49122807017543857,65.0,6.676923076923077,0.07179487179487179
2013,K Upadhyay,1.0,1.0,0.0,2,0.0,0.0,48.0,32.0,0.0,9.0,1.0,100.0,0.0,0.0,5.333333333333333,9.0,0.0
2013,KA Pollard,420.0,290.0,11.0,18,56.0,95.0,292.0,197.0,10.0,758.0,38.18181818181818,144.82758620689654,0.19310344827586207,0.3275862068965517,32.833333333333336,8.893401015228426,0.050761421319796954
2013,KB Arun Karthik,41.0,40.0,3.0,5,4.0,13.0,0.0,0.0,0.0,53.0,13.666666666666666,102.5,0.1,0.325,0.0,0.0,0.0
2013,KC Sangakkara,120.0,137.0,9.0,9,13.0,59.0,0.0,0.0,0.0,133.0,13.333333333333334,87.5912408759124,0.0948905109489051,0.4306569343065693,0.0,0.0,0.0
2013,KD Karthik,510.0,422.0,20.0,19,68.0,152.0,0.0,0.0,0.0,582.0,25.5,120.85308056872037,0.16113744075829384,0.36018957345971564,0.0,0.0,0.0
2013,KK Cooper,39.0,22.0,4.0,14,6.0,9.0,454.0,338.0,19.0,560.0,9.75,177.27272727272728,0.2727272727272727,0.4090909090909091,56.333333333333336,8.059171597633135,0.05621301775147929
2013,KK Nair,9.0,12.0,2.0,2,0.0,8.0,0.0,0.0,0.0,9.0,4.5,75.0,0.0,0.6666666666666666,0.0,0.0,0.0
2013,KL Rahul,20.0,16.0,2.0,2,4.0,9.0,0.0,0.0,0.0,24.0,10.0,125.0,0.25,0.5625,0.0,0.0,0.0
2013,KM Jadhav,152.0,127.0,8.0,10,13.0,34.0,0.0,0.0,0.0,173.0,19.0,119.68503937007874,0.10236220472440945,0.2677165354330709,0.0,0.0,0.0
2013,KV Sharma,85.0,89.0,5.0,13,8.0,37.0,235.0,211.0,12.0,425.0,17.0,95.50561797752809,0.0898876404494382,0.4157303370786517,35.166666666666664,6.682464454976304,0.05687203791469194
2013,KW Richardson,34.0,36.0,2.0,3,3.0,16.0,103.0,73.0,2.0,91.0,17.0,94.44444444444444,0.08333333333333333,0.4444444444444444,12.166666666666666,8.465753424657535,0.0273972602739726
2013,L Balaji,9.0,10.0,1.0,13,1.0,5.0,398.0,310.0,12.0,358.0,9.0,90.0,0.1,0.5,51.666666666666664,7.703225806451614,0.03870967741935484
2013,LA Pomersbach,58.0,60.0,3.0,3,6.0,28.0,0.0,0.0,0.0,64.0,19.333333333333332,96.66666666666667,0.1,0.4666666666666667,0.0,0.0,0.0
2013,LJ Wright,106.0,63.0,4.0,6,19.0,19.0,101.0,63.0,2.0,183.0,26.5,168.25396825396825,0.30158730158730157,0.30158730158730157,10.5,9.619047619047619,0.031746031746031744
2013,LR Shukla,3.0,13.0,2.0,3,0.0,9.0,22.0,18.0,1.0,32.0,1.5,23.076923076923077,0.0,0.6923076923076923,3.0,7.333333333333333,0.05555555555555555
2013,LRPL Taylor,63.0,77.0,4.0,5,3.0,33.0,0.0,0.0,0.0,70.0,15.75,81.81818181818181,0.03896103896103896,0.42857142857142855,0.0,0.0,0.0
2013,M Kartik,2.0,3.0,1.0,11,0.0,1.0,288.0,239.0,9.0,267.0,2.0,66.66666666666667,0.0,0.3333333333333333,39.833333333333336,7.230125523012552,0.03765690376569038
2013,M Manhas,13.0,17.0,0.0,2,1.0,8.0,0.0,0.0,0.0,22.0,13.0,76.47058823529412,0.058823529411764705,0.47058823529411764,0.0,0.0,0.0
2013,M Morkel,57.0,30.0,5.0,10,9.0,7.0,339.0,246.0,7.0,261.0,11.4,190.0,0.3,0.23333333333333334,41.0,8.268292682926829,0.028455284552845527
2013,M Muralitharan,0.0,0.0,0.0,6,0.0,0.0,192.0,141.0,3.0,99.0,0.0,0.0,0.0,0.0,23.5,8.170212765957446,0.02127659574468085
2013,M Rawat,5.0,11.0,1.0,1,0.0,6.0,0.0,0.0,0.0,5.0,5.0,45.45454545454545,0.0,0.5454545454545454,0.0,0.0,0.0
2013,M Vijay,312.0,293.0,12.0,15,35.0,125.0,0.0,0.0,0.0,359.0,26.0,106.48464163822526,0.11945392491467577,0.42662116040955633,0.0,0.0,0.0
2013,M Vohra,161.0,117.0,7.0,10,24.0,43.0,0.0,0.0,0.0,197.0,23.0,137.60683760683762,0.20512820512820512,0.36752136752136755,0.0,0.0,0.0
2013,MA Agarwal,67.0,64.0,5.0,5,9.0,31.0,0.0,0.0,0.0,76.0,13.4,104.6875,0.140625,0.484375,0.0,0.0,0.0
2013,MC Henriques,165.0,127.0,4.0,10,23.0,43.0,186.0,131.0,7.0,387.0,41.25,129.92125984251967,0.18110236220472442,0.33858267716535434,21.833333333333332,8.51908396946565,0.05343511450381679
2013,MC Juneja,125.0,134.0,7.0,7,12.0,45.0,0.0,0.0,0.0,137.0,17.857142857142858,93.28358208955224,0.08955223880597014,0.3358208955223881,0.0,0.0,0.0
2013,MDKJ Perera,14.0,13.0,2.0,2,3.0,7.0,0.0,0.0,0.0,17.0,7.0,107.6923076923077,0.23076923076923078,0.5384615384615384,0.0,0.0,0.0
2013,MEK Hussey,733.0,580.0,15.0,17,98.0,191.0,0.0,0.0,0.0,847.0,48.86666666666667,126.37931034482759,0.16896551724137931,0.3293103448275862,0.0,0.0,0.0
2013,MG Johnson,39.0,37.0,4.0,17,4.0,15.0,471.0,403.0,24.0,695.0,9.75,105.4054054054054,0.10810810810810811,0.40540540540540543,67.16666666666667,7.012406947890819,0.05955334987593052
2013,MG Neser,0.0,0.0,0.0,1,0.0,0.0,62.0,25.0,0.0,4.0,0.0,0.0,0.0,0.0,4.166666666666667,14.879999999999999,0.0
2013,MK Pandey,136.0,139.0,6.0,7,14.0,55.0,0.0,0.0,0.0,154.0,22.666666666666668,97.84172661870504,0.10071942446043165,0.39568345323741005,0.0,0.0,0.0
2013,MK Tiwary,146.0,142.0,8.0,9,13.0,51.0,0.0,0.0,0.0,163.0,18.25,102.8169014084507,0.09154929577464789,0.3591549295774648,0.0,0.0,0.0
2013,MM Patel,0.0,0.0,0.0,4,0.0,0.0,138.0,91.0,3.0,91.0,0.0,0.0,0.0,0.0,15.166666666666666,9.098901098901099,0.03296703296703297
2013,MM Sharma,0.0,5.0,1.0,15,0.0,5.0,327.0,310.0,20.0,556.0,0.0,0.0,0.0,1.0,51.666666666666664,6.329032258064516,0.06451612903225806
2013,MN Samuels,8.0,18.0,2.0,2,1.0,13.0,34.0,25.0,1.0,34.0,4.0,44.44444444444444,0.05555555555555555,0.7222222222222222,4.166666666666667,8.16,0.04
2013,MR Marsh,140.0,109.0,7.0,9,16.0,37.0,184.0,122.0,7.0,339.0,20.0,128.44036697247705,0.14678899082568808,0.3394495412844037,20.333333333333332,9.049180327868854,0.05737704918032787
2013,MS Bisla,255.0,248.0,14.0,14,42.0,116.0,0.0,0.0,0.0,301.0,18.214285714285715,102.8225806451613,0.1693548387096774,0.46774193548387094,0.0,0.0,0.0
2013,MS Dhoni,461.0,298.0,12.0,16,57.0,76.0,0.0,0.0,0.0,538.0,38.416666666666664,154.6979865771812,0.1912751677852349,0.2550335570469799,0.0,0.0,0.0
2013,MS Gony,45.0,27.0,3.0,8,7.0,10.0,261.0,175.0,7.0,247.0,15.0,166.66666666666666,0.25925925925925924,0.37037037037037035,29.166666666666668,8.948571428571428,0.04
2013,Mandeep Singh,260.0,228.0,12.0,14,36.0,84.0,0.0,0.0,0.0,304.0,21.666666666666668,114.03508771929825,0.15789473684210525,0.3684210526315789,0.0,0.0,0.0
2013,Mohammed Shami,5.0,10.0,1.0,3,0.0,6.0,79.0,57.0,1.0,38.0,5.0,50.0,0.0,0.6,9.5,8.31578947368421,0.017543859649122806
2013,NLTC Perera,235.0,173.0,12.0,16,26.0,47.0,490.0,367.0,19.0,752.0,19.583333333333332,135.83815028901734,0.15028901734104047,0.27167630057803466,61.166666666666664,8.010899182561309,0.051771117166212535
2013,NM Coulter-Nile,9.0,6.0,1.0,1,1.0,2.0,29.0,25.0,1.0,35.0,9.0,150.0,0.16666666666666666,0.3333333333333333,4.166666666666667,6.959999999999999,0.04
2013,NV Ojha,9.0,10.0,1.0,2,1.0,4.0,0.0,0.0,0.0,14.0,9.0,90.0,0.1,0.4,0.0,0.0,0.0
2013,OA Shah,25.0,24.0,2.0,2,2.0,5.0,0.0,0.0,0.0,27.0,12.5,104.16666666666667,0.08333333333333333,0.20833333333333334,0.0,0.0,0.0
2013,P Awana,1.0,9.0,3.0,14,0.0,8.0,415.0,331.0,15.0,420.0,0.3333333333333333,11.11111111111111,0.0,0.8888888888888888,55.166666666666664,7.522658610271904,0.045317220543806644
2013,P Dogra,5.0,8.0,1.0,1,0.0,3.0,0.0,0.0,0.0,5.0,5.0,62.5,0.0,0.375,0.0,0.0,0.0
2013,P Kumar,47.0,41.0,5.0,15,6.0,18.0,394.0,353.0,12.0,393.0,9.4,114.63414634146342,0.14634146341463414,0.43902439024390244,58.833333333333336,6.696883852691218,0.0339943342776204
2013,P Negi,0.0,0.0,0.0,1,0.0,0.0,28.0,26.0,0.0,4.0,0.0,0.0,0.0,0.0,4.333333333333333,6.461538461538462,0.0
2013,P Suyal,0.0,0.0,0.0,1,0.0,0.0,22.0,19.0,1.0,29.0,0.0,0.0,0.0,0.0,3.1666666666666665,6.947368421052632,0.05263157894736842
2013,PA Patel,294.0,261.0,13.0,13,41.0,101.0,0.0,0.0,0.0,339.0,22.615384615384617,112.64367816091954,0.15708812260536398,0.38697318007662834,0.0,0.0,0.0
2013,PA Reddy,91.0,104.0,7.0,7,9.0,44.0,0.0,0.0,0.0,100.0,13.0,87.5,0.08653846153846154,0.4230769230769231,0.0,0.0,0.0
2013,PC Valthaty,6.0,17.0,1.0,1,0.0,11.0,0.0,0.0,0.0,6.0,6.0,35.294117647058826,0.0,0.6470588235294118,0.0,0.0,0.0
2013,PJ Sangwan,4.0,2.0,0.0,2,1.0,1.0,52.0,26.0,0.0,13.0,4.0,200.0,0.5,0.5,4.333333333333333,12.0,0.0
2013,PP Chawla,64.0,60.0,6.0,16,8.0,23.0,433.0,352.0,11.0,387.0,10.666666666666666,106.66666666666667,0.13333333333333333,0.38333333333333336,58.666666666666664,7.380681818181818,0.03125
2013,PP Ojha,2.0,4.0,1.0,15,0.0,2.0,390.0,316.0,16.0,458.0,2.0,50.0,0.0,0.5,52.666666666666664,7.405063291139241,0.05063291139240506
2013,PV Tambe,3.0,6.0,0.0,3,0.0,2.0,91.0,69.0,1.0,40.0,3.0,50.0,0.0,0.3333333333333333,11.5,7.913043478260869,0.014492753623188406
2013,Parvez Rasool,5.0,9.0,1.0,2,0.0,3.0,29.0,30.0,1.0,34.0,5.0,55.55555555555556,0.0,0.3333333333333333,5.0,5.8,0.03333333333333333
2013,Q de Kock,6.0,16.0,3.0,3,1.0,12.0,0.0,0.0,0.0,7.0,2.0,37.5,0.0625,0.75,0.0,0.0,0.0
2013,R Ashwin,35.0,50.0,4.0,18,4.0,26.0,397.0,353.0,15.0,470.0,8.75,70.0,0.08,0.52,58.833333333333336,6.747875354107649,0.042492917847025496
2013,R Bhatia,99.0,81.0,6.0,15,11.0,32.0,334.0,266.0,11.0,421.0,16.5,122.22222222222223,0.13580246913580246,0.3950617283950617,44.333333333333336,7.533834586466165,0.041353383458646614
2013,R Dhawan,21.0,21.0,3.0,5,3.0,9.0,115.0,95.0,2.0,82.0,7.0,100.0,0.14285714285714285,0.42857142857142855,15.833333333333334,7.263157894736842,0.021052631578947368
2013,R Dravid,471.0,433.0,16.0,17,69.0,190.0,0.0,0.0,0.0,544.0,29.4375,108.77598152424942,0.15935334872979215,0.4387990762124711,0.0,0.0,0.0
2013,R McLaren,3.0,6.0,2.0,2,0.0,4.0,94.0,45.0,3.0,78.0,1.5,50.0,0.0,0.6666666666666666,7.5,12.533333333333333,0.06666666666666667
2013,R Rampaul,38.0,39.0,4.0,10,4.0,16.0,282.0,241.0,15.0,441.0,9.5,97.43589743589743,0.10256410256410256,0.41025641025641024,40.166666666666664,7.020746887966806,0.06224066390041494
2013,R Sathish,109.0,79.0,5.0,8,14.0,26.0,51.0,23.0,0.0,135.0,21.8,137.9746835443038,0.17721518987341772,0.3291139240506329,3.8333333333333335,13.304347826086955,0.0
2013,R Sharma,11.0,17.0,3.0,11,1.0,9.0,282.0,247.0,9.0,269.0,3.6666666666666665,64.70588235294117,0.058823529411764705,0.5294117647058824,41.166666666666664,6.850202429149798,0.03643724696356275
2013,R Shukla,1.0,2.0,0.0,3,0.0,1.0,80.0,52.0,3.0,88.0,1.0,50.0,0.0,0.5,8.666666666666666,9.230769230769232,0.057692307692307696
2013,R Vinay Kumar,70.0,44.0,1.0,16,9.0,14.0,521.0,373.0,23.0,714.0,70.0,159.0909090909091,0.20454545454545456,0.3181818181818182,62.166666666666664,8.380697050938338,0.06166219839142091
2013,RA Jadeja,201.0,139.0,9.0,18,23.0,34.0,325.0,260.0,13.0,585.0,22.333333333333332,144.6043165467626,0.16546762589928057,0.2446043165467626,43.333333333333336,7.5,0.05
2013,RE van der Merwe,22.0,25.0,2.0,3,2.0,10.0,71.0,66.0,3.0,103.0,11.0,88.0,0.08,0.4,11.0,6.454545454545454,0.045454545454545456
2013,RG Sharma,538.0,415.0,14.0,19,63.0,132.0,6.0,9.0,0.0,621.0,38.42857142857143,129.63855421686748,0.15180722891566265,0.3180722891566265,1.5,4.0,0.0
2013,RJ Harris,2.0,5.0,1.0,3,0.0,3.0,74.0,74.0,1.0,35.0,2.0,40.0,0.0,0.6,12.333333333333334,6.0,0.013513513513513514
2013,RN ten Doeschate,85.0,63.0,3.0,4,11.0,17.0,24.0,18.0,0.0,100.0,28.333333333333332,134.9206349206349,0.1746031746031746,0.2698412698412698,3.0,8.0,0.0
2013,RP Singh,0.0,0.0,0.0,11,0.0,0.0,336.0,250.0,13.0,369.0,0.0,0.0,0.0,0.0,41.666666666666664,8.064,0.052
2013,RT Ponting,52.0,76.0,5.0,5,4.0,39.0,0.0,0.0,0.0,56.0,10.4,68.42105263157895,0.05263157894736842,0.5131578947368421,0.0,0.0,0.0
2013,RV Gomez,4.0,1.0,0.0,2,1.0,0.0,5.0,5.0,0.0,13.0,4.0,400.0,1.0,0.0,0.8333333333333334,6.0,0.0
2013,RV Uthappa,434.0,385.0,16.0,16,54.0,149.0,0.0,0.0,0.0,492.0,27.125,112.72727272727273,0.14025974025974025,0.38701298701298703,0.0,0.0,0.0
2013,S Anirudha,0.0,2.0,1.0,1,0.0,2.0,0.0,0.0,0.0,0.0,0.0,0.0,0.0,1.0,0.0,0.0,0.0
2013,S Badree,0.0,0.0,0.0,1,0.0,0.0,35.0,25.0,0.0,4.0,0.0,0.0,0.0,0.0,4.166666666666667,8.399999999999999,0.0
2013,S Badrinath,124.0,123.0,7.0,7,11.0,41.0,0.0,0.0,0.0,135.0,17.714285714285715,100.8130081300813,0.08943089430894309,0.3333333333333333,0.0,0.0,0.0
2013,S Dhawan,311.0,262.0,8.0,10,42.0,94.0,0.0,0.0,0.0,361.0,38.875,118.70229007633588,0.16030534351145037,0.35877862595419846,0.0,0.0,0.0
2013,S Kaul,7.0,9.0,0.0,6,0.0,5.0,172.0,132.0,4.0,131.0,7.0,77.77777777777777,0.0,0.5555555555555556,22.0,7.818181818181818,0.030303030303030304
2013,S Ladda,0.0,0.0,0.0,1,0.0,0.0,18.0,12.0,1.0,29.0,0.0,0.0,0.0,0.0,2.0,9.0,0.08333333333333333
2013,S Nadeem,14.0,27.0,5.0,12,1.0,19.0,264.0,267.0,9.0,268.0,2.8,51.851851851851855,0.037037037037037035,0.7037037037037037,44.5,5.932584269662922,0.033707865168539325
2013,S Narwal,23.0,16.0,1.0,2,4.0,5.0,17.0,14.0,0.0,31.0,23.0,143.75,0.25,0.3125,2.3333333333333335,7.285714285714286,0.0
2013,S Sreesanth,1.0,4.0,1.0,7,0.0,2.0,171.0,135.0,5.0,150.0,1.0,25.0,0.0,0.5,22.5,7.6,0.037037037037037035
2013,SE Marsh,300.0,256.0,8.0,8,43.0,90.0,0.0,0.0,0.0,343.0,37.5,117.1875,0.16796875,0.3515625,0.0,0.0,0.0
2013,SK Raina,548.0,370.0,12.0,17,68.0,88.0,23.0,12.0,1.0,661.0,45.666666666666664,148.1081081081081,0.1837837837837838,0.23783783783783785,2.0,11.5,0.08333333333333333
2013,SK Trivedi,3.0,7.0,1.0,17,0.0,5.0,425.0,368.0,12.0,367.0,3.0,42.857142857142854,0.0,0.7142857142857143,61.333333333333336,6.929347826086956,0.03260869565217391
2013,SL Malinga,9.0,19.0,3.0,17,1.0,13.0,483.0,399.0,20.0,566.0,3.0,47.36842105263158,0.05263157894736842,0.6842105263157895,66.5,7.2631578947368425,0.05012531328320802
2013,SMSM Senanayake,10.0,17.0,1.0,8,0.0,7.0,211.0,195.0,9.0,263.0,10.0,58.8235294117647,0.0,0.4117647058823529,32.5,6.492307692307692,0.046153846153846156
2013,SP Narine,21.0,20.0,3.0,16,2.0,7.0,353.0,383.0,22.0,625.0,7.0,105.0,0.1,0.35,63.833333333333336,5.530026109660574,0.057441253263707574
2013,SPD Smith,159.0,134.0,5.0,7,19.0,47.0,0.0,0.0,0.0,190.0,31.8,118.65671641791045,0.1417910447761194,0.35074626865671643,0.0,0.0,0.0
2013,SR Tendulkar,287.0,243.0,14.0,14,44.0,96.0,0.0,0.0,0.0,335.0,20.5,118.10699588477367,0.18106995884773663,0.3950617283950617,0.0,0.0,0.0
2013,SR Watson,543.0,393.0,14.0,16,81.0,134.0,317.0,253.0,13.0,957.0,38.785714285714285,138.1679389312977,0.20610687022900764,0.34096692111959287,42.166666666666664,7.517786561264822,0.05138339920948617
2013,SS Tiwary,109.0,113.0,4.0,6,8.0,39.0,0.0,0.0,0.0,125.0,27.25,96.46017699115045,0.07079646017699115,0.34513274336283184,0.0,0.0,0.0
2013,STR Binny,293.0,204.0,8.0,17,37.0,60.0,163.0,148.0,6.0,516.0,36.625,143.62745098039215,0.18137254901960784,0.29411764705882354,24.666666666666668,6.608108108108108,0.04054054054054054
2013,SV Samson,206.0,179.0,8.0,10,24.0,65.0,0.0,0.0,0.0,238.0,25.75,115.08379888268156,0.1340782122905028,0.36312849162011174,0.0,0.0,0.0
2013,SW Tait,1.0,3.0,1.0,3,0.0,2.0,103.0,70.0,1.0,34.0,1.0,33.333333333333336,0.0,0.6666666666666666,11.666666666666666,8.82857142857143,0.014285714285714285
2013,Sachin Baby,3.0,7.0,1.0,1,0.0,4.0,0.0,0.0,0.0,3.0,3.0,42.857142857142854,0.0,0.5714285714285714,0.0,0.0,0.0
2013,Sandeep Sharma,0.0,1.0,0.0,4,0.0,1.0,130.0,98.0,8.0,216.0,0.0,0.0,0.0,1.0,16.333333333333332,7.959183673469388,0.08163265306122448
2013,TL Suman,52.0,58.0,5.0,5,8.0,31.0,16.0,12.0,1.0,85.0,10.4,89.65517241379311,0.13793103448275862,0.5344827586206896,2.0,8.0,0.08333333333333333
2013,TM Dilshan,76.0,97.0,5.0,5,12.0,55.0,10.0,6.0,0.0,88.0,15.2,78.35051546391753,0.12371134020618557,0.5670103092783505,1.0,10.0,0.0
2013,UA Birla,7.0,15.0,1.0,1,1.0,10.0,0.0,0.0,0.0,8.0,7.0,46.666666666666664,0.06666666666666667,0.6666666666666666,0.0,0.0,0.0
2013,UBT Chand,158.0,163.0,9.0,9,21.0,76.0,0.0,0.0,0.0,179.0,17.555555555555557,96.93251533742331,0.12883435582822086,0.4662576687116564,0.0,0.0,0.0
2013,UT Yadav,38.0,39.0,1.0,16,4.0,16.0,531.0,365.0,16.0,502.0,38.0,97.43589743589743,0.10256410256410256,0.41025641025641024,60.833333333333336,8.728767123287671,0.043835616438356165
2013,V Kohli,639.0,471.0,14.0,16,87.0,158.0,0.0,0.0,0.0,734.0,45.642857142857146,135.6687898089172,0.18471337579617833,0.3354564755838641,0.0,0.0,0.0
2013,V Sehwag,295.0,244.0,12.0,13,47.0,95.0,9.0,6.0,0.0,346.0,24.583333333333332,120.90163934426229,0.19262295081967212,0.38934426229508196,1.0,9.0,0.0
2013,VS Malik,0.0,0.0,0.0,3,0.0,0.0,59.0,61.0,2.0,62.0,0.0,0.0,0.0,0.0,10.166666666666666,5.803278688524591,0.03278688524590164
2013,WD Parnell,5.0,7.0,1.0,4,0.0,2.0,141.0,97.0,7.0,192.0,5.0,71.42857142857143,0.0,0.2857142857142857,16.166666666666668,8.721649484536082,0.07216494845360824
2013,WP Saha,70.0,57.0,3.0,3,10.0,25.0,0.0,0.0,0.0,80.0,23.333333333333332,122.80701754385964,0.17543859649122806,0.43859649122807015,0.0,0.0,0.0
2013,X Thalaivan Sargunam,10.0,17.0,1.0,1,0.0,9.0,0.0,0.0,0.0,10.0,10.0,58.8235294117647,0.0,0.5294117647058824,0.0,0.0,0.0
2013,YK Pathan,332.0,247.0,12.0,16,45.0,85.0,74.0,55.0,1.0,422.0,27.666666666666668,134.41295546558703,0.18218623481781376,0.3441295546558704,9.166666666666666,8.072727272727274,0.01818181818181818
2013,YS Chahal,0.0,0.0,0.0,1,0.0,0.0,35.0,24.0,0.0,4.0,0.0,0.0,0.0,0.0,4.0,8.75,0.0
2013,Yuvraj Singh,238.0,193.0,12.0,13,29.0,84.0,152.0,133.0,6.0,421.0,19.833333333333332,123.3160621761658,0.15025906735751296,0.43523316062176165,22.166666666666668,6.857142857142857,0.045112781954887216
2013,Z Khan,0.0,0.0,0.0,2,0.0,0.0,47.0,38.0,5.0,133.0,0.0,0.0,0.0,0.0,6.333333333333333,7.421052631578948,0.13157894736842105
2014,A Mishra,4.0,7.0,1.0,10,0.0,2.0,342.0,229.0,7.0,215.0,4.0,57.142857142857146,0.0,0.2857142857142857,38.166666666666664,8.960698689956333,0.03056768558951965
2014,A Nehra,0.0,0.0,0.0,4,0.0,0.0,143.0,93.0,8.0,216.0,0.0,0.0,0.0,0.0,15.5,9.225806451612904,0.08602150537634409
2014,AB Dinda,4.0,13.0,1.0,9,0.0,8.0,271.0,195.0,5.0,161.0,4.0,30.76923076923077,0.0,0.6153846153846154,32.5,8.338461538461539,0.02564102564102564
2014,AB de Villiers,395.0,255.0,11.0,13,50.0,70.0,0.0,0.0,0.0,453.0,35.90909090909091,154.90196078431373,0.19607843137254902,0.27450980392156865,0.0,0.0,0.0
2014,AD Russell,2.0,8.0,2.0,2,0.0,6.0,54.0,30.0,1.0,27.0,1.0,25.0,0.0,0.75,5.0,10.8,0.03333333333333333
2014,AJ Finch,309.0,268.0,11.0,13,40.0,99.0,0.0,0.0,0.0,357.0,28.09090909090909,115.29850746268657,0.14925373134328357,0.3694029850746269,0.0,0.0,0.0
2014,AM Nayar,43.0,50.0,4.0,4,6.0,29.0,0.0,0.0,0.0,53.0,10.75,86.0,0.12,0.58,0.0,0.0,0.0
2014,AM Rahane,339.0,298.0,10.0,12,41.0,108.0,0.0,0.0,0.0,388.0,33.9,113.75838926174497,0.13758389261744966,0.3624161073825503,0.0,0.0,0.0
2014,AN Ahmed,4.0,1.0,0.0,4,1.0,0.0,120.0,89.0,3.0,96.0,4.0,400.0,1.0,0.0,14.833333333333334,8.089887640449438,0.033707865168539325
2014,AP Tare,126.0,102.0,8.0,11,19.0,40.0,0.0,0.0,0.0,157.0,15.75,123.52941176470588,0.18627450980392157,0.39215686274509803,0.0,0.0,0.0
2014,AR Patel,62.0,61.0,5.0,17,7.0,23.0,423.0,401.0,17.0,542.0,12.4,101.63934426229508,0.11475409836065574,0.3770491803278688,66.83333333333333,6.329177057356609,0.04239401496259352
2014,AT Rayudu,361.0,296.0,14.0,14,39.0,87.0,0.0,0.0,0.0,400.0,25.785714285714285,121.95945945945945,0.13175675675675674,0.2939189189189189,0.0,0.0,0.0
2014,Ankit Sharma,34.0,31.0,2.0,2,5.0,16.0,44.0,48.0,4.0,139.0,17.0,109.6774193548387,0.16129032258064516,0.5161290322580645,8.0,5.5,0.08333333333333333
2014,B Kumar,1.0,4.0,1.0,14,0.0,2.0,362.0,326.0,20.0,553.0,1.0,25.0,0.0,0.5,54.333333333333336,6.662576687116564,0.06134969325153374
2014,BB McCullum,405.0,341.0,13.0,14,51.0,130.0,0.0,0.0,0.0,464.0,31.153846153846153,118.7683284457478,0.1495601173020528,0.3812316715542522,0.0,0.0,0.0
2014,BCJ Cutting,8.0,6.0,0.0,1,1.0,2.0,31.0,23.0,1.0,38.0,8.0,133.33333333333334,0.16666666666666666,0.3333333333333333,3.8333333333333335,8.08695652173913,0.043478260869565216
2014,BE Hendricks,0.0,1.0,1.0,3,0.0,1.0,127.0,75.0,4.0,108.0,0.0,0.0,0.0,1.0,12.5,10.16,0.05333333333333334
2014,BJ Hodge,101.0,74.0,3.0,4,10.0,25.0,0.0,0.0,0.0,115.0,33.666666666666664,136.48648648648648,0.13513513513513514,0.33783783783783783,0.0,0.0,0.0
2014,BR Dunk,40.0,36.0,3.0,3,7.0,17.0,0.0,0.0,0.0,47.0,13.333333333333334,111.11111111111111,0.19444444444444445,0.4722222222222222,0.0,0.0,0.0
2014,BW Hilfenhaus,0.0,0.0,0.0,8,0.0,0.0,255.0,174.0,8.0,232.0,0.0,0.0,0.0,0.0,29.0,8.793103448275861,0.04597701149425287
2014,CA Lynn,58.0,52.0,2.0,2,8.0,21.0,0.0,0.0,0.0,66.0,29.0,111.53846153846153,0.15384615384615385,0.40384615384615385,0.0,0.0,0.0
2014,CA Pujara,125.0,129.0,4.0,6,17.0,52.0,0.0,0.0,0.0,150.0,31.25,96.89922480620154,0.13178294573643412,0.40310077519379844,0.0,0.0,0.0
2014,CH Gayle,196.0,188.0,9.0,9,30.0,101.0,0.0,0.0,0.0,226.0,21.77777777777778,104.25531914893617,0.1595744680851064,0.5372340425531915,0.0,0.0,0.0
2014,CJ Anderson,265.0,186.0,9.0,12,36.0,67.0,188.0,114.0,4.0,413.0,29.444444444444443,142.4731182795699,0.1935483870967742,0.3602150537634409,19.0,9.894736842105264,0.03508771929824561
2014,CM Gautam,121.0,116.0,6.0,9,18.0,53.0,0.0,0.0,0.0,151.0,20.166666666666668,104.3103448275862,0.15517241379310345,0.45689655172413796,0.0,0.0,0.0
2014,DA Miller,446.0,307.0,9.0,16,55.0,84.0,0.0,0.0,0.0,529.0,49.55555555555556,145.27687296416937,0.1791530944625407,0.2736156351791531,0.0,0.0,0.0
2014,DA Warner,528.0,386.0,12.0,14,63.0,110.0,0.0,0.0,0.0,603.0,44.0,136.78756476683938,0.16321243523316062,0.2849740932642487,0.0,0.0,0.0
2014,DH Yagnik,4.0,6.0,0.0,1,0.0,1.0,0.0,0.0,0.0,8.0,4.0,66.66666666666667,0.0,0.16666666666666666,0.0,0.0,0.0
2014,DJ Bravo,8.0,3.0,0.0,1,1.0,0.0,0.0,0.0,0.0,13.0,8.0,266.6666666666667,0.3333333333333333,0.0,0.0,0.0,0.0
2014,DJ Hussey,116.0,96.0,2.0,4,14.0,33.0,38.0,18.0,2.0,188.0,58.0,120.83333333333333,0.14583333333333334,0.34375,3.0,12.666666666666666,0.1111111111111111
2014,DJG Sammy,108.0,97.0,7.0,10,12.0,37.0,159.0,88.0,3.0,207.0,15.428571428571429,111.34020618556701,0.12371134020618557,0.38144329896907214,14.666666666666666,10.840909090909092,0.03409090909090909
2014,DR Smith,566.0,425.0,17.0,16,84.0,170.0,99.0,62.0,4.0,750.0,33.294117647058826,133.1764705882353,0.1976470588235294,0.4,10.333333333333334,9.580645161290322,0.06451612903225806
2014,DS Kulkarni,35.0,27.0,1.0,8,3.0,6.0,226.0,173.0,6.0,216.0,35.0,129.62962962962962,0.1111111111111111,0.2222222222222222,28.833333333333332,7.838150289017341,0.03468208092485549
2014,DW Steyn,22.0,26.0,2.0,14,1.0,10.0,441.0,341.0,11.0,346.0,11.0,84.61538461538461,0.038461538461538464,0.38461538461538464,56.833333333333336,7.759530791788856,0.03225806451612903
2014,F du Plessis,303.0,240.0,10.0,12,33.0,65.0,0.0,0.0,0.0,348.0,30.3,126.25,0.1375,0.2708333333333333,0.0,0.0,0.0
2014,G Gambhir,335.0,301.0,14.0,16,40.0,107.0,0.0,0.0,0.0,383.0,23.928571428571427,111.29568106312293,0.132890365448505,0.3554817275747508,0.0,0.0,0.0
2014,GJ Bailey,257.0,190.0,10.0,16,29.0,57.0,0.0,0.0,0.0,314.0,25.7,135.26315789473685,0.15263157894736842,0.3,0.0,0.0,0.0
2014,GJ Maxwell,552.0,312.0,17.0,16,84.0,76.0,133.0,70.0,1.0,661.0,32.470588235294116,176.92307692307693,0.2692307692307692,0.24358974358974358,11.666666666666666,11.4,0.014285714285714285
2014,HV Patel,13.0,7.0,2.0,3,2.0,3.0,118.0,71.0,4.0,119.0,6.5,185.71428571428572,0.2857142857142857,0.42857142857142855,11.833333333333334,9.971830985915492,0.056338028169014086
2014,Harbhajan Singh,28.0,26.0,6.0,14,4.0,13.0,365.0,336.0,14.0,414.0,4.666666666666667,107.6923076923077,0.15384615384615385,0.5,56.0,6.517857142857143,0.041666666666666664
2014,I Sharma,0.0,0.0,0.0,3,0.0,0.0,101.0,68.0,3.0,87.0,0.0,0.0,0.0,0.0,11.333333333333334,8.911764705882353,0.04411764705882353
2014,IC Pandey,0.0,0.0,0.0,12,0.0,0.0,331.0,254.0,6.0,198.0,0.0,0.0,0.0,0.0,42.333333333333336,7.818897637795275,0.023622047244094488
2014,IK Pathan,55.0,58.0,4.0,10,5.0,18.0,208.0,142.0,4.0,184.0,13.75,94.82758620689656,0.08620689655172414,0.3103448275862069,23.666666666666668,8.788732394366196,0.028169014084507043
2014,Imran Tahir,8.0,10.0,2.0,6,2.0,8.0,175.0,129.0,9.0,251.0,4.0,80.0,0.2,0.8,21.5,8.13953488372093,0.06976744186046512
2014,Iqbal Abdulla,0.0,0.0,0.0,1,0.0,0.0,18.0,12.0,0.0,4.0,0.0,0.0,0.0,0.0,2.0,9.0,0.0
2014,JA Morkel,45.0,41.0,3.0,7,4.0,17.0,127.0,101.0,4.0,165.0,15.0,109.7560975609756,0.0975609756097561,0.4146341463414634,16.833333333333332,7.544554455445545,0.039603960396039604
2014,JD Unadkat,1.0,6.0,1.0,9,0.0,5.0,278.0,189.0,10.0,283.0,1.0,16.666666666666668,0.0,0.8333333333333334,31.5,8.825396825396826,0.05291005291005291
2014,JDS Neesham,42.0,46.0,3.0,4,4.0,24.0,96.0,57.0,1.0,75.0,14.0,91.30434782608695,0.08695652173913043,0.5217391304347826,9.5,10.105263157894736,0.017543859649122806
2014,JH Kallis,151.0,131.0,6.0,8,17.0,50.0,193.0,134.0,4.0,276.0,25.166666666666668,115.26717557251908,0.1297709923664122,0.3816793893129771,22.333333333333332,8.64179104477612,0.029850746268656716
2014,JJ Bumrah,1.0,4.0,1.0,11,0.0,2.0,307.0,245.0,5.0,166.0,1.0,25.0,0.0,0.5,40.833333333333336,7.518367346938775,0.02040816326530612
2014,JO Holder,16.0,12.0,1.0,1,3.0,7.0,35.0,20.0,1.0,44.0,16.0,133.33333333333334,0.25,0.5833333333333334,3.3333333333333335,10.5,0.05
2014,JP Duminy,410.0,311.0,8.0,14,42.0,80.0,242.0,204.0,3.0,551.0,51.25,131.83279742765274,0.13504823151125403,0.2572347266881029,34.0,7.117647058823529,0.014705882352941176
2014,JP Faulkner,181.0,99.0,5.0,13,24.0,22.0,445.0,272.0,11.0,512.0,36.2,182.82828282828282,0.24242424242424243,0.2222222222222222,45.333333333333336,9.816176470588236,0.04044117647058824
2014,JW Hastings,0.0,0.0,0.0,1,0.0,0.0,29.0,19.0,1.0,29.0,0.0,0.0,0.0,0.0,3.1666666666666665,9.157894736842106,0.05263157894736842
2014,K Santokie,0.0,0.0,0.0,2,0.0,0.0,91.0,51.0,3.0,83.0,0.0,0.0,0.0,0.0,8.5,10.705882352941176,0.058823529411764705
2014,KA Pollard,273.0,208.0,9.0,15,30.0,66.0,265.0,159.0,2.0,377.0,30.333333333333332,131.25,0.14423076923076922,0.3173076923076923,26.5,10.0,0.012578616352201259
2014,KD Karthik,325.0,261.0,14.0,14,39.0,90.0,0.0,0.0,0.0,364.0,23.214285714285715,124.52107279693486,0.14942528735632185,0.3448275862068966,0.0,0.0,0.0
2014,KK Cooper,39.0,28.0,3.0,5,5.0,10.0,146.0,110.0,4.0,152.0,13.0,139.28571428571428,0.17857142857142858,0.35714285714285715,18.333333333333332,7.963636363636364,0.03636363636363636
2014,KK Nair,330.0,237.0,11.0,11,47.0,85.0,0.0,0.0,0.0,381.0,30.0,139.2405063291139,0.19831223628691982,0.35864978902953587,0.0,0.0,0.0
2014,KL Rahul,166.0,166.0,8.0,8,15.0,57.0,0.0,0.0,0.0,181.0,20.75,100.0,0.09036144578313253,0.3433734939759036,0.0,0.0,0.0
2014,KM Jadhav,149.0,104.0,3.0,10,20.0,27.0,0.0,0.0,0.0,197.0,49.666666666666664,143.26923076923077,0.19230769230769232,0.25961538461538464,0.0,0.0,0.0
2014,KP Pietersen,294.0,239.0,10.0,11,41.0,83.0,0.0,0.0,0.0,339.0,29.4,123.01255230125523,0.17154811715481172,0.3472803347280335,0.0,0.0,0.0
2014,KV Sharma,42.0,30.0,3.0,14,4.0,6.0,393.0,305.0,15.0,465.0,14.0,140.0,0.13333333333333333,0.2,50.833333333333336,7.731147540983606,0.04918032786885246
2014,KW Richardson,1.0,2.0,1.0,7,0.0,1.0,208.0,166.0,9.0,250.0,1.0,50.0,0.0,0.5,27.666666666666668,7.518072289156626,0.05421686746987952
2014,Karanveer Singh,1.0,1.0,0.0,5,0.0,0.0,164.0,125.0,11.0,296.0,1.0,100.0,0.0,0.0,20.833333333333332,7.872000000000001,0.088
2014,L Balaji,1.0,3.0,1.0,9,0.0,2.0,305.0,211.0,12.0,333.0,1.0,33.333333333333336,0.0,0.6666666666666666,35.166666666666664,8.672985781990523,0.05687203791469194
2014,LMP Simmons,394.0,299.0,7.0,8,57.0,113.0,34.0,18.0,1.0,480.0,56.285714285714285,131.77257525083613,0.19063545150501673,0.3779264214046823,3.0,11.333333333333334,0.05555555555555555
2014,LR Shukla,31.0,38.0,3.0,5,3.0,15.0,88.0,58.0,1.0,67.0,10.333333333333334,81.57894736842105,0.07894736842105263,0.39473684210526316,9.666666666666666,9.10344827586207,0.017241379310344827
2014,LRPL Taylor,59.0,62.0,3.0,4,6.0,21.0,0.0,0.0,0.0,69.0,19.666666666666668,95.16129032258064,0.0967741935483871,0.3387096774193548,0.0,0.0,0.0
2014,M Kartik,0.0,0.0,0.0,2,0.0,0.0,90.0,48.0,1.0,33.0,0.0,0.0,0.0,0.0,8.0,11.25,0.020833333333333332
2014,M Manhas,35.0,26.0,3.0,5,4.0,7.0,0.0,0.0,0.0,47.0,11.666666666666666,134.6153846153846,0.15384615384615385,0.2692307692307692,0.0,0.0,0.0
2014,M Morkel,4.0,4.0,0.0,12,0.0,0.0,376.0,304.0,12.0,352.0,4.0,100.0,0.0,0.0,50.666666666666664,7.421052631578948,0.039473684210526314
2014,M Muralitharan,0.0,0.0,0.0,5,0.0,0.0,125.0,98.0,3.0,95.0,0.0,0.0,0.0,0.0,16.333333333333332,7.653061224489797,0.030612244897959183
2014,M Vijay,207.0,197.0,12.0,11,25.0,79.0,13.0,6.0,0.0,232.0,17.25,105.0761421319797,0.12690355329949238,0.4010152284263959,1.0,13.0,0.0
2014,M Vohra,324.0,244.0,7.0,8,43.0,97.0,0.0,0.0,0.0,371.0,46.285714285714285,132.78688524590163,0.1762295081967213,0.3975409836065574,0.0,0.0,0.0
2014,M de Lange,1.0,2.0,1.0,1,0.0,1.0,33.0,26.0,2.0,51.0,1.0,50.0,0.0,0.5,4.333333333333333,7.615384615384616,0.07692307692307693
2014,MA Agarwal,115.0,93.0,8.0,8,15.0,37.0,0.0,0.0,0.0,130.0,14.375,123.65591397849462,0.16129032258064516,0.3978494623655914,0.0,0.0,0.0
2014,MA Starc,85.0,84.0,5.0,14,9.0,30.0,419.0,337.0,14.0,480.0,17.0,101.19047619047619,0.10714285714285714,0.35714285714285715,56.166666666666664,7.459940652818991,0.04154302670623145
2014,MC Henriques,9.0,14.0,2.0,4,1.0,6.0,96.0,63.0,4.0,118.0,4.5,64.28571428571429,0.07142857142857142,0.42857142857142855,10.5,9.142857142857142,0.06349206349206349
2014,MEK Hussey,209.0,187.0,8.0,9,24.0,71.0,0.0,0.0,0.0,237.0,26.125,111.76470588235294,0.12834224598930483,0.37967914438502676,0.0,0.0,0.0
2014,MG Johnson,56.0,51.0,3.0,14,7.0,23.0,450.0,340.0,17.0,532.0,18.666666666666668,109.80392156862744,0.13725490196078433,0.45098039215686275,56.666666666666664,7.9411764705882355,0.05
2014,MK Pandey,409.0,359.0,13.0,16,46.0,121.0,0.0,0.0,0.0,467.0,31.46153846153846,113.9275766016713,0.12813370473537605,0.3370473537604457,0.0,0.0,0.0
2014,MK Tiwary,152.0,123.0,6.0,8,18.0,35.0,28.0,12.0,0.0,178.0,25.333333333333332,123.57723577235772,0.14634146341463414,0.2845528455284553,2.0,14.0,0.0
2014,MM Sharma,1.0,3.0,0.0,16,0.0,2.0,455.0,321.0,23.0,640.0,1.0,33.333333333333336,0.0,0.6666666666666666,53.5,8.504672897196262,0.07165109034267912
2014,MS Bisla,3.0,9.0,1.0,1,0.0,6.0,0.0,0.0,0.0,3.0,3.0,33.333333333333336,0.0,0.6666666666666666,0.0,0.0,0.0
2014,MS Dhoni,371.0,258.0,6.0,15,42.0,62.0,0.0,0.0,0.0,453.0,61.833333333333336,143.7984496124031,0.16279069767441862,0.24031007751937986,0.0,0.0,0.0
2014,Mandeep Singh,24.0,28.0,3.0,3,2.0,12.0,0.0,0.0,0.0,26.0,8.0,85.71428571428571,0.07142857142857142,0.42857142857142855,0.0,0.0,0.0
2014,Mohammed Shami,3.0,8.0,2.0,12,0.0,4.0,380.0,278.0,7.0,218.0,1.5,37.5,0.0,0.5,46.333333333333336,8.201438848920862,0.025179856115107913
2014,NJ Maddinson,16.0,14.0,2.0,2,3.0,9.0,0.0,0.0,0.0,19.0,8.0,114.28571428571429,0.21428571428571427,0.6428571428571429,0.0,0.0,0.0
2014,NM Coulter-Nile,0.0,0.0,0.0,1,0.0,0.0,27.0,26.0,2.0,54.0,0.0,0.0,0.0,0.0,4.333333333333333,6.230769230769231,0.07692307692307693
2014,NV Ojha,232.0,170.0,6.0,10,31.0,61.0,0.0,0.0,0.0,279.0,38.666666666666664,136.47058823529412,0.18235294117647058,0.3588235294117647,0.0,0.0,0.0
2014,P Awana,0.0,0.0,0.0,7,0.0,0.0,247.0,144.0,7.0,203.0,0.0,0.0,0.0,0.0,24.0,10.291666666666666,0.04861111111111111
2014,P Kumar,1.0,2.0,1.0,3,0.0,1.0,81.0,72.0,3.0,84.0,1.0,50.0,0.0,0.5,12.0,6.75,0.041666666666666664
2014,P Negi,0.0,0.0,0.0,2,0.0,0.0,76.0,42.0,0.0,8.0,0.0,0.0,0.0,0.0,7.0,10.857142857142858,0.0
2014,P Suyal,0.0,0.0,0.0,1,0.0,0.0,35.0,21.0,1.0,29.0,0.0,0.0,0.0,0.0,3.5,10.0,0.047619047619047616
2014,PA Patel,205.0,191.0,9.0,12,31.0,83.0,0.0,0.0,0.0,248.0,22.77777777777778,107.32984293193718,0.16230366492146597,0.43455497382198954,0.0,0.0,0.0
2014,PJ Cummins,0.0,0.0,0.0,1,0.0,0.0,29.0,23.0,1.0,29.0,0.0,0.0,0.0,0.0,3.8333333333333335,7.565217391304348,0.043478260869565216
2014,PP Chawla,31.0,20.0,3.0,11,5.0,5.0,304.0,238.0,14.0,418.0,10.333333333333334,155.0,0.25,0.25,39.666666666666664,7.663865546218488,0.058823529411764705
2014,PP Ojha,4.0,8.0,1.0,12,0.0,2.0,385.0,281.0,4.0,148.0,4.0,50.0,0.0,0.25,46.833333333333336,8.220640569395018,0.014234875444839857
2014,PV Tambe,5.0,9.0,1.0,13,0.0,4.0,365.0,304.0,15.0,428.0,5.0,55.55555555555556,0.0,0.4444444444444444,50.666666666666664,7.203947368421053,0.049342105263157895
2014,Parvez Rasool,0.0,0.0,0.0,3,0.0,0.0,83.0,56.0,1.0,37.0,0.0,0.0,0.0,0.0,9.333333333333334,8.892857142857142,0.017857142857142856
2014,Q de Kock,153.0,132.0,6.0,7,23.0,59.0,0.0,0.0,0.0,180.0,25.5,115.9090909090909,0.17424242424242425,0.44696969696969696,0.0,0.0,0.0
2014,R Ashwin,45.0,48.0,2.0,16,4.0,13.0,445.0,378.0,16.0,505.0,22.5,93.75,0.08333333333333333,0.2708333333333333,63.0,7.063492063492063,0.042328042328042326
2014,R Bhatia,67.0,55.0,5.0,12,7.0,16.0,287.0,231.0,12.0,402.0,13.4,121.81818181818181,0.12727272727272726,0.2909090909090909,38.5,7.454545454545454,0.05194805194805195
2014,R Dhawan,82.0,75.0,2.0,13,9.0,30.0,373.0,292.0,13.0,460.0,41.0,109.33333333333333,0.12,0.4,48.666666666666664,7.664383561643836,0.04452054794520548
2014,R Rampaul,13.0,13.0,1.0,2,1.0,6.0,36.0,36.0,1.0,43.0,13.0,100.0,0.07692307692307693,0.46153846153846156,6.0,6.0,0.027777777777777776
2014,R Sharma,0.0,0.0,0.0,2,0.0,0.0,65.0,36.0,1.0,33.0,0.0,0.0,0.0,0.0,6.0,10.833333333333334,0.027777777777777776
2014,R Shukla,18.0,21.0,2.0,3,2.0,9.0,105.0,57.0,2.0,74.0,9.0,85.71428571428571,0.09523809523809523,0.42857142857142855,9.5,11.052631578947368,0.03508771929824561
2014,R Tewatia,16.0,13.0,1.0,3,1.0,2.0,58.0,54.0,2.0,75.0,16.0,123.07692307692308,0.07692307692307693,0.15384615384615385,9.0,6.444444444444445,0.037037037037037035
2014,R Vinay Kumar,4.0,7.0,2.0,9,0.0,2.0,293.0,191.0,7.0,207.0,2.0,57.142857142857146,0.0,0.2857142857142857,31.833333333333332,9.204188481675393,0.03664921465968586
2014,RA Jadeja,146.0,113.0,5.0,16,14.0,25.0,446.0,331.0,19.0,679.0,29.2,129.20353982300884,0.12389380530973451,0.22123893805309736,55.166666666666664,8.084592145015106,0.05740181268882175
2014,RG Sharma,390.0,307.0,14.0,15,47.0,104.0,26.0,18.0,1.0,470.0,27.857142857142858,127.0358306188925,0.15309446254071662,0.33876221498371334,3.0,8.666666666666666,0.05555555555555555
2014,RN ten Doeschate,52.0,33.0,4.0,7,7.0,10.0,35.0,30.0,1.0,96.0,13.0,157.57575757575756,0.21212121212121213,0.30303030303030304,5.0,7.0,0.03333333333333333
2014,RR Rossouw,39.0,41.0,4.0,3,4.0,20.0,0.0,0.0,0.0,43.0,9.75,95.1219512195122,0.0975609756097561,0.4878048780487805,0.0,0.0,0.0
2014,RV Uthappa,660.0,485.0,16.0,16,92.0,155.0,0.0,0.0,0.0,756.0,41.25,136.08247422680412,0.18969072164948453,0.31958762886597936,0.0,0.0,0.0
2014,S Anirudha,3.0,5.0,1.0,1,0.0,2.0,0.0,0.0,0.0,3.0,3.0,60.0,0.0,0.4,0.0,0.0,0.0
2014,S Badree,0.0,0.0,0.0,4,0.0,0.0,103.0,87.0,2.0,66.0,0.0,0.0,0.0,0.0,14.5,7.103448275862069,0.022988505747126436
2014,S Dhawan,377.0,332.0,12.0,14,56.0,131.0,0.0,0.0,0.0,441.0,31.416666666666668,113.55421686746988,0.1686746987951807,0.39457831325301207,0.0,0.0,0.0
2014,S Gopal,11.0,10.0,1.0,4,1.0,2.0,113.0,85.0,6.0,174.0,11.0,110.0,0.1,0.2,14.166666666666666,7.976470588235294,0.07058823529411765
2014,S Kaul,2.0,2.0,0.0,5,0.0,0.0,136.0,82.0,2.0,72.0,2.0,100.0,0.0,0.0,13.666666666666666,9.951219512195122,0.024390243902439025
2014,S Nadeem,7.0,20.0,2.0,11,0.0,12.0,314.0,234.0,8.0,243.0,3.5,35.0,0.0,0.6,39.0,8.051282051282051,0.03418803418803419
2014,S Rana,73.0,66.0,4.0,7,8.0,26.0,16.0,12.0,0.0,93.0,18.25,110.60606060606061,0.12121212121212122,0.3939393939393939,2.0,8.0,0.0
2014,SA Yadav,164.0,123.0,6.0,11,21.0,34.0,8.0,6.0,0.0,209.0,27.333333333333332,133.33333333333334,0.17073170731707318,0.2764227642276423,1.0,8.0,0.0
2014,SB Jakati,0.0,0.0,0.0,1,0.0,0.0,41.0,22.0,0.0,4.0,0.0,0.0,0.0,0.0,3.6666666666666665,11.181818181818182,0.0
2014,SE Marsh,70.0,54.0,2.0,2,10.0,22.0,0.0,0.0,0.0,80.0,35.0,129.62962962962962,0.18518518518518517,0.4074074074074074,0.0,0.0,0.0
2014,SK Raina,523.0,370.0,12.0,16,70.0,117.0,135.0,109.0,1.0,634.0,43.583333333333336,141.35135135135135,0.1891891891891892,0.3162162162162162,18.166666666666668,7.431192660550458,0.009174311926605505
2014,SL Malinga,2.0,4.0,0.0,10,0.0,2.0,266.0,242.0,16.0,442.0,2.0,50.0,0.0,0.5,40.333333333333336,6.595041322314049,0.06611570247933884
2014,SP Narine,10.0,15.0,1.0,16,0.0,4.0,431.0,391.0,21.0,595.0,10.0,66.66666666666667,0.0,0.26666666666666666,65.16666666666667,6.6138107416879794,0.05370843989769821
2014,SPD Smith,152.0,115.0,5.0,7,17.0,32.0,0.0,0.0,0.0,181.0,30.4,132.17391304347825,0.14782608695652175,0.2782608695652174,0.0,0.0,0.0
2014,SR Watson,246.0,205.0,12.0,13,34.0,97.0,169.0,134.0,7.0,459.0,20.5,120.0,0.16585365853658537,0.47317073170731705,22.333333333333332,7.567164179104478,0.05223880597014925
2014,STR Binny,123.0,122.0,9.0,13,9.0,48.0,65.0,53.0,3.0,223.0,13.666666666666666,100.81967213114754,0.07377049180327869,0.39344262295081966,8.833333333333334,7.3584905660377355,0.05660377358490566
2014,SV Samson,339.0,280.0,13.0,13,42.0,109.0,0.0,0.0,0.0,381.0,26.076923076923077,121.07142857142857,0.15,0.3892857142857143,0.0,0.0,0.0
2014,Sandeep Sharma,2.0,5.0,0.0,11,0.0,2.0,357.0,254.0,18.0,496.0,2.0,40.0,0.0,0.4,42.333333333333336,8.433070866141732,0.07086614173228346
2014,Shakib Al Hasan,229.0,160.0,9.0,13,29.0,39.0,338.0,303.0,11.0,553.0,25.444444444444443,143.125,0.18125,0.24375,50.5,6.693069306930693,0.036303630363036306
2014,Shivam Sharma,5.0,3.0,1.0,4,1.0,1.0,121.0,96.0,3.0,93.0,5.0,166.66666666666666,0.3333333333333333,0.3333333333333333,16.0,7.5625,0.03125
2014,TG Southee,4.0,4.0,1.0,3,1.0,3.0,78.0,63.0,0.0,13.0,4.0,100.0,0.25,0.75,10.5,7.428571428571429,0.0
2014,UBT Chand,2.0,10.0,1.0,1,0.0,7.0,0.0,0.0,0.0,2.0,2.0,20.0,0.0,0.7,0.0,0.0,0.0
2014,UT Yadav,2.0,4.0,1.0,12,0.0,2.0,380.0,282.0,11.0,321.0,2.0,50.0,0.0,0.5,47.0,8.085106382978724,0.03900709219858156
2014,V Kohli,359.0,301.0,14.0,14,39.0,103.0,0.0,0.0,0.0,402.0,25.642857142857142,119.26910299003322,0.12956810631229235,0.34219269102990035,0.0,0.0,0.0
2014,V Sehwag,455.0,334.0,18.0,17,74.0,121.0,0.0,0.0,0.0,529.0,25.27777777777778,136.22754491017963,0.2215568862275449,0.36227544910179643,0.0,0.0,0.0
2014,V Shankar,0.0,0.0,0.0,1,0.0,0.0,19.0,6.0,0.0,4.0,0.0,0.0,0.0,0.0,1.0,19.0,0.0
2014,VH Zol,29.0,26.0,2.0,2,4.0,13.0,0.0,0.0,0.0,33.0,14.5,111.53846153846153,0.15384615384615385,0.5,0.0,0.0,0.0
2014,VR Aaron,35.0,34.0,0.0,10,3.0,13.0,309.0,238.0,16.0,478.0,35.0,102.94117647058823,0.08823529411764706,0.38235294117647056,39.666666666666664,7.789915966386555,0.06722689075630252
2014,VS Malik,1.0,2.0,0.0,1,0.0,1.0,29.0,19.0,1.0,30.0,1.0,50.0,0.0,0.5,3.1666666666666665,9.157894736842106,0.05263157894736842
2014,WD Parnell,2.0,2.0,1.0,8,0.0,1.0,234.0,189.0,6.0,180.0,2.0,100.0,0.0,0.5,31.5,7.428571428571429,0.031746031746031744
2014,WP Saha,362.0,255.0,12.0,13,51.0,90.0,0.0,0.0,0.0,421.0,30.166666666666668,141.9607843137255,0.2,0.35294117647058826,0.0,0.0,0.0
2014,Y Venugopal Rao,71.0,65.0,3.0,7,8.0,18.0,16.0,12.0,0.0,95.0,23.666666666666668,109.23076923076923,0.12307692307692308,0.27692307692307694,2.0,8.0,0.0
2014,YK Pathan,268.0,168.0,9.0,12,35.0,52.0,10.0,6.0,0.0,315.0,29.77777777777778,159.52380952380952,0.20833333333333334,0.30952380952380953,1.0,10.0,0.0
2014,YS Chahal,1.0,2.0,0.0,14,0.0,0.0,389.0,333.0,12.0,357.0,1.0,50.0,0.0,0.0,55.5,7.009009009009009,0.036036036036036036
2014,YV Takawale,104.0,92.0,5.0,5,18.0,45.0,0.0,0.0,0.0,122.0,20.8,113.04347826086956,0.1956521739130435,0.4891304347826087,0.0,0.0,0.0
2014,Yuvraj Singh,376.0,288.0,10.0,14,50.0,117.0,191.0,139.0,5.0,567.0,37.6,130.55555555555554,0.1736111111111111,0.40625,23.166666666666668,8.244604316546763,0.03597122302158273
2014,Z Khan,8.0,7.0,1.0,6,1.0,2.0,156.0,137.0,5.0,154.0,8.0,114.28571428571429,0.14285714285714285,0.2857142857142857,22.833333333333332,6.832116788321168,0.0364963503649635
2015,A Ashish Reddy,73.0,46.0,3.0,6,8.0,12.0,51.0,36.0,3.0,168.0,24.333333333333332,158.69565217391303,0.17391304347826086,0.2608695652173913,6.0,8.5,0.08333333333333333
2015,A Mishra,8.0,13.0,2.0,12,0.0,5.0,312.0,249.0,9.0,273.0,4.0,61.53846153846154,0.0,0.38461538461538464,41.5,7.518072289156627,0.03614457831325301
2015,A Nehra,1.0,7.0,2.0,16,0.0,3.0,451.0,382.0,22.0,607.0,0.5,14.285714285714286,0.0,0.42857142857142855,63.666666666666664,7.0837696335078535,0.05759162303664921
2015,AB Dinda,0.0,0.0,0.0,2,0.0,0.0,63.0,33.0,0.0,8.0,0.0,0.0,0.0,0.0,5.5,11.454545454545455,0.0
2015,AB de Villiers,513.0,302.0,8.0,14,82.0,83.0,0.0,0.0,0.0,619.0,64.125,169.86754966887418,0.271523178807947,0.27483443708609273,0.0,0.0,0.0
2015,AD Mathews,144.0,109.0,7.0,11,18.0,32.0,249.0,185.0,7.0,357.0,20.571428571428573,132.11009174311926,0.1651376146788991,0.29357798165137616,30.833333333333332,8.075675675675676,0.03783783783783784
2015,AD Russell,326.0,175.0,7.0,13,54.0,48.0,332.0,254.0,14.0,754.0,46.57142857142857,186.28571428571428,0.30857142857142855,0.2742857142857143,42.333333333333336,7.8425196850393695,0.05511811023622047
2015,AJ Finch,23.0,33.0,3.0,3,4.0,21.0,0.0,0.0,0.0,27.0,7.666666666666667,69.6969696969697,0.12121212121212122,0.6363636363636364,0.0,0.0,0.0
2015,AM Rahane,540.0,423.0,11.0,13,66.0,132.0,0.0,0.0,0.0,614.0,49.09090909090909,127.65957446808511,0.15602836879432624,0.3120567375886525,0.0,0.0,0.0
2015,AN Ahmed,10.0,5.0,1.0,3,2.0,1.0,129.0,75.0,1.0,45.0,10.0,200.0,0.4,0.2,12.5,10.32,0.013333333333333334
2015,AP Tare,14.0,18.0,2.0,2,1.0,7.0,0.0,0.0,0.0,15.0,7.0,77.77777777777777,0.05555555555555555,0.3888888888888889,0.0,0.0,0.0
2015,AR Patel,206.0,181.0,10.0,14,21.0,53.0,399.0,288.0,13.0,572.0,20.6,113.8121546961326,0.11602209944751381,0.292817679558011,48.0,8.3125,0.04513888888888889
2015,AT Rayudu,281.0,195.0,9.0,14,34.0,56.0,0.0,0.0,0.0,335.0,31.22222222222222,144.10256410256412,0.17435897435897435,0.28717948717948716,0.0,0.0,0.0
2015,Ankit Sharma,7.0,6.0,1.0,4,1.0,2.0,114.0,86.0,3.0,95.0,7.0,116.66666666666667,0.16666666666666666,0.3333333333333333,14.333333333333334,7.953488372093023,0.03488372093023256
2015,Anureet Singh,18.0,31.0,3.0,14,1.0,15.0,477.0,321.0,15.0,438.0,6.0,58.064516129032256,0.03225806451612903,0.4838709677419355,53.5,8.91588785046729,0.04672897196261682
2015,Azhar Mahmood,6.0,8.0,1.0,1,1.0,5.0,40.0,19.0,0.0,7.0,6.0,75.0,0.125,0.625,3.1666666666666665,12.631578947368421,0.0
2015,B Kumar,17.0,10.0,1.0,14,3.0,5.0,419.0,322.0,18.0,522.0,17.0,170.0,0.3,0.5,53.666666666666664,7.807453416149069,0.055900621118012424
2015,BB McCullum,436.0,293.0,15.0,14,74.0,119.0,0.0,0.0,0.0,510.0,29.066666666666666,148.80546075085323,0.2525597269624573,0.4061433447098976,0.0,0.0,0.0
2015,BB Sran,0.0,0.0,0.0,1,0.0,0.0,36.0,20.0,0.0,4.0,0.0,0.0,0.0,0.0,3.3333333333333335,10.799999999999999,0.0
2015,BE Hendricks,1.0,2.0,0.0,4,0.0,1.0,112.0,80.0,5.0,142.0,1.0,50.0,0.0,0.5,13.333333333333334,8.4,0.0625
2015,Bipul Sharma,1.0,2.0,1.0,3,0.0,1.0,50.0,41.0,3.0,84.0,1.0,50.0,0.0,0.5,6.833333333333333,7.317073170731708,0.07317073170731707
2015,CH Gayle,491.0,359.0,13.0,14,77.0,146.0,16.0,13.0,0.0,576.0,37.76923076923077,136.76880222841226,0.21448467966573817,0.40668523676880225,2.1666666666666665,7.384615384615385,0.0
2015,CH Morris,76.0,47.0,2.0,11,8.0,8.0,335.0,269.0,14.0,470.0,38.0,161.70212765957447,0.1702127659574468,0.1702127659574468,44.833333333333336,7.4721189591078065,0.05204460966542751
2015,CJ Anderson,114.0,98.0,3.0,4,17.0,49.0,33.0,24.0,1.0,160.0,38.0,116.3265306122449,0.17346938775510204,0.5,4.0,8.25,0.041666666666666664
2015,CM Gautam,4.0,5.0,1.0,1,0.0,2.0,0.0,0.0,0.0,4.0,4.0,80.0,0.0,0.4,0.0,0.0,0.0
2015,D Wiese,122.0,90.0,5.0,14,16.0,24.0,360.0,261.0,16.0,574.0,24.4,135.55555555555554,0.17777777777777778,0.26666666666666666,43.5,8.275862068965518,0.06130268199233716
2015,DA Miller,357.0,274.0,13.0,13,42.0,89.0,0.0,0.0,0.0,407.0,27.46153846153846,130.2919708029197,0.15328467153284672,0.3248175182481752,0.0,0.0,0.0
2015,DA Warner,562.0,368.0,12.0,14,86.0,123.0,0.0,0.0,0.0,656.0,46.833333333333336,152.7173913043478,0.23369565217391305,0.3342391304347826,0.0,0.0,0.0
2015,DJ Bravo,195.0,151.0,8.0,17,27.0,49.0,441.0,322.0,26.0,908.0,24.375,129.13907284768212,0.17880794701986755,0.32450331125827814,53.666666666666664,8.217391304347826,0.08074534161490683
2015,DJ Hooda,151.0,99.0,9.0,11,17.0,30.0,131.0,97.0,1.0,201.0,16.77777777777778,152.5252525252525,0.1717171717171717,0.30303030303030304,16.166666666666668,8.103092783505154,0.010309278350515464
2015,DJ Muthuswami,1.0,3.0,1.0,6,0.0,2.0,108.0,84.0,4.0,121.0,1.0,33.333333333333336,0.0,0.6666666666666666,14.0,7.714285714285714,0.047619047619047616
2015,DJG Sammy,13.0,18.0,2.0,2,0.0,5.0,26.0,18.0,0.0,13.0,6.5,72.22222222222223,0.0,0.2777777777777778,3.0,8.666666666666666,0.0
2015,DR Smith,399.0,341.0,14.0,16,68.0,171.0,17.0,12.0,1.0,500.0,28.5,117.00879765395895,0.19941348973607037,0.501466275659824,2.0,8.5,0.08333333333333333
2015,DS Kulkarni,4.0,12.0,2.0,11,0.0,7.0,290.0,221.0,13.0,365.0,2.0,33.333333333333336,0.0,0.5833333333333334,36.833333333333336,7.873303167420814,0.058823529411764705
2015,DW Steyn,20.0,13.0,2.0,6,3.0,3.0,171.0,116.0,3.0,114.0,10.0,153.84615384615384,0.23076923076923078,0.23076923076923078,19.333333333333332,8.844827586206897,0.02586206896551724
2015,EJG Morgan,187.0,154.0,8.0,9,22.0,62.0,0.0,0.0,0.0,213.0,23.375,121.42857142857143,0.14285714285714285,0.4025974025974026,0.0,0.0,0.0
2015,F du Plessis,380.0,317.0,11.0,15,42.0,89.0,0.0,0.0,0.0,438.0,34.54545454545455,119.87381703470031,0.13249211356466878,0.2807570977917981,0.0,0.0,0.0
2015,G Gambhir,327.0,288.0,14.0,13,45.0,105.0,0.0,0.0,0.0,372.0,23.357142857142858,113.54166666666667,0.15625,0.3645833333333333,0.0,0.0,0.0
2015,GB Hogg,7.0,6.0,0.0,6,0.0,0.0,148.0,126.0,9.0,256.0,7.0,116.66666666666667,0.0,0.0,21.0,7.0476190476190474,0.07142857142857142
2015,GH Vihari,39.0,36.0,4.0,4,6.0,15.0,0.0,0.0,0.0,45.0,9.75,108.33333333333333,0.16666666666666666,0.4166666666666667,0.0,0.0,0.0
2015,GJ Bailey,259.0,196.0,10.0,12,29.0,50.0,0.0,0.0,0.0,296.0,25.9,132.14285714285714,0.14795918367346939,0.25510204081632654,0.0,0.0,0.0
2015,GJ Maxwell,146.0,115.0,11.0,11,21.0,50.0,97.0,63.0,2.0,217.0,13.272727272727273,126.95652173913044,0.1826086956521739,0.43478260869565216,10.5,9.238095238095237,0.031746031746031744
2015,GS Sandhu,0.0,0.0,0.0,2,0.0,0.0,86.0,48.0,1.0,33.0,0.0,0.0,0.0,0.0,8.0,10.75,0.020833333333333332
2015,Gurkeerat Singh,35.0,41.0,5.0,5,4.0,18.0,66.0,56.0,3.0,114.0,7.0,85.36585365853658,0.0975609756097561,0.43902439024390244,9.333333333333334,7.071428571428571,0.05357142857142857
2015,HH Pandya,112.0,68.0,5.0,9,17.0,17.0,178.0,107.0,1.0,170.0,22.4,164.7058823529412,0.25,0.25,17.833333333333332,9.981308411214954,0.009345794392523364
2015,HV Patel,19.0,14.0,4.0,15,2.0,4.0,339.0,270.0,17.0,490.0,4.75,135.71428571428572,0.14285714285714285,0.2857142857142857,45.0,7.533333333333333,0.06296296296296296
2015,Harbhajan Singh,117.0,81.0,7.0,15,18.0,32.0,448.0,348.0,18.0,617.0,16.714285714285715,144.44444444444446,0.2222222222222222,0.3950617283950617,58.0,7.724137931034483,0.05172413793103448
2015,I Sharma,0.0,0.0,0.0,4,0.0,0.0,161.0,89.0,1.0,41.0,0.0,0.0,0.0,0.0,14.833333333333334,10.853932584269662,0.011235955056179775
2015,IC Pandey,0.0,0.0,0.0,10,0.0,0.0,228.0,189.0,11.0,315.0,0.0,0.0,0.0,0.0,31.5,7.238095238095238,0.0582010582010582
2015,Imran Tahir,5.0,6.0,1.0,10,0.0,2.0,315.0,220.0,15.0,416.0,5.0,83.33333333333333,0.0,0.3333333333333333,36.666666666666664,8.590909090909092,0.06818181818181818
2015,Iqbal Abdulla,20.0,20.0,1.0,5,4.0,8.0,150.0,121.0,4.0,140.0,20.0,100.0,0.2,0.4,20.166666666666668,7.438016528925619,0.03305785123966942
2015,J Botha,31.0,15.0,3.0,4,6.0,3.0,82.0,62.0,1.0,66.0,10.333333333333334,206.66666666666666,0.4,0.2,10.333333333333334,7.935483870967741,0.016129032258064516
2015,J Suchith,48.0,33.0,1.0,12,6.0,10.0,338.0,239.0,10.0,348.0,48.0,145.45454545454547,0.18181818181818182,0.30303030303030304,39.833333333333336,8.485355648535565,0.04184100418410042
2015,J Theron,1.0,1.0,0.0,1,0.0,0.0,41.0,26.0,1.0,30.0,1.0,100.0,0.0,0.0,4.333333333333333,9.461538461538462,0.038461538461538464
2015,J Yadav,0.0,0.0,0.0,3,0.0,0.0,29.0,42.0,2.0,62.0,0.0,0.0,0.0,0.0,7.0,4.142857142857143,0.047619047619047616
2015,JA Morkel,86.0,70.0,1.0,4,11.0,21.0,113.0,74.0,3.0,184.0,86.0,122.85714285714286,0.15714285714285714,0.3,12.333333333333334,9.162162162162161,0.04054054054054054
2015,JD Unadkat,0.0,0.0,0.0,1,0.0,0.0,30.0,18.0,0.0,4.0,0.0,0.0,0.0,0.0,3.0,10.0,0.0
2015,JJ Bumrah,0.0,0.0,0.0,4,0.0,0.0,184.0,98.0,3.0,91.0,0.0,0.0,0.0,0.0,16.333333333333332,11.26530612244898,0.030612244897959183
2015,JP Duminy,414.0,327.0,10.0,14,47.0,98.0,128.0,107.0,8.0,677.0,41.4,126.60550458715596,0.1437308868501529,0.2996941896024465,17.833333333333332,7.177570093457945,0.07476635514018691
2015,JP Faulkner,144.0,116.0,9.0,13,17.0,34.0,432.0,280.0,8.0,381.0,16.0,124.13793103448276,0.14655172413793102,0.29310344827586204,46.666666666666664,9.257142857142858,0.02857142857142857
2015,KA Pollard,419.0,270.0,10.0,15,56.0,78.0,118.0,78.0,3.0,570.0,41.9,155.1851851851852,0.2074074074074074,0.28888888888888886,13.0,9.076923076923077,0.038461538461538464
2015,KC Cariappa,0.0,0.0,0.0,1,0.0,0.0,28.0,12.0,1.0,29.0,0.0,0.0,0.0,0.0,2.0,14.0,0.08333333333333333
2015,KD Karthik,141.0,120.0,10.0,11,19.0,45.0,0.0,0.0,0.0,164.0,14.1,117.5,0.15833333333333333,0.375,0.0,0.0,0.0
2015,KK Nair,181.0,147.0,10.0,12,23.0,53.0,0.0,0.0,0.0,212.0,18.1,123.12925170068027,0.1564625850340136,0.36054421768707484,0.0,0.0,0.0
2015,KL Rahul,142.0,133.0,7.0,8,13.0,45.0,0.0,0.0,0.0,163.0,20.285714285714285,106.76691729323308,0.09774436090225563,0.3383458646616541,0.0,0.0,0.0
2015,KM Jadhav,189.0,143.0,8.0,12,23.0,42.0,0.0,0.0,0.0,228.0,23.625,132.16783216783216,0.16083916083916083,0.2937062937062937,0.0,0.0,0.0
2015,KS Williamson,31.0,29.0,1.0,2,2.0,4.0,0.0,0.0,0.0,37.0,31.0,106.89655172413794,0.06896551724137931,0.13793103448275862,0.0,0.0,0.0
2015,KV Sharma,104.0,87.0,6.0,14,9.0,23.0,337.0,238.0,10.0,395.0,17.333333333333332,119.54022988505747,0.10344827586206896,0.26436781609195403,39.666666666666664,8.495798319327731,0.04201680672268908
2015,Karanveer Singh,11.0,16.0,1.0,4,1.0,9.0,159.0,86.0,1.0,49.0,11.0,68.75,0.0625,0.5625,14.333333333333334,11.093023255813954,0.011627906976744186
2015,LMP Simmons,540.0,455.0,13.0,13,77.0,193.0,0.0,0.0,0.0,617.0,41.53846153846154,118.68131868131869,0.16923076923076924,0.42417582417582417,0.0,0.0,0.0
2015,M Morkel,4.0,3.0,0.0,7,0.0,0.0,210.0,172.0,10.0,282.0,4.0,133.33333333333334,0.0,0.0,28.666666666666668,7.325581395348837,0.05813953488372093
2015,M Vijay,251.0,233.0,9.0,11,35.0,112.0,28.0,24.0,0.0,294.0,27.88888888888889,107.72532188841201,0.15021459227467812,0.48068669527896996,4.0,7.0,0.0
2015,M Vohra,82.0,83.0,7.0,7,9.0,41.0,0.0,0.0,0.0,91.0,11.714285714285714,98.79518072289157,0.10843373493975904,0.4939759036144578,0.0,0.0,0.0
2015,M de Lange,0.0,0.0,0.0,1,0.0,0.0,30.0,25.0,0.0,4.0,0.0,0.0,0.0,0.0,4.166666666666667,7.199999999999999,0.0
2015,MA Agarwal,213.0,187.0,10.0,10,30.0,70.0,0.0,0.0,0.0,247.0,21.3,113.90374331550802,0.16042780748663102,0.37433155080213903,0.0,0.0,0.0
2015,MA Starc,11.0,14.0,1.0,12,1.0,6.0,306.0,270.0,20.0,556.0,11.0,78.57142857142857,0.07142857142857142,0.42857142857142855,45.0,6.8,0.07407407407407407
2015,MC Henriques,287.0,216.0,7.0,9,32.0,64.0,164.0,157.0,11.0,602.0,41.0,132.87037037037038,0.14814814814814814,0.2962962962962963,26.166666666666668,6.2675159235668785,0.07006369426751592
2015,MEK Hussey,77.0,73.0,4.0,4,8.0,26.0,0.0,0.0,0.0,85.0,19.25,105.47945205479452,0.1095890410958904,0.3561643835616438,0.0,0.0,0.0
2015,MG Johnson,31.0,38.0,5.0,9,2.0,14.0,346.0,230.0,10.0,299.0,6.2,81.57894736842105,0.05263157894736842,0.3684210526315789,38.333333333333336,9.02608695652174,0.043478260869565216
2015,MJ McClenaghan,13.0,6.0,1.0,12,2.0,3.0,395.0,305.0,18.0,509.0,13.0,216.66666666666666,0.3333333333333333,0.5,50.833333333333336,7.770491803278688,0.05901639344262295
2015,MK Pandey,225.0,187.0,10.0,12,29.0,68.0,0.0,0.0,0.0,262.0,22.5,120.32085561497327,0.15508021390374332,0.36363636363636365,0.0,0.0,0.0
2015,MK Tiwary,57.0,58.0,2.0,2,9.0,26.0,0.0,0.0,0.0,66.0,28.5,98.27586206896552,0.15517241379310345,0.4482758620689655,0.0,0.0,0.0
2015,MM Sharma,28.0,18.0,2.0,16,3.0,6.0,482.0,349.0,14.0,437.0,14.0,155.55555555555554,0.16666666666666666,0.3333333333333333,58.166666666666664,8.286532951289399,0.04011461318051576
2015,MS Bisla,37.0,30.0,2.0,2,7.0,18.0,0.0,0.0,0.0,44.0,18.5,123.33333333333333,0.23333333333333334,0.6,0.0,0.0,0.0
2015,MS Dhoni,372.0,309.0,16.0,17,44.0,116.0,0.0,0.0,0.0,428.0,23.25,120.3883495145631,0.1423948220064725,0.37540453074433655,0.0,0.0,0.0
2015,Mandeep Singh,157.0,102.0,7.0,8,23.0,29.0,0.0,0.0,0.0,184.0,22.428571428571427,153.92156862745097,0.22549019607843138,0.28431372549019607,0.0,0.0,0.0
2015,NJ Maddinson,4.0,7.0,1.0,1,1.0,6.0,0.0,0.0,0.0,5.0,4.0,57.142857142857146,0.14285714285714285,0.8571428571428571,0.0,0.0,0.0
2015,NLTC Perera,12.0,15.0,2.0,2,1.0,7.0,55.0,37.0,1.0,38.0,6.0,80.0,0.06666666666666667,0.4666666666666667,6.166666666666667,8.91891891891892,0.02702702702702703
2015,NM Coulter-Nile,20.0,20.0,3.0,11,3.0,10.0,331.0,263.0,15.0,430.0,6.666666666666667,100.0,0.15,0.5,43.833333333333336,7.551330798479087,0.057034220532319393
2015,NV Ojha,137.0,126.0,9.0,11,16.0,49.0,0.0,0.0,0.0,161.0,15.222222222222221,108.73015873015873,0.12698412698412698,0.3888888888888889,0.0,0.0,0.0
2015,P Kumar,17.0,25.0,2.0,12,1.0,11.0,338.0,230.0,7.0,233.0,8.5,68.0,0.04,0.44,38.333333333333336,8.817391304347826,0.030434782608695653
2015,P Negi,116.0,77.0,6.0,10,15.0,20.0,259.0,182.0,6.0,297.0,19.333333333333332,150.64935064935065,0.19480519480519481,0.2597402597402597,30.333333333333332,8.538461538461538,0.03296703296703297
2015,P Suyal,0.0,0.0,0.0,3,0.0,0.0,97.0,67.0,0.0,12.0,0.0,0.0,0.0,0.0,11.166666666666666,8.686567164179104,0.0
2015,PA Patel,339.0,255.0,12.0,14,52.0,92.0,0.0,0.0,0.0,399.0,28.25,132.94117647058823,0.20392156862745098,0.3607843137254902,0.0,0.0,0.0
2015,PJ Cummins,0.0,2.0,1.0,3,0.0,1.0,103.0,66.0,1.0,33.0,0.0,0.0,0.0,0.5,11.0,9.363636363636363,0.015151515151515152
2015,PP Chawla,54.0,49.0,5.0,13,7.0,17.0,274.0,211.0,11.0,372.0,10.8,110.20408163265306,0.14285714285714285,0.3469387755102041,35.166666666666664,7.791469194312797,0.052132701421800945
2015,PP Ojha,0.0,0.0,0.0,1,0.0,0.0,23.0,12.0,0.0,4.0,0.0,0.0,0.0,0.0,2.0,11.5,0.0
2015,PV Tambe,3.0,5.0,0.0,10,0.0,2.0,267.0,204.0,7.0,218.0,3.0,60.0,0.0,0.4,34.0,7.852941176470588,0.03431372549019608
2015,Parvez Rasool,2.0,2.0,0.0,2,0.0,0.0,31.0,30.0,1.0,35.0,2.0,100.0,0.0,0.0,5.0,6.2,0.03333333333333333
2015,Q de Kock,122.0,78.0,3.0,3,22.0,29.0,0.0,0.0,0.0,144.0,40.666666666666664,156.4102564102564,0.28205128205128205,0.3717948717948718,0.0,0.0,0.0
2015,R Ashwin,52.0,34.0,3.0,13,7.0,7.0,229.0,240.0,10.0,349.0,17.333333333333332,152.94117647058823,0.20588235294117646,0.20588235294117646,40.0,5.725,0.041666666666666664
2015,R Bhatia,0.0,1.0,1.0,2,0.0,1.0,47.0,30.0,0.0,4.0,0.0,0.0,0.0,1.0,5.0,9.4,0.0
2015,R Dhawan,36.0,33.0,2.0,5,4.0,14.0,111.0,79.0,1.0,77.0,18.0,109.0909090909091,0.12121212121212122,0.42424242424242425,13.166666666666666,8.430379746835444,0.012658227848101266
2015,R Tewatia,0.0,0.0,0.0,1,0.0,0.0,31.0,17.0,1.0,29.0,0.0,0.0,0.0,0.0,2.8333333333333335,10.941176470588236,0.058823529411764705
2015,R Vinay Kumar,0.0,2.0,1.0,13,0.0,1.0,368.0,263.0,7.0,223.0,0.0,0.0,0.0,0.5,43.833333333333336,8.395437262357413,0.026615969581749048
2015,RA Jadeja,132.0,128.0,8.0,17,10.0,40.0,333.0,257.0,11.0,457.0,16.5,103.125,0.078125,0.3125,42.833333333333336,7.77431906614786,0.042801556420233464
2015,RG More,2.0,2.0,0.0,2,0.0,0.0,63.0,37.0,1.0,35.0,2.0,100.0,0.0,0.0,6.166666666666667,10.216216216216216,0.02702702702702703
2015,RG Sharma,482.0,339.0,15.0,16,62.0,100.0,0.0,0.0,0.0,552.0,32.13333333333333,142.18289085545723,0.18289085545722714,0.2949852507374631,0.0,0.0,0.0
2015,RN ten Doeschate,61.0,45.0,5.0,5,7.0,14.0,4.0,6.0,0.0,72.0,12.2,135.55555555555554,0.15555555555555556,0.3111111111111111,1.0,4.0,0.0
2015,RR Rossouw,14.0,10.0,2.0,2,2.0,4.0,0.0,0.0,0.0,16.0,7.0,140.0,0.2,0.4,0.0,0.0,0.0
2015,RS Bopara,145.0,121.0,5.0,9,12.0,37.0,164.0,121.0,6.0,323.0,29.0,119.83471074380165,0.09917355371900827,0.30578512396694213,20.166666666666668,8.132231404958677,0.049586776859504134
2015,RV Uthappa,364.0,287.0,12.0,13,49.0,97.0,0.0,0.0,0.0,417.0,30.333333333333332,126.82926829268293,0.17073170731707318,0.33797909407665505,0.0,0.0,0.0
2015,S Aravind,0.0,1.0,0.0,5,0.0,1.0,132.0,108.0,8.0,220.0,0.0,0.0,0.0,1.0,18.0,7.333333333333333,0.07407407407407407
2015,S Dhawan,353.0,293.0,13.0,14,51.0,109.0,0.0,0.0,0.0,408.0,27.153846153846153,120.4778156996587,0.17406143344709898,0.3720136518771331,0.0,0.0,0.0
2015,S Gopal,1.0,1.0,0.0,1,0.0,0.0,23.0,13.0,1.0,30.0,1.0,100.0,0.0,0.0,2.1666666666666665,10.615384615384617,0.07692307692307693
2015,S Nadeem,2.0,7.0,1.0,3,0.0,5.0,43.0,44.0,0.0,10.0,2.0,28.571428571428573,0.0,0.7142857142857143,7.333333333333333,5.863636363636364,0.0
2015,SA Abbott,15.0,13.0,1.0,2,2.0,6.0,57.0,32.0,0.0,21.0,15.0,115.38461538461539,0.15384615384615385,0.46153846153846156,5.333333333333333,10.6875,0.0
2015,SA Yadav,157.0,115.0,9.0,13,20.0,38.0,0.0,0.0,0.0,193.0,17.444444444444443,136.52173913043478,0.17391304347826086,0.33043478260869563,0.0,0.0,0.0
2015,SE Marsh,93.0,65.0,6.0,4,13.0,21.0,0.0,0.0,0.0,106.0,15.5,143.07692307692307,0.2,0.3230769230769231,0.0,0.0,0.0
2015,SK Raina,374.0,319.0,15.0,17,47.0,118.0,93.0,77.0,2.0,483.0,24.933333333333334,117.24137931034483,0.14733542319749215,0.36990595611285265,12.833333333333334,7.246753246753246,0.025974025974025976
2015,SL Malinga,6.0,11.0,0.0,15,1.0,6.0,452.0,376.0,24.0,667.0,6.0,54.54545454545455,0.09090909090909091,0.5454545454545454,62.666666666666664,7.212765957446809,0.06382978723404255
2015,SN Khan,111.0,72.0,6.0,7,14.0,15.0,0.0,0.0,0.0,133.0,18.5,154.16666666666666,0.19444444444444445,0.20833333333333334,0.0,0.0,0.0
2015,SN Thakur,7.0,6.0,0.0,1,1.0,2.0,39.0,20.0,1.0,37.0,7.0,116.66666666666667,0.16666666666666666,0.3333333333333333,3.3333333333333335,11.7,0.05
2015,SP Narine,0.0,1.0,0.0,8,0.0,0.0,246.0,196.0,7.0,207.0,0.0,0.0,0.0,0.0,32.666666666666664,7.530612244897959,0.03571428571428571
2015,SPD Smith,298.0,228.0,12.0,12,37.0,62.0,0.0,0.0,0.0,339.0,24.833333333333332,130.7017543859649,0.16228070175438597,0.2719298245614035,0.0,0.0,0.0
2015,SR Watson,347.0,270.0,9.0,10,51.0,105.0,271.0,191.0,6.0,556.0,38.55555555555556,128.5185185185185,0.18888888888888888,0.3888888888888889,31.833333333333332,8.513089005235603,0.031413612565445025
2015,SS Iyer,439.0,360.0,13.0,14,62.0,146.0,0.0,0.0,0.0,505.0,33.76923076923077,121.94444444444444,0.17222222222222222,0.40555555555555556,0.0,0.0,0.0
2015,SS Tiwary,109.0,83.0,0.0,6,14.0,22.0,0.0,0.0,0.0,147.0,109.0,131.32530120481928,0.1686746987951807,0.26506024096385544,0.0,0.0,0.0
2015,STR Binny,74.0,69.0,5.0,13,8.0,18.0,143.0,116.0,5.0,239.0,14.8,107.2463768115942,0.11594202898550725,0.2608695652173913,19.333333333333332,7.3965517241379315,0.04310344827586207
2015,SV Samson,204.0,166.0,10.0,11,24.0,62.0,0.0,0.0,0.0,232.0,20.4,122.89156626506023,0.14457831325301204,0.37349397590361444,0.0,0.0,0.0
2015,Sandeep Sharma,9.0,14.0,1.0,14,1.0,8.0,359.0,311.0,13.0,387.0,9.0,64.28571428571429,0.07142857142857142,0.5714285714285714,51.833333333333336,6.92604501607717,0.04180064308681672
2015,Shakib Al Hasan,36.0,32.0,3.0,4,5.0,9.0,122.0,88.0,4.0,145.0,12.0,112.5,0.15625,0.28125,14.666666666666666,8.318181818181818,0.045454545454545456
2015,Shivam Sharma,0.0,0.0,0.0,1,0.0,0.0,44.0,18.0,1.0,29.0,0.0,0.0,0.0,0.0,3.0,14.666666666666666,0.05555555555555555
2015,TA Boult,0.0,0.0,0.0,7,0.0,0.0,239.0,180.0,9.0,253.0,0.0,0.0,0.0,0.0,30.0,7.966666666666667,0.05
2015,TG Southee,13.0,9.0,0.0,7,1.0,1.0,254.0,172.0,6.0,192.0,13.0,144.44444444444446,0.1111111111111111,0.1111111111111111,28.666666666666668,8.86046511627907,0.03488372093023256
2015,UBT Chand,102.0,89.0,5.0,5,15.0,32.0,0.0,0.0,0.0,117.0,20.4,114.6067415730337,0.16853932584269662,0.3595505617977528,0.0,0.0,0.0
2015,UT Yadav,29.0,16.0,1.0,12,6.0,5.0,385.0,264.0,10.0,329.0,29.0,181.25,0.375,0.3125,44.0,8.75,0.03787878787878788
2015,V Kohli,505.0,395.0,14.0,16,58.0,139.0,9.0,10.0,0.0,579.0,36.07142857142857,127.84810126582279,0.1468354430379747,0.3518987341772152,1.6666666666666667,5.3999999999999995,0.0
2015,V Sehwag,99.0,89.0,7.0,8,15.0,35.0,0.0,0.0,0.0,118.0,14.142857142857142,111.23595505617978,0.16853932584269662,0.39325842696629215,0.0,0.0,0.0
2015,VR Aaron,6.0,3.0,1.0,5,1.0,2.0,179.0,112.0,3.0,98.0,6.0,200.0,0.3333333333333333,0.6666666666666666,18.666666666666668,9.589285714285714,0.026785714285714284
2015,WP Saha,249.0,205.0,13.0,13,26.0,66.0,0.0,0.0,0.0,275.0,19.153846153846153,121.46341463414635,0.12682926829268293,0.32195121951219513,0.0,0.0,0.0
2015,YK Pathan,312.0,243.0,7.0,13,41.0,76.0,100.0,60.0,2.0,427.0,44.57142857142857,128.39506172839506,0.16872427983539096,0.31275720164609055,10.0,10.0,0.03333333333333333
2015,YS Chahal,1.0,1.0,0.0,14,0.0,0.0,416.0,282.0,23.0,632.0,1.0,100.0,0.0,0.0,47.0,8.851063829787234,0.08156028368794327
2015,Yuvraj Singh,248.0,215.0,13.0,13,33.0,89.0,75.0,55.0,1.0,306.0,19.076923076923077,115.34883720930233,0.15348837209302327,0.413953488372093,9.166666666666666,8.181818181818182,0.01818181818181818
2015,Z Khan,0.0,0.0,0.0,7,0.0,0.0,158.0,154.0,7.0,203.0,0.0,0.0,0.0,0.0,25.666666666666668,6.1558441558441555,0.045454545454545456
2016,A Ashish Reddy,47.0,30.0,2.0,3,6.0,9.0,40.0,23.0,1.0,82.0,23.5,156.66666666666666,0.2,0.3,3.8333333333333335,10.434782608695652,0.043478260869565216
2016,A Mishra,4.0,14.0,2.0,14,0.0,10.0,350.0,283.0,13.0,377.0,2.0,28.571428571428573,0.0,0.7142857142857143,47.166666666666664,7.420494699646643,0.045936395759717315
2016,A Nehra,1.0,1.0,0.0,8,0.0,0.0,198.0,159.0,9.0,258.0,1.0,100.0,0.0,0.0,26.5,7.471698113207547,0.05660377358490566
2016,A Zampa,0.0,1.0,1.0,5,0.0,1.0,117.0,103.0,12.0,316.0,0.0,0.0,0.0,1.0,17.166666666666668,6.815533980582524,0.11650485436893204
2016,AB Dinda,0.0,0.0,0.0,9,0.0,0.0,236.0,190.0,11.0,311.0,0.0,0.0,0.0,0.0,31.666666666666668,7.4526315789473685,0.05789473684210526
2016,AB de Villiers,687.0,415.0,13.0,16,94.0,97.0,0.0,0.0,0.0,793.0,52.84615384615385,165.5421686746988,0.22650602409638554,0.23373493975903614,0.0,0.0,0.0
2016,AD Nath,20.0,27.0,3.0,3,1.0,13.0,0.0,0.0,0.0,21.0,6.666666666666667,74.07407407407408,0.037037037037037035,0.48148148148148145,0.0,0.0,0.0
2016,AD Russell,188.0,125.0,7.0,12,25.0,38.0,298.0,220.0,15.0,608.0,26.857142857142858,150.4,0.2,0.304,36.666666666666664,8.127272727272727,0.06818181818181818
2016,AF Milne,0.0,0.0,0.0,1,0.0,0.0,44.0,25.0,1.0,29.0,0.0,0.0,0.0,0.0,4.166666666666667,10.559999999999999,0.04
2016,AJ Finch,393.0,311.0,8.0,12,56.0,105.0,0.0,0.0,0.0,465.0,49.125,126.36655948553054,0.18006430868167203,0.33762057877813506,0.0,0.0,0.0
2016,AM Rahane,480.0,387.0,13.0,14,63.0,129.0,0.0,0.0,0.0,555.0,36.92307692307692,124.03100775193798,0.16279069767441862,0.3333333333333333,0.0,0.0,0.0
2016,AP Tare,8.0,15.0,2.0,2,1.0,10.0,0.0,0.0,0.0,9.0,4.0,53.333333333333336,0.06666666666666667,0.6666666666666666,0.0,0.0,0.0
2016,AR Patel,111.0,81.0,6.0,14,12.0,26.0,395.0,294.0,13.0,480.0,18.5,137.03703703703704,0.14814814814814814,0.32098765432098764,49.0,8.061224489795919,0.04421768707482993
2016,AS Rajpoot,0.0,0.0,0.0,4,0.0,0.0,101.0,72.0,3.0,91.0,0.0,0.0,0.0,0.0,12.0,8.416666666666666,0.041666666666666664
2016,AT Rayudu,334.0,284.0,11.0,12,40.0,98.0,0.0,0.0,0.0,378.0,30.363636363636363,117.6056338028169,0.14084507042253522,0.34507042253521125,0.0,0.0,0.0
2016,Ankit Sharma,3.0,3.0,0.0,3,0.0,1.0,84.0,70.0,1.0,40.0,3.0,100.0,0.0,0.3333333333333333,11.666666666666666,7.2,0.014285714285714285
2016,Anureet Singh,0.0,0.0,0.0,2,0.0,0.0,43.0,37.0,0.0,8.0,0.0,0.0,0.0,0.0,6.166666666666667,6.972972972972973,0.0
2016,B Kumar,43.0,28.0,5.0,17,7.0,8.0,503.0,413.0,23.0,673.0,8.6,153.57142857142858,0.25,0.2857142857142857,68.83333333333333,7.3075060532687655,0.05569007263922518
2016,BB McCullum,354.0,273.0,16.0,16,54.0,105.0,0.0,0.0,0.0,408.0,22.125,129.67032967032966,0.1978021978021978,0.38461538461538464,0.0,0.0,0.0
2016,BB Sran,4.0,4.0,0.0,14,0.0,0.0,420.0,312.0,14.0,410.0,4.0,100.0,0.0,0.0,52.0,8.076923076923077,0.04487179487179487
2016,BCJ Cutting,65.0,37.0,3.0,4,10.0,12.0,80.0,68.0,5.0,204.0,21.666666666666668,175.67567567567568,0.2702702702702703,0.32432432432432434,11.333333333333334,7.0588235294117645,0.07352941176470588
2016,Bipul Sharma,51.0,25.0,1.0,6,6.0,6.0,123.0,82.0,3.0,152.0,51.0,204.0,0.24,0.24,13.666666666666666,9.0,0.036585365853658534
2016,C Munro,30.0,31.0,1.0,4,3.0,11.0,15.0,12.0,0.0,45.0,30.0,96.7741935483871,0.0967741935483871,0.3548387096774194,2.0,7.5,0.0
2016,CA Lynn,25.0,23.0,1.0,2,1.0,8.0,0.0,0.0,0.0,30.0,25.0,108.69565217391305,0.043478260869565216,0.34782608695652173,0.0,0.0,0.0
2016,CH Gayle,227.0,159.0,10.0,10,38.0,75.0,65.0,65.0,2.0,315.0,22.7,142.76729559748426,0.2389937106918239,0.4716981132075472,10.833333333333334,6.0,0.03076923076923077
2016,CH Morris,195.0,114.0,4.0,12,27.0,31.0,319.0,271.0,13.0,579.0,48.75,171.05263157894737,0.23684210526315788,0.2719298245614035,45.166666666666664,7.062730627306274,0.04797047970479705
2016,CJ Jordan,3.0,4.0,0.0,9,0.0,1.0,265.0,179.0,11.0,314.0,3.0,75.0,0.0,0.25,29.833333333333332,8.88268156424581,0.061452513966480445
2016,CR Brathwaite,83.0,40.0,6.0,8,14.0,12.0,192.0,141.0,7.0,280.0,13.833333333333334,207.5,0.35,0.3,23.5,8.170212765957446,0.04964539007092199
2016,D Wiese,5.0,4.0,0.0,1,0.0,0.0,49.0,27.0,0.0,9.0,5.0,125.0,0.0,0.0,4.5,10.88888888888889,0.0
2016,DA Miller,161.0,139.0,10.0,13,15.0,40.0,0.0,0.0,0.0,188.0,16.1,115.8273381294964,0.1079136690647482,0.28776978417266186,0.0,0.0,0.0
2016,DA Warner,848.0,579.0,16.0,17,119.0,177.0,0.0,0.0,0.0,979.0,53.0,146.4594127806563,0.20552677029360966,0.30569948186528495,0.0,0.0,0.0
2016,DJ Bravo,99.0,88.0,8.0,15,12.0,26.0,502.0,346.0,17.0,564.0,12.375,112.5,0.13636363636363635,0.29545454545454547,57.666666666666664,8.705202312138729,0.049132947976878616
2016,DJ Hooda,144.0,125.0,11.0,16,14.0,39.0,97.0,80.0,3.0,253.0,13.090909090909092,115.2,0.112,0.312,13.333333333333334,7.2749999999999995,0.0375
2016,DL Chahar,0.0,0.0,0.0,2,0.0,0.0,42.0,33.0,0.0,8.0,0.0,0.0,0.0,0.0,5.5,7.636363636363637,0.0
2016,DR Smith,324.0,226.0,11.0,12,51.0,90.0,154.0,113.0,8.0,579.0,29.454545454545453,143.36283185840708,0.22566371681415928,0.39823008849557523,18.833333333333332,8.176991150442479,0.07079646017699115
2016,DS Kulkarni,27.0,16.0,2.0,14,3.0,3.0,365.0,295.0,18.0,528.0,13.5,168.75,0.1875,0.1875,49.166666666666664,7.423728813559323,0.061016949152542375
2016,DW Steyn,1.0,2.0,1.0,1,0.0,1.0,17.0,13.0,0.0,1.0,1.0,50.0,0.0,0.5,2.1666666666666665,7.846153846153847,0.0
2016,EJG Morgan,123.0,105.0,5.0,6,12.0,35.0,0.0,0.0,0.0,139.0,24.6,117.14285714285714,0.11428571428571428,0.3333333333333333,0.0,0.0,0.0
2016,ER Dwivedi,24.0,15.0,2.0,2,4.0,5.0,0.0,0.0,0.0,28.0,12.0,160.0,0.26666666666666666,0.3333333333333333,0.0,0.0,0.0
2016,F Behardien,14.0,13.0,2.0,3,2.0,5.0,0.0,0.0,0.0,20.0,7.0,107.6923076923077,0.15384615384615385,0.38461538461538464,0.0,0.0,0.0
2016,F du Plessis,206.0,169.0,6.0,6,26.0,58.0,0.0,0.0,0.0,232.0,34.333333333333336,121.89349112426035,0.15384615384615385,0.3431952662721893,0.0,0.0,0.0
2016,G Gambhir,501.0,424.0,12.0,15,60.0,131.0,0.0,0.0,0.0,577.0,41.75,118.16037735849056,0.14150943396226415,0.3089622641509434,0.0,0.0,0.0
2016,GB Hogg,0.0,0.0,0.0,5,0.0,0.0,144.0,97.0,4.0,120.0,0.0,0.0,0.0,0.0,16.166666666666668,8.90721649484536,0.041237113402061855
2016,GJ Bailey,84.0,99.0,4.0,5,11.0,49.0,0.0,0.0,0.0,99.0,21.0,84.84848484848484,0.1111111111111111,0.494949494949495,0.0,0.0,0.0
2016,GJ Maxwell,179.0,129.0,9.0,11,22.0,39.0,81.0,55.0,0.0,209.0,19.88888888888889,138.75968992248062,0.17054263565891473,0.3023255813953488,9.166666666666666,8.836363636363638,0.0
2016,Gurkeerat Singh,113.0,87.0,6.0,6,14.0,26.0,31.0,26.0,2.0,181.0,18.833333333333332,129.88505747126436,0.16091954022988506,0.2988505747126437,4.333333333333333,7.153846153846154,0.07692307692307693
2016,HH Pandya,44.0,66.0,7.0,11,4.0,31.0,155.0,106.0,3.0,139.0,6.285714285714286,66.66666666666667,0.06060606060606061,0.4696969696969697,17.666666666666668,8.773584905660377,0.02830188679245283
2016,HM Amla,157.0,122.0,6.0,6,24.0,43.0,0.0,0.0,0.0,181.0,26.166666666666668,128.68852459016392,0.19672131147540983,0.3524590163934426,0.0,0.0,0.0
2016,HV Patel,0.0,0.0,0.0,5,0.0,0.0,147.0,89.0,1.0,45.0,0.0,0.0,0.0,0.0,14.833333333333334,9.910112359550562,0.011235955056179775
2016,Harbhajan Singh,92.0,91.0,3.0,14,13.0,40.0,402.0,300.0,9.0,374.0,30.666666666666668,101.0989010989011,0.14285714285714285,0.43956043956043955,50.0,8.04,0.03
2016,I Sharma,0.0,0.0,0.0,4,0.0,0.0,151.0,97.0,3.0,91.0,0.0,0.0,0.0,0.0,16.166666666666668,9.340206185567009,0.030927835051546393
2016,IK Pathan,11.0,14.0,2.0,4,0.0,2.0,61.0,48.0,0.0,19.0,5.5,78.57142857142857,0.0,0.14285714285714285,8.0,7.625,0.0
2016,Imran Tahir,5.0,7.0,1.0,4,1.0,5.0,141.0,97.0,5.0,143.0,5.0,71.42857142857143,0.14285714285714285,0.7142857142857143,16.166666666666668,8.721649484536082,0.05154639175257732
2016,Iqbal Abdulla,37.0,27.0,0.0,8,5.0,7.0,216.0,154.0,6.0,224.0,37.0,137.03703703703704,0.18518518518518517,0.25925925925925924,25.666666666666668,8.415584415584416,0.03896103896103896
2016,Ishan Kishan,42.0,41.0,4.0,5,5.0,15.0,0.0,0.0,0.0,51.0,10.5,102.4390243902439,0.12195121951219512,0.36585365853658536,0.0,0.0,0.0
2016,J Suchith,0.0,0.0,0.0,1,0.0,0.0,31.0,14.0,0.0,4.0,0.0,0.0,0.0,0.0,2.3333333333333335,13.285714285714285,0.0
2016,J Yadav,6.0,12.0,0.0,5,0.0,4.0,125.0,104.0,2.0,76.0,6.0,50.0,0.0,0.3333333333333333,17.333333333333332,7.211538461538462,0.019230769230769232
2016,JA Morkel,16.0,9.0,1.0,2,2.0,2.0,65.0,33.0,2.0,72.0,16.0,177.77777777777777,0.2222222222222222,0.2222222222222222,5.5,11.818181818181818,0.06060606060606061
2016,JC Buttler,255.0,189.0,11.0,14,34.0,64.0,0.0,0.0,0.0,301.0,23.181818181818183,134.9206349206349,0.17989417989417988,0.3386243386243386,0.0,0.0,0.0
2016,JD Unadkat,0.0,0.0,0.0,1,0.0,0.0,49.0,19.0,0.0,4.0,0.0,0.0,0.0,0.0,3.1666666666666665,15.473684210526317,0.0
2016,JJ Bumrah,8.0,11.0,1.0,14,1.0,6.0,411.0,319.0,15.0,436.0,8.0,72.72727272727273,0.09090909090909091,0.5454545454545454,53.166666666666664,7.730407523510972,0.047021943573667714
2016,JO Holder,22.0,20.0,4.0,4,3.0,8.0,105.0,82.0,2.0,75.0,5.5,110.0,0.15,0.4,13.666666666666666,7.682926829268293,0.024390243902439025
2016,JP Duminy,191.0,157.0,5.0,9,16.0,33.0,55.0,43.0,2.0,273.0,38.2,121.65605095541402,0.10191082802547771,0.21019108280254778,7.166666666666667,7.674418604651162,0.046511627906976744
2016,JP Faulkner,77.0,60.0,3.0,7,7.0,12.0,168.0,108.0,2.0,150.0,25.666666666666668,128.33333333333334,0.11666666666666667,0.2,18.0,9.333333333333334,0.018518518518518517
2016,JW Hastings,0.0,0.0,0.0,2,0.0,0.0,37.0,42.0,2.0,58.0,0.0,0.0,0.0,0.0,7.0,5.285714285714286,0.047619047619047616
2016,KA Pollard,207.0,156.0,8.0,12,27.0,57.0,82.0,37.0,0.0,250.0,25.875,132.69230769230768,0.17307692307692307,0.36538461538461536,6.166666666666667,13.297297297297296,0.0
2016,KC Cariappa,13.0,11.0,1.0,5,1.0,3.0,160.0,105.0,3.0,105.0,13.0,118.18181818181819,0.09090909090909091,0.2727272727272727,17.5,9.142857142857142,0.02857142857142857
2016,KD Karthik,335.0,273.0,14.0,15,41.0,86.0,0.0,0.0,0.0,380.0,23.928571428571427,122.71062271062272,0.15018315018315018,0.315018315018315,0.0,0.0,0.0
2016,KH Pandya,237.0,127.0,5.0,12,35.0,34.0,238.0,193.0,6.0,450.0,47.4,186.61417322834646,0.2755905511811024,0.2677165354330709,32.166666666666664,7.398963730569949,0.031088082901554404
2016,KJ Abbott,13.0,8.0,1.0,5,1.0,3.0,182.0,102.0,2.0,80.0,13.0,162.5,0.125,0.375,17.0,10.705882352941176,0.0196078431372549
2016,KK Nair,357.0,304.0,11.0,12,46.0,106.0,0.0,0.0,0.0,407.0,32.45454545454545,117.4342105263158,0.1513157894736842,0.34868421052631576,0.0,0.0,0.0
2016,KL Rahul,397.0,277.0,9.0,12,53.0,75.0,0.0,0.0,0.0,462.0,44.111111111111114,143.32129963898916,0.19133574007220217,0.27075812274368233,0.0,0.0,0.0
2016,KM Jadhav,42.0,33.0,0.0,3,4.0,8.0,0.0,0.0,0.0,58.0,42.0,127.27272727272727,0.12121212121212122,0.24242424242424243,0.0,0.0,0.0
2016,KP Pietersen,73.0,61.0,3.0,4,7.0,19.0,0.0,0.0,0.0,84.0,24.333333333333332,119.67213114754098,0.11475409836065574,0.3114754098360656,0.0,0.0,0.0
2016,KS Williamson,124.0,126.0,6.0,6,14.0,40.0,7.0,6.0,0.0,138.0,20.666666666666668,98.41269841269842,0.1111111111111111,0.31746031746031744,1.0,7.0,0.0
2016,KV Sharma,36.0,34.0,0.0,5,4.0,8.0,173.0,99.0,0.0,60.0,36.0,105.88235294117646,0.11764705882352941,0.23529411764705882,16.5,10.484848484848484,0.0
2016,KW Richardson,1.0,1.0,0.0,4,0.0,0.0,138.0,86.0,8.0,217.0,1.0,100.0,0.0,0.0,14.333333333333334,9.627906976744185,0.09302325581395349
2016,Kuldeep Yadav,0.0,0.0,0.0,3,0.0,0.0,101.0,73.0,6.0,162.0,0.0,0.0,0.0,0.0,12.166666666666666,8.301369863013699,0.0821917808219178
2016,LMP Simmons,8.0,8.0,1.0,1,1.0,5.0,0.0,0.0,0.0,9.0,8.0,100.0,0.125,0.625,0.0,0.0,0.0
2016,M Ashwin,0.0,1.0,1.0,10,0.0,1.0,245.0,176.0,7.0,211.0,0.0,0.0,0.0,1.0,29.333333333333332,8.352272727272728,0.03977272727272727
2016,M Morkel,1.0,1.0,0.0,10,0.0,0.0,299.0,220.0,10.0,291.0,1.0,100.0,0.0,0.0,36.666666666666664,8.154545454545454,0.045454545454545456
2016,M Vijay,453.0,373.0,12.0,14,60.0,132.0,8.0,7.0,0.0,521.0,37.75,121.44772117962466,0.16085790884718498,0.353887399463807,1.1666666666666667,6.857142857142857,0.0
2016,M Vohra,161.0,136.0,8.0,7,22.0,56.0,0.0,0.0,0.0,183.0,20.125,118.38235294117646,0.16176470588235295,0.4117647058823529,0.0,0.0,0.0
2016,MA Agarwal,27.0,26.0,3.0,3,4.0,12.0,0.0,0.0,0.0,31.0,9.0,103.84615384615384,0.15384615384615385,0.46153846153846156,0.0,0.0,0.0
2016,MC Henriques,182.0,162.0,13.0,17,21.0,59.0,417.0,316.0,12.0,519.0,14.0,112.34567901234568,0.12962962962962962,0.36419753086419754,52.666666666666664,7.917721518987342,0.0379746835443038
2016,MG Johnson,5.0,14.0,2.0,3,0.0,9.0,108.0,68.0,2.0,59.0,2.5,35.714285714285715,0.0,0.6428571428571429,11.333333333333334,9.529411764705882,0.029411764705882353
2016,MJ Guptill,57.0,55.0,3.0,3,6.0,26.0,0.0,0.0,0.0,63.0,19.0,103.63636363636364,0.10909090909090909,0.4727272727272727,0.0,0.0,0.0
2016,MJ McClenaghan,34.0,23.0,3.0,14,5.0,10.0,449.0,331.0,17.0,508.0,11.333333333333334,147.82608695652175,0.21739130434782608,0.43478260869565216,55.166666666666664,8.138972809667674,0.0513595166163142
2016,MK Pandey,248.0,190.0,8.0,11,26.0,43.0,0.0,0.0,0.0,286.0,31.0,130.52631578947367,0.1368421052631579,0.22631578947368422,0.0,0.0,0.0
2016,MM Sharma,32.0,27.0,4.0,14,4.0,9.0,409.0,301.0,13.0,401.0,8.0,118.51851851851852,0.14814814814814814,0.3333333333333333,50.166666666666664,8.152823920265782,0.04318936877076412
2016,MP Stoinis,146.0,111.0,4.0,7,17.0,33.0,203.0,139.0,8.0,375.0,36.5,131.53153153153153,0.15315315315315314,0.2972972972972973,23.166666666666668,8.762589928057553,0.05755395683453238
2016,MR Marsh,7.0,11.0,1.0,3,0.0,6.0,45.0,55.0,4.0,115.0,7.0,63.63636363636363,0.0,0.5454545454545454,9.166666666666666,4.909090909090909,0.07272727272727272
2016,MS Dhoni,284.0,220.0,8.0,12,32.0,67.0,0.0,0.0,0.0,332.0,35.5,129.0909090909091,0.14545454545454545,0.30454545454545456,0.0,0.0,0.0
2016,Mohammed Shami,2.0,4.0,0.0,8,0.0,1.0,250.0,153.0,5.0,159.0,2.0,50.0,0.0,0.25,25.5,9.803921568627452,0.032679738562091505
2016,Mustafizur Rahman,0.0,0.0,0.0,16,0.0,0.0,426.0,374.0,17.0,489.0,0.0,0.0,0.0,0.0,62.333333333333336,6.834224598930481,0.045454545454545456
2016,N Rana,104.0,78.0,3.0,4,15.0,33.0,3.0,6.0,0.0,123.0,34.666666666666664,133.33333333333334,0.19230769230769232,0.4230769230769231,1.0,3.0,0.0
2016,NLTC Perera,150.0,97.0,7.0,12,18.0,28.0,326.0,201.0,9.0,413.0,21.428571428571427,154.63917525773195,0.18556701030927836,0.28865979381443296,33.5,9.73134328358209,0.04477611940298507
2016,NM Coulter-Nile,9.0,14.0,0.0,4,1.0,8.0,119.0,92.0,3.0,101.0,9.0,64.28571428571429,0.07142857142857142,0.5714285714285714,15.333333333333334,7.760869565217391,0.03260869565217391
2016,NS Naik,23.0,33.0,2.0,2,1.0,13.0,0.0,0.0,0.0,24.0,11.5,69.6969696969697,0.030303030303030304,0.3939393939393939,0.0,0.0,0.0
2016,NV Ojha,136.0,142.0,10.0,13,12.0,60.0,0.0,0.0,0.0,164.0,13.6,95.77464788732394,0.08450704225352113,0.4225352112676056,0.0,0.0,0.0
2016,P Kumar,24.0,27.0,4.0,16,3.0,12.0,408.0,318.0,9.0,300.0,6.0,88.88888888888889,0.1111111111111111,0.4444444444444444,53.0,7.69811320754717,0.02830188679245283
2016,P Negi,57.0,63.0,3.0,7,5.0,26.0,82.0,53.0,1.0,103.0,19.0,90.47619047619048,0.07936507936507936,0.4126984126984127,8.833333333333334,9.283018867924527,0.018867924528301886
2016,P Sahu,19.0,13.0,0.0,5,2.0,4.0,152.0,107.0,3.0,116.0,19.0,146.15384615384616,0.15384615384615385,0.3076923076923077,17.833333333333332,8.52336448598131,0.028037383177570093
2016,PA Patel,177.0,161.0,10.0,10,27.0,67.0,0.0,0.0,0.0,204.0,17.7,109.93788819875776,0.16770186335403728,0.4161490683229814,0.0,0.0,0.0
2016,PJ Sangwan,0.0,0.0,0.0,2,0.0,0.0,49.0,25.0,0.0,8.0,0.0,0.0,0.0,0.0,4.166666666666667,11.76,0.0
2016,PP Chawla,27.0,26.0,3.0,12,4.0,12.0,273.0,215.0,11.0,342.0,9.0,103.84615384615384,0.15384615384615385,0.46153846153846156,35.833333333333336,7.61860465116279,0.05116279069767442
2016,PSP Handscomb,6.0,12.0,1.0,1,0.0,6.0,0.0,0.0,0.0,6.0,6.0,50.0,0.0,0.5,0.0,0.0,0.0
2016,PV Tambe,7.0,19.0,0.0,7,1.0,14.0,143.0,97.0,5.0,161.0,7.0,36.8421052631579,0.05263157894736842,0.7368421052631579,16.166666666666668,8.845360824742267,0.05154639175257732
2016,Parvez Rasool,10.0,9.0,1.0,4,1.0,3.0,130.0,84.0,1.0,48.0,10.0,111.11111111111111,0.1111111111111111,0.3333333333333333,14.0,9.285714285714286,0.011904761904761904
2016,Q de Kock,445.0,340.0,13.0,13,65.0,118.0,0.0,0.0,0.0,514.0,34.23076923076923,130.88235294117646,0.19117647058823528,0.34705882352941175,0.0,0.0,0.0
2016,R Ashwin,41.0,38.0,2.0,14,4.0,14.0,320.0,277.0,10.0,343.0,20.5,107.89473684210526,0.10526315789473684,0.3684210526315789,46.166666666666664,6.931407942238267,0.036101083032490974
2016,R Bhatia,34.0,20.0,1.0,10,3.0,3.0,249.0,208.0,6.0,223.0,34.0,170.0,0.15,0.15,34.666666666666664,7.182692307692308,0.028846153846153848
2016,R Dhawan,14.0,6.0,0.0,2,1.0,0.0,56.0,45.0,2.0,73.0,14.0,233.33333333333334,0.16666666666666666,0.0,7.5,7.466666666666667,0.044444444444444446
2016,R Sathish,24.0,24.0,3.0,4,2.0,9.0,59.0,37.0,1.0,55.0,8.0,100.0,0.08333333333333333,0.375,6.166666666666667,9.567567567567567,0.02702702702702703
2016,R Vinay Kumar,13.0,12.0,1.0,3,1.0,5.0,64.0,56.0,3.0,97.0,13.0,108.33333333333333,0.08333333333333333,0.4166666666666667,9.333333333333334,6.857142857142857,0.05357142857142857
2016,RA Jadeja,191.0,189.0,10.0,15,18.0,62.0,320.0,246.0,8.0,429.0,19.1,101.05820105820106,0.09523809523809523,0.328042328042328,41.0,7.804878048780488,0.032520325203252036
2016,RG Sharma,489.0,372.0,12.0,14,66.0,127.0,0.0,0.0,0.0,567.0,40.75,131.4516129032258,0.1774193548387097,0.34139784946236557,0.0,0.0,0.0
2016,RP Singh,0.0,0.0,0.0,4,0.0,0.0,114.0,76.0,3.0,91.0,0.0,0.0,0.0,0.0,12.666666666666666,9.0,0.039473684210526314
2016,RR Pant,198.0,155.0,7.0,10,25.0,55.0,0.0,0.0,0.0,235.0,28.285714285714285,127.74193548387096,0.16129032258064516,0.3548387096774194,0.0,0.0,0.0
2016,RV Uthappa,394.0,300.0,16.0,15,53.0,89.0,0.0,0.0,0.0,447.0,24.625,131.33333333333334,0.17666666666666667,0.2966666666666667,0.0,0.0,0.0
2016,S Aravind,0.0,0.0,0.0,9,0.0,0.0,222.0,182.0,11.0,311.0,0.0,0.0,0.0,0.0,30.333333333333332,7.318681318681319,0.06043956043956044
2016,S Dhawan,501.0,438.0,13.0,17,59.0,158.0,0.0,0.0,0.0,576.0,38.53846153846154,114.38356164383562,0.13470319634703196,0.3607305936073059,0.0,0.0,0.0
2016,S Gopal,2.0,16.0,1.0,1,0.0,14.0,19.0,18.0,0.0,2.0,2.0,12.5,0.0,0.875,3.0,6.333333333333333,0.0
2016,S Kaushik,0.0,1.0,1.0,7,0.0,1.0,195.0,142.0,6.0,174.0,0.0,0.0,0.0,1.0,23.666666666666668,8.23943661971831,0.04225352112676056
2016,S Ladda,0.0,0.0,0.0,1,0.0,0.0,21.0,12.0,0.0,4.0,0.0,0.0,0.0,0.0,2.0,10.5,0.0
2016,S Nadeem,1.0,5.0,0.0,4,0.0,3.0,127.0,90.0,2.0,67.0,1.0,20.0,0.0,0.6,15.0,8.466666666666667,0.022222222222222223
2016,SA Yadav,182.0,148.0,7.0,11,23.0,47.0,0.0,0.0,0.0,221.0,26.0,122.97297297297297,0.1554054054054054,0.31756756756756754,0.0,0.0,0.0
2016,SB Jakati,1.0,2.0,0.0,6,0.0,1.0,181.0,123.0,2.0,75.0,1.0,50.0,0.0,0.5,20.5,8.829268292682928,0.016260162601626018
2016,SE Marsh,159.0,134.0,6.0,6,17.0,41.0,0.0,0.0,0.0,176.0,26.5,118.65671641791045,0.12686567164179105,0.30597014925373134,0.0,0.0,0.0
2016,SK Raina,399.0,321.0,15.0,15,49.0,97.0,84.0,61.0,0.0,448.0,26.6,124.29906542056075,0.1526479750778816,0.30218068535825543,10.166666666666666,8.262295081967213,0.0
2016,SM Boland,0.0,0.0,0.0,2,0.0,0.0,55.0,42.0,2.0,58.0,0.0,0.0,0.0,0.0,7.0,7.857142857142857,0.047619047619047616
2016,SN Khan,66.0,31.0,2.0,4,11.0,8.0,0.0,0.0,0.0,85.0,33.0,212.90322580645162,0.3548387096774194,0.25806451612903225,0.0,0.0,0.0
2016,SP Narine,7.0,14.0,0.0,11,0.0,7.0,308.0,260.0,11.0,326.0,7.0,50.0,0.0,0.5,43.333333333333336,7.107692307692307,0.04230769230769231
2016,SPD Smith,270.0,184.0,6.0,7,35.0,48.0,0.0,0.0,0.0,313.0,45.0,146.7391304347826,0.19021739130434784,0.2608695652173913,0.0,0.0,0.0
2016,SR Watson,179.0,135.0,13.0,16,26.0,60.0,488.0,357.0,20.0,717.0,13.76923076923077,132.59259259259258,0.1925925925925926,0.4444444444444444,59.5,8.201680672268907,0.056022408963585436
2016,SS Iyer,30.0,46.0,6.0,6,3.0,24.0,0.0,0.0,0.0,33.0,5.0,65.21739130434783,0.06521739130434782,0.5217391304347826,0.0,0.0,0.0
2016,SS Tiwary,170.0,149.0,6.0,7,21.0,51.0,0.0,0.0,0.0,195.0,28.333333333333332,114.09395973154362,0.14093959731543623,0.3422818791946309,0.0,0.0,0.0
2016,STR Binny,63.0,41.0,4.0,12,9.0,14.0,134.0,104.0,1.0,129.0,15.75,153.65853658536585,0.21951219512195122,0.34146341463414637,17.333333333333332,7.730769230769232,0.009615384615384616
2016,SV Samson,291.0,265.0,10.0,14,28.0,88.0,0.0,0.0,0.0,335.0,29.1,109.81132075471699,0.10566037735849057,0.3320754716981132,0.0,0.0,0.0
2016,SW Billings,88.0,66.0,4.0,4,8.0,15.0,0.0,0.0,0.0,96.0,22.0,133.33333333333334,0.12121212121212122,0.22727272727272727,0.0,0.0,0.0
2016,Sachin Baby,119.0,82.0,5.0,8,14.0,22.0,8.0,9.0,2.0,195.0,23.8,145.1219512195122,0.17073170731707318,0.2682926829268293,1.5,5.333333333333333,0.2222222222222222
2016,Sandeep Sharma,8.0,9.0,0.0,14,0.0,1.0,373.0,305.0,15.0,439.0,8.0,88.88888888888889,0.0,0.1111111111111111,50.833333333333336,7.337704918032786,0.04918032786885246
2016,Shakib Al Hasan,114.0,108.0,5.0,10,12.0,40.0,247.0,190.0,5.0,271.0,22.8,105.55555555555556,0.1111111111111111,0.37037037037037035,31.666666666666668,7.8,0.02631578947368421
2016,Swapnil Singh,0.0,1.0,1.0,1,0.0,1.0,29.0,18.0,0.0,0.0,0.0,0.0,0.0,1.0,3.0,9.666666666666666,0.0
2016,T Shamsi,0.0,0.0,0.0,4,0.0,0.0,151.0,96.0,3.0,91.0,0.0,0.0,0.0,0.0,16.0,9.4375,0.03125
2016,TA Boult,0.0,0.0,0.0,1,0.0,0.0,39.0,26.0,1.0,29.0,0.0,0.0,0.0,0.0,4.333333333333333,9.0,0.038461538461538464
2016,TG Southee,30.0,20.0,3.0,11,3.0,4.0,333.0,268.0,9.0,290.0,10.0,150.0,0.15,0.2,44.666666666666664,7.455223880597015,0.033582089552238806
2016,TM Head,54.0,42.0,2.0,3,5.0,12.0,0.0,0.0,0.0,63.0,27.0,128.57142857142858,0.11904761904761904,0.2857142857142857,0.0,0.0,0.0
2016,UBT Chand,0.0,5.0,1.0,1,0.0,4.0,0.0,0.0,0.0,0.0,0.0,0.0,0.0,0.8,0.0,0.0,0.0
2016,UT Khawaja,127.0,105.0,5.0,6,17.0,36.0,0.0,0.0,0.0,148.0,25.4,120.95238095238095,0.1619047619047619,0.34285714285714286,0.0,0.0,0.0
2016,UT Yadav,9.0,6.0,2.0,9,1.0,1.0,244.0,161.0,10.0,292.0,4.5,150.0,0.16666666666666666,0.16666666666666666,26.833333333333332,9.093167701863354,0.062111801242236024
2016,V Kohli,973.0,655.0,12.0,16,122.0,165.0,13.0,8.0,0.0,1111.0,81.08333333333333,148.54961832061068,0.18625954198473282,0.25190839694656486,1.3333333333333333,9.75,0.0
2016,VR Aaron,0.0,0.0,0.0,8,0.0,0.0,229.0,155.0,2.0,82.0,0.0,0.0,0.0,0.0,25.833333333333332,8.864516129032259,0.012903225806451613
2016,WP Saha,270.0,214.0,11.0,12,30.0,60.0,0.0,0.0,0.0,304.0,24.545454545454547,126.16822429906541,0.14018691588785046,0.2803738317757009,0.0,0.0,0.0
2016,YK Pathan,361.0,256.0,7.0,13,46.0,60.0,33.0,38.0,1.0,456.0,51.57142857142857,141.015625,0.1796875,0.234375,6.333333333333333,5.210526315789474,0.02631578947368421
2016,YS Chahal,0.0,0.0,0.0,13,0.0,0.0,409.0,307.0,21.0,577.0,0.0,0.0,0.0,0.0,51.166666666666664,7.993485342019544,0.06840390879478828
2016,Yuvraj Singh,236.0,183.0,10.0,10,35.0,78.0,52.0,38.0,0.0,275.0,23.6,128.96174863387978,0.1912568306010929,0.4262295081967213,6.333333333333333,8.210526315789474,0.0
2016,Z Khan,6.0,13.0,2.0,12,1.0,10.0,340.0,269.0,10.0,297.0,3.0,46.15384615384615,0.07692307692307693,0.7692307692307693,44.833333333333336,7.5836431226765795,0.03717472118959108
2017,A Choudhary,25.0,20.0,2.0,5,2.0,4.0,144.0,108.0,5.0,164.0,12.5,125.0,0.1,0.2,18.0,8.0,0.046296296296296294
2017,A Mishra,49.0,56.0,1.0,14,4.0,20.0,345.0,237.0,10.0,355.0,49.0,87.5,0.07142857142857142,0.35714285714285715,39.5,8.734177215189874,0.04219409282700422
2017,A Nehra,0.0,0.0,0.0,6,0.0,0.0,198.0,130.0,8.0,224.0,0.0,0.0,0.0,0.0,21.666666666666668,9.138461538461538,0.06153846153846154
2017,A Zampa,5.0,7.0,1.0,6,1.0,5.0,164.0,122.0,7.0,201.0,5.0,71.42857142857143,0.14285714285714285,0.7142857142857143,20.333333333333332,8.065573770491804,0.05737704918032787
2017,AB Dinda,7.0,8.0,1.0,3,1.0,3.0,120.0,64.0,1.0,41.0,7.0,87.5,0.125,0.375,10.666666666666666,11.25,0.015625
2017,AB de Villiers,216.0,171.0,7.0,9,28.0,63.0,0.0,0.0,0.0,252.0,30.857142857142858,126.3157894736842,0.16374269005847952,0.3684210526315789,0.0,0.0,0.0
2017,AD Mathews,32.0,28.0,2.0,2,3.0,9.0,57.0,31.0,0.0,35.0,16.0,114.28571428571429,0.10714285714285714,0.32142857142857145,5.166666666666667,11.032258064516128,0.0
2017,AD Nath,0.0,1.0,1.0,1,0.0,1.0,0.0,0.0,0.0,0.0,0.0,0.0,0.0,1.0,0.0,0.0,0.0
2017,AF Milne,7.0,12.0,3.0,4,0.0,6.0,140.0,89.0,3.0,86.0,2.3333333333333335,58.333333333333336,0.0,0.5,14.833333333333334,9.438202247191011,0.033707865168539325
2017,AJ Finch,300.0,190.0,12.0,13,44.0,59.0,0.0,0.0,0.0,348.0,25.0,157.89473684210526,0.23157894736842105,0.3105263157894737,0.0,0.0,0.0
2017,AJ Tye,53.0,30.0,1.0,6,7.0,6.0,146.0,128.0,12.0,380.0,53.0,176.66666666666666,0.23333333333333334,0.2,21.333333333333332,6.84375,0.09375
2017,AM Rahane,382.0,328.0,15.0,16,44.0,113.0,0.0,0.0,0.0,430.0,25.466666666666665,116.46341463414635,0.13414634146341464,0.3445121951219512,0.0,0.0,0.0
2017,AP Tare,18.0,25.0,3.0,3,3.0,14.0,0.0,0.0,0.0,21.0,6.0,72.0,0.12,0.56,0.0,0.0,0.0
2017,AR Bawne,12.0,12.0,0.0,1,1.0,4.0,0.0,0.0,0.0,17.0,12.0,100.0,0.08333333333333333,0.3333333333333333,0.0,0.0,0.0
2017,AR Patel,227.0,171.0,8.0,14,22.0,43.0,366.0,294.0,15.0,648.0,28.375,132.7485380116959,0.1286549707602339,0.25146198830409355,49.0,7.469387755102041,0.05102040816326531
2017,AS Rajpoot,4.0,7.0,1.0,5,1.0,6.0,113.0,87.0,4.0,121.0,4.0,57.142857142857146,0.14285714285714285,0.8571428571428571,14.5,7.793103448275862,0.04597701149425287
2017,AT Rayudu,91.0,80.0,6.0,5,10.0,27.0,0.0,0.0,0.0,101.0,15.166666666666666,113.75,0.125,0.3375,0.0,0.0,0.0
2017,Ankit Sharma,25.0,16.0,1.0,1,3.0,3.0,16.0,6.0,0.0,28.0,25.0,156.25,0.1875,0.1875,1.0,16.0,0.0
2017,Ankit Soni,7.0,9.0,2.0,6,1.0,5.0,145.0,110.0,2.0,74.0,3.5,77.77777777777777,0.1111111111111111,0.5555555555555556,18.333333333333332,7.909090909090909,0.01818181818181818
2017,Anureet Singh,15.0,12.0,1.0,1,2.0,3.0,26.0,12.0,0.0,17.0,15.0,125.0,0.16666666666666666,0.25,2.0,13.0,0.0
2017,Avesh Khan,0.0,0.0,0.0,1,0.0,0.0,24.0,24.0,1.0,29.0,0.0,0.0,0.0,0.0,4.0,6.0,0.041666666666666664
2017,B Kumar,4.0,4.0,1.0,14,0.0,1.0,383.0,322.0,26.0,706.0,4.0,100.0,0.0,0.25,53.666666666666664,7.13664596273292,0.08074534161490683
2017,B Stanlake,0.0,0.0,0.0,2,0.0,0.0,70.0,50.0,2.0,58.0,0.0,0.0,0.0,0.0,8.333333333333334,8.399999999999999,0.04
2017,BA Stokes,316.0,227.0,11.0,12,37.0,62.0,327.0,272.0,12.0,657.0,28.727272727272727,139.20704845814979,0.16299559471365638,0.27312775330396477,45.333333333333336,7.213235294117647,0.04411764705882353
2017,BB McCullum,320.0,227.0,11.0,11,47.0,78.0,0.0,0.0,0.0,367.0,29.09090909090909,140.9691629955947,0.20704845814977973,0.3436123348017621,0.0,0.0,0.0
2017,BB Sran,0.0,0.0,0.0,1,0.0,0.0,29.0,13.0,0.0,4.0,0.0,0.0,0.0,0.0,2.1666666666666665,13.384615384615385,0.0
2017,BCJ Cutting,51.0,27.0,2.0,4,8.0,6.0,123.0,78.0,1.0,92.0,25.5,188.88888888888889,0.2962962962962963,0.2222222222222222,13.0,9.461538461538462,0.01282051282051282
2017,Basil Thampi,28.0,30.0,1.0,12,2.0,9.0,426.0,274.0,11.0,349.0,28.0,93.33333333333333,0.06666666666666667,0.3,45.666666666666664,9.328467153284672,0.040145985401459854
2017,Bipul Sharma,31.0,25.0,1.0,7,3.0,8.0,131.0,100.0,3.0,133.0,31.0,124.0,0.12,0.32,16.666666666666668,7.859999999999999,0.03
2017,C de Grandhomme,126.0,92.0,8.0,12,16.0,28.0,136.0,102.0,4.0,258.0,15.75,136.95652173913044,0.17391304347826086,0.30434782608695654,17.0,8.0,0.0392156862745098
2017,CA Lynn,295.0,175.0,6.0,7,44.0,48.0,0.0,0.0,0.0,343.0,49.166666666666664,168.57142857142858,0.25142857142857145,0.2742857142857143,0.0,0.0,0.0
2017,CH Gayle,200.0,172.0,9.0,9,29.0,75.0,0.0,0.0,0.0,229.0,22.22222222222222,116.27906976744185,0.1686046511627907,0.436046511627907,0.0,0.0,0.0
2017,CH Morris,154.0,97.0,5.0,9,21.0,21.0,240.0,187.0,12.0,491.0,30.8,158.76288659793815,0.21649484536082475,0.21649484536082475,31.166666666666668,7.7005347593582885,0.06417112299465241
2017,CJ Anderson,142.0,130.0,7.0,11,17.0,54.0,187.0,120.0,3.0,250.0,20.285714285714285,109.23076923076923,0.13076923076923078,0.4153846153846154,20.0,9.35,0.025
2017,CJ Jordan,0.0,1.0,1.0,1,0.0,1.0,10.0,7.0,1.0,25.0,0.0,0.0,0.0,1.0,1.1666666666666667,8.571428571428571,0.14285714285714285
2017,CR Brathwaite,12.0,16.0,2.0,2,2.0,9.0,67.0,38.0,1.0,39.0,6.0,75.0,0.125,0.5625,6.333333333333333,10.578947368421053,0.02631578947368421
2017,CR Woakes,46.0,47.0,3.0,13,5.0,21.0,393.0,277.0,17.0,516.0,15.333333333333334,97.87234042553192,0.10638297872340426,0.44680851063829785,46.166666666666664,8.512635379061372,0.061371841155234655
2017,DA Miller,83.0,82.0,3.0,4,8.0,31.0,0.0,0.0,0.0,95.0,27.666666666666668,101.21951219512195,0.0975609756097561,0.3780487804878049,0.0,0.0,0.0
2017,DA Warner,641.0,462.0,11.0,14,89.0,150.0,0.0,0.0,0.0,742.0,58.27272727272727,138.74458874458875,0.19264069264069264,0.3246753246753247,0.0,0.0,0.0
2017,DJ Hooda,78.0,53.0,3.0,7,9.0,12.0,42.0,24.0,2.0,153.0,26.0,147.16981132075472,0.16981132075471697,0.22641509433962265,4.0,10.5,0.08333333333333333
2017,DL Chahar,14.0,6.0,1.0,3,2.0,2.0,75.0,44.0,1.0,49.0,14.0,233.33333333333334,0.3333333333333333,0.3333333333333333,7.333333333333333,10.227272727272728,0.022727272727272728
2017,DM Bravo,6.0,5.0,0.0,1,1.0,2.0,0.0,0.0,0.0,11.0,6.0,120.0,0.2,0.4,0.0,0.0,0.0
2017,DR Smith,239.0,158.0,10.0,12,40.0,56.0,151.0,82.0,2.0,337.0,23.9,151.26582278481013,0.25316455696202533,0.35443037974683544,13.666666666666666,11.048780487804878,0.024390243902439025
2017,DS Kulkarni,1.0,2.0,1.0,6,0.0,1.0,173.0,118.0,3.0,96.0,1.0,50.0,0.0,0.5,19.666666666666668,8.796610169491524,0.025423728813559324
2017,DT Christian,79.0,52.0,6.0,13,10.0,16.0,302.0,248.0,11.0,392.0,13.166666666666666,151.92307692307693,0.19230769230769232,0.3076923076923077,41.333333333333336,7.306451612903225,0.04435483870967742
2017,EJG Morgan,65.0,62.0,4.0,4,8.0,24.0,0.0,0.0,0.0,73.0,16.25,104.83870967741936,0.12903225806451613,0.3870967741935484,0.0,0.0,0.0
2017,F du Plessis,8.0,7.0,1.0,1,1.0,2.0,0.0,0.0,0.0,9.0,8.0,114.28571428571429,0.14285714285714285,0.2857142857142857,0.0,0.0,0.0
2017,G Gambhir,498.0,405.0,14.0,16,69.0,128.0,0.0,0.0,0.0,579.0,35.57142857142857,122.96296296296296,0.17037037037037037,0.3160493827160494,0.0,0.0,0.0
2017,GJ Maxwell,310.0,186.0,10.0,14,46.0,55.0,126.0,115.0,7.0,547.0,31.0,166.66666666666666,0.24731182795698925,0.2956989247311828,19.166666666666668,6.57391304347826,0.06086956521739131
2017,HH Pandya,250.0,172.0,9.0,17,31.0,50.0,219.0,162.0,6.0,467.0,27.77777777777778,145.34883720930233,0.18023255813953487,0.29069767441860467,27.0,8.11111111111111,0.037037037037037035
2017,HM Amla,420.0,296.0,7.0,10,57.0,87.0,0.0,0.0,0.0,489.0,60.0,141.8918918918919,0.19256756756756757,0.2939189189189189,0.0,0.0,0.0
2017,HV Patel,0.0,0.0,0.0,1,0.0,0.0,43.0,25.0,3.0,79.0,0.0,0.0,0.0,0.0,4.166666666666667,10.319999999999999,0.12
2017,Harbhajan Singh,16.0,17.0,2.0,11,1.0,5.0,269.0,247.0,8.0,253.0,8.0,94.11764705882354,0.058823529411764705,0.29411764705882354,41.166666666666664,6.534412955465587,0.032388663967611336
2017,I Sharma,8.0,13.0,2.0,6,1.0,7.0,190.0,114.0,0.0,25.0,4.0,61.53846153846154,0.07692307692307693,0.5384615384615384,19.0,10.0,0.0
2017,IK Pathan,2.0,3.0,1.0,1,0.0,1.0,26.0,10.0,0.0,2.0,2.0,66.66666666666667,0.0,0.3333333333333333,1.6666666666666667,15.6,0.0
2017,IR Jaggi,33.0,40.0,1.0,2,3.0,16.0,0.0,0.0,0.0,40.0,33.0,82.5,0.075,0.4,0.0,0.0,0.0
2017,Imran Tahir,0.0,2.0,0.0,12,0.0,2.0,369.0,285.0,18.0,498.0,0.0,0.0,0.0,1.0,47.5,7.768421052631579,0.06315789473684211
2017,Iqbal Abdulla,5.0,7.0,0.0,2,0.0,3.0,55.0,34.0,2.0,63.0,5.0,71.42857142857143,0.0,0.42857142857142855,5.666666666666667,9.705882352941176,0.058823529411764705
2017,Ishan Kishan,277.0,214.0,10.0,10,42.0,84.0,0.0,0.0,0.0,319.0,27.7,129.4392523364486,0.19626168224299065,0.3925233644859813,0.0,0.0,0.0
2017,J Yadav,0.0,0.0,0.0,2,0.0,0.0,43.0,37.0,0.0,8.0,0.0,0.0,0.0,0.0,6.166666666666667,6.972972972972973,0.0
2017,JC Buttler,273.0,186.0,9.0,10,42.0,67.0,0.0,0.0,0.0,319.0,30.333333333333332,146.7741935483871,0.22580645161290322,0.3602150537634409,0.0,0.0,0.0
2017,JD Unadkat,2.0,5.0,0.0,12,0.0,2.0,329.0,276.0,24.0,650.0,2.0,40.0,0.0,0.4,46.0,7.1521739130434785,0.08695652173913043
2017,JJ Bumrah,16.0,12.0,1.0,16,1.0,3.0,455.0,370.0,20.0,577.0,16.0,133.33333333333334,0.08333333333333333,0.25,61.666666666666664,7.378378378378379,0.05405405405405406
2017,JJ Roy,59.0,41.0,2.0,3,10.0,15.0,0.0,0.0,0.0,73.0,29.5,143.90243902439025,0.24390243902439024,0.36585365853658536,0.0,0.0,0.0
2017,JP Faulkner,54.0,60.0,5.0,8,4.0,23.0,277.0,161.0,8.0,274.0,10.8,90.0,0.06666666666666667,0.38333333333333336,26.833333333333332,10.322981366459627,0.049689440993788817
2017,K Rabada,55.0,68.0,3.0,6,6.0,30.0,198.0,135.0,6.0,223.0,18.333333333333332,80.88235294117646,0.08823529411764706,0.4411764705882353,22.5,8.8,0.044444444444444446
2017,KA Pollard,395.0,294.0,14.0,16,50.0,87.0,30.0,12.0,0.0,457.0,28.214285714285715,134.35374149659864,0.17006802721088435,0.29591836734693877,2.0,15.0,0.0
2017,KC Cariappa,2.0,7.0,2.0,4,0.0,5.0,127.0,94.0,4.0,110.0,1.0,28.571428571428573,0.0,0.7142857142857143,15.666666666666666,8.106382978723405,0.0425531914893617
2017,KD Karthik,361.0,268.0,10.0,13,41.0,65.0,0.0,0.0,0.0,418.0,36.1,134.70149253731344,0.15298507462686567,0.24253731343283583,0.0,0.0,0.0
2017,KH Pandya,243.0,186.0,7.0,13,31.0,57.0,280.0,246.0,10.0,548.0,34.714285714285715,130.6451612903226,0.16666666666666666,0.3064516129032258,41.0,6.829268292682927,0.04065040650406504
2017,KK Nair,281.0,229.0,13.0,13,45.0,96.0,0.0,0.0,0.0,330.0,21.615384615384617,122.70742358078603,0.1965065502183406,0.4192139737991266,0.0,0.0,0.0
2017,KM Jadhav,267.0,194.0,11.0,13,35.0,52.0,0.0,0.0,0.0,310.0,24.272727272727273,137.62886597938143,0.18041237113402062,0.26804123711340205,0.0,0.0,0.0
2017,KS Williamson,256.0,170.0,5.0,7,30.0,46.0,0.0,0.0,0.0,294.0,51.2,150.58823529411765,0.17647058823529413,0.27058823529411763,0.0,0.0,0.0
2017,KV Sharma,49.0,42.0,6.0,9,7.0,18.0,217.0,189.0,13.0,393.0,8.166666666666666,116.66666666666667,0.16666666666666666,0.42857142857142855,31.5,6.888888888888889,0.06878306878306878
2017,Kuldeep Yadav,20.0,22.0,2.0,12,2.0,9.0,345.0,250.0,12.0,362.0,10.0,90.9090909090909,0.09090909090909091,0.4090909090909091,41.666666666666664,8.280000000000001,0.048
2017,LH Ferguson,1.0,1.0,0.0,4,0.0,0.0,96.0,85.0,3.0,92.0,1.0,100.0,0.0,0.0,14.166666666666666,6.776470588235294,0.03529411764705882
2017,LMP Simmons,137.0,116.0,6.0,7,18.0,48.0,0.0,0.0,0.0,159.0,22.833333333333332,118.10344827586206,0.15517241379310345,0.41379310344827586,0.0,0.0,0.0
2017,M Vohra,229.0,170.0,9.0,9,32.0,56.0,0.0,0.0,0.0,261.0,25.444444444444443,134.7058823529412,0.18823529411764706,0.32941176470588235,0.0,0.0,0.0
2017,MA Agarwal,26.0,29.0,3.0,3,3.0,12.0,0.0,0.0,0.0,29.0,8.666666666666666,89.65517241379311,0.10344827586206896,0.41379310344827586,0.0,0.0,0.0
2017,MC Henriques,277.0,205.0,6.0,12,32.0,53.0,247.0,147.0,1.0,358.0,46.166666666666664,135.1219512195122,0.15609756097560976,0.25853658536585367,24.5,10.081632653061224,0.006802721088435374
2017,MG Johnson,20.0,17.0,0.0,5,2.0,6.0,145.0,123.0,7.0,217.0,20.0,117.6470588235294,0.11764705882352941,0.35294117647058826,20.5,7.073170731707317,0.056910569105691054
2017,MJ Guptill,132.0,88.0,6.0,7,22.0,37.0,0.0,0.0,0.0,158.0,22.0,150.0,0.25,0.42045454545454547,0.0,0.0,0.0
2017,MJ Henry,0.0,0.0,0.0,2,0.0,0.0,70.0,30.0,1.0,33.0,0.0,0.0,0.0,0.0,5.0,14.0,0.03333333333333333
2017,MJ McClenaghan,16.0,16.0,3.0,14,1.0,5.0,512.0,344.0,19.0,536.0,5.333333333333333,100.0,0.0625,0.3125,57.333333333333336,8.930232558139535,0.055232558139534885
2017,MK Pandey,396.0,315.0,8.0,12,40.0,82.0,0.0,0.0,0.0,452.0,49.5,125.71428571428571,0.12698412698412698,0.26031746031746034,0.0,0.0,0.0
2017,MK Tiwary,324.0,242.0,9.0,13,42.0,67.0,0.0,0.0,0.0,382.0,36.0,133.88429752066116,0.17355371900826447,0.2768595041322314,0.0,0.0,0.0
2017,MM Patel,0.0,1.0,1.0,2,0.0,1.0,58.0,42.0,1.0,29.0,0.0,0.0,0.0,1.0,7.0,8.285714285714286,0.023809523809523808
2017,MM Sharma,51.0,51.0,6.0,14,5.0,20.0,412.0,277.0,13.0,413.0,8.5,100.0,0.09803921568627451,0.39215686274509803,46.166666666666664,8.92418772563177,0.04693140794223827
2017,MN Samuels,29.0,32.0,3.0,5,3.0,17.0,34.0,18.0,0.0,40.0,9.666666666666666,90.625,0.09375,0.53125,3.0,11.333333333333334,0.0
2017,MP Stoinis,17.0,25.0,3.0,5,1.0,12.0,111.0,69.0,2.0,76.0,5.666666666666667,68.0,0.04,0.48,11.5,9.652173913043478,0.028985507246376812
2017,MS Dhoni,290.0,261.0,13.0,15,31.0,99.0,0.0,0.0,0.0,329.0,22.307692307692307,111.11111111111111,0.11877394636015326,0.3793103448275862,0.0,0.0,0.0
2017,MS Gony,0.0,0.0,0.0,1,0.0,0.0,32.0,15.0,0.0,4.0,0.0,0.0,0.0,0.0,2.5,12.8,0.0
2017,Mandeep Singh,188.0,178.0,11.0,10,25.0,80.0,0.0,0.0,0.0,213.0,17.09090909090909,105.61797752808988,0.1404494382022472,0.449438202247191,0.0,0.0,0.0
2017,Mohammad Nabi,2.0,3.0,1.0,3,0.0,2.0,59.0,66.0,2.0,60.0,2.0,66.66666666666667,0.0,0.6666666666666666,11.0,5.363636363636363,0.030303030303030304
2017,Mohammed Shami,36.0,24.0,4.0,8,6.0,10.0,248.0,162.0,5.0,183.0,9.0,150.0,0.25,0.4166666666666667,27.0,9.185185185185185,0.030864197530864196
2017,Mohammed Siraj,0.0,0.0,0.0,6,0.0,0.0,214.0,141.0,10.0,274.0,0.0,0.0,0.0,0.0,23.5,9.106382978723405,0.07092198581560284
2017,Mustafizur Rahman,0.0,0.0,0.0,1,0.0,0.0,34.0,17.0,0.0,4.0,0.0,0.0,0.0,0.0,2.8333333333333335,12.0,0.0
2017,N Rana,333.0,277.0,12.0,12,41.0,98.0,0.0,0.0,0.0,378.0,27.75,120.21660649819495,0.148014440433213,0.35379061371841153,0.0,0.0,0.0
2017,NB Singh,0.0,0.0,0.0,2,0.0,0.0,18.0,25.0,1.0,33.0,0.0,0.0,0.0,0.0,4.166666666666667,4.319999999999999,0.04
2017,NM Coulter-Nile,14.0,13.0,3.0,8,2.0,8.0,231.0,177.0,15.0,411.0,4.666666666666667,107.6923076923077,0.15384615384615385,0.6153846153846154,29.5,7.830508474576271,0.0847457627118644
2017,NV Ojha,79.0,70.0,4.0,5,5.0,20.0,0.0,0.0,0.0,88.0,19.75,112.85714285714286,0.07142857142857142,0.2857142857142857,0.0,0.0,0.0
2017,P Kumar,8.0,9.0,1.0,6,0.0,1.0,154.0,108.0,6.0,178.0,8.0,88.88888888888889,0.0,0.1111111111111111,18.0,8.555555555555555,0.05555555555555555
2017,P Negi,144.0,114.0,9.0,12,17.0,39.0,202.0,200.0,17.0,598.0,16.0,126.3157894736842,0.14912280701754385,0.34210526315789475,33.333333333333336,6.06,0.085
2017,PA Patel,395.0,308.0,18.0,16,57.0,98.0,0.0,0.0,0.0,452.0,21.944444444444443,128.24675324675326,0.18506493506493507,0.3181818181818182,0.0,0.0,0.0
2017,PJ Cummins,77.0,54.0,5.0,12,9.0,17.0,393.0,288.0,15.0,489.0,15.4,142.59259259259258,0.16666666666666666,0.3148148148148148,48.0,8.1875,0.052083333333333336
2017,PJ Sangwan,2.0,4.0,2.0,5,0.0,2.0,183.0,109.0,5.0,139.0,1.0,50.0,0.0,0.5,18.166666666666668,10.073394495412844,0.045871559633027525
2017,PP Chawla,2.0,6.0,1.0,6,0.0,4.0,179.0,122.0,6.0,172.0,2.0,33.333333333333336,0.0,0.6666666666666666,20.333333333333332,8.80327868852459,0.04918032786885246
2017,R Bhatia,16.0,17.0,1.0,3,1.0,6.0,55.0,43.0,2.0,75.0,16.0,94.11764705882354,0.058823529411764705,0.35294117647058826,7.166666666666667,7.674418604651162,0.046511627906976744
2017,R Tewatia,19.0,11.0,1.0,3,4.0,3.0,51.0,55.0,3.0,106.0,19.0,172.72727272727272,0.36363636363636365,0.2727272727272727,9.166666666666666,5.563636363636364,0.05454545454545454
2017,R Vinay Kumar,0.0,0.0,0.0,1,0.0,0.0,31.0,20.0,2.0,54.0,0.0,0.0,0.0,0.0,3.3333333333333335,9.299999999999999,0.1
2017,RA Jadeja,158.0,118.0,4.0,12,17.0,28.0,352.0,229.0,5.0,332.0,39.5,133.89830508474577,0.1440677966101695,0.23728813559322035,38.166666666666664,9.222707423580786,0.021834061135371178
2017,RA Tripathi,391.0,275.0,12.0,14,60.0,99.0,12.0,6.0,0.0,459.0,32.583333333333336,142.1818181818182,0.21818181818181817,0.36,1.0,12.0,0.0
2017,RD Chahar,3.0,2.0,0.0,2,0.0,0.0,59.0,46.0,2.0,61.0,3.0,150.0,0.0,0.0,7.666666666666667,7.695652173913043,0.043478260869565216
2017,RG Sharma,333.0,278.0,14.0,16,40.0,95.0,0.0,0.0,0.0,381.0,23.785714285714285,119.7841726618705,0.14388489208633093,0.34172661870503596,0.0,0.0,0.0
2017,RR Pant,366.0,226.0,14.0,14,52.0,67.0,0.0,0.0,0.0,418.0,26.142857142857142,161.94690265486724,0.23008849557522124,0.29646017699115046,0.0,0.0,0.0
2017,RV Uthappa,388.0,239.0,12.0,13,57.0,63.0,0.0,0.0,0.0,449.0,32.333333333333336,162.34309623430963,0.2384937238493724,0.26359832635983266,0.0,0.0,0.0
2017,Rashid Khan,11.0,9.0,2.0,14,1.0,3.0,368.0,327.0,17.0,485.0,5.5,122.22222222222223,0.1111111111111111,0.3333333333333333,54.5,6.752293577981652,0.05198776758409786
2017,S Aravind,32.0,40.0,3.0,10,2.0,16.0,278.0,190.0,5.0,187.0,10.666666666666666,80.0,0.05,0.4,31.666666666666668,8.778947368421052,0.02631578947368421
2017,S Badree,13.0,25.0,5.0,7,0.0,12.0,191.0,151.0,9.0,246.0,2.6,52.0,0.0,0.48,25.166666666666668,7.589403973509933,0.059602649006622516
2017,S Dhawan,479.0,383.0,13.0,14,62.0,119.0,0.0,0.0,0.0,545.0,36.84615384615385,125.06527415143603,0.1618798955613577,0.31070496083550914,0.0,0.0,0.0
2017,S Kaul,0.0,2.0,0.0,10,0.0,2.0,303.0,221.0,16.0,440.0,0.0,0.0,0.0,1.0,36.833333333333336,8.226244343891402,0.07239819004524888
2017,S Kaushik,0.0,0.0,0.0,3,0.0,0.0,109.0,68.0,0.0,12.0,0.0,0.0,0.0,0.0,11.333333333333334,9.617647058823529,0.0
2017,S Nadeem,2.0,9.0,3.0,7,0.0,6.0,119.0,110.0,6.0,168.0,0.6666666666666666,22.22222222222222,0.0,0.6666666666666666,18.333333333333332,6.490909090909091,0.05454545454545454
2017,SA Yadav,105.0,89.0,6.0,7,11.0,25.0,0.0,0.0,0.0,120.0,17.5,117.97752808988764,0.12359550561797752,0.2808988764044944,0.0,0.0,0.0
2017,SB Jakati,0.0,0.0,0.0,2,0.0,0.0,52.0,32.0,0.0,8.0,0.0,0.0,0.0,0.0,5.333333333333333,9.75,0.0
2017,SE Marsh,264.0,198.0,8.0,8,41.0,67.0,0.0,0.0,0.0,305.0,33.0,133.33333333333334,0.20707070707070707,0.3383838383838384,0.0,0.0,0.0
2017,SK Raina,442.0,310.0,11.0,14,55.0,72.0,102.0,72.0,1.0,534.0,40.18181818181818,142.58064516129033,0.1774193548387097,0.23225806451612904,12.0,8.5,0.013888888888888888
2017,SL Malinga,7.0,3.0,1.0,12,1.0,1.0,388.0,287.0,11.0,327.0,7.0,233.33333333333334,0.3333333333333333,0.3333333333333333,47.833333333333336,8.11149825783972,0.03832752613240418
2017,SN Thakur,0.0,3.0,3.0,12,0.0,3.0,319.0,237.0,11.0,311.0,0.0,0.0,0.0,1.0,39.5,8.075949367088608,0.046413502109704644
2017,SP Jackson,38.0,31.0,2.0,3,5.0,10.0,0.0,0.0,0.0,47.0,19.0,122.58064516129032,0.16129032258064516,0.3225806451612903,0.0,0.0,0.0
2017,SP Narine,224.0,135.0,12.0,16,44.0,56.0,411.0,360.0,10.0,534.0,18.666666666666668,165.92592592592592,0.32592592592592595,0.4148148148148148,60.0,6.85,0.027777777777777776
2017,SPD Smith,472.0,400.0,12.0,15,50.0,117.0,0.0,0.0,0.0,534.0,39.333333333333336,118.0,0.125,0.2925,0.0,0.0,0.0
2017,SR Watson,71.0,80.0,6.0,8,7.0,32.0,246.0,165.0,5.0,211.0,11.833333333333334,88.75,0.0875,0.4,27.5,8.945454545454545,0.030303030303030304
2017,SS Agarwal,0.0,0.0,0.0,1,0.0,0.0,42.0,24.0,1.0,29.0,0.0,0.0,0.0,0.0,4.0,10.5,0.041666666666666664
2017,SS Iyer,338.0,249.0,11.0,12,46.0,75.0,0.0,0.0,0.0,392.0,30.727272727272727,135.7429718875502,0.18473895582329317,0.30120481927710846,0.0,0.0,0.0
2017,SS Tiwary,52.0,46.0,0.0,1,9.0,16.0,0.0,0.0,0.0,65.0,52.0,113.04347826086956,0.1956521739130435,0.34782608695652173,0.0,0.0,0.0
2017,STR Binny,78.0,77.0,5.0,7,9.0,34.0,50.0,37.0,4.0,195.0,15.6,101.2987012987013,0.11688311688311688,0.44155844155844154,6.166666666666667,8.108108108108107,0.10810810810810811
2017,SV Samson,386.0,275.0,14.0,14,51.0,92.0,0.0,0.0,0.0,441.0,27.571428571428573,140.36363636363637,0.18545454545454546,0.33454545454545453,0.0,0.0,0.0
2017,SW Billings,138.0,107.0,6.0,6,20.0,31.0,0.0,0.0,0.0,158.0,23.0,128.97196261682242,0.18691588785046728,0.2897196261682243,0.0,0.0,0.0
2017,Sachin Baby,15.0,17.0,3.0,3,2.0,7.0,0.0,0.0,0.0,17.0,5.0,88.23529411764706,0.11764705882352941,0.4117647058823529,0.0,0.0,0.0
2017,Sandeep Sharma,7.0,7.0,0.0,13,0.0,0.0,402.0,300.0,17.0,484.0,7.0,100.0,0.0,0.0,50.0,8.04,0.056666666666666664
2017,Shakib Al Hasan,1.0,1.0,0.0,1,0.0,0.0,34.0,18.0,0.0,5.0,1.0,100.0,0.0,0.0,3.0,11.333333333333334,0.0
2017,Swapnil Singh,12.0,19.0,2.0,4,0.0,9.0,61.0,43.0,1.0,45.0,6.0,63.1578947368421,0.0,0.47368421052631576,7.166666666666667,8.511627906976743,0.023255813953488372
2017,T Natarajan,0.0,0.0,0.0,6,0.0,0.0,116.0,82.0,2.0,74.0,0.0,0.0,0.0,0.0,13.666666666666666,8.487804878048781,0.024390243902439025
2017,TA Boult,5.0,8.0,0.0,6,0.0,5.0,222.0,148.0,5.0,154.0,5.0,62.5,0.0,0.625,24.666666666666668,9.0,0.033783783783783786
2017,TG Southee,7.0,3.0,0.0,3,1.0,1.0,97.0,66.0,3.0,95.0,7.0,233.33333333333334,0.3333333333333333,0.3333333333333333,11.0,8.818181818181818,0.045454545454545456
2017,TM Head,151.0,109.0,4.0,7,15.0,27.0,80.0,47.0,2.0,228.0,37.75,138.5321100917431,0.13761467889908258,0.24770642201834864,7.833333333333333,10.212765957446809,0.0425531914893617
2017,TS Mills,8.0,11.0,3.0,5,1.0,7.0,157.0,111.0,5.0,142.0,2.6666666666666665,72.72727272727273,0.09090909090909091,0.6363636363636364,18.5,8.486486486486486,0.04504504504504504
2017,Tejas Baroka,0.0,0.0,0.0,1,0.0,0.0,33.0,21.0,0.0,4.0,0.0,0.0,0.0,0.0,3.5,9.428571428571429,0.0
2017,UT Yadav,10.0,13.0,0.0,14,0.0,4.0,432.0,303.0,17.0,491.0,10.0,76.92307692307692,0.0,0.3076923076923077,50.5,8.554455445544555,0.056105610561056105
2017,V Kohli,308.0,257.0,11.0,10,34.0,89.0,0.0,0.0,0.0,342.0,28.0,119.8443579766537,0.13229571984435798,0.3463035019455253,0.0,0.0,0.0
2017,V Shankar,101.0,77.0,2.0,4,13.0,20.0,0.0,0.0,0.0,122.0,50.5,131.16883116883116,0.16883116883116883,0.2597402597402597,0.0,0.0,0.0
2017,VR Aaron,4.0,11.0,1.0,6,0.0,7.0,170.0,129.0,7.0,199.0,4.0,36.36363636363637,0.0,0.6363636363636364,21.5,7.906976744186046,0.05426356589147287
2017,Vishnu Vinod,19.0,26.0,3.0,3,2.0,15.0,0.0,0.0,0.0,21.0,6.333333333333333,73.07692307692308,0.07692307692307693,0.5769230769230769,0.0,0.0,0.0
2017,WP Saha,234.0,194.0,10.0,11,28.0,61.0,0.0,0.0,0.0,266.0,23.4,120.61855670103093,0.14432989690721648,0.31443298969072164,0.0,0.0,0.0
2017,Washington Sundar,9.0,12.0,0.0,10,0.0,3.0,189.0,181.0,8.0,249.0,9.0,75.0,0.0,0.25,30.166666666666668,6.265193370165745,0.04419889502762431
2017,YK Pathan,143.0,123.0,9.0,12,15.0,41.0,41.0,24.0,1.0,195.0,15.88888888888889,116.26016260162602,0.12195121951219512,0.3333333333333333,4.0,10.25,0.041666666666666664
2017,YS Chahal,13.0,26.0,2.0,13,0.0,14.0,351.0,271.0,14.0,407.0,6.5,50.0,0.0,0.5384615384615384,45.166666666666664,7.771217712177122,0.05166051660516605
2017,Yuvraj Singh,252.0,188.0,10.0,11,38.0,64.0,22.0,11.0,1.0,319.0,25.2,134.04255319148936,0.20212765957446807,0.3404255319148936,1.8333333333333333,12.0,0.09090909090909091
2017,Z Khan,4.0,13.0,1.0,11,0.0,9.0,322.0,244.0,10.0,294.0,4.0,30.76923076923077,0.0,0.6923076923076923,40.666666666666664,7.918032786885246,0.040983606557377046
2018,A Dananjaya,4.0,5.0,0.0,1,0.0,2.0,47.0,25.0,0.0,8.0,4.0,80.0,0.0,0.4,4.166666666666667,11.28,0.0
2018,A Mishra,1.0,2.0,0.0,10,0.0,1.0,265.0,225.0,12.0,341.0,1.0,50.0,0.0,0.5,37.5,7.066666666666666,0.05333333333333334
2018,AB de Villiers,480.0,280.0,9.0,11,69.0,74.0,0.0,0.0,0.0,557.0,53.333333333333336,171.42857142857142,0.24642857142857144,0.2642857142857143,0.0,0.0,0.0
2018,AD Hales,148.0,119.0,6.0,6,19.0,46.0,0.0,0.0,0.0,167.0,24.666666666666668,124.36974789915966,0.15966386554621848,0.3865546218487395,0.0,0.0,0.0
2018,AD Nath,9.0,13.0,1.0,1,1.0,8.0,0.0,0.0,0.0,10.0,9.0,69.23076923076923,0.07692307692307693,0.6153846153846154,0.0,0.0,0.0
2018,AD Russell,316.0,179.0,12.0,15,48.0,63.0,360.0,239.0,13.0,705.0,26.333333333333332,176.53631284916202,0.2681564245810056,0.35195530726256985,39.833333333333336,9.03765690376569,0.05439330543933055
2018,AJ Finch,134.0,102.0,8.0,9,14.0,26.0,0.0,0.0,0.0,152.0,16.75,131.37254901960785,0.13725490196078433,0.2549019607843137,0.0,0.0,0.0
2018,AJ Tye,32.0,40.0,6.0,14,3.0,18.0,457.0,349.0,24.0,667.0,5.333333333333333,80.0,0.075,0.45,58.166666666666664,7.856733524355302,0.06876790830945559
2018,AM Rahane,370.0,321.0,13.0,14,44.0,99.0,0.0,0.0,0.0,418.0,28.46153846153846,115.26479750778816,0.13707165109034267,0.308411214953271,0.0,0.0,0.0
2018,AR Patel,80.0,71.0,7.0,9,7.0,16.0,221.0,158.0,3.0,170.0,11.428571428571429,112.67605633802818,0.09859154929577464,0.22535211267605634,26.333333333333332,8.39240506329114,0.0189873417721519
2018,AS Rajpoot,11.0,18.0,2.0,8,1.0,9.0,230.0,166.0,11.0,311.0,5.5,61.111111111111114,0.05555555555555555,0.5,27.666666666666668,8.313253012048193,0.06626506024096386
2018,AT Rayudu,602.0,410.0,14.0,16,87.0,132.0,0.0,0.0,0.0,697.0,43.0,146.82926829268294,0.2121951219512195,0.32195121951219513,0.0,0.0,0.0
2018,Abhishek Sharma,63.0,35.0,1.0,3,8.0,6.0,0.0,0.0,0.0,79.0,63.0,180.0,0.22857142857142856,0.17142857142857143,0.0,0.0,0.0
2018,Ankit Sharma,0.0,0.0,0.0,1,0.0,0.0,11.0,6.0,0.0,4.0,0.0,0.0,0.0,0.0,1.0,11.0,0.0
2018,Anureet Singh,3.0,4.0,0.0,3,0.0,0.0,41.0,23.0,1.0,40.0,3.0,75.0,0.0,0.0,3.8333333333333335,10.695652173913043,0.043478260869565216
2018,Avesh Khan,0.0,0.0,0.0,6,0.0,0.0,205.0,117.0,4.0,124.0,0.0,0.0,0.0,0.0,19.5,10.512820512820513,0.03418803418803419
2018,B Kumar,13.0,18.0,2.0,12,1.0,6.0,357.0,285.0,9.0,279.0,6.5,72.22222222222223,0.05555555555555555,0.3333333333333333,47.5,7.515789473684211,0.031578947368421054
2018,B Laughlin,1.0,4.0,1.0,7,0.0,3.0,212.0,134.0,9.0,250.0,1.0,25.0,0.0,0.75,22.333333333333332,9.492537313432836,0.06716417910447761
2018,B Stanlake,5.0,2.0,0.0,4,1.0,0.0,130.0,100.0,5.0,147.0,5.0,250.0,0.5,0.0,16.666666666666668,7.8,0.05
2018,BA Stokes,196.0,166.0,13.0,13,19.0,49.0,307.0,231.0,8.0,419.0,15.076923076923077,118.07228915662651,0.1144578313253012,0.29518072289156627,38.5,7.974025974025974,0.03463203463203463
2018,BB McCullum,127.0,91.0,6.0,6,22.0,37.0,0.0,0.0,0.0,149.0,21.166666666666668,139.56043956043956,0.24175824175824176,0.4065934065934066,0.0,0.0,0.0
2018,BB Sran,3.0,7.0,1.0,6,0.0,3.0,231.0,145.0,5.0,148.0,3.0,42.857142857142854,0.0,0.42857142857142855,24.166666666666668,9.558620689655172,0.034482758620689655
2018,BCJ Cutting,96.0,59.0,4.0,9,13.0,21.0,169.0,105.0,2.0,179.0,24.0,162.71186440677965,0.22033898305084745,0.3559322033898305,17.5,9.657142857142857,0.01904761904761905
2018,Basil Thampi,3.0,6.0,1.0,4,0.0,3.0,115.0,62.0,5.0,140.0,3.0,50.0,0.0,0.5,10.333333333333334,11.129032258064516,0.08064516129032258
2018,C Munro,63.0,41.0,4.0,4,11.0,19.0,0.0,0.0,0.0,74.0,15.75,153.65853658536585,0.2682926829268293,0.4634146341463415,0.0,0.0,0.0
2018,C de Grandhomme,131.0,87.0,4.0,9,14.0,23.0,131.0,96.0,2.0,215.0,32.75,150.57471264367817,0.16091954022988506,0.26436781609195403,16.0,8.1875,0.020833333333333332
2018,CA Lynn,491.0,382.0,14.0,16,74.0,157.0,0.0,0.0,0.0,573.0,35.07142857142857,128.53403141361255,0.193717277486911,0.4109947643979058,0.0,0.0,0.0
2018,CH Gayle,368.0,261.0,9.0,11,57.0,110.0,0.0,0.0,0.0,433.0,40.888888888888886,140.99616858237547,0.21839080459770116,0.421455938697318,0.0,0.0,0.0
2018,CH Morris,46.0,26.0,1.0,4,5.0,3.0,148.0,87.0,3.0,138.0,46.0,176.92307692307693,0.19230769230769232,0.11538461538461539,14.5,10.206896551724139,0.034482758620689655
2018,CJ Anderson,17.0,22.0,3.0,3,1.0,10.0,115.0,54.0,3.0,93.0,5.666666666666667,77.27272727272727,0.045454545454545456,0.45454545454545453,9.0,12.777777777777779,0.05555555555555555
2018,CJ Dala,0.0,0.0,0.0,1,0.0,0.0,34.0,19.0,0.0,4.0,0.0,0.0,0.0,0.0,3.1666666666666665,10.736842105263158,0.0
2018,CJ Jordan,0.0,0.0,0.0,1,0.0,0.0,35.0,25.0,0.0,4.0,0.0,0.0,0.0,0.0,4.166666666666667,8.399999999999999,0.0
2018,CR Brathwaite,75.0,54.0,4.0,4,9.0,18.0,95.0,63.0,5.0,209.0,18.75,138.88888888888889,0.16666666666666666,0.3333333333333333,10.5,9.047619047619047,0.07936507936507936
2018,CR Woakes,17.0,19.0,2.0,5,2.0,10.0,196.0,118.0,8.0,231.0,8.5,89.47368421052632,0.10526315789473684,0.5263157894736842,19.666666666666668,9.966101694915254,0.06779661016949153
2018,DA Miller,74.0,66.0,2.0,3,5.0,15.0,0.0,0.0,0.0,83.0,37.0,112.12121212121212,0.07575757575757576,0.22727272727272727,0.0,0.0,0.0
2018,DJ Bravo,141.0,93.0,4.0,16,18.0,27.0,536.0,334.0,14.0,557.0,35.25,151.61290322580646,0.1935483870967742,0.2903225806451613,55.666666666666664,9.62874251497006,0.041916167664670656
2018,DJ Hooda,87.0,86.0,5.0,8,5.0,23.0,25.0,19.0,0.0,108.0,17.4,101.16279069767442,0.05813953488372093,0.26744186046511625,3.1666666666666665,7.894736842105264,0.0
2018,DJ Willey,0.0,0.0,0.0,3,0.0,0.0,96.0,61.0,2.0,62.0,0.0,0.0,0.0,0.0,10.166666666666666,9.442622950819672,0.03278688524590164
2018,DJM Short,115.0,102.0,7.0,7,16.0,44.0,23.0,18.0,1.0,156.0,16.428571428571427,112.74509803921569,0.1568627450980392,0.43137254901960786,3.0,7.666666666666667,0.05555555555555555
2018,DL Chahar,50.0,30.0,3.0,12,5.0,6.0,281.0,248.0,10.0,341.0,16.666666666666668,166.66666666666666,0.16666666666666666,0.2,41.333333333333336,6.798387096774193,0.04032258064516129
2018,DR Shorey,8.0,9.0,1.0,1,1.0,6.0,0.0,0.0,0.0,9.0,8.0,88.88888888888889,0.1111111111111111,0.6666666666666666,0.0,0.0,0.0
2018,DS Kulkarni,6.0,7.0,0.0,8,0.0,1.0,189.0,126.0,4.0,138.0,6.0,85.71428571428571,0.0,0.14285714285714285,21.0,9.0,0.031746031746031744
2018,DT Christian,26.0,33.0,1.0,4,1.0,11.0,106.0,71.0,4.0,139.0,26.0,78.78787878787878,0.030303030303030304,0.3333333333333333,11.833333333333334,8.957746478873238,0.056338028169014086
2018,E Lewis,382.0,290.0,13.0,13,56.0,120.0,0.0,0.0,0.0,438.0,29.384615384615383,131.72413793103448,0.19310344827586207,0.41379310344827586,0.0,0.0,0.0
2018,F du Plessis,162.0,130.0,6.0,6,23.0,53.0,0.0,0.0,0.0,185.0,27.0,124.61538461538461,0.17692307692307693,0.4076923076923077,0.0,0.0,0.0
2018,G Gambhir,85.0,91.0,4.0,5,9.0,33.0,0.0,0.0,0.0,98.0,21.25,93.4065934065934,0.0989010989010989,0.3626373626373626,0.0,0.0,0.0
2018,GJ Maxwell,169.0,122.0,12.0,12,23.0,46.0,132.0,98.0,5.0,325.0,14.083333333333334,138.52459016393442,0.1885245901639344,0.3770491803278688,16.333333333333332,8.081632653061225,0.05102040816326531
2018,H Klaasen,57.0,48.0,3.0,4,6.0,16.0,0.0,0.0,0.0,67.0,19.0,118.75,0.125,0.3333333333333333,0.0,0.0,0.0
2018,HH Pandya,260.0,205.0,9.0,13,31.0,60.0,391.0,269.0,18.0,757.0,28.88888888888889,126.82926829268293,0.15121951219512195,0.2926829268292683,44.833333333333336,8.721189591078067,0.06691449814126393
2018,HV Patel,60.0,33.0,0.0,5,7.0,6.0,169.0,109.0,7.0,262.0,60.0,181.8181818181818,0.21212121212121213,0.18181818181818182,18.166666666666668,9.302752293577981,0.06422018348623854
2018,Harbhajan Singh,29.0,38.0,2.0,13,4.0,19.0,270.0,193.0,7.0,252.0,14.5,76.3157894736842,0.10526315789473684,0.5,32.166666666666664,8.39378238341969,0.03626943005181347
2018,IS Sodhi,1.0,6.0,1.0,6,0.0,5.0,137.0,138.0,5.0,146.0,1.0,16.666666666666668,0.0,0.8333333333333334,23.0,5.956521739130435,0.036231884057971016
2018,Imran Tahir,2.0,2.0,0.0,6,0.0,0.0,193.0,126.0,6.0,176.0,2.0,100.0,0.0,0.0,21.0,9.19047619047619,0.047619047619047616
2018,Ishan Kishan,275.0,187.0,12.0,12,39.0,72.0,0.0,0.0,0.0,314.0,22.916666666666668,147.05882352941177,0.20855614973262032,0.3850267379679144,0.0,0.0,0.0
2018,JC Archer,15.0,21.0,5.0,10,2.0,13.0,329.0,249.0,15.0,412.0,3.0,71.42857142857143,0.09523809523809523,0.6190476190476191,41.5,7.927710843373494,0.060240963855421686
2018,JC Buttler,548.0,365.0,11.0,13,73.0,94.0,0.0,0.0,0.0,629.0,49.81818181818182,150.13698630136986,0.2,0.25753424657534246,0.0,0.0,0.0
2018,JD Unadkat,49.0,38.0,5.0,15,7.0,12.0,486.0,309.0,11.0,371.0,9.8,128.94736842105263,0.18421052631578946,0.3157894736842105,51.5,9.436893203883495,0.03559870550161812
2018,JJ Bumrah,10.0,11.0,1.0,14,1.0,3.0,383.0,333.0,17.0,488.0,10.0,90.9090909090909,0.09090909090909091,0.2727272727272727,55.5,6.900900900900901,0.05105105105105105
2018,JJ Roy,120.0,98.0,4.0,5,16.0,37.0,0.0,0.0,0.0,140.0,30.0,122.44897959183673,0.16326530612244897,0.37755102040816324,0.0,0.0,0.0
2018,JP Duminy,36.0,46.0,1.0,3,4.0,19.0,36.0,18.0,0.0,48.0,36.0,78.26086956521739,0.08695652173913043,0.41304347826086957,3.0,12.0,0.0
2018,JPR Scantlebury-Searles,8.0,6.0,1.0,3,1.0,3.0,89.0,45.0,2.0,67.0,8.0,133.33333333333334,0.16666666666666666,0.5,7.5,11.866666666666667,0.044444444444444446
2018,K Gowtham,126.0,67.0,9.0,15,18.0,20.0,321.0,243.0,11.0,443.0,14.0,188.0597014925373,0.26865671641791045,0.29850746268656714,40.5,7.925925925925926,0.04526748971193416
2018,K Khejroliya,0.0,0.0,0.0,3,0.0,0.0,110.0,70.0,2.0,62.0,0.0,0.0,0.0,0.0,11.666666666666666,9.428571428571429,0.02857142857142857
2018,KA Pollard,133.0,104.0,7.0,8,17.0,42.0,0.0,0.0,0.0,154.0,19.0,127.88461538461539,0.16346153846153846,0.40384615384615385,0.0,0.0,0.0
2018,KD Karthik,498.0,349.0,9.0,16,65.0,91.0,0.0,0.0,0.0,591.0,55.333333333333336,142.69340974212034,0.18624641833810887,0.2607449856733524,0.0,0.0,0.0
2018,KH Pandya,228.0,164.0,9.0,14,32.0,52.0,288.0,244.0,12.0,580.0,25.333333333333332,139.02439024390245,0.1951219512195122,0.3170731707317073,40.666666666666664,7.081967213114755,0.04918032786885246
2018,KK Ahmed,0.0,0.0,0.0,1,0.0,0.0,39.0,19.0,0.0,4.0,0.0,0.0,0.0,0.0,3.1666666666666665,12.31578947368421,0.0
2018,KK Nair,301.0,225.0,13.0,12,36.0,69.0,0.0,0.0,0.0,337.0,23.153846153846153,133.77777777777777,0.16,0.30666666666666664,0.0,0.0,0.0
2018,KL Rahul,659.0,426.0,12.0,14,98.0,136.0,0.0,0.0,0.0,765.0,54.916666666666664,154.69483568075117,0.2300469483568075,0.3192488262910798,0.0,0.0,0.0
2018,KM Asif,0.0,0.0,0.0,2,0.0,0.0,75.0,38.0,3.0,83.0,0.0,0.0,0.0,0.0,6.333333333333333,11.842105263157896,0.07894736842105263
2018,KM Jadhav,24.0,23.0,0.0,1,3.0,9.0,0.0,0.0,0.0,31.0,24.0,104.34782608695652,0.13043478260869565,0.391304347826087,0.0,0.0,0.0
2018,KS Williamson,735.0,522.0,15.0,17,92.0,149.0,0.0,0.0,0.0,839.0,49.0,140.80459770114942,0.17624521072796934,0.28544061302681994,0.0,0.0,0.0
2018,KV Sharma,0.0,0.0,0.0,5,0.0,0.0,90.0,58.0,4.0,120.0,0.0,0.0,0.0,0.0,9.666666666666666,9.310344827586208,0.06896551724137931
2018,Kuldeep Yadav,12.0,25.0,1.0,16,1.0,16.0,423.0,311.0,17.0,498.0,12.0,48.0,0.04,0.64,51.833333333333336,8.160771704180064,0.05466237942122187
2018,L Ngidi,0.0,0.0,0.0,7,0.0,0.0,161.0,161.0,11.0,303.0,0.0,0.0,0.0,0.0,26.833333333333332,6.0,0.06832298136645963
2018,LE Plunkett,1.0,3.0,1.0,7,0.0,2.0,228.0,154.0,4.0,125.0,1.0,33.333333333333336,0.0,0.6666666666666666,25.666666666666668,8.883116883116882,0.025974025974025976
2018,M Ashwin,1.0,2.0,1.0,2,0.0,1.0,54.0,45.0,3.0,80.0,1.0,50.0,0.0,0.5,7.5,7.2,0.06666666666666667
2018,M Markande,21.0,25.0,2.0,14,2.0,9.0,376.0,268.0,15.0,446.0,10.5,84.0,0.08,0.36,44.666666666666664,8.417910447761194,0.055970149253731345
2018,M Prasidh Krishna,1.0,5.0,0.0,7,0.0,4.0,260.0,175.0,10.0,279.0,1.0,20.0,0.0,0.8,29.166666666666668,8.914285714285715,0.05714285714285714
2018,M Vijay,12.0,11.0,1.0,1,1.0,3.0,0.0,0.0,0.0,13.0,12.0,109.0909090909091,0.09090909090909091,0.2727272727272727,0.0,0.0,0.0
2018,M Vohra,55.0,50.0,4.0,4,6.0,21.0,0.0,0.0,0.0,61.0,13.75,110.0,0.12,0.42,0.0,0.0,0.0
2018,MA Agarwal,120.0,94.0,10.0,11,14.0,30.0,0.0,0.0,0.0,138.0,12.0,127.65957446808511,0.14893617021276595,0.3191489361702128,0.0,0.0,0.0
2018,MA Wood,1.0,5.0,1.0,1,0.0,2.0,50.0,25.0,0.0,1.0,1.0,20.0,0.0,0.4,4.166666666666667,12.0,0.0
2018,MG Johnson,16.0,11.0,0.0,6,2.0,2.0,218.0,133.0,2.0,92.0,16.0,145.45454545454547,0.18181818181818182,0.18181818181818182,22.166666666666668,9.834586466165414,0.015037593984962405
2018,MJ McClenaghan,11.0,12.0,2.0,11,2.0,6.0,340.0,248.0,14.0,399.0,5.5,91.66666666666667,0.16666666666666666,0.5,41.333333333333336,8.225806451612902,0.056451612903225805
2018,MK Lomror,20.0,21.0,1.0,2,1.0,8.0,27.0,18.0,0.0,25.0,20.0,95.23809523809524,0.047619047619047616,0.38095238095238093,3.0,9.0,0.0
2018,MK Pandey,284.0,257.0,11.0,13,27.0,80.0,0.0,0.0,0.0,319.0,25.818181818181817,110.50583657587549,0.10505836575875487,0.311284046692607,0.0,0.0,0.0
2018,MK Tiwary,47.0,45.0,3.0,4,5.0,17.0,10.0,7.0,0.0,56.0,15.666666666666666,104.44444444444444,0.1111111111111111,0.37777777777777777,1.1666666666666667,8.571428571428571,0.0
2018,MM Ali,77.0,46.0,4.0,5,10.0,13.0,97.0,78.0,3.0,166.0,19.25,167.3913043478261,0.21739130434782608,0.2826086956521739,13.0,7.461538461538462,0.038461538461538464
2018,MM Sharma,10.0,14.0,1.0,9,1.0,5.0,328.0,186.0,7.0,218.0,10.0,71.42857142857143,0.07142857142857142,0.35714285714285715,31.0,10.580645161290322,0.03763440860215054
2018,MP Stoinis,99.0,78.0,4.0,7,10.0,23.0,121.0,66.0,3.0,196.0,24.75,126.92307692307692,0.1282051282051282,0.2948717948717949,11.0,11.0,0.045454545454545456
2018,MS Dhoni,455.0,321.0,7.0,15,54.0,84.0,0.0,0.0,0.0,541.0,65.0,141.74454828660436,0.16822429906542055,0.2616822429906542,0.0,0.0,0.0
2018,Mandeep Singh,252.0,193.0,10.0,13,27.0,51.0,0.0,0.0,0.0,291.0,25.2,130.5699481865285,0.13989637305699482,0.26424870466321243,0.0,0.0,0.0
2018,Mohammad Nabi,18.0,12.0,2.0,2,3.0,3.0,47.0,30.0,1.0,46.0,9.0,150.0,0.25,0.25,5.0,9.4,0.03333333333333333
2018,Mohammed Shami,7.0,6.0,1.0,4,1.0,2.0,144.0,85.0,3.0,95.0,7.0,116.66666666666667,0.16666666666666666,0.3333333333333333,14.166666666666666,10.164705882352942,0.03529411764705882
2018,Mohammed Siraj,25.0,23.0,2.0,11,3.0,7.0,372.0,264.0,12.0,364.0,12.5,108.69565217391305,0.13043478260869565,0.30434782608695654,44.0,8.454545454545455,0.045454545454545456
2018,Mujeeb Ur Rahman,10.0,7.0,1.0,11,2.0,2.0,292.0,253.0,14.0,402.0,10.0,142.85714285714286,0.2857142857142857,0.2857142857142857,42.166666666666664,6.924901185770751,0.05533596837944664
2018,Mustafizur Rahman,1.0,3.0,1.0,7,0.0,2.0,232.0,165.0,7.0,200.0,1.0,33.333333333333336,0.0,0.6666666666666666,27.5,8.436363636363636,0.04242424242424243
2018,N Rana,304.0,238.0,15.0,15,40.0,85.0,44.0,38.0,4.0,448.0,20.266666666666666,127.73109243697479,0.16806722689075632,0.35714285714285715,6.333333333333333,6.947368421052632,0.10526315789473684
2018,NV Ojha,1.0,4.0,1.0,1,0.0,2.0,0.0,0.0,0.0,1.0,1.0,25.0,0.0,0.5,0.0,0.0,0.0
2018,P Chopra,8.0,6.0,1.0,1,2.0,4.0,0.0,0.0,0.0,10.0,8.0,133.33333333333334,0.3333333333333333,0.6666666666666666,0.0,0.0,0.0
2018,P Negi,3.0,5.0,2.0,2,0.0,2.0,49.0,24.0,1.0,28.0,1.5,60.0,0.0,0.4,4.0,12.25,0.041666666666666664
2018,PA Patel,153.0,109.0,5.0,6,24.0,37.0,0.0,0.0,0.0,181.0,30.6,140.36697247706422,0.22018348623853212,0.3394495412844037,0.0,0.0,0.0
2018,PJ Sangwan,0.0,5.0,1.0,1,0.0,4.0,20.0,12.0,0.0,0.0,0.0,0.0,0.0,0.8,2.0,10.0,0.0
2018,PP Chawla,27.0,36.0,4.0,15,2.0,16.0,419.0,296.0,14.0,423.0,6.75,75.0,0.05555555555555555,0.4444444444444444,49.333333333333336,8.493243243243242,0.0472972972972973
2018,PP Shaw,245.0,165.0,9.0,9,37.0,58.0,0.0,0.0,0.0,286.0,27.22222222222222,148.4848484848485,0.22424242424242424,0.3515151515151515,0.0,0.0,0.0
2018,Q de Kock,201.0,164.0,7.0,8,28.0,65.0,0.0,0.0,0.0,233.0,28.714285714285715,122.5609756097561,0.17073170731707318,0.39634146341463417,0.0,0.0,0.0
2018,R Ashwin,102.0,76.0,8.0,14,12.0,20.0,410.0,313.0,10.0,388.0,12.75,134.21052631578948,0.15789473684210525,0.2631578947368421,52.166666666666664,7.859424920127796,0.03194888178913738
2018,R Tewatia,50.0,47.0,4.0,8,6.0,13.0,174.0,134.0,6.0,226.0,12.5,106.38297872340425,0.1276595744680851,0.2765957446808511,22.333333333333332,7.791044776119404,0.04477611940298507
2018,R Vinay Kumar,6.0,4.0,0.0,2,1.0,0.0,65.0,25.0,2.0,65.0,6.0,150.0,0.25,0.0,4.166666666666667,15.6,0.08
2018,RA Jadeja,89.0,80.0,5.0,15,7.0,21.0,310.0,249.0,11.0,411.0,17.8,111.25,0.0875,0.2625,41.5,7.469879518072289,0.04417670682730924
2018,RA Tripathi,226.0,173.0,9.0,12,26.0,54.0,0.0,0.0,0.0,264.0,25.11111111111111,130.635838150289,0.15028901734104047,0.31213872832369943,0.0,0.0,0.0
2018,RG Sharma,286.0,223.0,13.0,14,37.0,78.0,0.0,0.0,0.0,331.0,22.0,128.25112107623318,0.16591928251121077,0.34977578475336324,0.0,0.0,0.0
2018,RK Bhui,0.0,5.0,1.0,1,0.0,5.0,0.0,0.0,0.0,0.0,0.0,0.0,0.0,1.0,0.0,0.0,0.0
2018,RK Singh,29.0,34.0,4.0,4,4.0,15.0,0.0,0.0,0.0,33.0,7.25,85.29411764705883,0.11764705882352941,0.4411764705882353,0.0,0.0,0.0
2018,RR Pant,684.0,412.0,15.0,14,105.0,114.0,0.0,0.0,0.0,789.0,45.6,166.01941747572815,0.25485436893203883,0.2766990291262136,0.0,0.0,0.0
2018,RV Uthappa,351.0,274.0,17.0,16,51.0,114.0,0.0,0.0,0.0,402.0,20.647058823529413,128.1021897810219,0.18613138686131386,0.41605839416058393,0.0,0.0,0.0
2018,Rashid Khan,59.0,32.0,5.0,17,9.0,12.0,465.0,409.0,21.0,641.0,11.8,184.375,0.28125,0.375,68.16666666666667,6.821515892420537,0.05134474327628362
2018,S Dhawan,497.0,379.0,14.0,16,73.0,119.0,0.0,0.0,0.0,578.0,35.5,131.13456464379948,0.19261213720316622,0.31398416886543534,0.0,0.0,0.0
2018,S Gopal,50.0,47.0,2.0,10,5.0,14.0,239.0,187.0,11.0,362.0,25.0,106.38297872340425,0.10638297872340426,0.2978723404255319,31.166666666666668,7.668449197860962,0.058823529411764705
2018,S Kaul,3.0,14.0,2.0,17,0.0,12.0,556.0,399.0,21.0,588.0,1.5,21.428571428571427,0.0,0.8571428571428571,66.5,8.360902255639099,0.05263157894736842
2018,S Lamichhane,0.0,0.0,0.0,3,0.0,0.0,86.0,73.0,5.0,137.0,0.0,0.0,0.0,0.0,12.166666666666666,7.068493150684932,0.0684931506849315
2018,S Nadeem,6.0,8.0,0.0,6,0.0,2.0,161.0,90.0,3.0,105.0,6.0,75.0,0.0,0.25,15.0,10.733333333333333,0.03333333333333333
2018,SA Yadav,512.0,391.0,14.0,14,77.0,151.0,0.0,0.0,0.0,589.0,36.57142857142857,130.9462915601023,0.1969309462915601,0.38618925831202044,0.0,0.0,0.0
2018,SK Raina,445.0,354.0,12.0,15,58.0,103.0,0.0,0.0,0.0,515.0,37.083333333333336,125.70621468926554,0.1638418079096045,0.2909604519774011,0.0,0.0,0.0
2018,SN Khan,51.0,43.0,5.0,6,8.0,16.0,0.0,0.0,0.0,63.0,10.2,118.6046511627907,0.18604651162790697,0.37209302325581395,0.0,0.0,0.0
2018,SN Thakur,15.0,5.0,0.0,13,3.0,0.0,433.0,294.0,16.0,470.0,15.0,300.0,0.6,0.0,49.0,8.83673469387755,0.05442176870748299
2018,SP Goswami,52.0,42.0,3.0,3,7.0,11.0,0.0,0.0,0.0,59.0,17.333333333333332,123.80952380952381,0.16666666666666666,0.2619047619047619,0.0,0.0,0.0
2018,SP Narine,357.0,198.0,16.0,16,63.0,72.0,473.0,371.0,17.0,845.0,22.3125,180.3030303030303,0.3181818181818182,0.36363636363636365,61.833333333333336,7.649595687331536,0.04582210242587601
2018,SR Watson,555.0,368.0,13.0,15,79.0,130.0,252.0,175.0,6.0,792.0,42.69230769230769,150.81521739130434,0.21467391304347827,0.3532608695652174,29.166666666666668,8.639999999999999,0.03428571428571429
2018,SS Iyer,411.0,317.0,12.0,13,50.0,105.0,0.0,0.0,0.0,469.0,34.25,129.65299684542586,0.15772870662460567,0.3312302839116719,0.0,0.0,0.0
2018,STR Binny,44.0,39.0,4.0,5,4.0,16.0,33.0,14.0,0.0,52.0,11.0,112.82051282051282,0.10256410256410256,0.41025641025641024,2.3333333333333335,14.142857142857142,0.0
2018,SV Samson,441.0,325.0,14.0,15,49.0,95.0,0.0,0.0,0.0,494.0,31.5,135.69230769230768,0.15076923076923077,0.2923076923076923,0.0,0.0,0.0
2018,SW Billings,108.0,78.0,8.0,8,13.0,27.0,0.0,0.0,0.0,121.0,13.5,138.46153846153845,0.16666666666666666,0.34615384615384615,0.0,0.0,0.0
2018,Sandeep Sharma,0.0,4.0,2.0,12,0.0,4.0,334.0,271.0,12.0,340.0,0.0,0.0,0.0,1.0,45.166666666666664,7.394833948339484,0.04428044280442804
2018,Shakib Al Hasan,239.0,203.0,9.0,17,31.0,72.0,457.0,343.0,14.0,652.0,26.555555555555557,117.73399014778325,0.15270935960591134,0.35467980295566504,57.166666666666664,7.994169096209913,0.04081632653061224
2018,Shivam Mavi,13.0,15.0,3.0,9,1.0,7.0,272.0,177.0,5.0,163.0,4.333333333333333,86.66666666666667,0.06666666666666667,0.4666666666666667,29.5,9.220338983050848,0.02824858757062147
2018,Shubman Gill,203.0,142.0,5.0,10,27.0,35.0,0.0,0.0,0.0,250.0,40.6,142.95774647887325,0.19014084507042253,0.24647887323943662,0.0,0.0,0.0
2018,TA Boult,0.0,2.0,1.0,14,0.0,2.0,476.0,325.0,18.0,502.0,0.0,0.0,0.0,1.0,54.166666666666664,8.787692307692309,0.055384615384615386
2018,TG Southee,52.0,46.0,2.0,8,6.0,21.0,261.0,180.0,5.0,207.0,26.0,113.04347826086956,0.13043478260869565,0.45652173913043476,30.0,8.7,0.027777777777777776
2018,TK Curran,23.0,28.0,3.0,5,3.0,13.0,118.0,64.0,6.0,184.0,7.666666666666667,82.14285714285714,0.10714285714285714,0.4642857142857143,10.666666666666666,11.0625,0.09375
2018,UT Yadav,3.0,12.0,4.0,14,0.0,7.0,424.0,331.0,20.0,543.0,0.75,25.0,0.0,0.5833333333333334,55.166666666666664,7.685800604229607,0.06042296072507553
2018,V Kohli,530.0,385.0,12.0,14,70.0,117.0,0.0,0.0,0.0,612.0,44.166666666666664,137.66233766233765,0.18181818181818182,0.3038961038961039,0.0,0.0,0.0
2018,V Shankar,212.0,156.0,4.0,11,22.0,36.0,58.0,34.0,1.0,287.0,53.0,135.89743589743588,0.14102564102564102,0.23076923076923078,5.666666666666667,10.235294117647058,0.029411764705882353
2018,WP Saha,122.0,108.0,8.0,10,18.0,40.0,0.0,0.0,0.0,148.0,15.25,112.96296296296296,0.16666666666666666,0.37037037037037035,0.0,0.0,0.0
2018,Washington Sundar,65.0,40.0,4.0,7,9.0,13.0,194.0,122.0,4.0,186.0,16.25,162.5,0.225,0.325,20.333333333333332,9.540983606557377,0.03278688524590164
2018,YK Pathan,260.0,211.0,9.0,13,33.0,74.0,14.0,12.0,1.0,334.0,28.88888888888889,123.22274881516587,0.15639810426540285,0.35071090047393366,2.0,7.0,0.08333333333333333
2018,YS Chahal,0.0,4.0,0.0,14,0.0,3.0,374.0,313.0,12.0,356.0,0.0,0.0,0.0,0.75,52.166666666666664,7.169329073482428,0.038338658146964855
2018,Yuvraj Singh,65.0,74.0,5.0,7,8.0,40.0,23.0,13.0,0.0,81.0,13.0,87.83783783783784,0.10810810810810811,0.5405405405405406,2.1666666666666665,10.615384615384617,0.0
2019,A Mishra,21.0,26.0,2.0,11,2.0,10.0,271.0,243.0,11.0,334.0,10.5,80.76923076923077,0.07692307692307693,0.38461538461538464,40.5,6.691358024691358,0.04526748971193416
2019,AB de Villiers,442.0,294.0,10.0,13,57.0,87.0,0.0,0.0,0.0,511.0,44.2,150.34013605442178,0.19387755102040816,0.29591836734693877,0.0,0.0,0.0
2019,AD Nath,61.0,58.0,5.0,5,7.0,22.0,0.0,0.0,0.0,68.0,12.2,105.17241379310344,0.1206896551724138,0.3793103448275862,0.0,0.0,0.0
2019,AD Russell,514.0,274.0,10.0,13,84.0,94.0,288.0,182.0,11.0,889.0,51.4,187.5912408759124,0.30656934306569344,0.34306569343065696,30.333333333333332,9.494505494505495,0.06043956043956044
2019,AJ Turner,3.0,11.0,3.0,4,0.0,7.0,0.0,0.0,0.0,7.0,1.0,27.272727272727273,0.0,0.6363636363636364,0.0,0.0,0.0
2019,AJ Tye,0.0,2.0,0.0,6,0.0,1.0,233.0,137.0,3.0,99.0,0.0,0.0,0.0,0.5,22.833333333333332,10.204379562043796,0.021897810218978103
2019,AM Rahane,393.0,289.0,13.0,13,54.0,98.0,0.0,0.0,0.0,447.0,30.23076923076923,135.98615916955018,0.18685121107266436,0.3391003460207612,0.0,0.0,0.0
2019,AR Patel,110.0,90.0,7.0,14,13.0,28.0,368.0,305.0,10.0,405.0,15.714285714285714,122.22222222222223,0.14444444444444443,0.3111111111111111,50.833333333333336,7.239344262295082,0.03278688524590164
2019,AS Joseph,15.0,13.0,0.0,3,2.0,6.0,89.0,55.0,6.0,179.0,15.0,115.38461538461539,0.15384615384615385,0.46153846153846156,9.166666666666666,9.709090909090909,0.10909090909090909
2019,AS Rajpoot,0.0,0.0,0.0,4,0.0,0.0,157.0,102.0,3.0,91.0,0.0,0.0,0.0,0.0,17.0,9.235294117647058,0.029411764705882353
2019,AS Roy,0.0,0.0,0.0,1,0.0,0.0,11.0,15.0,1.0,29.0,0.0,0.0,0.0,0.0,2.5,4.4,0.06666666666666667
2019,AT Rayudu,282.0,307.0,12.0,17,27.0,122.0,0.0,0.0,0.0,329.0,23.5,91.85667752442997,0.08794788273615635,0.3973941368078176,0.0,0.0,0.0
2019,Abhishek Sharma,9.0,10.0,2.0,3,1.0,2.0,21.0,13.0,1.0,39.0,4.5,90.0,0.1,0.2,2.1666666666666665,9.692307692307693,0.07692307692307693
2019,Arshdeep Singh,0.0,0.0,0.0,3,0.0,0.0,117.0,65.0,3.0,87.0,0.0,0.0,0.0,0.0,10.833333333333334,10.799999999999999,0.046153846153846156
2019,Avesh Khan,4.0,3.0,0.0,1,1.0,2.0,30.0,19.0,0.0,9.0,4.0,133.33333333333334,0.3333333333333333,0.6666666666666666,3.1666666666666665,9.473684210526317,0.0
2019,B Kumar,12.0,19.0,3.0,15,1.0,8.0,466.0,366.0,13.0,386.0,4.0,63.1578947368421,0.05263157894736842,0.42105263157894735,61.0,7.639344262295082,0.03551912568306011
2019,BA Stokes,123.0,100.0,6.0,9,12.0,29.0,200.0,109.0,6.0,297.0,20.5,123.0,0.12,0.29,18.166666666666668,11.009174311926605,0.05504587155963303
2019,BB Sran,3.0,3.0,0.0,2,0.0,1.0,51.0,25.0,0.0,11.0,3.0,100.0,0.0,0.3333333333333333,4.166666666666667,12.239999999999998,0.0
2019,BCJ Cutting,18.0,17.0,2.0,3,2.0,8.0,27.0,12.0,1.0,49.0,9.0,105.88235294117646,0.11764705882352941,0.47058823529411764,2.0,13.5,0.08333333333333333
2019,Basil Thampi,1.0,1.0,0.0,3,0.0,0.0,115.0,73.0,0.0,13.0,1.0,100.0,0.0,0.0,12.166666666666666,9.452054794520548,0.0
2019,C Munro,84.0,72.0,4.0,4,13.0,33.0,0.0,0.0,0.0,97.0,21.0,116.66666666666667,0.18055555555555555,0.4583333333333333,0.0,0.0,0.0
2019,C de Grandhomme,46.0,50.0,3.0,4,6.0,26.0,55.0,31.0,0.0,56.0,15.333333333333334,92.0,0.12,0.52,5.166666666666667,10.64516129032258,0.0
2019,CA Ingram,184.0,157.0,10.0,12,25.0,63.0,0.0,0.0,0.0,217.0,18.4,117.19745222929936,0.1592356687898089,0.4012738853503185,0.0,0.0,0.0
2019,CA Lynn,405.0,296.0,13.0,13,63.0,122.0,0.0,0.0,0.0,468.0,31.153846153846153,136.82432432432432,0.21283783783783783,0.41216216216216217,0.0,0.0,0.0
2019,CH Gayle,490.0,338.0,12.0,13,79.0,135.0,0.0,0.0,0.0,573.0,40.833333333333336,144.97041420118344,0.23372781065088757,0.3994082840236686,0.0,0.0,0.0
2019,CH Morris,32.0,38.0,6.0,9,3.0,19.0,314.0,206.0,13.0,372.0,5.333333333333333,84.21052631578948,0.07894736842105263,0.5,34.333333333333336,9.145631067961164,0.06310679611650485
2019,CR Brathwaite,11.0,10.0,2.0,2,1.0,2.0,29.0,21.0,0.0,12.0,5.5,110.0,0.1,0.2,3.5,8.285714285714286,0.0
2019,CV Varun,0.0,0.0,0.0,1,0.0,0.0,35.0,18.0,1.0,29.0,0.0,0.0,0.0,0.0,3.0,11.666666666666666,0.05555555555555555
2019,DA Miller,213.0,174.0,8.0,10,26.0,52.0,0.0,0.0,0.0,247.0,26.625,122.41379310344827,0.14942528735632185,0.2988505747126437,0.0,0.0,0.0
2019,DA Warner,692.0,496.0,12.0,12,78.0,130.0,0.0,0.0,0.0,770.0,57.666666666666664,139.51612903225808,0.15725806451612903,0.2620967741935484,0.0,0.0,0.0
2019,DJ Bravo,80.0,68.0,5.0,12,9.0,23.0,335.0,261.0,11.0,392.0,16.0,117.6470588235294,0.1323529411764706,0.3382352941176471,43.5,7.7011494252873565,0.0421455938697318
2019,DJ Hooda,64.0,68.0,6.0,7,6.0,25.0,21.0,13.0,1.0,99.0,10.666666666666666,94.11764705882354,0.08823529411764706,0.36764705882352944,2.1666666666666665,9.692307692307693,0.07692307692307693
2019,DL Chahar,7.0,10.0,2.0,17,1.0,5.0,486.0,400.0,22.0,618.0,3.5,70.0,0.1,0.5,66.66666666666667,7.289999999999999,0.055
2019,DR Shorey,5.0,11.0,1.0,1,0.0,3.0,0.0,0.0,0.0,5.0,5.0,45.45454545454545,0.0,0.2727272727272727,0.0,0.0,0.0
2019,DS Kulkarni,5.0,3.0,0.0,10,1.0,1.0,336.0,219.0,6.0,196.0,5.0,166.66666666666666,0.3333333333333333,0.3333333333333333,36.5,9.205479452054794,0.0273972602739726
2019,DW Steyn,0.0,0.0,0.0,2,0.0,0.0,74.0,48.0,4.0,108.0,0.0,0.0,0.0,0.0,8.0,9.25,0.08333333333333333
2019,E Lewis,48.0,53.0,3.0,3,6.0,27.0,0.0,0.0,0.0,54.0,16.0,90.56603773584905,0.11320754716981132,0.5094339622641509,0.0,0.0,0.0
2019,F du Plessis,396.0,326.0,11.0,12,51.0,122.0,0.0,0.0,0.0,451.0,36.0,121.47239263803681,0.15644171779141106,0.37423312883435583,0.0,0.0,0.0
2019,GC Viljoen,3.0,7.0,2.0,6,0.0,3.0,229.0,145.0,7.0,194.0,1.5,42.857142857142854,0.0,0.42857142857142855,24.166666666666668,9.475862068965517,0.04827586206896552
2019,GH Vihari,4.0,8.0,2.0,2,0.0,4.0,9.0,6.0,0.0,4.0,2.0,50.0,0.0,0.5,1.0,9.0,0.0
2019,Gurkeerat Singh,98.0,73.0,3.0,3,13.0,16.0,0.0,0.0,0.0,111.0,32.666666666666664,134.24657534246575,0.1780821917808219,0.2191780821917808,0.0,0.0,0.0
2019,H Klaasen,9.0,10.0,2.0,2,0.0,2.0,0.0,0.0,0.0,9.0,4.5,90.0,0.0,0.2,0.0,0.0,0.0
2019,HF Gurney,1.0,5.0,0.0,8,0.0,4.0,239.0,169.0,7.0,208.0,1.0,20.0,0.0,0.8,28.166666666666668,8.485207100591715,0.04142011834319527
2019,HH Pandya,409.0,225.0,9.0,16,58.0,55.0,395.0,267.0,14.0,845.0,45.44444444444444,181.77777777777777,0.2577777777777778,0.24444444444444444,44.5,8.876404494382022,0.052434456928838954
2019,HV Patel,0.0,3.0,1.0,2,0.0,2.0,77.0,51.0,2.0,54.0,0.0,0.0,0.0,0.6666666666666666,8.5,9.058823529411764,0.0392156862745098
2019,Harbhajan Singh,1.0,3.0,1.0,11,0.0,2.0,315.0,267.0,16.0,441.0,1.0,33.333333333333336,0.0,0.6666666666666666,44.5,7.078651685393258,0.0599250936329588
2019,Harpreet Brar,20.0,14.0,0.0,2,3.0,3.0,48.0,30.0,0.0,31.0,20.0,142.85714285714286,0.21428571428571427,0.21428571428571427,5.0,9.6,0.0
2019,I Sharma,10.0,3.0,0.0,13,2.0,1.0,364.0,284.0,13.0,389.0,10.0,333.3333333333333,0.6666666666666666,0.3333333333333333,47.333333333333336,7.690140845070422,0.045774647887323945
2019,IS Sodhi,6.0,12.0,1.0,2,0.0,5.0,67.0,44.0,4.0,110.0,6.0,50.0,0.0,0.4166666666666667,7.333333333333333,9.136363636363637,0.09090909090909091
2019,Imran Tahir,0.0,0.0,0.0,17,0.0,0.0,440.0,388.0,26.0,718.0,0.0,0.0,0.0,0.0,64.66666666666667,6.804123711340206,0.06701030927835051
2019,Ishan Kishan,101.0,104.0,5.0,6,12.0,45.0,0.0,0.0,0.0,117.0,20.2,97.11538461538461,0.11538461538461539,0.4326923076923077,0.0,0.0,0.0
2019,J Suchith,6.0,15.0,1.0,1,0.0,9.0,28.0,24.0,2.0,56.0,6.0,40.0,0.0,0.6,4.0,7.0,0.08333333333333333
2019,J Yadav,0.0,0.0,0.0,2,0.0,0.0,50.0,43.0,1.0,33.0,0.0,0.0,0.0,0.0,7.166666666666667,6.976744186046512,0.023255813953488372
2019,JC Archer,67.0,41.0,2.0,11,8.0,8.0,306.0,263.0,11.0,386.0,33.5,163.41463414634146,0.1951219512195122,0.1951219512195122,43.833333333333336,6.980988593155893,0.04182509505703422
2019,JC Buttler,311.0,213.0,7.0,8,52.0,86.0,0.0,0.0,0.0,367.0,44.42857142857143,146.0093896713615,0.24413145539906103,0.40375586854460094,0.0,0.0,0.0
2019,JD Unadkat,1.0,3.0,1.0,11,0.0,2.0,404.0,235.0,10.0,291.0,1.0,33.333333333333336,0.0,0.6666666666666666,39.166666666666664,10.314893617021276,0.0425531914893617
2019,JJ Bumrah,0.0,1.0,0.0,16,0.0,0.0,432.0,379.0,20.0,564.0,0.0,0.0,0.0,0.0,63.166666666666664,6.839050131926122,0.052770448548812667
2019,JL Denly,0.0,1.0,1.0,1,0.0,1.0,0.0,0.0,0.0,0.0,0.0,0.0,0.0,1.0,0.0,0.0,0.0
2019,JM Bairstow,445.0,292.0,8.0,10,66.0,89.0,0.0,0.0,0.0,519.0,55.625,152.3972602739726,0.22602739726027396,0.3047945205479452,0.0,0.0,0.0
2019,JP Behrendorff,0.0,0.0,0.0,5,0.0,0.0,168.0,117.0,5.0,145.0,0.0,0.0,0.0,0.0,19.5,8.615384615384615,0.042735042735042736
2019,K Gowtham,18.0,19.0,3.0,7,2.0,9.0,171.0,122.0,1.0,61.0,6.0,94.73684210526316,0.10526315789473684,0.47368421052631576,20.333333333333332,8.40983606557377,0.00819672131147541
2019,K Khejroliya,0.0,0.0,0.0,2,0.0,0.0,47.0,31.0,1.0,33.0,0.0,0.0,0.0,0.0,5.166666666666667,9.096774193548386,0.03225806451612903
2019,K Rabada,14.0,15.0,3.0,12,1.0,6.0,381.0,295.0,26.0,701.0,4.666666666666667,93.33333333333333,0.06666666666666667,0.4,49.166666666666664,7.749152542372881,0.08813559322033898
2019,KA Pollard,281.0,186.0,10.0,12,36.0,59.0,0.0,0.0,0.0,329.0,28.1,151.0752688172043,0.1935483870967742,0.3172043010752688,0.0,0.0,0.0
2019,KC Cariappa,9.0,3.0,0.0,1,1.0,0.0,34.0,13.0,0.0,14.0,9.0,300.0,0.3333333333333333,0.0,2.1666666666666665,15.692307692307693,0.0
2019,KD Karthik,254.0,180.0,9.0,12,36.0,59.0,0.0,0.0,0.0,302.0,28.22222222222222,141.11111111111111,0.2,0.3277777777777778,0.0,0.0,0.0
2019,KH Pandya,183.0,158.0,11.0,16,23.0,57.0,337.0,282.0,12.0,526.0,16.636363636363637,115.82278481012658,0.14556962025316456,0.36075949367088606,47.0,7.170212765957447,0.0425531914893617
2019,KK Ahmed,0.0,1.0,1.0,9,0.0,1.0,292.0,222.0,20.0,532.0,0.0,0.0,0.0,1.0,37.0,7.891891891891892,0.09009009009009009
2019,KK Nair,5.0,6.0,1.0,1,0.0,2.0,0.0,0.0,0.0,5.0,5.0,83.33333333333333,0.0,0.3333333333333333,0.0,0.0,0.0
2019,KL Rahul,593.0,447.0,11.0,14,74.0,150.0,0.0,0.0,0.0,679.0,53.90909090909091,132.662192393736,0.16554809843400448,0.33557046979865773,0.0,0.0,0.0
2019,KM Jadhav,162.0,172.0,9.0,12,22.0,80.0,0.0,0.0,0.0,196.0,18.0,94.18604651162791,0.12790697674418605,0.46511627906976744,0.0,0.0,0.0
2019,KMA Paul,18.0,26.0,4.0,8,2.0,13.0,238.0,179.0,9.0,261.0,4.5,69.23076923076923,0.07692307692307693,0.5,29.833333333333332,7.977653631284917,0.05027932960893855
2019,KS Williamson,156.0,134.0,7.0,9,17.0,45.0,0.0,0.0,0.0,181.0,22.285714285714285,116.41791044776119,0.12686567164179105,0.3358208955223881,0.0,0.0,0.0
2019,KV Sharma,0.0,0.0,0.0,1,0.0,0.0,33.0,17.0,1.0,29.0,0.0,0.0,0.0,0.0,2.8333333333333335,11.647058823529411,0.058823529411764705
2019,Kuldeep Yadav,12.0,8.0,1.0,9,1.0,2.0,285.0,201.0,4.0,145.0,12.0,150.0,0.125,0.25,33.5,8.507462686567164,0.01990049751243781
2019,LH Ferguson,0.0,0.0,0.0,5,0.0,0.0,185.0,107.0,2.0,70.0,0.0,0.0,0.0,0.0,17.833333333333332,10.373831775700936,0.018691588785046728
2019,LS Livingstone,70.0,48.0,3.0,4,11.0,21.0,13.0,6.0,0.0,85.0,23.333333333333332,145.83333333333334,0.22916666666666666,0.4375,1.0,13.0,0.0
2019,M Ashwin,3.0,5.0,1.0,10,0.0,2.0,257.0,211.0,5.0,164.0,3.0,60.0,0.0,0.4,35.166666666666664,7.308056872037915,0.023696682464454975
2019,M Markande,6.0,5.0,1.0,3,1.0,2.0,59.0,37.0,1.0,40.0,6.0,120.0,0.2,0.4,6.166666666666667,9.567567567567567,0.02702702702702703
2019,M Prasidh Krishna,0.0,2.0,1.0,11,0.0,2.0,394.0,260.0,5.0,165.0,0.0,0.0,0.0,1.0,43.333333333333336,9.092307692307692,0.019230769230769232
2019,M Vijay,64.0,61.0,2.0,2,7.0,26.0,0.0,0.0,0.0,71.0,32.0,104.91803278688525,0.11475409836065574,0.4262295081967213,0.0,0.0,0.0
2019,MA Agarwal,332.0,241.0,11.0,13,40.0,70.0,0.0,0.0,0.0,380.0,30.181818181818183,137.75933609958506,0.16597510373443983,0.29045643153526973,0.0,0.0,0.0
2019,MJ Guptill,82.0,54.0,3.0,3,11.0,24.0,0.0,0.0,0.0,93.0,27.333333333333332,151.85185185185185,0.2037037037037037,0.4444444444444444,0.0,0.0,0.0
2019,MJ McClenaghan,11.0,16.0,2.0,5,2.0,10.0,143.0,114.0,3.0,100.0,5.5,68.75,0.125,0.625,19.0,7.526315789473684,0.02631578947368421
2019,MJ Santner,32.0,25.0,1.0,4,3.0,8.0,94.0,88.0,4.0,147.0,32.0,128.0,0.12,0.32,14.666666666666666,6.409090909090909,0.045454545454545456
2019,MK Lomror,8.0,3.0,1.0,1,2.0,1.0,0.0,0.0,0.0,10.0,8.0,266.6666666666667,0.6666666666666666,0.3333333333333333,0.0,0.0,0.0
2019,MK Pandey,345.0,268.0,9.0,11,40.0,72.0,0.0,0.0,0.0,393.0,38.333333333333336,128.73134328358208,0.14925373134328357,0.26865671641791045,0.0,0.0,0.0
2019,MM Ali,220.0,137.0,6.0,11,33.0,44.0,169.0,150.0,6.0,423.0,36.666666666666664,160.5839416058394,0.24087591240875914,0.32116788321167883,25.0,6.76,0.04
2019,MM Sharma,0.0,2.0,0.0,1,0.0,2.0,27.0,18.0,1.0,29.0,0.0,0.0,0.0,1.0,3.0,9.0,0.05555555555555555
2019,MP Stoinis,211.0,159.0,4.0,10,24.0,51.0,147.0,103.0,2.0,309.0,52.75,132.70440251572327,0.1509433962264151,0.32075471698113206,17.166666666666668,8.563106796116504,0.019417475728155338
2019,MS Dhoni,416.0,317.0,6.0,12,45.0,101.0,0.0,0.0,0.0,489.0,69.33333333333333,131.23028391167193,0.14195583596214512,0.3186119873817035,0.0,0.0,0.0
2019,Mandeep Singh,165.0,122.0,5.0,12,14.0,20.0,26.0,12.0,0.0,211.0,33.0,135.24590163934425,0.11475409836065574,0.16393442622950818,2.0,13.0,0.0
2019,Mohammad Nabi,121.0,81.0,6.0,8,16.0,27.0,201.0,175.0,8.0,349.0,20.166666666666668,149.3827160493827,0.19753086419753085,0.3333333333333333,29.166666666666668,6.8914285714285715,0.045714285714285714
2019,Mohammed Shami,1.0,2.0,1.0,14,0.0,1.0,476.0,328.0,19.0,528.0,1.0,50.0,0.0,0.5,54.666666666666664,8.707317073170731,0.057926829268292686
2019,Mohammed Siraj,4.0,15.0,2.0,9,0.0,8.0,270.0,178.0,7.0,207.0,2.0,26.666666666666668,0.0,0.5333333333333333,29.666666666666668,9.101123595505618,0.03932584269662921
2019,Mujeeb Ur Rahman,0.0,4.0,1.0,5,0.0,3.0,193.0,123.0,3.0,91.0,0.0,0.0,0.0,0.75,20.5,9.414634146341463,0.024390243902439025
2019,N Pooran,168.0,110.0,6.0,6,24.0,43.0,0.0,0.0,0.0,192.0,28.0,152.72727272727272,0.21818181818181817,0.39090909090909093,0.0,0.0,0.0
2019,N Rana,344.0,240.0,10.0,12,48.0,91.0,73.0,50.0,3.0,475.0,34.4,143.33333333333334,0.2,0.37916666666666665,8.333333333333334,8.76,0.06
2019,NS Naik,7.0,17.0,1.0,1,1.0,12.0,0.0,0.0,0.0,8.0,7.0,41.1764705882353,0.058823529411764705,0.7058823529411765,0.0,0.0,0.0
2019,Navdeep Saini,2.0,4.0,1.0,13,0.0,1.0,410.0,298.0,11.0,325.0,2.0,50.0,0.0,0.25,49.666666666666664,8.25503355704698,0.03691275167785235
2019,O Thomas,0.0,0.0,0.0,4,0.0,0.0,85.0,63.0,5.0,141.0,0.0,0.0,0.0,0.0,10.5,8.095238095238095,0.07936507936507936
2019,P Negi,9.0,12.0,4.0,5,1.0,6.0,103.0,70.0,3.0,89.0,2.25,75.0,0.08333333333333333,0.5,11.666666666666666,8.82857142857143,0.04285714285714286
2019,P Ray Barman,19.0,25.0,1.0,1,2.0,11.0,56.0,24.0,0.0,21.0,19.0,76.0,0.08,0.44,4.0,14.0,0.0
2019,P Simran Singh,16.0,18.0,1.0,1,2.0,10.0,0.0,0.0,0.0,18.0,16.0,88.88888888888889,0.1111111111111111,0.5555555555555556,0.0,0.0,0.0
2019,PA Patel,373.0,273.0,15.0,14,58.0,90.0,0.0,0.0,0.0,431.0,24.866666666666667,136.63003663003664,0.21245421245421245,0.32967032967032966,0.0,0.0,0.0
2019,PP Chawla,42.0,38.0,4.0,13,6.0,19.0,405.0,267.0,10.0,334.0,10.5,110.52631578947368,0.15789473684210525,0.5,44.5,9.101123595505618,0.03745318352059925
2019,PP Shaw,353.0,270.0,15.0,16,54.0,101.0,0.0,0.0,0.0,411.0,23.533333333333335,130.74074074074073,0.2,0.37407407407407406,0.0,0.0,0.0
2019,Q de Kock,529.0,404.0,14.0,16,70.0,143.0,0.0,0.0,0.0,607.0,37.785714285714285,130.94059405940595,0.17326732673267325,0.35396039603960394,0.0,0.0,0.0
2019,R Ashwin,42.0,28.0,5.0,14,6.0,9.0,400.0,340.0,15.0,459.0,8.4,150.0,0.21428571428571427,0.32142857142857145,56.666666666666664,7.058823529411765,0.04411764705882353
2019,R Parag,160.0,133.0,4.0,7,22.0,47.0,121.0,84.0,2.0,244.0,40.0,120.30075187969925,0.16541353383458646,0.3533834586466165,14.0,8.642857142857142,0.023809523809523808
2019,R Tewatia,26.0,22.0,1.0,4,3.0,7.0,42.0,39.0,2.0,91.0,26.0,118.18181818181819,0.13636363636363635,0.3181818181818182,6.5,6.461538461538462,0.05128205128205128
2019,RA Jadeja,106.0,94.0,2.0,16,11.0,31.0,347.0,326.0,15.0,548.0,53.0,112.76595744680851,0.11702127659574468,0.32978723404255317,54.333333333333336,6.386503067484663,0.046012269938650305
2019,RA Tripathi,141.0,122.0,6.0,7,15.0,37.0,0.0,0.0,0.0,160.0,23.5,115.57377049180327,0.12295081967213115,0.30327868852459017,0.0,0.0,0.0
2019,RD Chahar,12.0,11.0,2.0,13,2.0,6.0,310.0,287.0,13.0,383.0,6.0,109.0909090909091,0.18181818181818182,0.5454545454545454,47.833333333333336,6.480836236933798,0.04529616724738676
2019,RG Sharma,405.0,319.0,14.0,15,62.0,127.0,0.0,0.0,0.0,471.0,28.928571428571427,126.95924764890282,0.19435736677115986,0.3981191222570533,0.0,0.0,0.0
2019,RK Bhui,7.0,13.0,1.0,1,0.0,7.0,0.0,0.0,0.0,7.0,7.0,53.84615384615385,0.0,0.5384615384615384,0.0,0.0,0.0
2019,RK Singh,37.0,34.0,2.0,3,3.0,12.0,0.0,0.0,0.0,44.0,18.5,108.82352941176471,0.08823529411764706,0.35294117647058826,0.0,0.0,0.0
2019,RR Pant,494.0,311.0,13.0,16,64.0,80.0,0.0,0.0,0.0,570.0,38.0,158.84244372990355,0.2057877813504823,0.2572347266881029,0.0,0.0,0.0
2019,RV Uthappa,284.0,256.0,9.0,11,38.0,103.0,0.0,0.0,0.0,330.0,31.555555555555557,110.9375,0.1484375,0.40234375,0.0,0.0,0.0
2019,Rashid Khan,34.0,26.0,5.0,15,4.0,8.0,395.0,365.0,17.0,503.0,6.8,130.76923076923077,0.15384615384615385,0.3076923076923077,60.833333333333336,6.493150684931506,0.04657534246575343
2019,Rasikh Salam,5.0,4.0,0.0,1,0.0,1.0,42.0,27.0,0.0,9.0,5.0,125.0,0.0,0.25,4.5,9.333333333333334,0.0
2019,S Dhawan,521.0,391.0,16.0,16,75.0,126.0,0.0,0.0,0.0,600.0,32.5625,133.24808184143222,0.1918158567774936,0.32225063938618925,0.0,0.0,0.0
2019,S Dube,40.0,33.0,4.0,4,4.0,12.0,8.0,11.0,0.0,48.0,10.0,121.21212121212122,0.12121212121212122,0.36363636363636365,1.8333333333333333,4.363636363636364,0.0
2019,S Gopal,63.0,46.0,4.0,14,9.0,15.0,350.0,289.0,20.0,612.0,15.75,136.95652173913044,0.1956521739130435,0.32608695652173914,48.166666666666664,7.26643598615917,0.06920415224913495
2019,S Kaul,0.0,1.0,1.0,7,0.0,1.0,243.0,169.0,6.0,174.0,0.0,0.0,0.0,1.0,28.166666666666668,8.627218934911243,0.03550295857988166
2019,S Lamichhane,0.0,1.0,1.0,6,0.0,1.0,209.0,137.0,8.0,220.0,0.0,0.0,0.0,1.0,22.833333333333332,9.153284671532846,0.058394160583941604
2019,S Midhun,0.0,0.0,0.0,1,0.0,0.0,29.0,13.0,0.0,4.0,0.0,0.0,0.0,0.0,2.1666666666666665,13.384615384615385,0.0
2019,S Nadeem,0.0,0.0,0.0,3,0.0,0.0,90.0,53.0,2.0,62.0,0.0,0.0,0.0,0.0,8.833333333333334,10.188679245283017,0.03773584905660377
2019,S Sandeep Warrier,0.0,0.0,0.0,3,0.0,0.0,86.0,73.0,2.0,62.0,0.0,0.0,0.0,0.0,12.166666666666666,7.068493150684932,0.0273972602739726
2019,SA Yadav,424.0,327.0,14.0,15,55.0,101.0,0.0,0.0,0.0,487.0,30.285714285714285,129.66360856269114,0.16819571865443425,0.308868501529052,0.0,0.0,0.0
2019,SC Kuggeleijn,0.0,0.0,0.0,2,0.0,0.0,71.0,50.0,2.0,58.0,0.0,0.0,0.0,0.0,8.333333333333334,8.52,0.04
2019,SD Lad,15.0,13.0,1.0,1,2.0,8.0,0.0,0.0,0.0,17.0,15.0,115.38461538461539,0.15384615384615385,0.6153846153846154,0.0,0.0,0.0
2019,SE Rutherford,73.0,55.0,5.0,7,9.0,23.0,60.0,46.0,1.0,115.0,14.6,132.72727272727272,0.16363636363636364,0.41818181818181815,7.666666666666667,7.826086956521739,0.021739130434782608
2019,SK Raina,383.0,321.0,16.0,17,54.0,115.0,6.0,6.0,0.0,441.0,23.9375,119.31464174454828,0.16822429906542055,0.3582554517133956,1.0,6.0,0.0
2019,SL Malinga,0.0,0.0,0.0,12,0.0,0.0,450.0,278.0,16.0,448.0,0.0,0.0,0.0,0.0,46.333333333333336,9.712230215827338,0.05755395683453238
2019,SM Curran,95.0,55.0,4.0,9,16.0,21.0,325.0,206.0,10.0,381.0,23.75,172.72727272727272,0.2909090909090909,0.38181818181818183,34.333333333333336,9.466019417475728,0.04854368932038835
2019,SN Khan,180.0,145.0,5.0,5,23.0,46.0,6.0,2.0,0.0,207.0,36.0,124.13793103448276,0.15862068965517243,0.31724137931034485,0.3333333333333333,18.0,0.0
2019,SN Thakur,14.0,7.0,1.0,9,2.0,2.0,285.0,189.0,8.0,248.0,14.0,200.0,0.2857142857142857,0.2857142857142857,31.5,9.047619047619047,0.042328042328042326
2019,SO Hetmyer,90.0,76.0,5.0,5,11.0,31.0,0.0,0.0,0.0,101.0,18.0,118.42105263157895,0.14473684210526316,0.40789473684210525,0.0,0.0,0.0
2019,SP Narine,143.0,90.0,7.0,12,26.0,41.0,352.0,272.0,10.0,439.0,20.428571428571427,158.88888888888889,0.28888888888888886,0.45555555555555555,45.333333333333336,7.764705882352941,0.03676470588235294
2019,SPD Smith,319.0,283.0,9.0,10,34.0,86.0,0.0,0.0,0.0,357.0,35.44444444444444,112.72084805653711,0.12014134275618374,0.303886925795053,0.0,0.0,0.0
2019,SR Watson,398.0,321.0,18.0,17,62.0,147.0,0.0,0.0,0.0,460.0,22.11111111111111,123.98753894080997,0.19314641744548286,0.45794392523364486,0.0,0.0,0.0
2019,SS Iyer,467.0,399.0,16.0,16,56.0,131.0,0.0,0.0,0.0,527.0,29.1875,117.04260651629073,0.14035087719298245,0.3283208020050125,0.0,0.0,0.0
2019,STR Binny,70.0,42.0,3.0,7,9.0,14.0,44.0,43.0,1.0,120.0,23.333333333333332,166.66666666666666,0.21428571428571427,0.3333333333333333,7.166666666666667,6.13953488372093,0.023255813953488372
2019,SV Samson,342.0,238.0,10.0,11,41.0,61.0,0.0,0.0,0.0,391.0,34.2,143.69747899159663,0.1722689075630252,0.25630252100840334,0.0,0.0,0.0
2019,SW Billings,0.0,5.0,1.0,1,0.0,4.0,0.0,0.0,0.0,0.0,0.0,0.0,0.0,0.8,0.0,0.0,0.0
2019,Sandeep Sharma,6.0,4.0,0.0,11,1.0,0.0,355.0,264.0,12.0,351.0,6.0,150.0,0.25,0.0,44.0,8.068181818181818,0.045454545454545456
2019,Shakib Al Hasan,9.0,11.0,1.0,3,0.0,2.0,95.0,66.0,2.0,67.0,9.0,81.81818181818181,0.0,0.18181818181818182,11.0,8.636363636363637,0.030303030303030304
2019,Shubman Gill,296.0,242.0,9.0,13,31.0,74.0,0.0,0.0,0.0,343.0,32.888888888888886,122.31404958677686,0.128099173553719,0.30578512396694213,0.0,0.0,0.0
2019,TA Boult,7.0,4.0,1.0,5,1.0,2.0,163.0,120.0,5.0,149.0,7.0,175.0,0.25,0.5,20.0,8.15,0.041666666666666664
2019,TG Southee,9.0,9.0,0.0,3,0.0,2.0,123.0,58.0,1.0,46.0,9.0,100.0,0.0,0.2222222222222222,9.666666666666666,12.724137931034484,0.017241379310344827
2019,UT Yadav,25.0,26.0,1.0,11,4.0,14.0,375.0,237.0,8.0,269.0,25.0,96.15384615384616,0.15384615384615385,0.5384615384615384,39.5,9.49367088607595,0.03375527426160337
2019,V Kohli,464.0,332.0,14.0,14,59.0,89.0,0.0,0.0,0.0,523.0,33.142857142857146,139.75903614457832,0.17771084337349397,0.2680722891566265,0.0,0.0,0.0
2019,V Shankar,244.0,196.0,11.0,14,23.0,59.0,69.0,51.0,1.0,304.0,22.181818181818183,124.48979591836735,0.11734693877551021,0.3010204081632653,8.5,8.117647058823529,0.0196078431372549
2019,VR Aaron,3.0,7.0,0.0,5,0.0,4.0,128.0,74.0,4.0,123.0,3.0,42.857142857142854,0.0,0.5714285714285714,12.333333333333334,10.378378378378377,0.05405405405405406
2019,WP Saha,86.0,55.0,5.0,5,14.0,13.0,0.0,0.0,0.0,100.0,17.2,156.36363636363637,0.2545454545454545,0.23636363636363636,0.0,0.0,0.0
2019,Washington Sundar,1.0,4.0,2.0,3,0.0,2.0,75.0,54.0,4.0,105.0,0.5,25.0,0.0,0.5,9.0,8.333333333333334,0.07407407407407407
2019,Y Prithvi Raj,0.0,1.0,0.0,2,0.0,1.0,57.0,33.0,1.0,33.0,0.0,0.0,0.0,1.0,5.5,10.363636363636363,0.030303030303030304
2019,YK Pathan,40.0,47.0,3.0,7,2.0,17.0,8.0,6.0,0.0,58.0,13.333333333333334,85.1063829787234,0.0425531914893617,0.3617021276595745,1.0,8.0,0.0
2019,YS Chahal,6.0,16.0,2.0,14,0.0,12.0,394.0,308.0,18.0,504.0,3.0,37.5,0.0,0.75,51.333333333333336,7.675324675324675,0.05844155844155844
2019,Yuvraj Singh,98.0,83.0,4.0,4,13.0,29.0,0.0,0.0,0.0,111.0,24.5,118.07228915662651,0.1566265060240964,0.3493975903614458,0.0,0.0,0.0
2020,A Mishra,0.0,0.0,0.0,3,0.0,0.0,72.0,61.0,3.0,87.0,0.0,0.0,0.0,0.0,10.166666666666666,7.081967213114755,0.04918032786885246
2020,A Nortje,7.0,6.0,1.0,16,0.0,3.0,528.0,375.0,22.0,617.0,7.0,116.66666666666667,0.0,0.5,62.5,8.448,0.058666666666666666
2020,A Zampa,0.0,0.0,0.0,3,0.0,0.0,92.0,67.0,2.0,62.0,0.0,0.0,0.0,0.0,11.166666666666666,8.238805970149254,0.029850746268656716
2020,AB de Villiers,460.0,296.0,10.0,14,57.0,76.0,0.0,0.0,0.0,533.0,46.0,155.40540540540542,0.19256756756756757,0.25675675675675674,0.0,0.0,0.0
2020,AD Russell,117.0,82.0,9.0,10,18.0,35.0,177.0,113.0,6.0,289.0,13.0,142.6829268292683,0.21951219512195122,0.4268292682926829,18.833333333333332,9.398230088495575,0.05309734513274336
2020,AJ Finch,268.0,254.0,12.0,12,36.0,104.0,0.0,0.0,0.0,304.0,22.333333333333332,105.51181102362204,0.14173228346456693,0.4094488188976378,0.0,0.0,0.0
2020,AJ Tye,6.0,7.0,1.0,1,1.0,5.0,54.0,26.0,1.0,32.0,6.0,85.71428571428571,0.14285714285714285,0.7142857142857143,4.333333333333333,12.461538461538462,0.038461538461538464
2020,AM Rahane,113.0,113.0,8.0,8,14.0,43.0,0.0,0.0,0.0,127.0,14.125,100.0,0.12389380530973451,0.3805309734513274,0.0,0.0,0.0
2020,AR Patel,117.0,90.0,8.0,15,14.0,28.0,329.0,306.0,9.0,384.0,14.625,130.0,0.15555555555555556,0.3111111111111111,51.0,6.450980392156863,0.029411764705882353
2020,AS Rajpoot,9.0,10.0,1.0,6,1.0,6.0,206.0,115.0,2.0,80.0,9.0,90.0,0.1,0.6,19.166666666666668,10.747826086956522,0.017391304347826087
2020,AT Carey,32.0,29.0,2.0,3,1.0,6.0,0.0,0.0,0.0,37.0,16.0,110.34482758620689,0.034482758620689655,0.20689655172413793,0.0,0.0,0.0
2020,AT Rayudu,359.0,289.0,9.0,11,42.0,88.0,0.0,0.0,0.0,409.0,39.888888888888886,124.22145328719724,0.1453287197231834,0.3044982698961938,0.0,0.0,0.0
2020,Abdul Samad,113.0,68.0,6.0,7,14.0,18.0,96.0,43.0,1.0,160.0,18.833333333333332,166.1764705882353,0.20588235294117646,0.2647058823529412,7.166666666666667,13.395348837209301,0.023255813953488372
2020,Abhishek Sharma,71.0,59.0,5.0,8,9.0,19.0,92.0,61.0,2.0,142.0,14.2,120.33898305084746,0.15254237288135594,0.3220338983050847,10.166666666666666,9.049180327868854,0.03278688524590164
2020,Arshdeep Singh,0.0,3.0,1.0,8,0.0,3.0,219.0,156.0,9.0,253.0,0.0,0.0,0.0,1.0,26.0,8.423076923076923,0.057692307692307696
2020,Avesh Khan,0.0,0.0,0.0,1,0.0,0.0,42.0,25.0,0.0,4.0,0.0,0.0,0.0,0.0,4.166666666666667,10.08,0.0
2020,B Kumar,0.0,2.0,1.0,4,0.0,2.0,99.0,86.0,3.0,87.0,0.0,0.0,0.0,1.0,14.333333333333334,6.906976744186046,0.03488372093023256
2020,BA Stokes,285.0,207.0,8.0,8,43.0,74.0,159.0,96.0,2.0,382.0,35.625,137.68115942028984,0.20772946859903382,0.357487922705314,16.0,9.9375,0.020833333333333332
2020,Basil Thampi,0.0,0.0,0.0,1,0.0,0.0,46.0,24.0,1.0,29.0,0.0,0.0,0.0,0.0,4.0,11.5,0.041666666666666664
2020,CH Gayle,295.0,225.0,6.0,7,39.0,84.0,5.0,5.0,0.0,338.0,49.166666666666664,131.11111111111111,0.17333333333333334,0.37333333333333335,0.8333333333333334,6.0,0.0
2020,CH Morris,34.0,21.0,4.0,9,5.0,9.0,211.0,203.0,11.0,334.0,8.5,161.9047619047619,0.23809523809523808,0.42857142857142855,33.833333333333336,6.236453201970443,0.054187192118226604
2020,CJ Green,0.0,0.0,0.0,1,0.0,0.0,24.0,17.0,0.0,4.0,0.0,0.0,0.0,0.0,2.8333333333333335,8.470588235294118,0.0
2020,CJ Jordan,29.0,33.0,3.0,9,2.0,13.0,316.0,207.0,9.0,280.0,9.666666666666666,87.87878787878788,0.06060606060606061,0.3939393939393939,34.5,9.159420289855072,0.043478260869565216
2020,CV Varun,10.0,16.0,2.0,13,0.0,5.0,357.0,313.0,17.0,479.0,5.0,62.5,0.0,0.3125,52.166666666666664,6.843450479233227,0.054313099041533544
2020,D Padikkal,473.0,398.0,14.0,15,59.0,125.0,0.0,0.0,0.0,536.0,33.785714285714285,118.84422110552764,0.14824120603015076,0.314070351758794,0.0,0.0,0.0
2020,DA Warner,548.0,423.0,14.0,16,66.0,131.0,2.0,2.0,0.0,622.0,39.142857142857146,129.55082742316785,0.15602836879432624,0.30969267139479906,0.3333333333333333,6.0,0.0
2020,DJ Bravo,7.0,6.0,2.0,6,0.0,2.0,179.0,134.0,6.0,173.0,3.5,116.66666666666667,0.0,0.3333333333333333,22.333333333333332,8.014925373134329,0.04477611940298507
2020,DJ Hooda,102.0,74.0,1.0,5,10.0,18.0,10.0,6.0,0.0,128.0,102.0,137.83783783783784,0.13513513513513514,0.24324324324324326,1.0,10.0,0.0
2020,DL Chahar,7.0,12.0,1.0,14,0.0,6.0,402.0,321.0,12.0,359.0,7.0,58.333333333333336,0.0,0.5,53.5,7.514018691588785,0.037383177570093455
2020,DR Sams,0.0,2.0,1.0,3,0.0,2.0,114.0,77.0,0.0,8.0,0.0,0.0,0.0,1.0,12.833333333333334,8.883116883116882,0.0
2020,DS Kulkarni,3.0,2.0,0.0,1,0.0,0.0,22.0,20.0,0.0,7.0,3.0,150.0,0.0,0.0,3.3333333333333335,6.6,0.0
2020,DW Steyn,1.0,2.0,0.0,3,0.0,1.0,134.0,75.0,1.0,38.0,1.0,50.0,0.0,0.5,12.5,10.72,0.013333333333333334
2020,EJG Morgan,419.0,314.0,11.0,14,56.0,110.0,0.0,0.0,0.0,491.0,38.09090909090909,133.43949044585986,0.17834394904458598,0.3503184713375796,0.0,0.0,0.0
2020,F du Plessis,449.0,329.0,11.0,13,56.0,95.0,0.0,0.0,0.0,517.0,40.81818181818182,136.4741641337386,0.1702127659574468,0.2887537993920973,0.0,0.0,0.0
2020,GJ Maxwell,108.0,112.0,7.0,13,9.0,36.0,171.0,126.0,3.0,216.0,15.428571428571429,96.42857142857143,0.08035714285714286,0.32142857142857145,21.0,8.142857142857142,0.023809523809523808
2020,Gurkeerat Singh,71.0,83.0,1.0,5,8.0,37.0,0.0,0.0,0.0,95.0,71.0,85.5421686746988,0.0963855421686747,0.4457831325301205,0.0,0.0,0.0
2020,HH Pandya,283.0,167.0,8.0,13,39.0,48.0,0.0,0.0,0.0,342.0,35.375,169.46107784431138,0.23353293413173654,0.2874251497005988,0.0,0.0,0.0
2020,HV Patel,21.0,25.0,2.0,5,2.0,12.0,135.0,98.0,3.0,110.0,10.5,84.0,0.08,0.48,16.333333333333332,8.26530612244898,0.030612244897959183
2020,Harpreet Brar,0.0,0.0,0.0,1,0.0,0.0,41.0,25.0,0.0,4.0,0.0,0.0,0.0,0.0,4.166666666666667,9.84,0.0
2020,I Sharma,0.0,0.0,0.0,1,0.0,0.0,26.0,20.0,0.0,4.0,0.0,0.0,0.0,0.0,3.3333333333333335,7.8,0.0
2020,I Udana,15.0,11.0,3.0,10,2.0,4.0,286.0,182.0,8.0,245.0,5.0,136.36363636363637,0.18181818181818182,0.36363636363636365,30.333333333333332,9.428571428571429,0.04395604395604396
2020,Imran Tahir,13.0,10.0,0.0,3,2.0,3.0,78.0,66.0,1.0,52.0,13.0,130.0,0.2,0.3,11.0,7.090909090909091,0.015151515151515152
2020,Ishan Kishan,516.0,361.0,9.0,13,66.0,110.0,0.0,0.0,0.0,598.0,57.333333333333336,142.93628808864267,0.18282548476454294,0.3047091412742382,0.0,0.0,0.0
2020,J Yadav,0.0,0.0,0.0,2,0.0,0.0,43.0,42.0,1.0,33.0,0.0,0.0,0.0,0.0,7.0,6.142857142857143,0.023809523809523808
2020,JC Archer,113.0,66.0,6.0,14,15.0,19.0,373.0,345.0,20.0,660.0,18.833333333333332,171.21212121212122,0.22727272727272727,0.2878787878787879,57.5,6.48695652173913,0.057971014492753624
2020,JC Buttler,328.0,233.0,11.0,12,43.0,81.0,0.0,0.0,0.0,379.0,29.818181818181817,140.7725321888412,0.18454935622317598,0.34763948497854075,0.0,0.0,0.0
2020,JD Unadkat,9.0,13.0,1.0,7,0.0,5.0,228.0,143.0,4.0,133.0,9.0,69.23076923076923,0.0,0.38461538461538464,23.833333333333332,9.566433566433567,0.027972027972027972
2020,JDS Neesham,19.0,18.0,2.0,5,1.0,6.0,149.0,93.0,2.0,82.0,9.5,105.55555555555556,0.05555555555555555,0.3333333333333333,15.5,9.612903225806452,0.021505376344086023
2020,JJ Bumrah,5.0,3.0,0.0,15,0.0,0.0,436.0,383.0,29.0,790.0,5.0,166.66666666666666,0.0,0.0,63.833333333333336,6.830287206266318,0.07571801566579635
2020,JL Pattinson,15.0,13.0,1.0,10,2.0,4.0,321.0,222.0,11.0,328.0,15.0,115.38461538461539,0.15384615384615385,0.3076923076923077,37.0,8.675675675675675,0.04954954954954955
2020,JM Bairstow,345.0,284.0,12.0,11,44.0,110.0,0.0,0.0,0.0,389.0,28.75,121.47887323943662,0.15492957746478872,0.3873239436619718,0.0,0.0,0.0
2020,JO Holder,66.0,54.0,2.0,7,8.0,19.0,239.0,175.0,14.0,444.0,33.0,122.22222222222223,0.14814814814814814,0.35185185185185186,29.166666666666668,8.194285714285714,0.08
2020,JR Hazlewood,0.0,0.0,0.0,3,0.0,0.0,72.0,61.0,1.0,37.0,0.0,0.0,0.0,0.0,10.166666666666666,7.081967213114755,0.01639344262295082
2020,JR Philippe,78.0,80.0,4.0,5,10.0,34.0,0.0,0.0,0.0,92.0,19.5,97.5,0.125,0.425,0.0,0.0,0.0
2020,K Gowtham,42.0,27.0,1.0,2,5.0,8.0,84.0,48.0,1.0,76.0,42.0,155.55555555555554,0.18518518518518517,0.2962962962962963,8.0,10.5,0.020833333333333332
2020,K Rabada,56.0,52.0,3.0,17,6.0,20.0,565.0,414.0,32.0,918.0,18.666666666666668,107.6923076923077,0.11538461538461539,0.38461538461538464,69.0,8.18840579710145,0.07729468599033816
2020,KA Pollard,281.0,157.0,7.0,14,39.0,40.0,190.0,138.0,4.0,448.0,40.142857142857146,178.98089171974522,0.2484076433121019,0.25477707006369427,23.0,8.26086956521739,0.028985507246376812
2020,KD Karthik,169.0,137.0,12.0,14,24.0,51.0,0.0,0.0,0.0,201.0,14.083333333333334,123.35766423357664,0.17518248175182483,0.3722627737226277,0.0,0.0,0.0
2020,KH Pandya,109.0,92.0,6.0,16,14.0,33.0,387.0,315.0,6.0,313.0,18.166666666666668,118.47826086956522,0.15217391304347827,0.358695652173913,52.5,7.371428571428571,0.01904761904761905
2020,KK Ahmed,0.0,2.0,1.0,7,0.0,2.0,244.0,156.0,8.0,224.0,0.0,0.0,0.0,1.0,26.0,9.384615384615385,0.05128205128205128
2020,KK Nair,16.0,14.0,2.0,3,2.0,5.0,0.0,0.0,0.0,22.0,8.0,114.28571428571429,0.14285714285714285,0.35714285714285715,0.0,0.0,0.0
2020,KL Nagarkoti,22.0,32.0,3.0,10,1.0,14.0,233.0,160.0,5.0,176.0,7.333333333333333,68.75,0.03125,0.4375,26.666666666666668,8.737499999999999,0.03125
2020,KL Rahul,676.0,531.0,15.0,14,81.0,171.0,0.0,0.0,0.0,761.0,45.06666666666667,127.30696798493409,0.15254237288135594,0.3220338983050847,0.0,0.0,0.0
2020,KM Jadhav,62.0,68.0,4.0,5,7.0,27.0,0.0,0.0,0.0,77.0,15.5,91.17647058823529,0.10294117647058823,0.39705882352941174,0.0,0.0,0.0
2020,KS Williamson,317.0,241.0,7.0,11,36.0,64.0,24.0,12.0,0.0,369.0,45.285714285714285,131.53526970954357,0.14937759336099585,0.26556016597510373,2.0,12.0,0.0
2020,KV Sharma,0.0,0.0,0.0,5,0.0,0.0,165.0,118.0,5.0,145.0,0.0,0.0,0.0,0.0,19.666666666666668,8.389830508474576,0.0423728813559322
2020,Kartik Tyagi,4.0,6.0,1.0,10,0.0,2.0,371.0,240.0,9.0,265.0,4.0,66.66666666666667,0.0,0.3333333333333333,40.0,9.275,0.0375
2020,Kuldeep Yadav,13.0,21.0,0.0,5,1.0,11.0,95.0,75.0,1.0,59.0,13.0,61.904761904761905,0.047619047619047616,0.5238095238095238,12.5,7.6,0.013333333333333334
2020,L Ngidi,0.0,0.0,0.0,4,0.0,0.0,168.0,103.0,9.0,241.0,0.0,0.0,0.0,0.0,17.166666666666668,9.78640776699029,0.08737864077669903
2020,LH Ferguson,43.0,29.0,1.0,5,5.0,6.0,153.0,126.0,8.0,264.0,43.0,148.27586206896552,0.1724137931034483,0.20689655172413793,21.0,7.285714285714286,0.06349206349206349
2020,M Ashwin,4.0,4.0,1.0,9,0.0,1.0,240.0,191.0,10.0,286.0,4.0,100.0,0.0,0.25,31.833333333333332,7.539267015706806,0.05235602094240838
2020,M Prasidh Krishna,2.0,4.0,0.0,6,0.0,2.0,165.0,109.0,4.0,126.0,2.0,50.0,0.0,0.5,18.166666666666668,9.082568807339449,0.03669724770642202
2020,M Vijay,32.0,44.0,3.0,3,4.0,23.0,0.0,0.0,0.0,36.0,10.666666666666666,72.72727272727273,0.09090909090909091,0.5227272727272727,0.0,0.0,0.0
2020,MA Agarwal,432.0,285.0,10.0,11,61.0,76.0,0.0,0.0,0.0,497.0,43.2,151.57894736842104,0.21403508771929824,0.26666666666666666,0.0,0.0,0.0
2020,MJ Santner,0.0,0.0,0.0,2,0.0,0.0,53.0,42.0,2.0,58.0,0.0,0.0,0.0,0.0,7.0,7.571428571428571,0.047619047619047616
2020,MK Lomror,59.0,54.0,3.0,3,5.0,17.0,0.0,0.0,0.0,64.0,19.666666666666668,109.25925925925925,0.09259259259259259,0.3148148148148148,0.0,0.0,0.0
2020,MK Pandey,425.0,350.0,13.0,15,53.0,123.0,0.0,0.0,0.0,486.0,32.69230769230769,121.42857142857143,0.15142857142857144,0.3514285714285714,0.0,0.0,0.0
2020,MM Ali,12.0,16.0,3.0,3,1.0,6.0,42.0,32.0,1.0,38.0,4.0,75.0,0.0625,0.375,5.333333333333333,7.875,0.03125
2020,MM Sharma,0.0,0.0,0.0,1,0.0,0.0,45.0,25.0,1.0,29.0,0.0,0.0,0.0,0.0,4.166666666666667,10.799999999999999,0.04
2020,MP Stoinis,352.0,250.0,15.0,17,47.0,66.0,287.0,184.0,13.0,736.0,23.466666666666665,140.8,0.188,0.264,30.666666666666668,9.358695652173912,0.07065217391304347
2020,MR Marsh,0.0,1.0,1.0,1,0.0,1.0,6.0,4.0,0.0,0.0,0.0,0.0,0.0,1.0,0.6666666666666666,9.0,0.0
2020,MS Dhoni,200.0,175.0,8.0,12,23.0,68.0,0.0,0.0,0.0,239.0,25.0,114.28571428571429,0.13142857142857142,0.38857142857142857,0.0,0.0,0.0
2020,Mandeep Singh,130.0,111.0,6.0,7,14.0,41.0,0.0,0.0,0.0,148.0,21.666666666666668,117.11711711711712,0.12612612612612611,0.36936936936936937,0.0,0.0,0.0
2020,Mohammad Nabi,11.0,8.0,1.0,1,2.0,2.0,24.0,26.0,0.0,13.0,11.0,137.5,0.25,0.25,4.333333333333333,5.538461538461539,0.0
2020,Mohammed Shami,2.0,3.0,1.0,14,0.0,1.0,480.0,339.0,20.0,554.0,2.0,66.66666666666667,0.0,0.3333333333333333,56.5,8.495575221238939,0.058997050147492625
2020,Mohammed Siraj,17.0,14.0,1.0,9,2.0,4.0,244.0,172.0,11.0,326.0,17.0,121.42857142857143,0.14285714285714285,0.2857142857142857,28.666666666666668,8.511627906976743,0.06395348837209303
2020,Monu Kumar,0.0,0.0,0.0,1,0.0,0.0,20.0,16.0,0.0,4.0,0.0,0.0,0.0,0.0,2.6666666666666665,7.5,0.0
2020,Mujeeb Ur Rahman,1.0,3.0,1.0,2,0.0,2.0,83.0,49.0,0.0,5.0,1.0,33.333333333333336,0.0,0.6666666666666666,8.166666666666666,10.16326530612245,0.0
2020,N Jagadeesan,33.0,31.0,2.0,2,4.0,10.0,0.0,0.0,0.0,37.0,16.5,106.45161290322581,0.12903225806451613,0.3225806451612903,0.0,0.0,0.0
2020,N Pooran,353.0,215.0,13.0,14,48.0,68.0,0.0,0.0,0.0,417.0,27.153846153846153,164.1860465116279,0.22325581395348837,0.31627906976744186,0.0,0.0,0.0
2020,N Rana,352.0,260.0,13.0,14,55.0,99.0,23.0,13.0,0.0,411.0,27.076923076923077,135.3846153846154,0.21153846153846154,0.38076923076923075,2.1666666666666665,10.615384615384617,0.0
2020,NM Coulter-Nile,25.0,15.0,1.0,7,4.0,5.0,205.0,164.0,5.0,178.0,25.0,166.66666666666666,0.26666666666666666,0.3333333333333333,27.333333333333332,7.5,0.03048780487804878
2020,NS Naik,1.0,3.0,1.0,1,0.0,2.0,0.0,0.0,0.0,1.0,1.0,33.333333333333336,0.0,0.6666666666666666,0.0,0.0,0.0
2020,Navdeep Saini,27.0,27.0,1.0,13,3.0,11.0,392.0,293.0,7.0,253.0,27.0,100.0,0.1111111111111111,0.4074074074074074,48.833333333333336,8.027303754266212,0.023890784982935155
2020,P Dubey,7.0,13.0,0.0,3,0.0,6.0,72.0,48.0,0.0,19.0,7.0,53.84615384615385,0.0,0.46153846153846156,8.0,9.0,0.0
2020,P Simran Singh,15.0,15.0,2.0,2,2.0,7.0,0.0,0.0,0.0,17.0,7.5,100.0,0.13333333333333333,0.4666666666666667,0.0,0.0,0.0
2020,PJ Cummins,146.0,120.0,7.0,14,17.0,47.0,424.0,321.0,12.0,491.0,20.857142857142858,121.66666666666667,0.14166666666666666,0.39166666666666666,53.5,7.925233644859813,0.037383177570093455
2020,PK Garg,133.0,116.0,9.0,10,13.0,38.0,0.0,0.0,0.0,150.0,14.777777777777779,114.65517241379311,0.11206896551724138,0.3275862068965517,0.0,0.0,0.0
2020,PP Chawla,0.0,0.0,0.0,7,0.0,0.0,191.0,127.0,6.0,178.0,0.0,0.0,0.0,0.0,21.166666666666668,9.023622047244094,0.047244094488188976
2020,PP Shaw,228.0,170.0,13.0,13,35.0,67.0,0.0,0.0,0.0,263.0,17.53846153846154,134.11764705882354,0.20588235294117646,0.3941176470588235,0.0,0.0,0.0
2020,Q de Kock,506.0,368.0,15.0,16,68.0,130.0,0.0,0.0,0.0,582.0,33.733333333333334,137.5,0.18478260869565216,0.3532608695652174,0.0,0.0,0.0
2020,R Ashwin,37.0,34.0,3.0,15,4.0,15.0,393.0,310.0,13.0,414.0,12.333333333333334,108.82352941176471,0.11764705882352941,0.4411764705882353,51.666666666666664,7.606451612903226,0.041935483870967745
2020,R Parag,86.0,81.0,6.0,8,9.0,29.0,27.0,13.0,0.0,103.0,14.333333333333334,106.17283950617283,0.1111111111111111,0.35802469135802467,2.1666666666666665,12.461538461538462,0.0
2020,R Tewatia,255.0,187.0,6.0,14,30.0,61.0,327.0,285.0,10.0,567.0,42.5,136.36363636363637,0.16042780748663102,0.32620320855614976,47.5,6.88421052631579,0.03508771929824561
2020,RA Jadeja,232.0,142.0,5.0,14,33.0,34.0,318.0,221.0,6.0,451.0,46.4,163.38028169014083,0.2323943661971831,0.23943661971830985,36.833333333333336,8.633484162895927,0.027149321266968326
2020,RA Tripathi,230.0,186.0,10.0,11,31.0,71.0,0.0,0.0,0.0,265.0,23.0,123.65591397849462,0.16666666666666666,0.3817204301075269,0.0,0.0,0.0
2020,RD Chahar,2.0,4.0,0.0,15,0.0,2.0,438.0,322.0,15.0,437.0,2.0,50.0,0.0,0.5,53.666666666666664,8.161490683229815,0.046583850931677016
2020,RD Gaikwad,204.0,173.0,3.0,6,22.0,56.0,0.0,0.0,0.0,238.0,68.0,117.91907514450867,0.12716763005780346,0.3236994219653179,0.0,0.0,0.0
2020,RG Sharma,334.0,275.0,15.0,12,46.0,112.0,0.0,0.0,0.0,380.0,22.266666666666666,121.45454545454545,0.16727272727272727,0.4072727272727273,0.0,0.0,0.0
2020,RK Singh,11.0,11.0,1.0,1,1.0,3.0,0.0,0.0,0.0,12.0,11.0,100.0,0.09090909090909091,0.2727272727272727,0.0,0.0,0.0
2020,RR Pant,345.0,319.0,10.0,14,41.0,107.0,0.0,0.0,0.0,402.0,34.5,108.15047021943573,0.12852664576802508,0.335423197492163,0.0,0.0,0.0
2020,RV Uthappa,196.0,170.0,12.0,12,26.0,65.0,0.0,0.0,0.0,226.0,16.333333333333332,115.29411764705883,0.15294117647058825,0.38235294117647056,0.0,0.0,0.0
2020,Rashid Khan,35.0,32.0,4.0,16,5.0,14.0,355.0,391.0,20.0,588.0,8.75,109.375,0.15625,0.4375,65.16666666666667,5.447570332480818,0.05115089514066496
2020,Ravi Bishnoi,7.0,12.0,1.0,14,1.0,8.0,381.0,316.0,12.0,360.0,7.0,58.333333333333336,0.08333333333333333,0.6666666666666666,52.666666666666664,7.234177215189874,0.0379746835443038
2020,S Dhawan,618.0,433.0,14.0,17,80.0,112.0,0.0,0.0,0.0,710.0,44.142857142857146,142.72517321016167,0.18475750577367206,0.2586605080831409,0.0,0.0,0.0
2020,S Dube,129.0,109.0,7.0,10,14.0,42.0,74.0,54.0,4.0,255.0,18.428571428571427,118.34862385321101,0.12844036697247707,0.3853211009174312,9.0,8.222222222222221,0.07407407407407407
2020,S Gopal,37.0,41.0,4.0,14,3.0,13.0,429.0,305.0,10.0,330.0,9.25,90.2439024390244,0.07317073170731707,0.3170731707317073,50.833333333333336,8.439344262295082,0.03278688524590164
2020,S Kaul,0.0,0.0,0.0,1,0.0,0.0,64.0,26.0,2.0,54.0,0.0,0.0,0.0,0.0,4.333333333333333,14.76923076923077,0.07692307692307693
2020,S Nadeem,7.0,8.0,1.0,7,1.0,4.0,179.0,136.0,5.0,157.0,7.0,87.5,0.125,0.5,22.666666666666668,7.897058823529411,0.03676470588235294
2020,S Sandeep Warrier,0.0,0.0,0.0,1,0.0,0.0,34.0,21.0,0.0,4.0,0.0,0.0,0.0,0.0,3.5,9.714285714285714,0.0
2020,SA Yadav,480.0,340.0,9.0,15,72.0,106.0,0.0,0.0,0.0,576.0,53.333333333333336,141.1764705882353,0.21176470588235294,0.31176470588235294,0.0,0.0,0.0
2020,SM Curran,186.0,145.0,8.0,14,24.0,59.0,348.0,264.0,13.0,559.0,23.25,128.27586206896552,0.16551724137931034,0.4068965517241379,44.0,7.909090909090909,0.04924242424242424
2020,SN Khan,33.0,30.0,2.0,3,5.0,11.0,0.0,0.0,0.0,42.0,16.5,110.0,0.16666666666666666,0.36666666666666664,0.0,0.0,0.0
2020,SN Thakur,12.0,21.0,1.0,9,0.0,10.0,279.0,203.0,10.0,294.0,12.0,57.142857142857146,0.0,0.47619047619047616,33.833333333333336,8.246305418719212,0.04926108374384237
2020,SO Hetmyer,185.0,127.0,8.0,11,23.0,41.0,0.0,0.0,0.0,220.0,23.125,145.66929133858267,0.18110236220472442,0.3228346456692913,0.0,0.0,0.0
2020,SP Goswami,0.0,5.0,2.0,2,0.0,4.0,0.0,0.0,0.0,0.0,0.0,0.0,0.0,0.8,0.0,0.0,0.0
2020,SP Narine,121.0,92.0,9.0,10,18.0,36.0,307.0,229.0,5.0,268.0,13.444444444444445,131.52173913043478,0.1956521739130435,0.391304347826087,38.166666666666664,8.043668122270743,0.021834061135371178
2020,SPD Smith,311.0,247.0,13.0,14,41.0,81.0,0.0,0.0,0.0,360.0,23.923076923076923,125.91093117408907,0.1659919028340081,0.32793522267206476,0.0,0.0,0.0
2020,SR Watson,299.0,254.0,10.0,11,46.0,113.0,0.0,0.0,0.0,349.0,29.9,117.71653543307086,0.18110236220472442,0.4448818897637795,0.0,0.0,0.0
2020,SS Cottrell,0.0,2.0,1.0,6,0.0,2.0,177.0,131.0,6.0,170.0,0.0,0.0,0.0,1.0,21.833333333333332,8.106870229007635,0.04580152671755725
2020,SS Iyer,519.0,433.0,16.0,17,56.0,134.0,0.0,0.0,0.0,579.0,32.4375,119.86143187066975,0.12933025404157045,0.3094688221709007,0.0,0.0,0.0
2020,SS Tiwary,103.0,81.0,5.0,5,11.0,24.0,0.0,0.0,0.0,114.0,20.6,127.1604938271605,0.13580246913580246,0.2962962962962963,0.0,0.0,0.0
2020,SV Samson,375.0,242.0,12.0,14,47.0,72.0,0.0,0.0,0.0,430.0,31.25,154.95867768595042,0.19421487603305784,0.2975206611570248,0.0,0.0,0.0
2020,Sandeep Sharma,12.0,15.0,2.0,13,1.0,7.0,374.0,317.0,14.0,407.0,6.0,80.0,0.06666666666666667,0.4666666666666667,52.833333333333336,7.078864353312302,0.04416403785488959
2020,Shahbaz Ahmed,1.0,1.0,0.0,2,0.0,0.0,45.0,37.0,2.0,59.0,1.0,100.0,0.0,0.0,6.166666666666667,7.297297297297297,0.05405405405405406
2020,Shivam Mavi,10.0,14.0,2.0,8,1.0,7.0,214.0,162.0,9.0,260.0,5.0,71.42857142857143,0.07142857142857142,0.5,27.0,7.925925925925926,0.05555555555555555
2020,Shubman Gill,440.0,382.0,13.0,14,53.0,134.0,0.0,0.0,0.0,501.0,33.84615384615385,115.18324607329843,0.1387434554973822,0.3507853403141361,0.0,0.0,0.0
2020,T Banton,18.0,22.0,2.0,2,2.0,11.0,0.0,0.0,0.0,20.0,9.0,81.81818181818181,0.09090909090909091,0.5,0.0,0.0,0.0
2020,T Natarajan,3.0,5.0,0.0,16,0.0,2.0,519.0,386.0,16.0,467.0,3.0,60.0,0.0,0.4,64.33333333333333,8.067357512953368,0.04145077720207254
2020,TA Boult,0.0,1.0,1.0,15,0.0,1.0,472.0,353.0,25.0,681.0,0.0,0.0,0.0,1.0,58.833333333333336,8.022662889518413,0.0708215297450425
2020,TK Curran,83.0,63.0,1.0,5,8.0,16.0,210.0,116.0,3.0,182.0,83.0,131.74603174603175,0.12698412698412698,0.25396825396825395,19.333333333333332,10.862068965517242,0.02586206896551724
2020,TU Deshpande,21.0,12.0,1.0,5,3.0,3.0,193.0,110.0,3.0,115.0,21.0,175.0,0.25,0.25,18.333333333333332,10.527272727272727,0.02727272727272727
2020,UT Yadav,0.0,2.0,1.0,2,0.0,2.0,86.0,45.0,0.0,4.0,0.0,0.0,0.0,1.0,7.5,11.466666666666667,0.0
2020,V Kohli,471.0,402.0,11.0,15,35.0,98.0,0.0,0.0,0.0,522.0,42.81818181818182,117.16417910447761,0.08706467661691543,0.24378109452736318,0.0,0.0,0.0
2020,V Shankar,97.0,99.0,4.0,7,11.0,38.0,82.0,84.0,4.0,220.0,24.25,97.97979797979798,0.1111111111111111,0.3838383838383838,14.0,5.857142857142857,0.047619047619047616
2020,VR Aaron,1.0,10.0,1.0,3,0.0,9.0,96.0,54.0,0.0,9.0,1.0,10.0,0.0,0.9,9.0,10.666666666666666,0.0
2020,WP Saha,214.0,159.0,2.0,4,29.0,46.0,0.0,0.0,0.0,251.0,107.0,134.59119496855345,0.18238993710691823,0.2893081761006289,0.0,0.0,0.0
2020,Washington Sundar,111.0,98.0,6.0,15,12.0,29.0,300.0,301.0,8.0,359.0,18.5,113.26530612244898,0.12244897959183673,0.29591836734693877,50.166666666666664,5.980066445182724,0.026578073089700997
2020,YBK Jaiswal,40.0,44.0,3.0,3,4.0,20.0,0.0,0.0,0.0,44.0,13.333333333333334,90.9090909090909,0.09090909090909091,0.45454545454545453,0.0,0.0,0.0
2020,YS Chahal,1.0,5.0,1.0,15,0.0,2.0,414.0,347.0,21.0,582.0,1.0,20.0,0.0,0.4,57.833333333333336,7.15850144092219,0.06051873198847262
2021,A Mishra,0.0,0.0,0.0,4,0.0,0.0,109.0,84.0,6.0,166.0,0.0,0.0,0.0,0.0,14.0,7.785714285714286,0.07142857142857142
2021,A Nortje,0.0,0.0,0.0,8,0.0,0.0,198.0,187.0,12.0,332.0,0.0,0.0,0.0,0.0,31.166666666666668,6.352941176470588,0.06417112299465241
2021,AB de Villiers,313.0,215.0,11.0,14,39.0,66.0,0.0,0.0,0.0,368.0,28.454545454545453,145.58139534883722,0.1813953488372093,0.30697674418604654,0.0,0.0,0.0
2021,AD Russell,183.0,127.0,6.0,10,28.0,49.0,189.0,122.0,11.0,502.0,30.5,144.09448818897638,0.2204724409448819,0.3858267716535433,20.333333333333332,9.295081967213115,0.09016393442622951
2021,AF Milne,16.0,19.0,2.0,4,1.0,7.0,135.0,87.0,4.0,125.0,8.0,84.21052631578948,0.05263157894736842,0.3684210526315789,14.5,9.310344827586206,0.04597701149425287
2021,AK Markram,146.0,123.0,5.0,6,16.0,34.0,23.0,25.0,0.0,166.0,29.2,118.69918699186992,0.13008130081300814,0.2764227642276423,4.166666666666667,5.52,0.0
2021,AM Rahane,8.0,9.0,1.0,1,1.0,4.0,0.0,0.0,0.0,9.0,8.0,88.88888888888889,0.1111111111111111,0.4444444444444444,0.0,0.0,0.0
2021,AR Patel,40.0,52.0,5.0,12,3.0,18.0,315.0,284.0,15.0,446.0,8.0,76.92307692307692,0.057692307692307696,0.34615384615384615,47.333333333333336,6.654929577464788,0.0528169014084507
2021,AT Rayudu,257.0,175.0,9.0,13,33.0,51.0,0.0,0.0,0.0,306.0,28.555555555555557,146.85714285714286,0.18857142857142858,0.2914285714285714,0.0,0.0,0.0
2021,AU Rashid,0.0,0.0,0.0,1,0.0,0.0,35.0,18.0,0.0,4.0,0.0,0.0,0.0,0.0,3.0,11.666666666666666,0.0
2021,Abdul Samad,111.0,89.0,9.0,10,12.0,32.0,9.0,6.0,1.0,152.0,12.333333333333334,124.71910112359551,0.1348314606741573,0.3595505617977528,1.0,9.0,0.16666666666666666
2021,Abhishek Sharma,98.0,78.0,6.0,8,11.0,25.0,66.0,63.0,4.0,217.0,16.333333333333332,125.64102564102564,0.14102564102564102,0.32051282051282054,10.5,6.285714285714286,0.06349206349206349
2021,Akash Singh,0.0,0.0,0.0,1,0.0,0.0,39.0,24.0,0.0,4.0,0.0,0.0,0.0,0.0,4.0,9.75,0.0
2021,Anmolpreet Singh,16.0,14.0,1.0,1,3.0,9.0,0.0,0.0,0.0,19.0,16.0,114.28571428571429,0.21428571428571427,0.6428571428571429,0.0,0.0,0.0
2021,Anuj Rawat,0.0,1.0,1.0,1,0.0,1.0,0.0,0.0,0.0,0.0,0.0,0.0,0.0,1.0,0.0,0.0,0.0
2021,Arshdeep Singh,2.0,3.0,0.0,12,0.0,0.0,347.0,261.0,18.0,500.0,2.0,66.66666666666667,0.0,0.0,43.5,7.977011494252873,0.06896551724137931
2021,Avesh Khan,5.0,3.0,0.0,16,1.0,1.0,464.0,380.0,24.0,670.0,5.0,166.66666666666666,0.3333333333333333,0.3333333333333333,63.333333333333336,7.326315789473684,0.06315789473684211
2021,B Kumar,34.0,32.0,2.0,11,3.0,5.0,337.0,259.0,6.0,223.0,17.0,106.25,0.09375,0.15625,43.166666666666664,7.806949806949808,0.023166023166023165
2021,BA Stokes,0.0,3.0,1.0,1,0.0,3.0,12.0,6.0,0.0,0.0,0.0,0.0,0.0,1.0,1.0,12.0,0.0
2021,C Sakariya,16.0,25.0,4.0,14,2.0,14.0,434.0,334.0,14.0,408.0,4.0,64.0,0.08,0.56,55.666666666666664,7.796407185628743,0.041916167664670656
2021,CA Lynn,49.0,36.0,2.0,1,7.0,14.0,0.0,0.0,0.0,56.0,24.5,136.11111111111111,0.19444444444444445,0.3888888888888889,0.0,0.0,0.0
2021,CH Gayle,193.0,160.0,11.0,10,29.0,67.0,0.0,0.0,0.0,226.0,17.545454545454547,120.625,0.18125,0.41875,0.0,0.0,0.0
2021,CH Morris,67.0,53.0,5.0,11,7.0,18.0,396.0,260.0,15.0,473.0,13.4,126.41509433962264,0.1320754716981132,0.33962264150943394,43.333333333333336,9.138461538461538,0.057692307692307696
2021,CJ Jordan,32.0,21.0,2.0,4,4.0,8.0,103.0,74.0,4.0,144.0,16.0,152.38095238095238,0.19047619047619047,0.38095238095238093,12.333333333333334,8.35135135135135,0.05405405405405406
2021,CR Woakes,15.0,11.0,0.0,3,2.0,2.0,85.0,67.0,5.0,154.0,15.0,136.36363636363637,0.18181818181818182,0.18181818181818182,11.166666666666666,7.611940298507463,0.07462686567164178
2021,CV Varun,2.0,4.0,0.0,17,0.0,2.0,455.0,414.0,18.0,520.0,2.0,50.0,0.0,0.5,69.0,6.594202898550725,0.043478260869565216
2021,D Padikkal,411.0,342.0,14.0,14,58.0,133.0,0.0,0.0,0.0,473.0,29.357142857142858,120.17543859649123,0.1695906432748538,0.3888888888888889,0.0,0.0,0.0
2021,DA Miller,124.0,115.0,5.0,8,14.0,43.0,0.0,0.0,0.0,150.0,24.8,107.82608695652173,0.12173913043478261,0.3739130434782609,0.0,0.0,0.0
2021,DA Warner,197.0,191.0,6.0,8,21.0,77.0,0.0,0.0,0.0,226.0,32.833333333333336,103.1413612565445,0.1099476439790576,0.4031413612565445,0.0,0.0,0.0
2021,DJ Bravo,47.0,22.0,2.0,11,7.0,4.0,264.0,220.0,14.0,440.0,23.5,213.63636363636363,0.3181818181818182,0.18181818181818182,36.666666666666664,7.2,0.06363636363636363
2021,DJ Hooda,160.0,125.0,9.0,12,18.0,42.0,136.0,96.0,2.0,240.0,17.77777777777778,128.0,0.144,0.336,16.0,8.5,0.020833333333333332
2021,DJ Malan,26.0,26.0,1.0,1,2.0,9.0,0.0,0.0,0.0,28.0,26.0,100.0,0.07692307692307693,0.34615384615384615,0.0,0.0,0.0
2021,DL Chahar,1.0,1.0,0.0,15,0.0,0.0,453.0,337.0,14.0,411.0,1.0,100.0,0.0,0.0,56.166666666666664,8.065281899109793,0.04154302670623145
2021,DR Sams,6.0,6.0,1.0,2,0.0,2.0,39.0,38.0,1.0,35.0,6.0,100.0,0.0,0.3333333333333333,6.333333333333333,6.157894736842105,0.02631578947368421
2021,DS Kulkarni,0.0,0.0,0.0,1,0.0,0.0,48.0,26.0,0.0,4.0,0.0,0.0,0.0,0.0,4.333333333333333,11.076923076923078,0.0
2021,DT Christian,14.0,24.0,4.0,9,1.0,13.0,156.0,104.0,4.0,135.0,3.5,58.333333333333336,0.041666666666666664,0.5416666666666666,17.333333333333332,9.0,0.038461538461538464
2021,E Lewis,151.0,96.0,5.0,5,25.0,35.0,0.0,0.0,0.0,176.0,30.2,157.29166666666666,0.2604166666666667,0.3645833333333333,0.0,0.0,0.0
2021,EJG Morgan,133.0,142.0,12.0,15,14.0,62.0,0.0,0.0,0.0,159.0,11.083333333333334,93.66197183098592,0.09859154929577464,0.43661971830985913,0.0,0.0,0.0
2021,F du Plessis,633.0,471.0,14.0,16,84.0,147.0,0.0,0.0,0.0,725.0,45.214285714285715,134.39490445859872,0.17834394904458598,0.31210191082802546,0.0,0.0,0.0
2021,FA Allen,6.0,12.0,1.0,4,0.0,6.0,90.0,67.0,1.0,43.0,6.0,50.0,0.0,0.5,11.166666666666666,8.059701492537314,0.014925373134328358
2021,GD Phillips,26.0,33.0,2.0,3,3.0,21.0,20.0,13.0,1.0,58.0,13.0,78.78787878787878,0.09090909090909091,0.6363636363636364,2.1666666666666665,9.230769230769232,0.07692307692307693
2021,GHS Garton,2.0,4.0,1.0,5,0.0,2.0,136.0,97.0,3.0,93.0,2.0,50.0,0.0,0.5,16.166666666666668,8.412371134020617,0.030927835051546393
2021,GJ Maxwell,513.0,373.0,11.0,14,69.0,111.0,135.0,99.0,3.0,669.0,46.63636363636363,137.53351206434317,0.18498659517426275,0.2975871313672922,16.5,8.181818181818182,0.030303030303030304
2021,HH Pandya,127.0,116.0,9.0,11,16.0,50.0,0.0,0.0,0.0,151.0,14.11111111111111,109.48275862068965,0.13793103448275862,0.43103448275862066,0.0,0.0,0.0
2021,HV Patel,59.0,48.0,6.0,15,8.0,18.0,460.0,358.0,32.0,907.0,9.833333333333334,122.91666666666667,0.16666666666666666,0.375,59.666666666666664,7.709497206703911,0.0893854748603352
2021,Harbhajan Singh,4.0,4.0,0.0,3,0.0,1.0,63.0,45.0,0.0,16.0,4.0,100.0,0.0,0.25,7.5,8.4,0.0
2021,Harpreet Brar,64.0,61.0,0.0,7,5.0,17.0,142.0,141.0,5.0,222.0,64.0,104.91803278688525,0.08196721311475409,0.2786885245901639,23.5,6.042553191489362,0.03546099290780142
2021,I Sharma,0.0,0.0,0.0,3,0.0,0.0,98.0,72.0,1.0,37.0,0.0,0.0,0.0,0.0,12.0,8.166666666666666,0.013888888888888888
2021,IC Porel,0.0,0.0,0.0,1,0.0,0.0,42.0,26.0,1.0,29.0,0.0,0.0,0.0,0.0,4.333333333333333,9.692307692307693,0.038461538461538464
2021,Imran Tahir,0.0,0.0,0.0,1,0.0,0.0,16.0,25.0,2.0,54.0,0.0,0.0,0.0,0.0,4.166666666666667,3.84,0.08
2021,Ishan Kishan,241.0,182.0,9.0,10,31.0,62.0,0.0,0.0,0.0,276.0,26.77777777777778,132.41758241758242,0.17032967032967034,0.34065934065934067,0.0,0.0,0.0
2021,J Suchith,14.0,6.0,0.0,2,3.0,1.0,66.0,41.0,0.0,25.0,14.0,233.33333333333334,0.5,0.16666666666666666,6.833333333333333,9.658536585365853,0.0
2021,J Yadav,34.0,26.0,2.0,5,3.0,8.0,131.0,105.0,2.0,99.0,17.0,130.76923076923077,0.11538461538461539,0.3076923076923077,17.5,7.485714285714286,0.01904761904761905
2021,JA Richardson,15.0,25.0,2.0,3,2.0,15.0,122.0,69.0,3.0,96.0,7.5,60.0,0.08,0.6,11.5,10.608695652173912,0.043478260869565216
2021,JC Buttler,254.0,173.0,7.0,7,40.0,62.0,0.0,0.0,0.0,294.0,36.285714285714285,146.82080924855492,0.23121387283236994,0.3583815028901734,0.0,0.0,0.0
2021,JD Unadkat,41.0,32.0,2.0,6,5.0,9.0,168.0,134.0,4.0,162.0,20.5,128.125,0.15625,0.28125,22.333333333333332,7.522388059701493,0.029850746268656716
2021,JDS Neesham,0.0,2.0,2.0,3,0.0,2.0,68.0,54.0,5.0,129.0,0.0,0.0,0.0,1.0,9.0,7.555555555555555,0.09259259259259259
2021,JJ Bumrah,16.0,17.0,3.0,14,2.0,7.0,422.0,346.0,21.0,587.0,5.333333333333333,94.11764705882354,0.11764705882352941,0.4117647058823529,57.666666666666664,7.317919075144509,0.06069364161849711
2021,JJ Roy,150.0,125.0,5.0,5,22.0,45.0,0.0,0.0,0.0,172.0,30.0,120.0,0.176,0.36,0.0,0.0,0.0
2021,JM Bairstow,248.0,179.0,7.0,7,35.0,71.0,0.0,0.0,0.0,287.0,35.42857142857143,138.54748603351956,0.19553072625698323,0.39664804469273746,0.0,0.0,0.0
2021,JO Holder,85.0,73.0,6.0,8,8.0,27.0,248.0,203.0,16.0,501.0,14.166666666666666,116.43835616438356,0.1095890410958904,0.3698630136986301,33.833333333333336,7.330049261083744,0.07881773399014778
2021,JR Hazlewood,0.0,0.0,0.0,9,0.0,0.0,302.0,215.0,11.0,311.0,0.0,0.0,0.0,0.0,35.833333333333336,8.427906976744186,0.05116279069767442
2021,Jalaj S Saxena,0.0,0.0,0.0,1,0.0,0.0,27.0,18.0,0.0,4.0,0.0,0.0,0.0,0.0,3.0,9.0,0.0
2021,K Rabada,13.0,6.0,1.0,15,2.0,1.0,463.0,345.0,15.0,446.0,13.0,216.66666666666666,0.3333333333333333,0.16666666666666666,57.5,8.052173913043479,0.043478260869565216
2021,K Yadav,0.0,4.0,0.0,1,0.0,4.0,17.0,12.0,0.0,4.0,0.0,0.0,0.0,1.0,2.0,8.5,0.0
2021,KA Jamieson,65.0,55.0,3.0,9,8.0,21.0,271.0,179.0,9.0,322.0,21.666666666666668,118.18181818181819,0.14545454545454545,0.38181818181818183,29.833333333333332,9.083798882681565,0.05027932960893855
2021,KA Pollard,245.0,180.0,8.0,14,32.0,56.0,95.0,84.0,5.0,426.0,30.625,136.11111111111111,0.17777777777777778,0.3111111111111111,14.0,6.785714285714286,0.05952380952380952
2021,KD Karthik,223.0,172.0,10.0,15,29.0,57.0,0.0,0.0,0.0,272.0,22.3,129.65116279069767,0.1686046511627907,0.3313953488372093,0.0,0.0,0.0
2021,KH Pandya,143.0,126.0,10.0,13,16.0,48.0,267.0,210.0,5.0,296.0,14.3,113.4920634920635,0.12698412698412698,0.38095238095238093,35.0,7.628571428571429,0.023809523809523808
2021,KK Ahmed,1.0,2.0,1.0,7,0.0,1.0,225.0,168.0,5.0,150.0,1.0,50.0,0.0,0.5,28.0,8.035714285714286,0.02976190476190476
2021,KL Nagarkoti,0.0,2.0,1.0,1,0.0,2.0,25.0,12.0,0.0,0.0,0.0,0.0,0.0,1.0,2.0,12.5,0.0
2021,KL Rahul,626.0,465.0,9.0,13,78.0,140.0,0.0,0.0,0.0,720.0,69.55555555555556,134.6236559139785,0.16774193548387098,0.3010752688172043,0.0,0.0,0.0
2021,KM Asif,0.0,0.0,0.0,1,0.0,0.0,18.0,14.0,1.0,29.0,0.0,0.0,0.0,0.0,2.3333333333333335,7.7142857142857135,0.07142857142857142
2021,KM Jadhav,55.0,55.0,4.0,5,4.0,17.0,0.0,0.0,0.0,63.0,13.75,100.0,0.07272727272727272,0.3090909090909091,0.0,0.0,0.0
2021,KS Bharat,191.0,161.0,5.0,6,18.0,48.0,0.0,0.0,0.0,213.0,38.2,118.63354037267081,0.11180124223602485,0.2981366459627329,0.0,0.0,0.0
2021,KS Williamson,270.0,250.0,6.0,10,32.0,87.0,0.0,0.0,0.0,318.0,45.0,108.0,0.128,0.348,0.0,0.0,0.0
2021,KW Richardson,0.0,0.0,0.0,1,0.0,0.0,29.0,19.0,1.0,29.0,0.0,0.0,0.0,0.0,3.1666666666666665,9.157894736842106,0.05263157894736842
2021,Kartik Tyagi,2.0,4.0,1.0,4,0.0,1.0,125.0,93.0,4.0,114.0,2.0,50.0,0.0,0.25,15.5,8.064516129032258,0.043010752688172046
2021,L Ngidi,0.0,0.0,0.0,3,0.0,0.0,129.0,75.0,5.0,137.0,0.0,0.0,0.0,0.0,12.5,10.32,0.06666666666666667
2021,LH Ferguson,18.0,13.0,0.0,8,2.0,3.0,226.0,185.0,13.0,377.0,18.0,138.46153846153845,0.15384615384615385,0.23076923076923078,30.833333333333332,7.32972972972973,0.07027027027027027
2021,LI Meriwala,0.0,0.0,0.0,1,0.0,0.0,32.0,19.0,1.0,29.0,0.0,0.0,0.0,0.0,3.1666666666666665,10.105263157894738,0.05263157894736842
2021,LS Livingstone,42.0,43.0,5.0,5,4.0,13.0,0.0,0.0,0.0,46.0,8.4,97.67441860465117,0.09302325581395349,0.3023255813953488,0.0,0.0,0.0
2021,Lalit Yadav,68.0,75.0,2.0,7,7.0,25.0,101.0,84.0,4.0,195.0,34.0,90.66666666666667,0.09333333333333334,0.3333333333333333,14.0,7.214285714285714,0.047619047619047616
2021,M Ashwin,15.0,24.0,2.0,3,1.0,12.0,100.0,71.0,1.0,45.0,7.5,62.5,0.041666666666666664,0.5,11.833333333333334,8.450704225352112,0.014084507042253521
2021,M Jansen,0.0,4.0,2.0,2,0.0,3.0,46.0,39.0,2.0,50.0,0.0,0.0,0.0,0.75,6.5,7.076923076923077,0.05128205128205128
2021,M Markande,0.0,0.0,0.0,1,0.0,0.0,26.0,18.0,0.0,4.0,0.0,0.0,0.0,0.0,3.0,8.666666666666666,0.0
2021,M Prasidh Krishna,0.0,1.0,0.0,10,0.0,1.0,357.0,253.0,12.0,340.0,0.0,0.0,0.0,1.0,42.166666666666664,8.466403162055336,0.04743083003952569
2021,M Shahrukh Khan,153.0,118.0,6.0,10,19.0,42.0,0.0,0.0,0.0,188.0,25.5,129.66101694915255,0.16101694915254236,0.3559322033898305,0.0,0.0,0.0
2021,M Vohra,42.0,40.0,4.0,4,7.0,23.0,0.0,0.0,0.0,49.0,10.5,105.0,0.175,0.575,0.0,0.0,0.0
2021,MA Agarwal,441.0,324.0,12.0,12,60.0,107.0,0.0,0.0,0.0,501.0,36.75,136.11111111111111,0.18518518518518517,0.33024691358024694,0.0,0.0,0.0
2021,MC Henriques,31.0,32.0,3.0,5,1.0,11.0,47.0,61.0,4.0,140.0,10.333333333333334,96.875,0.03125,0.34375,10.166666666666666,4.622950819672131,0.06557377049180328
2021,MK Lomror,94.0,76.0,3.0,4,9.0,22.0,47.0,43.0,1.0,132.0,31.333333333333332,123.6842105263158,0.11842105263157894,0.2894736842105263,7.166666666666667,6.558139534883721,0.023255813953488372
2021,MK Pandey,292.0,246.0,6.0,8,31.0,79.0,0.0,0.0,0.0,331.0,48.666666666666664,118.69918699186992,0.12601626016260162,0.32113821138211385,0.0,0.0,0.0
2021,MM Ali,357.0,270.0,14.0,15,50.0,103.0,163.0,153.0,6.0,561.0,25.5,132.22222222222223,0.18518518518518517,0.3814814814814815,25.5,6.392156862745098,0.0392156862745098
2021,MP Stoinis,89.0,74.0,4.0,10,12.0,24.0,124.0,69.0,2.0,175.0,22.25,120.27027027027027,0.16216216216216217,0.32432432432432434,11.5,10.782608695652174,0.028985507246376812
2021,MS Dhoni,114.0,111.0,8.0,11,15.0,48.0,0.0,0.0,0.0,145.0,14.25,102.70270270270271,0.13513513513513514,0.43243243243243246,0.0,0.0,0.0
2021,Mandeep Singh,15.0,14.0,1.0,1,2.0,4.0,0.0,0.0,0.0,17.0,15.0,107.14285714285714,0.14285714285714285,0.2857142857142857,0.0,0.0,0.0
2021,Mohammad Nabi,34.0,22.0,3.0,3,5.0,5.0,86.0,48.0,2.0,89.0,11.333333333333334,154.54545454545453,0.22727272727272727,0.22727272727272727,8.0,10.75,0.041666666666666664
2021,Mohammed Shami,13.0,17.0,1.0,14,0.0,7.0,400.0,322.0,19.0,540.0,13.0,76.47058823529412,0.0,0.4117647058823529,53.666666666666664,7.453416149068324,0.059006211180124224
2021,Mohammed Siraj,20.0,26.0,1.0,15,2.0,15.0,366.0,321.0,11.0,353.0,20.0,76.92307692307692,0.07692307692307693,0.5769230769230769,53.5,6.841121495327103,0.03426791277258567
2021,Mujeeb Ur Rahman,1.0,1.0,0.0,1,0.0,0.0,30.0,26.0,2.0,55.0,1.0,100.0,0.0,0.0,4.333333333333333,6.923076923076923,0.07692307692307693
2021,Mustafizur Rahman,8.0,14.0,0.0,14,1.0,11.0,446.0,323.0,14.0,415.0,8.0,57.142857142857146,0.07142857142857142,0.7857142857142857,53.833333333333336,8.284829721362229,0.043343653250773995
2021,N Pooran,85.0,77.0,10.0,10,8.0,30.0,0.0,0.0,0.0,93.0,8.5,110.3896103896104,0.1038961038961039,0.38961038961038963,0.0,0.0,0.0
2021,N Rana,383.0,325.0,13.0,16,51.0,122.0,12.0,12.0,0.0,446.0,29.46153846153846,117.84615384615384,0.15692307692307692,0.37538461538461537,2.0,6.0,0.0
2021,NM Coulter-Nile,4.0,5.0,2.0,5,0.0,2.0,131.0,121.0,7.0,191.0,2.0,80.0,0.0,0.4,20.166666666666668,6.495867768595041,0.05785123966942149
2021,NT Ellis,18.0,17.0,1.0,3,1.0,5.0,91.0,68.0,1.0,52.0,18.0,105.88235294117646,0.058823529411764705,0.29411764705882354,11.333333333333334,8.029411764705882,0.014705882352941176
2021,Navdeep Saini,2.0,5.0,1.0,2,0.0,2.0,53.0,25.0,0.0,6.0,2.0,40.0,0.0,0.4,4.166666666666667,12.719999999999999,0.0
2021,P Simran Singh,19.0,23.0,2.0,2,2.0,13.0,0.0,0.0,0.0,21.0,9.5,82.6086956521739,0.08695652173913043,0.5652173913043478,0.0,0.0,0.0
2021,PJ Cummins,93.0,60.0,5.0,7,13.0,19.0,237.0,168.0,9.0,343.0,18.6,155.0,0.21666666666666667,0.31666666666666665,28.0,8.464285714285714,0.05357142857142857
2021,PK Garg,72.0,75.0,5.0,5,5.0,26.0,0.0,0.0,0.0,77.0,14.4,96.0,0.06666666666666667,0.3466666666666667,0.0,0.0,0.0
2021,PP Chawla,0.0,2.0,1.0,1,0.0,2.0,38.0,24.0,1.0,25.0,0.0,0.0,0.0,1.0,4.0,9.5,0.041666666666666664
2021,PP Shaw,479.0,308.0,14.0,15,74.0,94.0,0.0,0.0,0.0,557.0,34.214285714285715,155.5194805194805,0.24025974025974026,0.3051948051948052,0.0,0.0,0.0
2021,PWH de Silva,1.0,2.0,1.0,2,0.0,1.0,60.0,36.0,0.0,5.0,1.0,50.0,0.0,0.5,6.0,10.0,0.0
2021,Q de Kock,297.0,261.0,10.0,11,36.0,93.0,0.0,0.0,0.0,337.0,29.7,113.79310344827586,0.13793103448275862,0.3563218390804598,0.0,0.0,0.0
2021,R Ashwin,44.0,43.0,3.0,13,3.0,12.0,334.0,277.0,7.0,262.0,14.666666666666666,102.32558139534883,0.06976744186046512,0.27906976744186046,46.166666666666664,7.234657039711192,0.02527075812274368
2021,R Parag,93.0,84.0,8.0,10,10.0,32.0,73.0,38.0,1.0,136.0,11.625,110.71428571428571,0.11904761904761904,0.38095238095238093,6.333333333333333,11.526315789473685,0.02631578947368421
2021,R Tewatia,155.0,152.0,11.0,14,17.0,61.0,342.0,229.0,8.0,388.0,14.090909090909092,101.97368421052632,0.1118421052631579,0.40131578947368424,38.166666666666664,8.960698689956333,0.034934497816593885
2021,RA Jadeja,227.0,170.0,4.0,16,28.0,42.0,347.0,300.0,13.0,628.0,56.75,133.52941176470588,0.16470588235294117,0.24705882352941178,50.0,6.94,0.043333333333333335
2021,RA Tripathi,397.0,285.0,15.0,16,52.0,86.0,0.0,0.0,0.0,457.0,26.466666666666665,139.2982456140351,0.1824561403508772,0.3017543859649123,0.0,0.0,0.0
2021,RD Chahar,14.0,15.0,4.0,11,1.0,7.0,324.0,261.0,13.0,368.0,3.5,93.33333333333333,0.06666666666666667,0.4666666666666667,43.5,7.448275862068965,0.04980842911877394
2021,RD Gaikwad,635.0,474.0,15.0,16,87.0,163.0,0.0,0.0,0.0,730.0,42.333333333333336,133.9662447257384,0.18354430379746836,0.3438818565400844,0.0,0.0,0.0
2021,RG Sharma,381.0,307.0,12.0,13,47.0,108.0,13.0,7.0,0.0,432.0,31.75,124.1042345276873,0.15309446254071662,0.3517915309446254,1.1666666666666667,11.142857142857142,0.0
2021,RM Patidar,71.0,65.0,4.0,4,6.0,16.0,0.0,0.0,0.0,77.0,17.75,109.23076923076923,0.09230769230769231,0.24615384615384617,0.0,0.0,0.0
2021,RP Meredith,0.0,0.0,0.0,5,0.0,0.0,171.0,108.0,4.0,120.0,0.0,0.0,0.0,0.0,18.0,9.5,0.037037037037037035
2021,RR Pant,424.0,343.0,13.0,16,53.0,112.0,0.0,0.0,0.0,493.0,32.61538461538461,123.61516034985422,0.15451895043731778,0.32653061224489793,0.0,0.0,0.0
2021,RV Patel,25.0,29.0,1.0,2,3.0,14.0,22.0,20.0,0.0,32.0,25.0,86.20689655172414,0.10344827586206896,0.4827586206896552,3.3333333333333335,6.6,0.0
2021,RV Uthappa,115.0,86.0,4.0,4,13.0,25.0,0.0,0.0,0.0,128.0,28.75,133.72093023255815,0.1511627906976744,0.29069767441860467,0.0,0.0,0.0
2021,Rashid Khan,83.0,71.0,8.0,14,11.0,28.0,398.0,348.0,18.0,568.0,10.375,116.90140845070422,0.15492957746478872,0.39436619718309857,58.0,6.862068965517241,0.05172413793103448
2021,Ravi Bishnoi,1.0,5.0,1.0,9,0.0,3.0,240.0,219.0,12.0,333.0,1.0,20.0,0.0,0.6,36.5,6.575342465753424,0.0547945205479452
2021,S Dhawan,587.0,480.0,15.0,16,79.0,169.0,0.0,0.0,0.0,670.0,39.13333333333333,122.29166666666667,0.16458333333333333,0.35208333333333336,0.0,0.0,0.0
2021,S Dube,230.0,205.0,8.0,9,28.0,71.0,53.0,31.0,0.0,262.0,28.75,112.1951219512195,0.13658536585365855,0.3463414634146341,5.166666666666667,10.258064516129032,0.0
2021,S Gopal,7.0,5.0,1.0,3,1.0,3.0,84.0,42.0,0.0,16.0,7.0,140.0,0.2,0.6,7.0,12.0,0.0
2021,S Kaul,8.0,8.0,0.0,8,1.0,3.0,252.0,180.0,7.0,216.0,8.0,100.0,0.125,0.375,30.0,8.4,0.03888888888888889
2021,S Nadeem,0.0,1.0,1.0,1,0.0,1.0,36.0,24.0,1.0,25.0,0.0,0.0,0.0,1.0,4.0,9.0,0.041666666666666664
2021,S Sandeep Warrier,0.0,0.0,0.0,1,0.0,0.0,15.0,12.0,0.0,4.0,0.0,0.0,0.0,0.0,2.0,7.5,0.0
2021,SA Yadav,317.0,226.0,14.0,14,50.0,77.0,0.0,0.0,0.0,367.0,22.642857142857142,140.26548672566372,0.22123893805309736,0.3407079646017699,0.0,0.0,0.0
2021,SK Raina,160.0,133.0,7.0,11,22.0,55.0,0.0,0.0,0.0,198.0,22.857142857142858,120.30075187969925,0.16541353383458646,0.41353383458646614,0.0,0.0,0.0
2021,SM Curran,56.0,30.0,3.0,9,8.0,6.0,331.0,208.0,9.0,313.0,18.666666666666668,186.66666666666666,0.26666666666666666,0.2,34.666666666666664,9.548076923076923,0.04326923076923077
2021,SN Khan,0.0,4.0,2.0,2,0.0,4.0,0.0,0.0,0.0,0.0,0.0,0.0,0.0,1.0,0.0,0.0,0.0
2021,SN Thakur,5.0,6.0,1.0,16,0.0,2.0,530.0,387.0,21.0,590.0,5.0,83.33333333333333,0.0,0.3333333333333333,64.5,8.217054263565892,0.05426356589147287
2021,SO Hetmyer,242.0,153.0,6.0,12,31.0,33.0,0.0,0.0,0.0,297.0,40.333333333333336,158.16993464052288,0.20261437908496732,0.21568627450980393,0.0,0.0,0.0
2021,SP Narine,62.0,51.0,8.0,14,8.0,17.0,368.0,342.0,16.0,494.0,7.75,121.56862745098039,0.1568627450980392,0.3333333333333333,57.0,6.456140350877193,0.04678362573099415
2021,SPD Smith,152.0,136.0,6.0,7,15.0,40.0,0.0,0.0,0.0,171.0,25.333333333333332,111.76470588235294,0.11029411764705882,0.29411764705882354,0.0,0.0,0.0
2021,SS Iyer,175.0,181.0,6.0,8,12.0,55.0,0.0,0.0,0.0,195.0,29.166666666666668,96.68508287292818,0.06629834254143646,0.30386740331491713,0.0,0.0,0.0
2021,SS Tiwary,115.0,99.0,2.0,4,12.0,27.0,0.0,0.0,0.0,135.0,57.5,116.16161616161617,0.12121212121212122,0.2727272727272727,0.0,0.0,0.0
2021,SV Samson,484.0,372.0,12.0,14,62.0,105.0,0.0,0.0,0.0,554.0,40.333333333333336,130.10752688172042,0.16666666666666666,0.28225806451612906,0.0,0.0,0.0
2021,Sachin Baby,7.0,17.0,1.0,1,0.0,10.0,0.0,0.0,0.0,7.0,7.0,41.1764705882353,0.0,0.5882352941176471,0.0,0.0,0.0
2021,Sandeep Sharma,8.0,7.0,0.0,7,1.0,1.0,204.0,145.0,3.0,112.0,8.0,114.28571428571429,0.14285714285714285,0.14285714285714285,24.166666666666668,8.441379310344827,0.020689655172413793
2021,Shahbaz Ahmed,59.0,55.0,7.0,8,6.0,19.0,92.0,84.0,7.0,244.0,8.428571428571429,107.27272727272727,0.10909090909090909,0.34545454545454546,14.0,6.571428571428571,0.08333333333333333
2021,Shakib Al Hasan,47.0,50.0,5.0,8,4.0,14.0,188.0,156.0,4.0,163.0,9.4,94.0,0.08,0.28,26.0,7.230769230769231,0.02564102564102564
2021,Shivam Mavi,25.0,21.0,2.0,9,4.0,11.0,241.0,203.0,11.0,332.0,12.5,119.04761904761905,0.19047619047619047,0.5238095238095238,33.833333333333336,7.123152709359605,0.054187192118226604
2021,Shubman Gill,478.0,415.0,17.0,17,62.0,160.0,0.0,0.0,0.0,540.0,28.11764705882353,115.18072289156626,0.1493975903614458,0.3855421686746988,0.0,0.0,0.0
2021,T Natarajan,0.0,0.0,0.0,2,0.0,0.0,70.0,50.0,2.0,58.0,0.0,0.0,0.0,0.0,8.333333333333334,8.399999999999999,0.04
2021,T Shamsi,2.0,4.0,0.0,1,0.0,2.0,34.0,24.0,0.0,6.0,2.0,50.0,0.0,0.5,4.0,8.5,0.0
2021,TA Boult,1.0,4.0,0.0,14,0.0,3.0,409.0,316.0,13.0,382.0,1.0,25.0,0.0,0.75,52.666666666666664,7.765822784810127,0.04113924050632911
2021,TG Southee,3.0,5.0,1.0,3,0.0,3.0,94.0,72.0,3.0,86.0,3.0,60.0,0.0,0.6,12.0,7.833333333333333,0.041666666666666664
2021,TH David,1.0,3.0,1.0,1,0.0,2.0,0.0,0.0,0.0,1.0,1.0,33.333333333333336,0.0,0.6666666666666666,0.0,0.0,0.0
2021,TK Curran,21.0,17.0,1.0,3,2.0,5.0,104.0,72.0,4.0,131.0,21.0,123.52941176470588,0.11764705882352941,0.29411764705882354,12.0,8.666666666666666,0.05555555555555555
2021,TL Seifert,2.0,5.0,1.0,1,0.0,1.0,0.0,0.0,0.0,2.0,2.0,40.0,0.0,0.2,0.0,0.0,0.0
2021,Umran Malik,0.0,0.0,0.0,3,0.0,0.0,96.0,75.0,2.0,62.0,0.0,0.0,0.0,0.0,12.5,7.68,0.02666666666666667
2021,V Kohli,405.0,347.0,14.0,15,52.0,119.0,0.0,0.0,0.0,461.0,28.928571428571427,116.71469740634005,0.14985590778097982,0.34293948126801155,0.0,0.0,0.0
2021,V Shankar,58.0,52.0,5.0,6,4.0,18.0,100.0,71.0,3.0,141.0,11.6,111.53846153846153,0.07692307692307693,0.34615384615384615,11.833333333333334,8.450704225352112,0.04225352112676056
2021,VR Iyer,370.0,299.0,9.0,10,51.0,111.0,71.0,54.0,3.0,500.0,41.111111111111114,123.74581939799332,0.1705685618729097,0.3712374581939799,9.0,7.888888888888889,0.05555555555555555
2021,Virat Singh,15.0,26.0,3.0,2,1.0,13.0,0.0,0.0,0.0,16.0,5.0,57.69230769230769,0.038461538461538464,0.5,0.0,0.0,0.0
2021,WP Saha,131.0,144.0,9.0,9,12.0,61.0,0.0,0.0,0.0,143.0,14.555555555555555,90.97222222222223,0.08333333333333333,0.4236111111111111,0.0,0.0,0.0
2021,Washington Sundar,31.0,48.0,4.0,6,2.0,24.0,119.0,98.0,3.0,116.0,7.75,64.58333333333333,0.041666666666666664,0.5,16.333333333333332,7.2857142857142865,0.030612244897959183
2021,YBK Jaiswal,249.0,168.0,10.0,10,42.0,69.0,0.0,0.0,0.0,291.0,24.9,148.21428571428572,0.25,0.4107142857142857,0.0,0.0,0.0
2021,YS Chahal,10.0,27.0,0.0,15,0.0,17.0,381.0,322.0,18.0,520.0,10.0,37.03703703703704,0.0,0.6296296296296297,53.666666666666664,7.099378881987578,0.055900621118012424
2022,A Badoni,161.0,139.0,9.0,11,18.0,47.0,12.0,12.0,2.0,237.0,17.88888888888889,115.8273381294964,0.12949640287769784,0.3381294964028777,2.0,6.0,0.16666666666666666
2022,A Manohar,108.0,79.0,6.0,7,17.0,26.0,0.0,0.0,0.0,129.0,18.0,136.70886075949366,0.21518987341772153,0.3291139240506329,0.0,0.0,0.0
2022,A Nortje,1.0,7.0,0.0,6,0.0,5.0,219.0,143.0,9.0,250.0,1.0,14.285714285714286,0.0,0.7142857142857143,23.833333333333332,9.18881118881119,0.06293706293706294
2022,A Tomar,4.0,8.0,1.0,1,1.0,7.0,0.0,0.0,0.0,5.0,4.0,50.0,0.125,0.875,0.0,0.0,0.0
2022,AD Russell,335.0,200.0,9.0,13,50.0,81.0,280.0,172.0,17.0,826.0,37.22222222222222,167.5,0.25,0.405,28.666666666666668,9.767441860465116,0.09883720930232558
2022,AF Milne,0.0,0.0,0.0,1,0.0,0.0,19.0,15.0,0.0,4.0,0.0,0.0,0.0,0.0,2.5,7.6,0.0
2022,AJ Finch,86.0,70.0,6.0,5,13.0,25.0,0.0,0.0,0.0,99.0,14.333333333333334,122.85714285714286,0.18571428571428572,0.35714285714285715,0.0,0.0,0.0
2022,AJ Tye,0.0,0.0,0.0,3,0.0,0.0,113.0,68.0,2.0,62.0,0.0,0.0,0.0,0.0,11.333333333333334,9.970588235294118,0.029411764705882353
2022,AK Markram,381.0,277.0,8.0,13,44.0,78.0,64.0,36.0,1.0,470.0,47.625,137.5451263537906,0.1588447653429603,0.2815884476534296,6.0,10.666666666666666,0.027777777777777776
2022,AM Rahane,133.0,131.0,7.0,7,18.0,58.0,0.0,0.0,0.0,151.0,19.0,101.52671755725191,0.13740458015267176,0.44274809160305345,0.0,0.0,0.0
2022,AR Patel,182.0,122.0,3.0,13,22.0,35.0,323.0,261.0,6.0,394.0,60.666666666666664,149.18032786885246,0.18032786885245902,0.28688524590163933,43.5,7.425287356321839,0.022988505747126436
2022,AS Joseph,5.0,7.0,1.0,9,0.0,2.0,269.0,184.0,7.0,212.0,5.0,71.42857142857143,0.0,0.2857142857142857,30.666666666666668,8.771739130434783,0.03804347826086957
2022,AS Roy,0.0,2.0,1.0,2,0.0,2.0,55.0,42.0,1.0,29.0,0.0,0.0,0.0,1.0,7.0,7.857142857142857,0.023809523809523808
2022,AT Rayudu,274.0,230.0,10.0,11,40.0,100.0,0.0,0.0,0.0,318.0,27.4,119.1304347826087,0.17391304347826086,0.43478260869565216,0.0,0.0,0.0
2022,Abdul Samad,4.0,7.0,2.0,2,0.0,3.0,8.0,6.0,0.0,4.0,2.0,57.142857142857146,0.0,0.42857142857142855,1.0,8.0,0.0
2022,Abhishek Sharma,426.0,329.0,15.0,14,60.0,125.0,39.0,24.0,0.0,486.0,28.4,129.48328267477203,0.182370820668693,0.3799392097264438,4.0,9.75,0.0
2022,Akash Deep,0.0,2.0,1.0,5,0.0,2.0,206.0,118.0,5.0,141.0,0.0,0.0,0.0,1.0,19.666666666666668,10.47457627118644,0.0423728813559322
2022,Aman Hakim Khan,5.0,3.0,1.0,1,1.0,1.0,13.0,6.0,0.0,6.0,5.0,166.66666666666666,0.3333333333333333,0.3333333333333333,1.0,13.0,0.0
2022,Anmolpreet Singh,13.0,13.0,2.0,2,1.0,5.0,0.0,0.0,0.0,14.0,6.5,100.0,0.07692307692307693,0.38461538461538464,0.0,0.0,0.0
2022,Anuj Rawat,129.0,123.0,7.0,8,17.0,55.0,0.0,0.0,0.0,150.0,18.428571428571427,104.8780487804878,0.13821138211382114,0.44715447154471544,0.0,0.0,0.0
2022,Arshdeep Singh,21.0,30.0,3.0,14,3.0,20.0,401.0,315.0,10.0,318.0,7.0,70.0,0.1,0.6666666666666666,52.5,7.6380952380952385,0.031746031746031744
2022,Avesh Khan,22.0,13.0,1.0,13,3.0,6.0,423.0,300.0,19.0,548.0,22.0,169.23076923076923,0.23076923076923078,0.46153846153846156,50.0,8.46,0.06333333333333334
2022,B Indrajith,21.0,31.0,3.0,3,2.0,17.0,0.0,0.0,0.0,23.0,7.0,67.74193548387096,0.06451612903225806,0.5483870967741935,0.0,0.0,0.0
2022,B Kumar,24.0,28.0,2.0,14,3.0,10.0,394.0,329.0,12.0,375.0,12.0,85.71428571428571,0.10714285714285714,0.35714285714285715,54.833333333333336,7.185410334346504,0.0364741641337386
2022,B Sai Sudharsan,145.0,118.0,4.0,5,17.0,32.0,0.0,0.0,0.0,166.0,36.25,122.88135593220339,0.1440677966101695,0.2711864406779661,0.0,0.0,0.0
2022,Basil Thampi,0.0,0.0,0.0,5,0.0,0.0,158.0,102.0,5.0,145.0,0.0,0.0,0.0,0.0,17.0,9.294117647058824,0.049019607843137254
2022,C Sakariya,0.0,0.0,0.0,3,0.0,0.0,87.0,71.0,3.0,87.0,0.0,0.0,0.0,0.0,11.833333333333334,7.352112676056338,0.04225352112676056
2022,CJ Jordan,11.0,9.0,1.0,4,0.0,2.0,136.0,79.0,2.0,73.0,11.0,122.22222222222223,0.0,0.2222222222222222,13.166666666666666,10.329113924050633,0.02531645569620253
2022,CV Varun,12.0,18.0,0.0,11,2.0,12.0,338.0,245.0,6.0,208.0,12.0,66.66666666666667,0.1111111111111111,0.6666666666666666,40.833333333333336,8.277551020408163,0.024489795918367346
2022,D Brevis,161.0,116.0,7.0,7,25.0,52.0,8.0,3.0,1.0,211.0,23.0,138.79310344827587,0.21551724137931033,0.4482758620689655,0.5,16.0,0.3333333333333333
2022,D Padikkal,376.0,317.0,17.0,17,55.0,128.0,0.0,0.0,0.0,431.0,22.11764705882353,118.61198738170347,0.17350157728706625,0.4037854889589905,0.0,0.0,0.0
2022,D Pretorius,44.0,28.0,4.0,6,6.0,10.0,213.0,137.0,6.0,208.0,11.0,157.14285714285714,0.21428571428571427,0.35714285714285715,22.833333333333332,9.328467153284672,0.043795620437956206
2022,DA Miller,481.0,348.0,9.0,16,55.0,88.0,0.0,0.0,0.0,564.0,53.44444444444444,138.2183908045977,0.15804597701149425,0.25287356321839083,0.0,0.0,0.0
2022,DA Warner,432.0,301.0,9.0,12,67.0,96.0,0.0,0.0,0.0,511.0,48.0,143.52159468438538,0.22259136212624583,0.31893687707641194,0.0,0.0,0.0
2022,DG Nalkande,0.0,0.0,0.0,2,0.0,0.0,59.0,33.0,2.0,58.0,0.0,0.0,0.0,0.0,5.5,10.727272727272727,0.06060606060606061
2022,DJ Bravo,23.0,26.0,2.0,10,2.0,9.0,302.0,228.0,16.0,457.0,11.5,88.46153846153847,0.07692307692307693,0.34615384615384615,38.0,7.947368421052632,0.07017543859649122
2022,DJ Hooda,451.0,340.0,14.0,14,54.0,98.0,43.0,24.0,1.0,534.0,32.214285714285715,132.64705882352942,0.1588235294117647,0.28823529411764703,4.0,10.75,0.041666666666666664
2022,DJ Mitchell,33.0,46.0,2.0,2,1.0,16.0,27.0,13.0,0.0,34.0,16.5,71.73913043478261,0.021739130434782608,0.34782608695652173,2.1666666666666665,12.461538461538462,0.0
2022,DJ Willey,18.0,32.0,3.0,4,3.0,21.0,75.0,66.0,1.0,54.0,6.0,56.25,0.09375,0.65625,11.0,6.818181818181818,0.015151515151515152
2022,DP Conway,252.0,176.0,6.0,7,35.0,52.0,0.0,0.0,0.0,291.0,42.0,143.1818181818182,0.19886363636363635,0.29545454545454547,0.0,0.0,0.0
2022,DR Sams,38.0,40.0,8.0,11,4.0,18.0,374.0,273.0,13.0,383.0,4.75,95.0,0.1,0.45,45.5,8.219780219780219,0.047619047619047616
2022,E Lewis,73.0,60.0,3.0,5,11.0,22.0,0.0,0.0,0.0,92.0,24.333333333333332,121.66666666666667,0.18333333333333332,0.36666666666666664,0.0,0.0,0.0
2022,F du Plessis,468.0,377.0,16.0,16,62.0,139.0,0.0,0.0,0.0,534.0,29.25,124.13793103448276,0.16445623342175067,0.3687002652519894,0.0,0.0,0.0
2022,FA Allen,8.0,7.0,1.0,1,1.0,3.0,46.0,24.0,1.0,34.0,8.0,114.28571428571429,0.14285714285714285,0.42857142857142855,4.0,11.5,0.041666666666666664
2022,Fazalhaq Farooqi,2.0,8.0,0.0,3,0.0,6.0,110.0,76.0,2.0,64.0,2.0,25.0,0.0,0.75,12.666666666666666,8.68421052631579,0.02631578947368421
2022,GJ Maxwell,301.0,184.0,10.0,13,46.0,56.0,166.0,144.0,6.0,509.0,30.1,163.58695652173913,0.25,0.30434782608695654,24.0,6.916666666666667,0.041666666666666664
2022,HE van der Dussen,22.0,25.0,2.0,3,2.0,9.0,0.0,0.0,0.0,28.0,11.0,88.0,0.08,0.36,0.0,0.0,0.0
2022,HH Pandya,487.0,387.0,10.0,15,61.0,115.0,226.0,189.0,8.0,768.0,48.7,125.83979328165374,0.15762273901808785,0.2971576227390181,31.5,7.174603174603175,0.042328042328042326
2022,HR Shokeen,43.0,48.0,2.0,5,5.0,24.0,130.0,94.0,2.0,110.0,21.5,89.58333333333333,0.10416666666666667,0.5,15.666666666666666,8.297872340425533,0.02127659574468085
2022,HV Patel,43.0,42.0,4.0,15,6.0,19.0,420.0,336.0,19.0,568.0,10.75,102.38095238095238,0.14285714285714285,0.4523809523809524,56.0,7.5,0.05654761904761905
2022,Harpreet Brar,22.0,25.0,3.0,5,3.0,16.0,148.0,100.0,4.0,133.0,7.333333333333333,88.0,0.12,0.64,16.666666666666668,8.879999999999999,0.04
2022,Harshit Rana,2.0,2.0,1.0,2,0.0,1.0,52.0,31.0,1.0,31.0,2.0,100.0,0.0,0.5,5.166666666666667,10.064516129032258,0.03225806451612903
2022,Ishan Kishan,418.0,355.0,13.0,14,56.0,136.0,0.0,0.0,0.0,478.0,32.15384615384615,117.74647887323944,0.15774647887323945,0.38309859154929576,0.0,0.0,0.0
2022,J Suchith,2.0,8.0,2.0,5,0.0,5.0,141.0,115.0,7.0,189.0,1.0,25.0,0.0,0.625,19.166666666666668,7.356521739130434,0.06086956521739131
2022,JC Buttler,863.0,596.0,15.0,17,129.0,224.0,0.0,0.0,0.0,1000.0,57.53333333333333,144.7986577181208,0.21644295302013422,0.37583892617449666,0.0,0.0,0.0
2022,JD Unadkat,59.0,37.0,1.0,5,7.0,12.0,190.0,122.0,6.0,232.0,59.0,159.45945945945945,0.1891891891891892,0.32432432432432434,20.333333333333332,9.344262295081968,0.04918032786885246
2022,JDS Neesham,31.0,27.0,1.0,2,3.0,7.0,29.0,18.0,0.0,38.0,31.0,114.81481481481481,0.1111111111111111,0.25925925925925924,3.0,9.666666666666666,0.0
2022,JJ Bumrah,0.0,9.0,1.0,14,0.0,8.0,391.0,326.0,15.0,427.0,0.0,0.0,0.0,0.8888888888888888,54.333333333333336,7.196319018404908,0.046012269938650305
2022,JM Bairstow,253.0,180.0,11.0,11,43.0,70.0,0.0,0.0,0.0,296.0,23.0,140.55555555555554,0.2388888888888889,0.3888888888888889,0.0,0.0,0.0
2022,JM Sharma,234.0,149.0,8.0,10,34.0,48.0,0.0,0.0,0.0,276.0,29.25,157.04697986577182,0.22818791946308725,0.3221476510067114,0.0,0.0,0.0
2022,JO Holder,58.0,46.0,6.0,12,8.0,22.0,397.0,264.0,14.0,440.0,9.666666666666666,126.08695652173913,0.17391304347826086,0.4782608695652174,44.0,9.022727272727273,0.05303030303030303
2022,JR Hazlewood,18.0,27.0,0.0,12,1.0,12.0,380.0,288.0,20.0,567.0,18.0,66.66666666666667,0.037037037037037035,0.4444444444444444,48.0,7.916666666666667,0.06944444444444445
2022,K Gowtham,0.0,2.0,1.0,4,0.0,1.0,101.0,72.0,5.0,137.0,0.0,0.0,0.0,0.5,12.0,8.416666666666666,0.06944444444444445
2022,K Kartikeya,3.0,6.0,1.0,4,0.0,2.0,103.0,78.0,5.0,140.0,3.0,50.0,0.0,0.3333333333333333,13.0,7.923076923076923,0.0641025641025641
2022,K Rabada,48.0,47.0,4.0,13,7.0,20.0,414.0,303.0,23.0,666.0,12.0,102.12765957446808,0.14893617021276595,0.425531914893617,50.5,8.198019801980198,0.07590759075907591
2022,KA Pollard,144.0,146.0,12.0,11,15.0,57.0,130.0,87.0,4.0,263.0,12.0,98.63013698630137,0.10273972602739725,0.3904109589041096,14.5,8.96551724137931,0.04597701149425287
2022,KD Karthik,330.0,188.0,6.0,16,49.0,51.0,0.0,0.0,0.0,419.0,55.0,175.53191489361703,0.26063829787234044,0.2712765957446808,0.0,0.0,0.0
2022,KH Pandya,183.0,150.0,10.0,14,20.0,47.0,269.0,231.0,10.0,473.0,18.3,122.0,0.13333333333333333,0.31333333333333335,38.5,6.987012987012987,0.04329004329004329
2022,KK Ahmed,0.0,2.0,2.0,10,0.0,2.0,315.0,242.0,16.0,432.0,0.0,0.0,0.0,1.0,40.333333333333336,7.8099173553719,0.06611570247933884
2022,KK Nair,16.0,18.0,2.0,2,1.0,4.0,0.0,0.0,0.0,17.0,8.0,88.88888888888889,0.05555555555555555,0.2222222222222222,0.0,0.0,0.0
2022,KL Nagarkoti,0.0,0.0,0.0,1,0.0,0.0,29.0,13.0,0.0,4.0,0.0,0.0,0.0,0.0,2.1666666666666665,13.384615384615385,0.0
2022,KL Rahul,616.0,472.0,11.0,14,75.0,144.0,0.0,0.0,0.0,703.0,56.0,130.5084745762712,0.15889830508474576,0.3050847457627119,0.0,0.0,0.0
2022,KR Sen,0.0,3.0,0.0,7,0.0,3.0,240.0,157.0,8.0,228.0,0.0,0.0,0.0,1.0,26.166666666666668,9.171974522292993,0.050955414012738856
2022,KS Bharat,8.0,7.0,2.0,2,2.0,5.0,0.0,0.0,0.0,10.0,4.0,114.28571428571429,0.2857142857142857,0.7142857142857143,0.0,0.0,0.0
2022,KS Sharma,4.0,4.0,1.0,1,1.0,3.0,0.0,0.0,0.0,5.0,4.0,100.0,0.25,0.75,0.0,0.0,0.0
2022,KS Williamson,216.0,235.0,10.0,12,24.0,108.0,0.0,0.0,0.0,248.0,21.6,91.91489361702128,0.10212765957446808,0.4595744680851064,0.0,0.0,0.0
2022,Kartik Tyagi,7.0,6.0,2.0,2,1.0,3.0,79.0,54.0,1.0,33.0,3.5,116.66666666666667,0.16666666666666666,0.5,9.0,8.777777777777779,0.018518518518518517
2022,Kuldeep Yadav,48.0,54.0,1.0,14,5.0,23.0,420.0,306.0,21.0,630.0,48.0,88.88888888888889,0.09259259259259259,0.42592592592592593,51.0,8.235294117647058,0.06862745098039216
2022,LH Ferguson,5.0,4.0,2.0,13,1.0,2.0,430.0,294.0,12.0,350.0,2.5,125.0,0.25,0.5,49.0,8.775510204081632,0.04081632653061224
2022,LS Livingstone,437.0,261.0,12.0,14,63.0,68.0,202.0,144.0,6.0,658.0,36.416666666666664,167.43295019157088,0.2413793103448276,0.26053639846743293,24.0,8.416666666666666,0.041666666666666664
2022,Lalit Yadav,161.0,152.0,6.0,10,18.0,57.0,152.0,110.0,4.0,295.0,26.833333333333332,105.92105263157895,0.11842105263157894,0.375,18.333333333333332,8.290909090909091,0.03636363636363636
2022,M Ashwin,12.0,14.0,2.0,8,2.0,10.0,233.0,179.0,9.0,263.0,6.0,85.71428571428571,0.14285714285714285,0.7142857142857143,29.833333333333332,7.810055865921788,0.05027932960893855
2022,M Jansen,9.0,7.0,1.0,8,1.0,3.0,278.0,201.0,7.0,213.0,9.0,128.57142857142858,0.14285714285714285,0.42857142857142855,33.5,8.298507462686567,0.03482587064676617
2022,M Markande,0.0,0.0,0.0,2,0.0,0.0,61.0,42.0,1.0,33.0,0.0,0.0,0.0,0.0,7.0,8.714285714285714,0.023809523809523808
2022,M Pathirana,0.0,0.0,0.0,2,0.0,0.0,56.0,48.0,2.0,58.0,0.0,0.0,0.0,0.0,8.0,7.0,0.041666666666666664
2022,M Prasidh Krishna,6.0,12.0,1.0,17,0.0,6.0,563.0,430.0,19.0,545.0,6.0,50.0,0.0,0.5,71.66666666666667,7.855813953488371,0.044186046511627906
2022,M Shahrukh Khan,117.0,118.0,7.0,8,13.0,51.0,0.0,0.0,0.0,134.0,16.714285714285715,99.15254237288136,0.11016949152542373,0.4322033898305085,0.0,0.0,0.0
2022,M Theekshana,7.0,7.0,1.0,9,1.0,4.0,267.0,212.0,12.0,340.0,7.0,100.0,0.14285714285714285,0.5714285714285714,35.333333333333336,7.556603773584905,0.05660377358490566
2022,M Vohra,19.0,12.0,1.0,1,3.0,4.0,0.0,0.0,0.0,22.0,19.0,158.33333333333334,0.25,0.3333333333333333,0.0,0.0,0.0
2022,MA Agarwal,196.0,167.0,12.0,12,29.0,65.0,0.0,0.0,0.0,225.0,16.333333333333332,117.36526946107784,0.17365269461077845,0.38922155688622756,0.0,0.0,0.0
2022,MJ Santner,22.0,30.0,2.0,6,3.0,15.0,135.0,114.0,4.0,141.0,11.0,73.33333333333333,0.1,0.5,19.0,7.105263157894737,0.03508771929824561
2022,MK Lomror,86.0,60.0,5.0,7,11.0,14.0,18.0,12.0,0.0,105.0,17.2,143.33333333333334,0.18333333333333332,0.23333333333333334,2.0,9.0,0.0
2022,MK Pandey,88.0,84.0,6.0,6,11.0,35.0,0.0,0.0,0.0,99.0,14.666666666666666,104.76190476190476,0.13095238095238096,0.4166666666666667,0.0,0.0,0.0
2022,MM Ali,244.0,183.0,10.0,10,35.0,68.0,159.0,146.0,8.0,479.0,24.4,133.33333333333334,0.1912568306010929,0.37158469945355194,24.333333333333332,6.534246575342466,0.0547945205479452
2022,MP Stoinis,156.0,116.0,7.0,11,20.0,38.0,79.0,44.0,4.0,292.0,22.285714285714285,134.48275862068965,0.1724137931034483,0.3275862068965517,7.333333333333333,10.772727272727273,0.09090909090909091
2022,MR Marsh,251.0,192.0,7.0,8,33.0,72.0,102.0,76.0,4.0,388.0,35.857142857142854,130.72916666666666,0.171875,0.375,12.666666666666666,8.052631578947368,0.05263157894736842
2022,MS Dhoni,232.0,198.0,8.0,12,31.0,80.0,0.0,0.0,0.0,279.0,29.0,117.17171717171718,0.15656565656565657,0.40404040404040403,0.0,0.0,0.0
2022,MS Wade,157.0,145.0,9.0,10,25.0,64.0,0.0,0.0,0.0,186.0,17.444444444444443,108.27586206896552,0.1724137931034483,0.4413793103448276,0.0,0.0,0.0
2022,Mandeep Singh,18.0,24.0,3.0,3,4.0,16.0,0.0,0.0,0.0,22.0,6.0,75.0,0.16666666666666666,0.6666666666666666,0.0,0.0,0.0
2022,Mohammed Shami,0.0,0.0,0.0,16,0.0,0.0,490.0,377.0,20.0,564.0,0.0,0.0,0.0,0.0,62.833333333333336,7.79840848806366,0.05305039787798409
2022,Mohammed Siraj,30.0,33.0,2.0,15,5.0,19.0,525.0,325.0,9.0,312.0,15.0,90.9090909090909,0.15151515151515152,0.5757575757575758,54.166666666666664,9.692307692307693,0.027692307692307693
2022,Mohsin Khan,23.0,19.0,1.0,9,3.0,5.0,202.0,206.0,14.0,408.0,23.0,121.05263157894737,0.15789473684210525,0.2631578947368421,34.333333333333336,5.883495145631067,0.06796116504854369
2022,Mukesh Choudhary,6.0,6.0,0.0,13,1.0,3.0,425.0,291.0,16.0,459.0,6.0,100.0,0.16666666666666666,0.5,48.5,8.762886597938145,0.054982817869415807
2022,Mustafizur Rahman,3.0,5.0,0.0,8,0.0,2.0,248.0,198.0,8.0,235.0,3.0,60.0,0.0,0.4,33.0,7.515151515151516,0.04040404040404041
2022,N Jagadeesan,40.0,40.0,1.0,2,4.0,12.0,0.0,0.0,0.0,48.0,40.0,100.0,0.1,0.3,0.0,0.0,0.0
2022,N Pooran,306.0,228.0,8.0,13,37.0,66.0,0.0,0.0,0.0,363.0,38.25,134.21052631578948,0.16228070175438597,0.2894736842105263,0.0,0.0,0.0
2022,N Rana,361.0,259.0,13.0,14,51.0,93.0,23.0,12.0,0.0,416.0,27.76923076923077,139.3822393822394,0.1969111969111969,0.3590733590733591,2.0,11.5,0.0
2022,NM Coulter-Nile,1.0,2.0,0.0,1,0.0,0.0,49.0,20.0,0.0,5.0,1.0,50.0,0.0,0.0,3.3333333333333335,14.7,0.0
2022,NT Ellis,0.0,2.0,1.0,2,0.0,2.0,56.0,39.0,3.0,79.0,0.0,0.0,0.0,1.0,6.5,8.615384615384615,0.07692307692307693
2022,Navdeep Saini,2.0,2.0,1.0,2,0.0,1.0,73.0,39.0,3.0,81.0,2.0,100.0,0.0,0.5,6.5,11.23076923076923,0.07692307692307693
2022,OC McCoy,8.0,5.0,0.0,7,1.0,2.0,242.0,173.0,11.0,312.0,8.0,160.0,0.2,0.4,28.833333333333332,8.39306358381503,0.06358381502890173
2022,OF Smith,51.0,50.0,3.0,6,6.0,23.0,179.0,94.0,6.0,219.0,17.0,102.0,0.12,0.46,15.666666666666666,11.425531914893618,0.06382978723404255
2022,P Simran Singh,14.0,11.0,1.0,1,2.0,5.0,0.0,0.0,0.0,16.0,14.0,127.27272727272727,0.18181818181818182,0.45454545454545453,0.0,0.0,0.0
2022,PBB Rajapaksa,206.0,137.0,9.0,9,29.0,42.0,0.0,0.0,0.0,235.0,22.88888888888889,150.36496350364965,0.2116788321167883,0.30656934306569344,0.0,0.0,0.0
2022,PH Solanki,0.0,0.0,0.0,2,0.0,0.0,39.0,36.0,2.0,58.0,0.0,0.0,0.0,0.0,6.0,6.5,0.05555555555555555
2022,PJ Cummins,63.0,24.0,4.0,5,11.0,8.0,218.0,126.0,7.0,253.0,15.75,262.5,0.4583333333333333,0.3333333333333333,21.0,10.380952380952381,0.05555555555555555
2022,PJ Sangwan,2.0,6.0,1.0,3,0.0,3.0,66.0,56.0,3.0,85.0,2.0,33.333333333333336,0.0,0.5,9.333333333333334,7.071428571428571,0.05357142857142857
2022,PK Garg,46.0,33.0,2.0,2,6.0,11.0,0.0,0.0,0.0,52.0,23.0,139.3939393939394,0.18181818181818182,0.3333333333333333,0.0,0.0,0.0
2022,PN Mankad,4.0,1.0,0.0,1,1.0,0.0,0.0,0.0,0.0,9.0,4.0,400.0,1.0,0.0,0.0,0.0,0.0
2022,PP Shaw,283.0,193.0,10.0,10,47.0,73.0,0.0,0.0,0.0,330.0,28.3,146.6321243523316,0.24352331606217617,0.37823834196891193,0.0,0.0,0.0
2022,PVD Chameera,43.0,32.0,3.0,12,6.0,11.0,392.0,276.0,9.0,310.0,14.333333333333334,134.375,0.1875,0.34375,46.0,8.521739130434783,0.03260869565217391
2022,PWH de Silva,38.0,48.0,7.0,16,5.0,24.0,439.0,345.0,26.0,729.0,5.428571428571429,79.16666666666667,0.10416666666666667,0.5,57.5,7.6347826086956525,0.07536231884057971
2022,Q de Kock,508.0,350.0,15.0,15,70.0,111.0,0.0,0.0,0.0,582.0,33.86666666666667,145.14285714285714,0.2,0.3171428571428571,0.0,0.0,0.0
2022,R Ashwin,191.0,140.0,9.0,17,23.0,38.0,505.0,418.0,12.0,546.0,21.22222222222222,136.42857142857142,0.16428571428571428,0.2714285714285714,69.66666666666667,7.248803827751195,0.028708133971291867
2022,R Dhawan,37.0,41.0,2.0,6,6.0,25.0,164.0,119.0,6.0,209.0,18.5,90.2439024390244,0.14634146341463414,0.6097560975609756,19.833333333333332,8.268907563025211,0.05042016806722689
2022,R Parag,183.0,136.0,11.0,15,21.0,40.0,59.0,26.0,1.0,249.0,16.636363636363637,134.55882352941177,0.15441176470588236,0.29411764705882354,4.333333333333333,13.615384615384617,0.038461538461538464
2022,R Powell,250.0,174.0,11.0,12,32.0,63.0,17.0,7.0,0.0,286.0,22.727272727272727,143.67816091954023,0.1839080459770115,0.3620689655172414,1.1666666666666667,14.571428571428571,0.0
2022,R Sai Kishore,0.0,0.0,0.0,5,0.0,0.0,122.0,98.0,6.0,170.0,0.0,0.0,0.0,0.0,16.333333333333332,7.469387755102042,0.061224489795918366
2022,R Sanjay Yadav,0.0,2.0,1.0,1,0.0,2.0,23.0,14.0,0.0,0.0,0.0,0.0,0.0,1.0,2.3333333333333335,9.857142857142856,0.0
2022,R Shepherd,58.0,43.0,3.0,3,7.0,16.0,98.0,56.0,3.0,140.0,19.333333333333332,134.88372093023256,0.16279069767441862,0.37209302325581395,9.333333333333334,10.5,0.05357142857142857
2022,R Tewatia,217.0,156.0,7.0,13,31.0,47.0,76.0,36.0,1.0,297.0,31.0,139.10256410256412,0.1987179487179487,0.30128205128205127,6.0,12.666666666666666,0.027777777777777776
2022,RA Bawa,11.0,14.0,2.0,2,1.0,7.0,0.0,0.0,0.0,12.0,5.5,78.57142857142857,0.07142857142857142,0.5,0.0,0.0,0.0
2022,RA Jadeja,116.0,105.0,8.0,10,11.0,30.0,252.0,202.0,5.0,260.0,14.5,110.47619047619048,0.10476190476190476,0.2857142857142857,33.666666666666664,7.485148514851486,0.024752475247524754
2022,RA Tripathi,413.0,271.0,12.0,14,60.0,83.0,0.0,0.0,0.0,481.0,34.416666666666664,152.39852398523985,0.22140221402214022,0.3062730627306273,0.0,0.0,0.0
2022,RD Chahar,77.0,70.0,7.0,13,11.0,35.0,365.0,290.0,14.0,462.0,11.0,110.0,0.15714285714285714,0.5,48.333333333333336,7.551724137931034,0.04827586206896552
2022,RD Gaikwad,368.0,298.0,14.0,14,47.0,105.0,0.0,0.0,0.0,415.0,26.285714285714285,123.48993288590604,0.15771812080536912,0.3523489932885906,0.0,0.0,0.0
2022,RG Sharma,268.0,234.0,14.0,14,41.0,112.0,0.0,0.0,0.0,309.0,19.142857142857142,114.52991452991454,0.1752136752136752,0.47863247863247865,0.0,0.0,0.0
2022,RK Singh,174.0,125.0,5.0,7,24.0,37.0,0.0,0.0,0.0,206.0,34.8,139.2,0.192,0.296,0.0,0.0,0.0
2022,RM Patidar,333.0,232.0,6.0,7,45.0,66.0,0.0,0.0,0.0,382.0,55.5,143.5344827586207,0.1939655172413793,0.28448275862068967,0.0,0.0,0.0
2022,RP Meredith,0.0,1.0,1.0,8,0.0,1.0,241.0,179.0,8.0,228.0,0.0,0.0,0.0,1.0,29.833333333333332,8.078212290502794,0.0446927374301676
2022,RR Pant,340.0,234.0,13.0,13,51.0,75.0,0.0,0.0,0.0,399.0,26.153846153846153,145.2991452991453,0.21794871794871795,0.32051282051282054,0.0,0.0,0.0
2022,RV Patel,6.0,3.0,1.0,1,1.0,2.0,0.0,0.0,0.0,7.0,6.0,200.0,0.3333333333333333,0.6666666666666666,0.0,0.0,0.0
2022,RV Uthappa,230.0,181.0,11.0,11,33.0,75.0,0.0,0.0,0.0,263.0,20.90909090909091,127.07182320441989,0.18232044198895028,0.4143646408839779,0.0,0.0,0.0
2022,Ramandeep Singh,45.0,42.0,2.0,5,4.0,12.0,55.0,41.0,6.0,211.0,22.5,107.14285714285714,0.09523809523809523,0.2857142857142857,6.833333333333333,8.048780487804878,0.14634146341463414
2022,Rashid Khan,91.0,44.0,4.0,16,12.0,10.0,427.0,385.0,19.0,626.0,22.75,206.8181818181818,0.2727272727272727,0.22727272727272727,64.16666666666667,6.654545454545454,0.04935064935064935
2022,Rasikh Salam,7.0,6.0,1.0,2,1.0,4.0,28.0,24.0,0.0,12.0,7.0,116.66666666666667,0.16666666666666666,0.6666666666666666,4.0,7.0,0.0
2022,Ravi Bishnoi,0.0,1.0,0.0,14,0.0,1.0,462.0,339.0,13.0,381.0,0.0,0.0,0.0,1.0,56.5,8.176991150442477,0.038348082595870206
2022,S Dhawan,460.0,395.0,12.0,14,59.0,129.0,0.0,0.0,0.0,527.0,38.333333333333336,116.45569620253164,0.14936708860759493,0.3265822784810127,0.0,0.0,0.0
2022,S Dube,289.0,194.0,9.0,11,38.0,58.0,40.0,14.0,0.0,335.0,32.111111111111114,148.96907216494844,0.1958762886597938,0.29896907216494845,2.3333333333333335,17.142857142857142,0.0
2022,S Gopal,9.0,7.0,0.0,1,2.0,4.0,34.0,18.0,1.0,40.0,9.0,128.57142857142858,0.2857142857142857,0.5714285714285714,3.0,11.333333333333334,0.05555555555555555
2022,S Kaul,0.0,0.0,0.0,1,0.0,0.0,43.0,24.0,0.0,4.0,0.0,0.0,0.0,0.0,4.0,10.75,0.0
2022,SA Abbott,7.0,5.0,1.0,1,1.0,3.0,47.0,27.0,1.0,33.0,7.0,140.0,0.2,0.6,4.5,10.444444444444445,0.037037037037037035
2022,SA Yadav,303.0,210.0,8.0,8,39.0,65.0,0.0,0.0,0.0,346.0,37.875,144.28571428571428,0.18571428571428572,0.30952380952380953,0.0,0.0,0.0
2022,SE Rutherford,33.0,52.0,2.0,2,2.0,24.0,0.0,0.0,0.0,35.0,16.5,63.46153846153846,0.038461538461538464,0.46153846153846156,0.0,0.0,0.0
2022,SN Khan,91.0,69.0,3.0,5,11.0,19.0,0.0,0.0,0.0,110.0,30.333333333333332,131.8840579710145,0.15942028985507245,0.2753623188405797,0.0,0.0,0.0
2022,SN Thakur,120.0,90.0,8.0,14,14.0,29.0,485.0,314.0,15.0,533.0,15.0,133.33333333333334,0.15555555555555556,0.32222222222222224,52.333333333333336,9.26751592356688,0.04777070063694268
2022,SO Hetmyer,314.0,221.0,7.0,15,42.0,68.0,0.0,0.0,0.0,388.0,44.857142857142854,142.0814479638009,0.19004524886877827,0.3076923076923077,0.0,0.0,0.0
2022,SP Jackson,23.0,26.0,4.0,5,1.0,10.0,0.0,0.0,0.0,28.0,5.75,88.46153846153847,0.038461538461538464,0.38461538461538464,0.0,0.0,0.0
2022,SP Narine,71.0,40.0,7.0,14,12.0,18.0,319.0,341.0,9.0,336.0,10.142857142857142,177.5,0.3,0.45,56.833333333333336,5.612903225806451,0.026392961876832845
2022,SS Iyer,401.0,310.0,13.0,14,52.0,98.0,7.0,6.0,0.0,457.0,30.846153846153847,129.3548387096774,0.16774193548387098,0.3161290322580645,1.0,7.0,0.0
2022,SS Prabhudessai,67.0,62.0,5.0,5,9.0,26.0,0.0,0.0,0.0,76.0,13.4,108.06451612903226,0.14516129032258066,0.41935483870967744,0.0,0.0,0.0
2022,SV Samson,458.0,321.0,16.0,17,69.0,124.0,0.0,0.0,0.0,531.0,28.625,142.6791277258567,0.21495327102803738,0.3862928348909657,0.0,0.0,0.0
2022,SW Billings,169.0,143.0,7.0,8,19.0,52.0,0.0,0.0,0.0,192.0,24.142857142857142,118.18181818181819,0.13286713286713286,0.36363636363636365,0.0,0.0,0.0
2022,Sandeep Sharma,0.0,0.0,0.0,5,0.0,0.0,156.0,125.0,2.0,70.0,0.0,0.0,0.0,0.0,20.833333333333332,7.488,0.016
2022,Shahbaz Ahmed,219.0,197.0,8.0,16,23.0,63.0,341.0,220.0,4.0,378.0,27.375,111.16751269035532,0.116751269035533,0.3197969543147208,36.666666666666664,9.3,0.01818181818181818
2022,Shashank Singh,69.0,47.0,4.0,6,9.0,17.0,20.0,13.0,0.0,86.0,17.25,146.80851063829786,0.19148936170212766,0.3617021276595745,2.1666666666666665,9.230769230769232,0.0
2022,Shivam Mavi,3.0,8.0,2.0,6,0.0,4.0,229.0,142.0,5.0,144.0,1.5,37.5,0.0,0.5,23.666666666666668,9.676056338028168,0.035211267605633804
2022,Shubman Gill,483.0,374.0,15.0,16,62.0,113.0,0.0,0.0,0.0,553.0,32.2,129.14438502673798,0.1657754010695187,0.30213903743315507,0.0,0.0,0.0
2022,Simarjeet Singh,7.0,8.0,1.0,6,0.0,3.0,143.0,113.0,4.0,127.0,7.0,87.5,0.0,0.375,18.833333333333332,7.592920353982302,0.035398230088495575
2022,T Natarajan,0.0,0.0,0.0,11,0.0,0.0,410.0,270.0,18.0,494.0,0.0,0.0,0.0,0.0,45.0,9.11111111111111,0.06666666666666667
2022,T Stubbs,2.0,4.0,1.0,2,0.0,2.0,0.0,0.0,0.0,6.0,2.0,50.0,0.0,0.5,0.0,0.0,0.0
2022,TA Boult,40.0,30.0,2.0,16,3.0,6.0,500.0,385.0,16.0,499.0,20.0,133.33333333333334,0.1,0.2,64.16666666666667,7.792207792207791,0.04155844155844156
2022,TG Southee,2.0,12.0,4.0,9,0.0,10.0,284.0,218.0,14.0,372.0,0.5,16.666666666666668,0.0,0.8333333333333334,36.333333333333336,7.816513761467889,0.06422018348623854
2022,TH David,186.0,91.0,6.0,8,28.0,22.0,0.0,0.0,0.0,226.0,31.0,204.3956043956044,0.3076923076923077,0.24175824175824176,0.0,0.0,0.0
2022,TL Seifert,24.0,21.0,2.0,2,4.0,10.0,0.0,0.0,0.0,28.0,12.0,114.28571428571429,0.19047619047619047,0.47619047619047616,0.0,0.0,0.0
2022,TS Mills,0.0,3.0,1.0,5,0.0,3.0,192.0,107.0,6.0,166.0,0.0,0.0,0.0,1.0,17.833333333333332,10.766355140186917,0.056074766355140186
2022,TU Deshpande,0.0,0.0,0.0,2,0.0,0.0,67.0,43.0,1.0,33.0,0.0,0.0,0.0,0.0,7.166666666666667,9.348837209302324,0.023255813953488372
2022,Tilak Varma,397.0,313.0,10.0,14,45.0,87.0,13.0,12.0,0.0,458.0,39.7,126.8370607028754,0.14376996805111822,0.2779552715654952,2.0,6.5,0.0
2022,UT Yadav,55.0,41.0,4.0,12,8.0,18.0,354.0,297.0,16.0,495.0,13.75,134.14634146341464,0.1951219512195122,0.43902439024390244,49.5,7.151515151515151,0.05387205387205387
2022,Umran Malik,4.0,8.0,1.0,14,0.0,4.0,455.0,312.0,22.0,606.0,4.0,50.0,0.0,0.5,52.0,8.75,0.07051282051282051
2022,V Kohli,341.0,306.0,16.0,16,40.0,113.0,0.0,0.0,0.0,389.0,21.3125,111.43790849673202,0.13071895424836602,0.369281045751634,0.0,0.0,0.0
2022,V Shankar,19.0,36.0,4.0,4,1.0,19.0,15.0,9.0,0.0,20.0,4.75,52.77777777777778,0.027777777777777776,0.5277777777777778,1.5,10.0,0.0
2022,VG Arora,5.0,14.0,2.0,5,0.0,8.0,164.0,109.0,3.0,92.0,2.5,35.714285714285715,0.0,0.5714285714285714,18.166666666666668,9.027522935779816,0.027522935779816515
2022,VR Aaron,0.0,0.0,0.0,2,0.0,0.0,53.0,33.0,2.0,58.0,0.0,0.0,0.0,0.0,5.5,9.636363636363637,0.06060606060606061
2022,VR Iyer,182.0,175.0,11.0,12,24.0,79.0,46.0,24.0,0.0,210.0,16.545454545454547,104.0,0.13714285714285715,0.4514285714285714,4.0,11.5,0.0
2022,WP Saha,317.0,266.0,9.0,11,47.0,100.0,0.0,0.0,0.0,372.0,35.22222222222222,119.17293233082707,0.17669172932330826,0.37593984962406013,0.0,0.0,0.0
2022,Washington Sundar,101.0,76.0,7.0,9,12.0,20.0,239.0,170.0,6.0,271.0,14.428571428571429,132.89473684210526,0.15789473684210525,0.2631578947368421,28.333333333333332,8.435294117647059,0.03529411764705882
2022,YBK Jaiswal,258.0,198.0,10.0,10,38.0,77.0,6.0,1.0,0.0,296.0,25.8,130.3030303030303,0.1919191919191919,0.3888888888888889,0.16666666666666666,36.0,0.0
2022,YS Chahal,5.0,8.0,1.0,17,0.0,4.0,536.0,427.0,27.0,744.0,5.0,62.5,0.0,0.5,71.16666666666667,7.5316159250585475,0.06323185011709602
2022,Yash Dayal,0.0,1.0,1.0,9,0.0,1.0,293.0,203.0,11.0,307.0,0.0,0.0,0.0,1.0,33.833333333333336,8.660098522167488,0.054187192118226604
2023,A Badoni,238.0,186.0,9.0,12,25.0,52.0,0.0,1.0,0.0,275.0,26.444444444444443,127.95698924731182,0.13440860215053763,0.27956989247311825,0.16666666666666666,0.0,0.0
2023,A Manohar,114.0,86.0,6.0,6,13.0,25.0,0.0,0.0,0.0,127.0,19.0,132.5581395348837,0.1511627906976744,0.29069767441860467,0.0,0.0,0.0
2023,A Mishra,19.0,30.0,1.0,7,2.0,17.0,151.0,115.0,7.0,220.0,19.0,63.333333333333336,0.06666666666666667,0.5666666666666667,19.166666666666668,7.878260869565217,0.06086956521739131
2023,A Nortje,37.0,29.0,2.0,10,6.0,9.0,370.0,250.0,10.0,325.0,18.5,127.58620689655173,0.20689655172413793,0.3103448275862069,41.666666666666664,8.88,0.04
2023,A Zampa,10.0,17.0,3.0,6,0.0,6.0,189.0,132.0,8.0,222.0,3.3333333333333335,58.8235294117647,0.0,0.35294117647058826,22.0,8.590909090909092,0.06060606060606061
2023,AD Russell,227.0,162.0,12.0,14,31.0,67.0,173.0,99.0,7.0,441.0,18.916666666666668,140.12345679012347,0.19135802469135801,0.41358024691358025,16.5,10.484848484848484,0.0707070707070707
2023,AJ Hosein,16.0,11.0,0.0,1,2.0,3.0,41.0,24.0,1.0,47.0,16.0,145.45454545454547,0.18181818181818182,0.2727272727272727,4.0,10.25,0.041666666666666664
2023,AK Markram,248.0,200.0,11.0,13,26.0,57.0,71.0,49.0,1.0,307.0,22.545454545454547,124.0,0.13,0.285,8.166666666666666,8.693877551020408,0.02040816326530612
2023,AM Rahane,326.0,193.0,10.0,11,40.0,36.0,0.0,0.0,0.0,370.0,32.6,168.9119170984456,0.20725388601036268,0.18652849740932642,0.0,0.0,0.0
2023,AR Patel,283.0,216.0,10.0,14,36.0,67.0,344.0,288.0,11.0,610.0,28.3,131.0185185185185,0.16666666666666666,0.3101851851851852,48.0,7.166666666666667,0.03819444444444445
2023,AS Joseph,7.0,12.0,0.0,7,1.0,7.0,226.0,150.0,7.0,211.0,7.0,58.333333333333336,0.08333333333333333,0.5833333333333334,25.0,9.04,0.04666666666666667
2023,AS Roy,23.0,19.0,2.0,4,3.0,7.0,65.0,51.0,3.0,109.0,11.5,121.05263157894737,0.15789473684210525,0.3684210526315789,8.5,7.647058823529412,0.058823529411764705
2023,AT Rayudu,158.0,115.0,10.0,12,19.0,36.0,0.0,0.0,0.0,185.0,15.8,137.3913043478261,0.16521739130434782,0.3130434782608696,0.0,0.0,0.0
2023,AU Rashid,22.0,17.0,2.0,2,3.0,7.0,56.0,42.0,2.0,75.0,11.0,129.41176470588235,0.17647058823529413,0.4117647058823529,7.0,8.0,0.047619047619047616
2023,Abdul Basith,1.0,1.0,0.0,1,0.0,0.0,0.0,0.0,0.0,5.0,1.0,100.0,0.0,0.0,0.0,0.0,0.0
2023,Abdul Samad,169.0,131.0,5.0,8,21.0,47.0,0.0,0.0,0.0,202.0,33.8,129.00763358778627,0.16030534351145037,0.35877862595419846,0.0,0.0,0.0
2023,Abhishek Sharma,226.0,166.0,11.0,11,34.0,53.0,127.0,75.0,2.0,310.0,20.545454545454547,136.14457831325302,0.20481927710843373,0.3192771084337349,12.5,10.16,0.02666666666666667
2023,Abishek Porel,33.0,31.0,4.0,4,3.0,11.0,0.0,0.0,0.0,36.0,8.25,106.45161290322581,0.0967741935483871,0.3548387096774194,0.0,0.0,0.0
2023,Akash Deep,17.0,8.0,1.0,2,3.0,2.0,63.0,33.0,1.0,49.0,17.0,212.5,0.375,0.25,5.5,11.454545454545455,0.030303030303030304
2023,Akash Madhwal,0.0,0.0,0.0,8,0.0,0.0,222.0,159.0,15.0,407.0,0.0,0.0,0.0,0.0,26.5,8.377358490566039,0.09433962264150944
2023,Akash Singh,0.0,0.0,0.0,6,0.0,0.0,188.0,117.0,5.0,149.0,0.0,0.0,0.0,0.0,19.5,9.64102564102564,0.042735042735042736
2023,Aman Hakim Khan,110.0,106.0,8.0,9,13.0,47.0,0.0,0.0,0.0,127.0,13.75,103.77358490566037,0.12264150943396226,0.44339622641509435,0.0,0.0,0.0
2023,Anmolpreet Singh,105.0,83.0,4.0,4,17.0,35.0,0.0,0.0,0.0,122.0,26.25,126.50602409638554,0.20481927710843373,0.42168674698795183,0.0,0.0,0.0
2023,Anuj Rawat,91.0,72.0,3.0,7,10.0,23.0,0.0,0.0,0.0,117.0,30.333333333333332,126.38888888888889,0.1388888888888889,0.3194444444444444,0.0,0.0,0.0
2023,Arjun Tendulkar,13.0,9.0,1.0,4,1.0,2.0,94.0,67.0,3.0,101.0,13.0,144.44444444444446,0.1111111111111111,0.2222222222222222,11.166666666666666,8.417910447761194,0.04477611940298507
2023,Arshad Khan,18.0,15.0,2.0,6,1.0,4.0,192.0,97.0,5.0,160.0,9.0,120.0,0.06666666666666667,0.26666666666666666,16.166666666666668,11.876288659793813,0.05154639175257732
2023,Arshdeep Singh,2.0,2.0,0.0,14,0.0,1.0,497.0,323.0,17.0,483.0,2.0,100.0,0.0,0.5,53.833333333333336,9.23219814241486,0.05263157894736842
2023,Atharva Taide,186.0,136.0,6.0,7,26.0,43.0,0.0,0.0,0.0,216.0,31.0,136.76470588235293,0.19117647058823528,0.3161764705882353,0.0,0.0,0.0
2023,Avesh Khan,0.0,1.0,0.0,9,0.0,0.0,287.0,176.0,8.0,236.0,0.0,0.0,0.0,0.0,29.333333333333332,9.78409090909091,0.045454545454545456
2023,B Kumar,42.0,49.0,3.0,14,4.0,19.0,431.0,316.0,16.0,490.0,14.0,85.71428571428571,0.08163265306122448,0.3877551020408163,52.666666666666664,8.183544303797468,0.05063291139240506
2023,B Sai Sudharsan,362.0,264.0,6.0,8,45.0,72.0,0.0,0.0,0.0,415.0,60.333333333333336,137.12121212121212,0.17045454545454544,0.2727272727272727,0.0,0.0,0.0
2023,BA Stokes,15.0,15.0,2.0,2,2.0,5.0,18.0,6.0,0.0,17.0,7.5,100.0,0.13333333333333333,0.3333333333333333,1.0,18.0,0.0
2023,C Green,452.0,287.0,10.0,16,62.0,76.0,369.0,238.0,7.0,713.0,45.2,157.49128919860627,0.21602787456445993,0.26480836236933797,39.666666666666664,9.302521008403362,0.029411764705882353
2023,C Sakariya,4.0,6.0,1.0,2,1.0,5.0,89.0,55.0,3.0,84.0,4.0,66.66666666666667,0.16666666666666666,0.8333333333333334,9.166666666666666,9.709090909090909,0.05454545454545454
2023,CJ Jordan,6.0,13.0,2.0,6,0.0,6.0,241.0,140.0,3.0,97.0,3.0,46.15384615384615,0.0,0.46153846153846156,23.333333333333332,10.32857142857143,0.02142857142857143
2023,CV Varun,1.0,11.0,0.0,14,0.0,8.0,445.0,323.0,20.0,557.0,1.0,9.090909090909092,0.0,0.7272727272727273,53.833333333333336,8.26625386996904,0.06191950464396285
2023,D Jansen,0.0,0.0,0.0,1,0.0,0.0,53.0,28.0,1.0,29.0,0.0,0.0,0.0,0.0,4.666666666666667,11.357142857142856,0.03571428571428571
2023,D Padikkal,261.0,206.0,11.0,11,37.0,69.0,0.0,0.0,0.0,298.0,23.727272727272727,126.69902912621359,0.1796116504854369,0.33495145631067963,0.0,0.0,0.0
2023,D Pretorius,0.0,0.0,0.0,1,0.0,0.0,29.0,28.0,0.0,4.0,0.0,0.0,0.0,0.0,4.666666666666667,6.2142857142857135,0.0
2023,D Wiese,21.0,11.0,1.0,3,3.0,4.0,38.0,18.0,0.0,32.0,21.0,190.9090909090909,0.2727272727272727,0.36363636363636365,3.0,12.666666666666666,0.0
2023,DA Miller,259.0,184.0,8.0,13,31.0,43.0,0.0,0.0,0.0,310.0,32.375,140.7608695652174,0.16847826086956522,0.23369565217391305,0.0,0.0,0.0
2023,DA Warner,516.0,406.0,13.0,14,79.0,153.0,0.0,0.0,0.0,599.0,39.69230769230769,127.0935960591133,0.19458128078817735,0.3768472906403941,0.0,0.0,0.0
2023,DG Nalkande,0.0,1.0,1.0,1,0.0,1.0,45.0,25.0,1.0,25.0,0.0,0.0,0.0,1.0,4.166666666666667,10.799999999999999,0.04
2023,DJ Hooda,84.0,93.0,11.0,12,5.0,32.0,8.0,6.0,0.0,97.0,7.636363636363637,90.3225806451613,0.053763440860215055,0.34408602150537637,1.0,8.0,0.0
2023,DJ Willey,35.0,32.0,0.0,4,4.0,11.0,106.0,93.0,3.0,130.0,35.0,109.375,0.125,0.34375,15.5,6.838709677419355,0.03225806451612903
2023,DL Chahar,1.0,2.0,0.0,10,0.0,1.0,302.0,215.0,13.0,366.0,1.0,50.0,0.0,0.5,35.833333333333336,8.427906976744186,0.06046511627906977
2023,DP Conway,672.0,493.0,14.0,15,95.0,152.0,0.0,0.0,0.0,771.0,48.0,136.30831643002028,0.1926977687626775,0.30831643002028397,0.0,0.0,0.0
2023,Dhruv Jurel,152.0,93.0,6.0,11,20.0,20.0,0.0,0.0,0.0,192.0,25.333333333333332,163.44086021505376,0.21505376344086022,0.21505376344086022,0.0,0.0,0.0
2023,F du Plessis,730.0,483.0,13.0,14,96.0,124.0,0.0,0.0,0.0,830.0,56.15384615384615,151.13871635610766,0.19875776397515527,0.2567287784679089,0.0,0.0,0.0
2023,Fazalhaq Farooqi,1.0,5.0,0.0,4,0.0,4.0,119.0,86.0,4.0,117.0,1.0,20.0,0.0,0.8,14.333333333333334,8.30232558139535,0.046511627906976744
2023,GD Phillips,39.0,22.0,5.0,5,6.0,10.0,20.0,18.0,1.0,70.0,7.8,177.27272727272728,0.2727272727272727,0.45454545454545453,3.0,6.666666666666667,0.05555555555555555
2023,GJ Maxwell,400.0,225.0,12.0,14,60.0,68.0,95.0,64.0,3.0,543.0,33.333333333333336,177.77777777777777,0.26666666666666666,0.3022222222222222,10.666666666666666,8.90625,0.046875
2023,Gurnoor Brar,0.0,0.0,0.0,1,0.0,0.0,42.0,21.0,0.0,4.0,0.0,0.0,0.0,0.0,3.5,12.0,0.0
2023,H Klaasen,448.0,262.0,9.0,11,57.0,48.0,0.0,0.0,0.0,513.0,49.77777777777778,170.99236641221373,0.21755725190839695,0.183206106870229,0.0,0.0,0.0
2023,H Sharma,0.0,0.0,0.0,1,0.0,0.0,33.0,18.0,0.0,4.0,0.0,0.0,0.0,0.0,3.0,11.0,0.0
2023,HC Brook,190.0,159.0,9.0,11,27.0,64.0,0.0,0.0,0.0,225.0,21.11111111111111,119.49685534591195,0.16981132075471697,0.4025157232704403,0.0,0.0,0.0
2023,HH Pandya,346.0,254.0,11.0,15,41.0,77.0,240.0,155.0,3.0,478.0,31.454545454545453,136.2204724409449,0.16141732283464566,0.3031496062992126,25.833333333333332,9.290322580645162,0.01935483870967742
2023,HR Shokeen,23.0,19.0,1.0,8,4.0,5.0,190.0,119.0,3.0,130.0,23.0,121.05263157894737,0.21052631578947367,0.2631578947368421,19.833333333333332,9.579831932773109,0.025210084033613446
2023,HV Patel,6.0,6.0,2.0,13,1.0,4.0,467.0,301.0,14.0,401.0,3.0,100.0,0.16666666666666666,0.6666666666666666,50.166666666666664,9.308970099667775,0.046511627906976744
2023,Harpreet Brar,52.0,42.0,7.0,11,7.0,14.0,219.0,166.0,9.0,300.0,7.428571428571429,123.80952380952381,0.16666666666666666,0.3333333333333333,27.666666666666668,7.9156626506024095,0.05421686746987952
2023,Harpreet Singh,76.0,59.0,2.0,3,11.0,23.0,0.0,0.0,0.0,91.0,38.0,128.8135593220339,0.1864406779661017,0.3898305084745763,0.0,0.0,0.0
2023,Harshit Rana,0.0,1.0,1.0,6,0.0,1.0,153.0,107.0,5.0,145.0,0.0,0.0,0.0,1.0,17.833333333333332,8.57943925233645,0.04672897196261682
2023,I Sharma,1.0,1.0,0.0,8,0.0,0.0,210.0,157.0,10.0,283.0,1.0,100.0,0.0,0.0,26.166666666666668,8.025477707006369,0.06369426751592357
2023,Ishan Kishan,454.0,325.0,15.0,15,72.0,126.0,0.0,0.0,0.0,526.0,30.266666666666666,139.69230769230768,0.22153846153846155,0.38769230769230767,0.0,0.0,0.0
2023,J Little,0.0,0.0,0.0,10,0.0,0.0,295.0,209.0,7.0,215.0,0.0,0.0,0.0,0.0,34.833333333333336,8.4688995215311,0.03349282296650718
2023,J Yadav,0.0,0.0,0.0,1,0.0,0.0,26.0,24.0,0.0,4.0,0.0,0.0,0.0,0.0,4.0,6.5,0.0
2023,JC Archer,4.0,4.0,0.0,5,0.0,1.0,202.0,129.0,2.0,74.0,4.0,100.0,0.0,0.25,21.5,9.395348837209303,0.015503875968992248
2023,JC Buttler,392.0,298.0,15.0,14,56.0,99.0,0.0,0.0,0.0,448.0,26.133333333333333,131.54362416107384,0.18791946308724833,0.33221476510067116,0.0,0.0,0.0
2023,JD Unadkat,9.0,7.0,1.0,3,1.0,1.0,91.0,51.0,0.0,18.0,9.0,128.57142857142858,0.14285714285714285,0.14285714285714285,8.5,10.705882352941176,0.0
2023,JE Root,10.0,15.0,1.0,2,1.0,8.0,15.0,12.0,0.0,15.0,10.0,66.66666666666667,0.06666666666666667,0.5333333333333333,2.0,7.5,0.0
2023,JJ Roy,285.0,196.0,8.0,8,48.0,73.0,0.0,0.0,0.0,333.0,35.625,145.40816326530611,0.24489795918367346,0.37244897959183676,0.0,0.0,0.0
2023,JM Sharma,309.0,205.0,13.0,14,43.0,70.0,0.0,0.0,0.0,356.0,23.76923076923077,150.73170731707316,0.2097560975609756,0.34146341463414637,0.0,0.0,0.0
2023,JO Holder,12.0,12.0,2.0,8,1.0,4.0,290.0,176.0,4.0,137.0,6.0,100.0,0.08333333333333333,0.3333333333333333,29.333333333333332,9.886363636363637,0.022727272727272728
2023,JP Behrendorff,6.0,9.0,0.0,12,0.0,3.0,394.0,259.0,14.0,404.0,6.0,66.66666666666667,0.0,0.3333333333333333,43.166666666666664,9.127413127413128,0.05405405405405406
2023,JR Hazlewood,1.0,2.0,0.0,3,0.0,1.0,76.0,57.0,3.0,88.0,1.0,50.0,0.0,0.5,9.5,8.0,0.05263157894736842
2023,K Gowtham,61.0,44.0,4.0,7,7.0,10.0,118.0,100.0,3.0,155.0,15.25,138.63636363636363,0.1590909090909091,0.22727272727272727,16.666666666666668,7.079999999999999,0.03
2023,K Kartikeya,6.0,7.0,1.0,8,1.0,3.0,231.0,163.0,5.0,160.0,6.0,85.71428571428571,0.14285714285714285,0.42857142857142855,27.166666666666668,8.503067484662576,0.03067484662576687
2023,K Khejroliya,0.0,0.0,0.0,2,0.0,0.0,64.0,28.0,2.0,58.0,0.0,0.0,0.0,0.0,4.666666666666667,13.714285714285714,0.07142857142857142
2023,K Rabada,0.0,2.0,1.0,6,0.0,2.0,243.0,147.0,7.0,195.0,0.0,0.0,0.0,1.0,24.5,9.918367346938776,0.047619047619047616
2023,K Yadav,0.0,0.0,0.0,2,0.0,0.0,68.0,42.0,2.0,58.0,0.0,0.0,0.0,0.0,7.0,9.714285714285714,0.047619047619047616
2023,KD Karthik,140.0,106.0,12.0,13,18.0,34.0,0.0,0.0,0.0,166.0,11.666666666666666,132.0754716981132,0.16981132075471697,0.32075471698113206,0.0,0.0,0.0
2023,KH Pandya,188.0,172.0,11.0,15,21.0,66.0,320.0,253.0,9.0,450.0,17.09090909090909,109.30232558139535,0.12209302325581395,0.38372093023255816,42.166666666666664,7.588932806324111,0.03557312252964427
2023,KK Ahmed,0.0,0.0,0.0,9,0.0,0.0,309.0,211.0,9.0,261.0,0.0,0.0,0.0,0.0,35.166666666666664,8.786729857819905,0.04265402843601896
2023,KL Rahul,274.0,247.0,8.0,9,32.0,88.0,0.0,0.0,0.0,310.0,34.25,110.93117408906883,0.12955465587044535,0.3562753036437247,0.0,0.0,0.0
2023,KM Asif,0.0,2.0,1.0,4,0.0,2.0,139.0,91.0,3.0,87.0,0.0,0.0,0.0,1.0,15.166666666666666,9.164835164835166,0.03296703296703297
2023,KM Jadhav,12.0,10.0,0.0,1,1.0,3.0,0.0,0.0,0.0,17.0,12.0,120.0,0.1,0.3,0.0,0.0,0.0
2023,KR Mayers,379.0,276.0,13.0,13,60.0,119.0,59.0,46.0,0.0,439.0,29.153846153846153,137.31884057971016,0.21739130434782608,0.4311594202898551,7.666666666666667,7.695652173913043,0.0
2023,KR Sen,0.0,0.0,0.0,2,0.0,0.0,29.0,19.0,0.0,8.0,0.0,0.0,0.0,0.0,3.1666666666666665,9.157894736842106,0.0
2023,KS Sharma,12.0,21.0,2.0,2,0.0,9.0,0.0,0.0,0.0,12.0,6.0,57.142857142857146,0.0,0.42857142857142855,0.0,0.0,0.0
2023,KV Sharma,3.0,5.0,2.0,7,0.0,3.0,228.0,131.0,10.0,273.0,1.5,60.0,0.0,0.6,21.833333333333332,10.442748091603054,0.07633587786259542
2023,Kartik Tyagi,0.0,0.0,0.0,3,0.0,0.0,92.0,44.0,1.0,37.0,0.0,0.0,0.0,0.0,7.333333333333333,12.545454545454547,0.022727272727272728
2023,Kuldeep Yadav,31.0,50.0,3.0,14,2.0,25.0,366.0,300.0,10.0,327.0,10.333333333333334,62.0,0.04,0.5,50.0,7.32,0.03333333333333333
2023,LH Ferguson,0.0,0.0,0.0,3,0.0,0.0,98.0,50.0,1.0,37.0,0.0,0.0,0.0,0.0,8.333333333333334,11.76,0.02
2023,LS Livingstone,279.0,175.0,9.0,9,39.0,51.0,94.0,42.0,2.0,372.0,31.0,159.42857142857142,0.22285714285714286,0.2914285714285714,7.0,13.428571428571429,0.047619047619047616
2023,Lalit Yadav,66.0,62.0,5.0,6,8.0,20.0,120.0,81.0,2.0,128.0,13.2,106.45161290322581,0.12903225806451613,0.3225806451612903,13.5,8.88888888888889,0.024691358024691357
2023,Liton Das,4.0,4.0,1.0,1,1.0,3.0,0.0,0.0,0.0,5.0,4.0,100.0,0.25,0.75,0.0,0.0,0.0
2023,M Ashwin,0.0,0.0,0.0,2,0.0,0.0,53.0,25.0,0.0,8.0,0.0,0.0,0.0,0.0,4.166666666666667,12.719999999999999,0.0
2023,M Jansen,39.0,45.0,4.0,8,4.0,15.0,273.0,178.0,10.0,309.0,9.75,86.66666666666667,0.08888888888888889,0.3333333333333333,29.666666666666668,9.202247191011235,0.056179775280898875
2023,M Markande,21.0,14.0,0.0,10,3.0,3.0,300.0,230.0,12.0,364.0,21.0,150.0,0.21428571428571427,0.21428571428571427,38.333333333333336,7.826086956521738,0.05217391304347826
2023,M Pathirana,0.0,0.0,0.0,12,0.0,0.0,385.0,306.0,19.0,523.0,0.0,0.0,0.0,0.0,51.0,7.549019607843137,0.06209150326797386
2023,M Shahrukh Khan,156.0,100.0,7.0,12,22.0,28.0,0.0,0.0,0.0,198.0,22.285714285714285,156.0,0.22,0.28,0.0,0.0,0.0
2023,M Theekshana,0.0,0.0,0.0,13,0.0,0.0,401.0,298.0,11.0,327.0,0.0,0.0,0.0,0.0,49.666666666666664,8.073825503355705,0.03691275167785235
2023,M Vohra,10.0,11.0,1.0,1,1.0,4.0,0.0,0.0,0.0,11.0,10.0,90.9090909090909,0.09090909090909091,0.36363636363636365,0.0,0.0,0.0
2023,MA Agarwal,270.0,219.0,10.0,10,35.0,65.0,0.0,0.0,0.0,305.0,27.0,123.28767123287672,0.1598173515981735,0.2968036529680365,0.0,0.0,0.0
2023,MA Wood,11.0,5.0,1.0,4,2.0,2.0,142.0,102.0,11.0,300.0,11.0,220.0,0.4,0.4,17.0,8.352941176470589,0.10784313725490197
2023,MD Shanaka,26.0,26.0,2.0,3,3.0,12.0,0.0,0.0,0.0,33.0,13.0,100.0,0.11538461538461539,0.46153846153846156,0.0,0.0,0.0
2023,MG Bracewell,58.0,49.0,2.0,5,7.0,12.0,95.0,66.0,6.0,227.0,29.0,118.36734693877551,0.14285714285714285,0.24489795918367346,11.0,8.636363636363637,0.09090909090909091
2023,MJ Santner,2.0,4.0,0.0,3,0.0,1.0,82.0,72.0,3.0,89.0,2.0,50.0,0.0,0.25,12.0,6.833333333333333,0.041666666666666664
2023,MK Lomror,135.0,101.0,8.0,10,17.0,28.0,16.0,11.0,0.0,160.0,16.875,133.66336633663366,0.16831683168316833,0.27722772277227725,1.8333333333333333,8.727272727272728,0.0
2023,MK Pandey,160.0,149.0,10.0,9,18.0,54.0,0.0,0.0,0.0,178.0,16.0,107.38255033557047,0.12080536912751678,0.3624161073825503,0.0,0.0,0.0
2023,MM Ali,124.0,92.0,7.0,13,18.0,34.0,198.0,157.0,9.0,391.0,17.714285714285715,134.7826086956522,0.1956521739130435,0.3695652173913043,26.166666666666668,7.56687898089172,0.05732484076433121
2023,MM Sharma,0.0,1.0,0.0,14,0.0,0.0,359.0,264.0,27.0,731.0,0.0,0.0,0.0,0.0,44.0,8.159090909090908,0.10227272727272728
2023,MP Stoinis,408.0,281.0,14.0,15,55.0,93.0,101.0,69.0,5.0,592.0,29.142857142857142,145.19572953736656,0.19572953736654805,0.3309608540925267,11.5,8.782608695652174,0.07246376811594203
2023,MR Marsh,128.0,97.0,8.0,9,18.0,40.0,172.0,132.0,12.0,450.0,16.0,131.95876288659792,0.18556701030927836,0.41237113402061853,22.0,7.818181818181818,0.09090909090909091
2023,MS Dhoni,104.0,63.0,4.0,12,13.0,14.0,0.0,0.0,0.0,149.0,26.0,165.0793650793651,0.20634920634920634,0.2222222222222222,0.0,0.0,0.0
2023,MW Short,117.0,99.0,6.0,6,19.0,43.0,25.0,25.0,0.0,136.0,19.5,118.18181818181819,0.1919191919191919,0.43434343434343436,4.166666666666667,6.0,0.0
2023,Mandeep Singh,14.0,16.0,3.0,3,1.0,8.0,0.0,0.0,0.0,15.0,4.666666666666667,87.5,0.0625,0.5,0.0,0.0,0.0
2023,Mayank Dagar,0.0,0.0,0.0,3,0.0,0.0,83.0,66.0,1.0,37.0,0.0,0.0,0.0,0.0,11.0,7.545454545454546,0.015151515151515152
2023,Mohammed Shami,5.0,8.0,2.0,17,1.0,4.0,532.0,403.0,28.0,766.0,2.5,62.5,0.125,0.5,67.16666666666667,7.9205955334987586,0.06947890818858561
2023,Mohammed Siraj,1.0,2.0,1.0,14,0.0,1.0,395.0,328.0,19.0,528.0,1.0,50.0,0.0,0.5,54.666666666666664,7.225609756097561,0.057926829268292686
2023,Mohit Rathee,1.0,2.0,0.0,1,0.0,1.0,29.0,12.0,0.0,5.0,1.0,50.0,0.0,0.5,2.0,14.5,0.0
2023,Mohsin Khan,0.0,7.0,1.0,4,0.0,7.0,111.0,64.0,3.0,87.0,0.0,0.0,0.0,1.0,10.666666666666666,10.40625,0.046875
2023,Mukesh Kumar,7.0,10.0,0.0,10,0.0,2.0,327.0,196.0,8.0,247.0,7.0,70.0,0.0,0.2,32.666666666666664,10.010204081632654,0.04081632653061224
2023,Mustafizur Rahman,1.0,1.0,0.0,2,0.0,0.0,79.0,42.0,1.0,34.0,1.0,100.0,0.0,0.0,7.0,11.285714285714286,0.023809523809523808
2023,N Jagadeesan,89.0,84.0,6.0,6,15.0,42.0,0.0,0.0,0.0,104.0,14.833333333333334,105.95238095238095,0.17857142857142858,0.5,0.0,0.0,0.0
2023,N Pooran,358.0,217.0,11.0,15,52.0,66.0,0.0,0.0,0.0,426.0,32.54545454545455,164.97695852534562,0.23963133640552994,0.30414746543778803,0.0,0.0,0.0
2023,N Rana,413.0,303.0,13.0,14,59.0,105.0,75.0,54.0,3.0,551.0,31.76923076923077,136.3036303630363,0.19471947194719472,0.3465346534653465,9.0,8.333333333333334,0.05555555555555555
2023,N Wadhera,241.0,171.0,9.0,10,35.0,59.0,0.0,0.0,0.0,280.0,26.77777777777778,140.93567251461988,0.2046783625730994,0.34502923976608185,0.0,0.0,0.0
2023,NA Saini,0.0,0.0,0.0,1,0.0,0.0,35.0,15.0,0.0,4.0,0.0,0.0,0.0,0.0,2.5,14.0,0.0
2023,NT Ellis,1.0,7.0,2.0,10,0.0,6.0,342.0,233.0,13.0,358.0,0.5,14.285714285714286,0.0,0.8571428571428571,38.833333333333336,8.806866952789699,0.055793991416309016
2023,Navdeep Saini,0.0,0.0,0.0,1,0.0,0.0,40.0,25.0,3.0,79.0,0.0,0.0,0.0,0.0,4.166666666666667,9.6,0.12
2023,Naveen-ul-Haq,16.0,22.0,2.0,7,2.0,8.0,227.0,175.0,11.0,313.0,8.0,72.72727272727273,0.09090909090909091,0.36363636363636365,29.166666666666668,7.782857142857143,0.06285714285714286
2023,Nithish Kumar Reddy,0.0,0.0,0.0,2,0.0,0.0,54.0,31.0,0.0,8.0,0.0,0.0,0.0,0.0,5.166666666666667,10.451612903225806,0.0
2023,Noor Ahmad,8.0,9.0,2.0,13,1.0,4.0,375.0,299.0,16.0,453.0,4.0,88.88888888888889,0.1111111111111111,0.4444444444444444,49.833333333333336,7.525083612040134,0.05351170568561873
2023,OC McCoy,0.0,0.0,0.0,1,0.0,0.0,13.0,7.0,0.0,4.0,0.0,0.0,0.0,0.0,1.1666666666666667,11.142857142857142,0.0
2023,P Dubey,16.0,20.0,1.0,1,2.0,10.0,19.0,19.0,1.0,43.0,16.0,80.0,0.1,0.5,3.1666666666666665,6.0,0.05263157894736842
2023,P Simran Singh,358.0,245.0,15.0,14,57.0,100.0,0.0,0.0,0.0,415.0,23.866666666666667,146.12244897959184,0.23265306122448978,0.40816326530612246,0.0,0.0,0.0
2023,PBB Rajapaksa,71.0,64.0,3.0,4,8.0,22.0,0.0,0.0,0.0,83.0,23.666666666666668,110.9375,0.125,0.34375,0.0,0.0,0.0
2023,PD Salt,218.0,135.0,8.0,9,34.0,42.0,0.0,0.0,0.0,256.0,27.25,161.4814814814815,0.2518518518518518,0.3111111111111111,0.0,0.0,0.0
2023,PK Garg,22.0,23.0,3.0,2,1.0,8.0,0.0,0.0,0.0,23.0,7.333333333333333,95.65217391304348,0.043478260869565216,0.34782608695652173,0.0,0.0,0.0
2023,PN Mankad,93.0,74.0,3.0,4,14.0,28.0,0.0,0.0,0.0,111.0,31.0,125.67567567567568,0.1891891891891892,0.3783783783783784,0.0,0.0,0.0
2023,PP Chawla,25.0,22.0,2.0,16,2.0,6.0,499.0,370.0,22.0,633.0,12.5,113.63636363636364,0.09090909090909091,0.2727272727272727,61.666666666666664,8.091891891891892,0.05945945945945946
2023,PP Shaw,106.0,90.0,8.0,8,17.0,36.0,0.0,0.0,0.0,123.0,13.25,117.77777777777777,0.18888888888888888,0.4,0.0,0.0,0.0
2023,PWH de Silva,33.0,30.0,3.0,8,3.0,8.0,259.0,175.0,9.0,281.0,11.0,110.0,0.1,0.26666666666666666,29.166666666666668,8.879999999999999,0.05142857142857143
2023,Q de Kock,143.0,103.0,4.0,4,18.0,31.0,0.0,0.0,0.0,161.0,35.75,138.83495145631068,0.17475728155339806,0.30097087378640774,0.0,0.0,0.0
2023,R Ashwin,67.0,55.0,5.0,13,8.0,18.0,370.0,309.0,15.0,482.0,13.4,121.81818181818181,0.14545454545454545,0.32727272727272727,51.5,7.184466019417476,0.04854368932038835
2023,R Dhawan,20.0,12.0,1.0,5,2.0,3.0,64.0,42.0,1.0,63.0,20.0,166.66666666666666,0.16666666666666666,0.25,7.0,9.142857142857142,0.023809523809523808
2023,R Goyal,0.0,0.0,0.0,1,0.0,0.0,34.0,24.0,0.0,4.0,0.0,0.0,0.0,0.0,4.0,8.5,0.0
2023,R Parag,78.0,68.0,6.0,7,9.0,25.0,0.0,0.0,0.0,91.0,13.0,114.70588235294117,0.1323529411764706,0.36764705882352944,0.0,0.0,0.0
2023,R Powell,7.0,9.0,3.0,3,1.0,6.0,18.0,14.0,1.0,33.0,2.3333333333333335,77.77777777777777,0.1111111111111111,0.6666666666666666,2.3333333333333335,7.7142857142857135,0.07142857142857142
2023,R Shepherd,0.0,1.0,1.0,1,0.0,1.0,0.0,0.0,0.0,0.0,0.0,0.0,0.0,1.0,0.0,0.0,0.0
2023,R Tewatia,87.0,61.0,4.0,10,10.0,16.0,15.0,14.0,0.0,121.0,21.75,142.62295081967213,0.16393442622950818,0.26229508196721313,2.3333333333333335,6.428571428571428,0.0
2023,RA Jadeja,190.0,138.0,8.0,16,20.0,29.0,432.0,348.0,20.0,742.0,23.75,137.68115942028984,0.14492753623188406,0.21014492753623187,58.0,7.448275862068965,0.05747126436781609
2023,RA Tripathi,273.0,217.0,12.0,13,39.0,83.0,0.0,0.0,0.0,316.0,22.75,125.80645161290323,0.17972350230414746,0.3824884792626728,0.0,0.0,0.0
2023,RD Chahar,0.0,10.0,2.0,14,0.0,9.0,388.0,301.0,8.0,248.0,0.0,0.0,0.0,0.9,50.166666666666664,7.73421926910299,0.026578073089700997
2023,RD Gaikwad,590.0,411.0,13.0,15,76.0,128.0,0.0,0.0,0.0,674.0,45.38461538461539,143.5523114355231,0.18491484184914841,0.31143552311435524,0.0,0.0,0.0
2023,RG Sharma,332.0,258.0,16.0,16,52.0,110.0,0.0,0.0,0.0,384.0,20.75,128.68217054263565,0.20155038759689922,0.4263565891472868,0.0,0.0,0.0
2023,RJW Topley,0.0,0.0,0.0,1,0.0,0.0,14.0,12.0,1.0,29.0,0.0,0.0,0.0,0.0,2.0,7.0,0.08333333333333333
2023,RK Singh,474.0,333.0,8.0,14,60.0,97.0,0.0,0.0,0.0,558.0,59.25,142.34234234234233,0.18018018018018017,0.2912912912912913,0.0,0.0,0.0
2023,RP Meredith,0.0,2.0,0.0,5,0.0,2.0,209.0,126.0,7.0,195.0,0.0,0.0,0.0,1.0,21.0,9.952380952380953,0.05555555555555555
2023,RR Rossouw,209.0,148.0,7.0,9,28.0,51.0,0.0,0.0,0.0,245.0,29.857142857142858,141.21621621621622,0.1891891891891892,0.34459459459459457,0.0,0.0,0.0
2023,RS Hangargekar,0.0,0.0,0.0,2,0.0,0.0,60.0,43.0,3.0,83.0,0.0,0.0,0.0,0.0,7.166666666666667,8.372093023255813,0.06976744186046512
2023,RV Patel,49.0,44.0,3.0,4,4.0,9.0,0.0,0.0,0.0,57.0,16.333333333333332,111.36363636363636,0.09090909090909091,0.20454545454545456,0.0,0.0,0.0
2023,Rahmanullah Gurbaz,227.0,178.0,11.0,11,32.0,76.0,0.0,0.0,0.0,259.0,20.636363636363637,127.52808988764045,0.1797752808988764,0.42696629213483145,0.0,0.0,0.0
2023,Rashid Khan,130.0,66.0,4.0,17,21.0,22.0,557.0,406.0,27.0,878.0,32.5,196.96969696969697,0.3181818181818182,0.3333333333333333,67.66666666666667,8.231527093596059,0.0665024630541872
2023,Ravi Bishnoi,20.0,28.0,3.0,14,1.0,13.0,394.0,311.0,16.0,465.0,6.666666666666667,71.42857142857143,0.03571428571428571,0.4642857142857143,51.833333333333336,7.60128617363344,0.05144694533762058
2023,S Dhawan,373.0,275.0,10.0,11,61.0,102.0,0.0,0.0,0.0,438.0,37.3,135.63636363636363,0.22181818181818183,0.3709090909090909,0.0,0.0,0.0
2023,S Dube,418.0,277.0,11.0,14,47.0,74.0,0.0,0.0,0.0,477.0,38.0,150.9025270758123,0.16967509025270758,0.26714801444043323,0.0,0.0,0.0
2023,SA Yadav,605.0,340.0,14.0,16,93.0,89.0,0.0,0.0,0.0,706.0,43.214285714285715,177.94117647058823,0.2735294117647059,0.26176470588235295,0.0,0.0,0.0
2023,SM Curran,276.0,213.0,10.0,14,33.0,67.0,496.0,298.0,10.0,575.0,27.6,129.57746478873239,0.15492957746478872,0.3145539906103286,49.666666666666664,9.986577181208053,0.03355704697986577
2023,SN Khan,53.0,62.0,4.0,4,5.0,27.0,0.0,0.0,0.0,58.0,13.25,85.48387096774194,0.08064516129032258,0.43548387096774194,0.0,0.0,0.0
2023,SN Thakur,113.0,72.0,8.0,10,17.0,20.0,222.0,132.0,7.0,313.0,14.125,156.94444444444446,0.2361111111111111,0.2777777777777778,22.0,10.090909090909092,0.05303030303030303
2023,SO Hetmyer,299.0,205.0,9.0,13,35.0,62.0,0.0,0.0,0.0,354.0,33.22222222222222,145.85365853658536,0.17073170731707318,0.3024390243902439,0.0,0.0,0.0
2023,SP Narine,21.0,28.0,7.0,14,3.0,14.0,389.0,296.0,11.0,327.0,3.0,75.0,0.10714285714285714,0.5,49.333333333333336,7.885135135135135,0.037162162162162164
2023,SS Prabhudessai,35.0,32.0,3.0,4,3.0,12.0,0.0,0.0,0.0,42.0,11.666666666666666,109.375,0.09375,0.375,0.0,0.0,0.0
2023,SSB Magala,0.0,0.0,0.0,2,0.0,0.0,52.0,37.0,1.0,33.0,0.0,0.0,0.0,0.0,6.166666666666667,8.432432432432432,0.02702702702702703
2023,SV Samson,362.0,240.0,12.0,14,49.0,79.0,0.0,0.0,0.0,423.0,30.166666666666668,150.83333333333334,0.20416666666666666,0.32916666666666666,0.0,0.0,0.0
2023,Sandeep Sharma,2.0,7.0,0.0,12,0.0,4.0,395.0,285.0,10.0,300.0,2.0,28.571428571428573,0.0,0.5714285714285714,47.5,8.31578947368421,0.03508771929824561
2023,Sanvir Singh,11.0,9.0,1.0,2,2.0,5.0,0.0,0.0,0.0,17.0,11.0,122.22222222222223,0.2222222222222222,0.5555555555555556,0.0,0.0,0.0
2023,Shahbaz Ahmed,42.0,41.0,4.0,8,4.0,10.0,95.0,42.0,1.0,87.0,10.5,102.4390243902439,0.0975609756097561,0.24390243902439024,7.0,13.571428571428571,0.023809523809523808
2023,Shubman Gill,890.0,582.0,16.0,17,118.0,144.0,0.0,0.0,0.0,1016.0,55.625,152.92096219931273,0.2027491408934708,0.24742268041237114,0.0,0.0,0.0
2023,Sikandar Raza,139.0,104.0,5.0,7,16.0,35.0,124.0,76.0,3.0,238.0,27.8,133.65384615384616,0.15384615384615385,0.33653846153846156,12.666666666666666,9.789473684210527,0.039473684210526314
2023,Suyash Sharma,0.0,0.0,0.0,11,0.0,0.0,329.0,238.0,10.0,294.0,0.0,0.0,0.0,0.0,39.666666666666664,8.294117647058824,0.04201680672268908
2023,Swapnil Singh,2.0,4.0,0.0,2,0.0,2.0,18.0,12.0,0.0,10.0,2.0,50.0,0.0,0.5,2.0,9.0,0.0
2023,T Natarajan,0.0,0.0,0.0,12,0.0,0.0,414.0,273.0,10.0,298.0,0.0,0.0,0.0,0.0,45.5,9.098901098901099,0.03663003663003663
2023,T Stubbs,25.0,31.0,2.0,2,2.0,14.0,14.0,12.0,1.0,52.0,12.5,80.64516129032258,0.06451612903225806,0.45161290322580644,2.0,7.0,0.08333333333333333
2023,TA Boult,16.0,17.0,1.0,10,2.0,6.0,316.0,235.0,13.0,379.0,16.0,94.11764705882354,0.11764705882352941,0.35294117647058826,39.166666666666664,8.068085106382979,0.05531914893617021
2023,TG Southee,0.0,0.0,0.0,2,0.0,0.0,79.0,36.0,2.0,58.0,0.0,0.0,0.0,0.0,6.0,13.166666666666666,0.05555555555555555
2023,TH David,231.0,155.0,8.0,15,27.0,38.0,0.0,0.0,0.0,286.0,28.875,149.03225806451613,0.17419354838709677,0.24516129032258063,0.0,0.0,0.0
2023,TU Deshpande,0.0,1.0,0.0,16,0.0,0.0,578.0,365.0,21.0,589.0,0.0,0.0,0.0,0.0,60.833333333333336,9.501369863013698,0.057534246575342465
2023,Tilak Varma,343.0,226.0,8.0,11,49.0,70.0,7.0,7.0,0.0,404.0,42.875,151.76991150442478,0.2168141592920354,0.30973451327433627,1.1666666666666667,6.0,0.0
2023,UT Yadav,19.0,20.0,2.0,8,1.0,6.0,190.0,116.0,1.0,69.0,9.5,95.0,0.05,0.3,19.333333333333332,9.827586206896552,0.008620689655172414
2023,Umran Malik,19.0,8.0,0.0,8,3.0,3.0,219.0,123.0,5.0,179.0,19.0,237.5,0.375,0.375,20.5,10.682926829268293,0.04065040650406504
2023,V Kohli,639.0,473.0,12.0,14,81.0,127.0,0.0,0.0,0.0,728.0,53.25,135.09513742071883,0.17124735729386892,0.26849894291754756,0.0,0.0,0.0
2023,V Shankar,301.0,199.0,8.0,10,42.0,52.0,0.0,0.0,0.0,351.0,37.625,151.25628140703517,0.21105527638190955,0.2613065326633166,0.0,0.0,0.0
2023,VG Arora,3.0,2.0,0.0,5,0.0,0.0,149.0,107.0,5.0,148.0,3.0,150.0,0.0,0.0,17.833333333333332,8.355140186915888,0.04672897196261682
2023,VR Iyer,404.0,288.0,14.0,14,53.0,86.0,0.0,0.0,0.0,457.0,28.857142857142858,140.27777777777777,0.1840277777777778,0.2986111111111111,0.0,0.0,0.0
2023,Vijaykumar Vyshak,13.0,10.0,1.0,7,1.0,2.0,253.0,151.0,9.0,263.0,13.0,130.0,0.1,0.2,25.166666666666668,10.052980132450331,0.059602649006622516
2023,Vishnu Vinod,37.0,32.0,3.0,3,4.0,10.0,0.0,0.0,0.0,41.0,12.333333333333334,115.625,0.125,0.3125,0.0,0.0,0.0
2023,Vivrant Sharma,69.0,49.0,1.0,2,11.0,14.0,37.0,21.0,0.0,84.0,69.0,140.81632653061226,0.22448979591836735,0.2857142857142857,3.5,10.571428571428571,0.0
2023,WD Parnell,2.0,6.0,1.0,7,0.0,3.0,237.0,157.0,9.0,251.0,2.0,33.333333333333336,0.0,0.5,26.166666666666668,9.05732484076433,0.05732484076433121
2023,WP Saha,371.0,297.0,16.0,17,55.0,108.0,0.0,0.0,0.0,430.0,23.1875,124.91582491582491,0.18518518518518517,0.36363636363636365,0.0,0.0,0.0
2023,Washington Sundar,60.0,62.0,3.0,7,6.0,20.0,146.0,106.0,3.0,157.0,20.0,96.7741935483871,0.0967741935483871,0.3225806451612903,17.666666666666668,8.264150943396226,0.02830188679245283
2023,YBK Jaiswal,625.0,397.0,12.0,14,109.0,144.0,0.0,0.0,0.0,742.0,52.083333333333336,157.43073047858942,0.27455919395465994,0.36272040302267,0.0,0.0,0.0
2023,YS Chahal,0.0,0.0,0.0,14,0.0,0.0,434.0,325.0,21.0,581.0,0.0,0.0,0.0,0.0,54.166666666666664,8.012307692307692,0.06461538461538462
2023,YV Dhull,16.0,23.0,3.0,3,1.0,10.0,0.0,0.0,0.0,17.0,5.333333333333333,69.56521739130434,0.043478260869565216,0.43478260869565216,0.0,0.0,0.0
2023,Yash Dayal,0.0,0.0,0.0,5,0.0,0.0,165.0,88.0,2.0,70.0,0.0,0.0,0.0,0.0,14.666666666666666,11.25,0.022727272727272728
2023,Yash Thakur,0.0,0.0,0.0,9,0.0,0.0,296.0,205.0,13.0,361.0,0.0,0.0,0.0,0.0,34.166666666666664,8.663414634146342,0.06341463414634146
2023,Yudhvir Singh,1.0,2.0,2.0,3,0.0,1.0,73.0,50.0,3.0,80.0,0.5,50.0,0.0,0.5,8.333333333333334,8.76,0.06
2024,A Badoni,235.0,180.0,8.0,12,27.0,45.0,25.0,12.0,0.0,278.0,29.375,130.55555555555554,0.15,0.25,2.0,12.5,0.0
2024,A Kamboj,2.0,2.0,0.0,3,0.0,0.0,115.0,68.0,2.0,64.0,2.0,100.0,0.0,0.0,11.333333333333334,10.147058823529411,0.029411764705882353
2024,A Manohar,9.0,16.0,2.0,2,1.0,11.0,0.0,0.0,0.0,10.0,4.5,56.25,0.0625,0.6875,0.0,0.0,0.0
2024,A Mishra,0.0,0.0,0.0,1,0.0,0.0,20.0,12.0,1.0,29.0,0.0,0.0,0.0,0.0,2.0,10.0,0.08333333333333333
2024,A Nortje,4.0,9.0,2.0,6,0.0,5.0,298.0,140.0,7.0,195.0,2.0,44.44444444444444,0.0,0.5555555555555556,23.333333333333332,12.771428571428572,0.05
2024,A Raghuvanshi,163.0,109.0,7.0,7,24.0,31.0,0.0,0.0,0.0,187.0,23.285714285714285,149.54128440366972,0.22018348623853212,0.28440366972477066,0.0,0.0,0.0
2024,AA Kulkarni,9.0,8.0,2.0,2,2.0,5.0,0.0,0.0,0.0,11.0,4.5,112.5,0.25,0.625,0.0,0.0,0.0
2024,AD Russell,222.0,141.0,6.0,14,36.0,39.0,304.0,188.0,19.0,765.0,37.0,157.4468085106383,0.2553191489361702,0.2765957446808511,31.333333333333332,9.702127659574469,0.10106382978723404
2024,AJ Turner,21.0,20.0,2.0,2,2.0,6.0,0.0,0.0,0.0,23.0,10.5,105.0,0.1,0.3,0.0,0.0,0.0
2024,AK Markram,220.0,187.0,9.0,11,22.0,47.0,15.0,13.0,0.0,250.0,24.444444444444443,117.6470588235294,0.11764705882352941,0.25133689839572193,2.1666666666666665,6.923076923076923,0.0
2024,AM Rahane,242.0,200.0,13.0,12,31.0,68.0,0.0,0.0,0.0,273.0,18.615384615384617,121.0,0.155,0.34,0.0,0.0,0.0
2024,AR Patel,235.0,183.0,9.0,14,29.0,58.0,340.0,265.0,11.0,563.0,26.11111111111111,128.4153005464481,0.15846994535519127,0.31693989071038253,44.166666666666664,7.69811320754717,0.04150943396226415
2024,AS Joseph,0.0,0.0,0.0,3,0.0,0.0,123.0,64.0,1.0,37.0,0.0,0.0,0.0,0.0,10.666666666666666,11.53125,0.015625
2024,AS Roy,3.0,3.0,0.0,3,0.0,0.0,60.0,33.0,0.0,15.0,3.0,100.0,0.0,0.0,5.5,10.909090909090908,0.0
2024,Abdul Samad,182.0,113.0,10.0,12,26.0,31.0,0.0,0.0,0.0,220.0,18.2,161.06194690265488,0.23008849557522124,0.2743362831858407,0.0,0.0,0.0
2024,Abhishek Sharma,484.0,248.0,15.0,16,78.0,75.0,51.0,42.0,2.0,616.0,32.266666666666666,195.16129032258064,0.31451612903225806,0.3024193548387097,7.0,7.285714285714286,0.047619047619047616
2024,Abishek Porel,327.0,213.0,12.0,12,49.0,70.0,0.0,0.0,0.0,380.0,27.25,153.5211267605634,0.2300469483568075,0.3286384976525822,0.0,0.0,0.0
2024,Akash Deep,2.0,2.0,0.0,1,0.0,0.0,55.0,23.0,1.0,31.0,2.0,100.0,0.0,0.0,3.8333333333333335,14.347826086956522,0.043478260869565216
2024,Akash Madhwal,4.0,5.0,0.0,5,0.0,1.0,208.0,118.0,5.0,149.0,4.0,80.0,0.0,0.2,19.666666666666668,10.576271186440678,0.0423728813559322
2024,Anmolpreet Singh,5.0,7.0,2.0,2,1.0,4.0,0.0,0.0,0.0,6.0,2.5,71.42857142857143,0.14285714285714285,0.5714285714285714,0.0,0.0,0.0
2024,Anuj Rawat,98.0,80.0,3.0,5,13.0,26.0,0.0,0.0,0.0,119.0,32.666666666666664,122.5,0.1625,0.325,0.0,0.0,0.0
2024,Arjun Tendulkar,0.0,0.0,0.0,1,0.0,0.0,22.0,15.0,0.0,4.0,0.0,0.0,0.0,0.0,2.5,8.8,0.0
2024,Arshad Khan,78.0,52.0,2.0,3,10.0,16.0,90.0,56.0,1.0,117.0,39.0,150.0,0.19230769230769232,0.3076923076923077,9.333333333333334,9.642857142857142,0.017857142857142856
2024,Arshad Khan (2),5.0,4.0,1.0,1,1.0,2.0,25.0,13.0,0.0,6.0,5.0,125.0,0.25,0.5,2.1666666666666665,11.53846153846154,0.0
2024,Arshdeep Singh,4.0,4.0,1.0,14,1.0,2.0,513.0,325.0,19.0,532.0,4.0,100.0,0.25,0.5,54.166666666666664,9.470769230769232,0.05846153846153846
2024,Ashutosh Sharma,189.0,118.0,8.0,9,25.0,31.0,0.0,0.0,0.0,222.0,23.625,160.16949152542372,0.211864406779661,0.2627118644067797,0.0,0.0,0.0
2024,Atharva Taide,61.0,41.0,2.0,2,9.0,11.0,4.0,1.0,0.0,70.0,30.5,148.78048780487805,0.21951219512195122,0.2682926829268293,0.16666666666666666,24.0,0.0
2024,Avesh Khan,10.0,5.0,0.0,15,1.0,0.0,531.0,344.0,20.0,571.0,10.0,200.0,0.2,0.0,57.333333333333336,9.261627906976743,0.05813953488372093
2024,Azmatullah Omarzai,42.0,34.0,4.0,7,4.0,10.0,194.0,131.0,4.0,158.0,10.5,123.52941176470588,0.11764705882352941,0.29411764705882354,21.833333333333332,8.885496183206108,0.030534351145038167
2024,B Kumar,23.0,30.0,3.0,16,3.0,17.0,555.0,357.0,11.0,353.0,7.666666666666667,76.66666666666667,0.1,0.5666666666666667,59.5,9.327731092436975,0.03081232492997199
2024,B Sai Sudharsan,527.0,388.0,11.0,12,65.0,103.0,0.0,0.0,0.0,596.0,47.90909090909091,135.82474226804123,0.16752577319587628,0.2654639175257732,0.0,0.0,0.0
2024,BR Sharath,2.0,5.0,1.0,1,0.0,3.0,0.0,0.0,0.0,2.0,2.0,40.0,0.0,0.6,0.0,0.0,0.0
2024,C Green,255.0,185.0,10.0,13,32.0,51.0,304.0,221.0,10.0,553.0,25.5,137.83783783783784,0.17297297297297298,0.2756756756756757,36.833333333333336,8.25339366515837,0.04524886877828054
2024,CV Varun,0.0,0.0,0.0,14,0.0,0.0,411.0,309.0,21.0,581.0,0.0,0.0,0.0,0.0,51.5,7.980582524271845,0.06796116504854369
2024,D Brevis,69.0,60.0,3.0,3,8.0,27.0,0.0,0.0,0.0,77.0,23.0,115.0,0.13333333333333333,0.45,0.0,0.0,0.0
2024,D Ferreira,8.0,11.0,2.0,2,0.0,5.0,0.0,0.0,0.0,8.0,4.0,72.72727272727273,0.0,0.45454545454545453,0.0,0.0,0.0
2024,D Padikkal,38.0,60.0,7.0,7,3.0,28.0,0.0,0.0,0.0,41.0,5.428571428571429,63.333333333333336,0.05,0.4666666666666667,0.0,0.0,0.0
2024,DA Miller,210.0,149.0,7.0,9,28.0,38.0,0.0,0.0,0.0,246.0,30.0,140.93959731543623,0.18791946308724833,0.2550335570469799,0.0,0.0,0.0
2024,DA Warner,168.0,130.0,8.0,8,27.0,57.0,0.0,0.0,0.0,195.0,21.0,129.23076923076923,0.2076923076923077,0.43846153846153846,0.0,0.0,0.0
2024,DG Nalkande,12.0,11.0,1.0,3,1.0,4.0,46.0,31.0,3.0,96.0,12.0,109.0909090909091,0.09090909090909091,0.36363636363636365,5.166666666666667,8.903225806451612,0.0967741935483871
2024,DJ Hooda,145.0,107.0,8.0,9,19.0,31.0,22.0,19.0,0.0,168.0,18.125,135.51401869158877,0.17757009345794392,0.2897196261682243,3.1666666666666665,6.947368421052632,0.0
2024,DJ Mitchell,318.0,228.0,11.0,13,37.0,57.0,70.0,38.0,1.0,388.0,28.90909090909091,139.47368421052633,0.16228070175438597,0.25,6.333333333333333,11.052631578947368,0.02631578947368421
2024,DL Chahar,0.0,0.0,0.0,8,0.0,0.0,202.0,146.0,5.0,157.0,0.0,0.0,0.0,0.0,24.333333333333332,8.301369863013699,0.03424657534246575
2024,Dhruv Jurel,195.0,144.0,7.0,11,25.0,45.0,0.0,0.0,0.0,236.0,27.857142857142858,135.41666666666666,0.1736111111111111,0.3125,0.0,0.0,0.0
2024,F du Plessis,438.0,276.0,15.0,15,68.0,90.0,0.0,0.0,0.0,510.0,29.2,158.69565217391303,0.2463768115942029,0.32608695652173914,0.0,0.0,0.0
2024,G Coetzee,14.0,22.0,4.0,10,1.0,11.0,357.0,216.0,13.0,364.0,3.5,63.63636363636363,0.045454545454545456,0.5,36.0,9.916666666666666,0.06018518518518518
2024,GJ Maxwell,52.0,46.0,9.0,10,8.0,20.0,128.0,97.0,6.0,214.0,5.777777777777778,113.04347826086956,0.17391304347826086,0.43478260869565216,16.166666666666668,7.917525773195876,0.061855670103092786
2024,Gulbadin Naib,19.0,15.0,1.0,2,2.0,4.0,12.0,6.0,0.0,25.0,19.0,126.66666666666667,0.13333333333333333,0.26666666666666666,1.0,12.0,0.0
2024,H Klaasen,479.0,293.0,12.0,15,57.0,73.0,0.0,0.0,0.0,548.0,39.916666666666664,163.48122866894198,0.1945392491467577,0.24914675767918087,0.0,0.0,0.0
2024,H Sharma,0.0,0.0,0.0,1,0.0,0.0,29.0,12.0,0.0,4.0,0.0,0.0,0.0,0.0,2.0,14.5,0.0
2024,HH Pandya,216.0,154.0,12.0,14,28.0,53.0,388.0,224.0,11.0,527.0,18.0,140.25974025974025,0.18181818181818182,0.34415584415584416,37.333333333333336,10.392857142857142,0.049107142857142856
2024,HV Patel,13.0,19.0,3.0,14,2.0,14.0,482.0,311.0,24.0,659.0,4.333333333333333,68.42105263157895,0.10526315789473684,0.7368421052631579,51.833333333333336,9.29903536977492,0.07717041800643087
2024,Harpreet Brar,75.0,59.0,2.0,13,10.0,16.0,309.0,230.0,7.0,304.0,37.5,127.11864406779661,0.1694915254237288,0.2711864406779661,38.333333333333336,8.060869565217391,0.030434782608695653
2024,Harpreet Singh,27.0,34.0,2.0,2,2.0,15.0,0.0,0.0,0.0,29.0,13.5,79.41176470588235,0.058823529411764705,0.4411764705882353,0.0,0.0,0.0
2024,Harshit Rana,0.0,0.0,0.0,11,0.0,0.0,384.0,263.0,19.0,519.0,0.0,0.0,0.0,0.0,43.833333333333336,8.760456273764259,0.07224334600760456
2024,I Sharma,1.0,8.0,0.0,9,0.0,6.0,266.0,180.0,10.0,287.0,1.0,12.5,0.0,0.75,30.0,8.866666666666667,0.05555555555555555
2024,Ishan Kishan,320.0,222.0,14.0,14,51.0,82.0,0.0,0.0,0.0,371.0,22.857142857142858,144.14414414414415,0.22972972972972974,0.36936936936936937,0.0,0.0,0.0
2024,J Fraser-McGurk,330.0,150.0,8.0,9,60.0,48.0,0.0,0.0,0.0,394.0,41.25,220.0,0.4,0.32,0.0,0.0,0.0
2024,J Little,0.0,0.0,0.0,1,0.0,0.0,45.0,25.0,4.0,104.0,0.0,0.0,0.0,0.0,4.166666666666667,10.799999999999999,0.16
2024,JA Richardson,2.0,2.0,1.0,1,0.0,1.0,40.0,25.0,0.0,2.0,2.0,100.0,0.0,0.5,4.166666666666667,9.6,0.0
2024,JC Buttler,359.0,266.0,10.0,11,48.0,87.0,0.0,0.0,0.0,411.0,35.9,134.9624060150376,0.18045112781954886,0.32706766917293234,0.0,0.0,0.0
2024,JD Unadkat,24.0,27.0,2.0,11,3.0,13.0,321.0,199.0,8.0,263.0,12.0,88.88888888888889,0.1111111111111111,0.48148148148148145,33.166666666666664,9.678391959798995,0.04020100502512563
2024,JJ Bumrah,12.0,12.0,0.0,13,1.0,4.0,341.0,327.0,20.0,565.0,12.0,100.0,0.08333333333333333,0.3333333333333333,54.5,6.256880733944954,0.06116207951070336
2024,JM Bairstow,298.0,197.0,10.0,11,47.0,71.0,0.0,0.0,0.0,349.0,29.8,151.26903553299493,0.23857868020304568,0.3604060913705584,0.0,0.0,0.0
2024,JM Sharma,187.0,147.0,11.0,12,21.0,51.0,0.0,0.0,0.0,212.0,17.0,127.21088435374149,0.14285714285714285,0.3469387755102041,0.0,0.0,0.0
2024,K Gowtham,0.0,0.0,0.0,1,0.0,0.0,30.0,13.0,0.0,4.0,0.0,0.0,0.0,0.0,2.1666666666666665,13.846153846153847,0.0
2024,K Rabada,20.0,17.0,1.0,11,2.0,3.0,386.0,262.0,11.0,337.0,20.0,117.6470588235294,0.11764705882352941,0.17647058823529413,43.666666666666664,8.83969465648855,0.04198473282442748
2024,KA Maharaj,1.0,2.0,1.0,2,0.0,1.0,39.0,36.0,2.0,55.0,1.0,50.0,0.0,0.5,6.0,6.5,0.05555555555555555
2024,KD Karthik,326.0,195.0,9.0,13,49.0,47.0,0.0,0.0,0.0,391.0,36.22222222222222,167.17948717948718,0.2512820512820513,0.24102564102564103,0.0,0.0,0.0
2024,KH Pandya,133.0,112.0,5.0,14,13.0,30.0,258.0,205.0,6.0,332.0,26.6,118.75,0.11607142857142858,0.26785714285714285,34.166666666666664,7.551219512195122,0.02926829268292683
2024,KK Ahmed,0.0,0.0,0.0,14,0.0,0.0,493.0,324.0,17.0,481.0,0.0,0.0,0.0,0.0,54.0,9.12962962962963,0.05246913580246913
2024,KL Rahul,520.0,398.0,14.0,14,64.0,117.0,0.0,0.0,0.0,584.0,37.142857142857146,130.6532663316583,0.16080402010050251,0.29396984924623115,0.0,0.0,0.0
2024,KR Sen,0.0,0.0,0.0,3,0.0,0.0,127.0,79.0,6.0,162.0,0.0,0.0,0.0,0.0,13.166666666666666,9.645569620253164,0.0759493670886076
2024,KS Williamson,27.0,27.0,2.0,2,4.0,15.0,0.0,0.0,0.0,31.0,13.5,100.0,0.14814814814814814,0.5555555555555556,0.0,0.0,0.0
2024,KT Maphaka,0.0,0.0,0.0,2,0.0,0.0,90.0,39.0,1.0,33.0,0.0,0.0,0.0,0.0,6.5,13.846153846153847,0.02564102564102564
2024,KV Sharma,31.0,16.0,2.0,9,5.0,4.0,256.0,149.0,7.0,239.0,15.5,193.75,0.3125,0.25,24.833333333333332,10.308724832214766,0.04697986577181208
2024,Kartik Tyagi,0.0,0.0,0.0,1,0.0,0.0,52.0,26.0,0.0,4.0,0.0,0.0,0.0,0.0,4.333333333333333,12.0,0.0
2024,Kuldeep Yadav,47.0,44.0,2.0,11,7.0,18.0,376.0,267.0,16.0,490.0,23.5,106.81818181818181,0.1590909090909091,0.4090909090909091,44.5,8.44943820224719,0.0599250936329588
2024,Kumar Kushagra,3.0,7.0,3.0,3,0.0,5.0,0.0,0.0,0.0,3.0,1.0,42.857142857142854,0.0,0.7142857142857143,0.0,0.0,0.0
2024,L Wood,9.0,3.0,0.0,2,1.0,0.0,94.0,38.0,1.0,43.0,9.0,300.0,0.3333333333333333,0.0,6.333333333333333,14.842105263157896,0.02631578947368421
2024,LB Williams,1.0,2.0,0.0,2,0.0,1.0,74.0,42.0,1.0,34.0,1.0,50.0,0.0,0.5,7.0,10.571428571428571,0.023809523809523808
2024,LH Ferguson,1.0,1.0,1.0,7,0.0,0.0,259.0,146.0,9.0,250.0,1.0,100.0,0.0,0.0,24.333333333333332,10.643835616438357,0.06164383561643835
2024,LS Livingstone,111.0,82.0,4.0,7,15.0,27.0,86.0,75.0,3.0,213.0,27.75,135.3658536585366,0.18292682926829268,0.32926829268292684,12.5,6.88,0.04
2024,Lalit Yadav,10.0,12.0,2.0,2,1.0,6.0,57.0,18.0,0.0,11.0,5.0,83.33333333333333,0.08333333333333333,0.5,3.0,19.0,0.0
2024,M Jansen,18.0,15.0,1.0,3,2.0,4.0,134.0,67.0,1.0,53.0,18.0,120.0,0.13333333333333333,0.26666666666666666,11.166666666666666,12.0,0.014925373134328358
2024,M Markande,0.0,0.0,0.0,7,0.0,0.0,259.0,142.0,8.0,228.0,0.0,0.0,0.0,0.0,23.666666666666668,10.943661971830986,0.056338028169014086
2024,M Pathirana,0.0,0.0,0.0,6,0.0,0.0,175.0,145.0,13.0,349.0,0.0,0.0,0.0,0.0,24.166666666666668,7.241379310344827,0.0896551724137931
2024,M Shahrukh Khan,127.0,77.0,5.0,7,18.0,21.0,16.0,12.0,0.0,153.0,25.4,164.93506493506493,0.23376623376623376,0.2727272727272727,2.0,8.0,0.0
2024,M Siddharth,0.0,0.0,0.0,3,0.0,0.0,72.0,58.0,1.0,37.0,0.0,0.0,0.0,0.0,9.666666666666666,7.448275862068966,0.017241379310344827
2024,M Theekshana,0.0,0.0,0.0,5,0.0,0.0,146.0,121.0,2.0,70.0,0.0,0.0,0.0,0.0,20.166666666666668,7.239669421487603,0.01652892561983471
2024,MA Agarwal,64.0,59.0,4.0,4,9.0,27.0,0.0,0.0,0.0,73.0,16.0,108.47457627118644,0.15254237288135594,0.4576271186440678,0.0,0.0,0.0
2024,MA Starc,9.0,11.0,2.0,13,1.0,5.0,448.0,264.0,17.0,479.0,4.5,81.81818181818181,0.09090909090909091,0.45454545454545453,44.0,10.181818181818182,0.06439393939393939
2024,MJ Henry,0.0,0.0,0.0,4,0.0,0.0,112.0,74.0,1.0,41.0,0.0,0.0,0.0,0.0,12.333333333333334,9.08108108108108,0.013513513513513514
2024,MJ Santner,14.0,18.0,3.0,3,1.0,6.0,64.0,53.0,2.0,65.0,4.666666666666667,77.77777777777777,0.05555555555555555,0.3333333333333333,8.833333333333334,7.245283018867924,0.03773584905660377
2024,MJ Suthar,1.0,2.0,1.0,1,0.0,1.0,26.0,12.0,0.0,1.0,1.0,50.0,0.0,0.5,2.0,13.0,0.0
2024,MK Lomror,125.0,74.0,9.0,10,18.0,16.0,18.0,9.0,0.0,151.0,13.88888888888889,168.9189189189189,0.24324324324324326,0.21621621621621623,1.5,12.0,0.0
2024,MK Pandey,42.0,33.0,1.0,1,4.0,7.0,0.0,0.0,0.0,46.0,42.0,127.27272727272727,0.12121212121212122,0.21212121212121213,0.0,0.0,0.0
2024,MM Ali,128.0,105.0,5.0,7,15.0,32.0,71.0,49.0,2.0,201.0,25.6,121.9047619047619,0.14285714285714285,0.3047619047619048,8.166666666666666,8.693877551020408,0.04081632653061224
2024,MM Sharma,2.0,16.0,2.0,12,0.0,12.0,425.0,242.0,13.0,367.0,1.0,12.5,0.0,0.75,40.333333333333336,10.537190082644628,0.05371900826446281
2024,MP Stoinis,388.0,272.0,12.0,14,55.0,88.0,127.0,86.0,4.0,551.0,32.333333333333336,142.64705882352942,0.20220588235294118,0.3235294117647059,14.333333333333334,8.86046511627907,0.046511627906976744
2024,MP Yadav,0.0,0.0,0.0,4,0.0,0.0,88.0,75.0,7.0,191.0,0.0,0.0,0.0,0.0,12.5,7.04,0.09333333333333334
2024,MR Marsh,61.0,41.0,4.0,4,12.0,17.0,103.0,54.0,1.0,98.0,15.25,148.78048780487805,0.2926829268292683,0.4146341463414634,9.0,11.444444444444445,0.018518518518518517
2024,MS Dhoni,161.0,82.0,3.0,11,27.0,21.0,0.0,0.0,0.0,220.0,53.666666666666664,196.34146341463415,0.32926829268292684,0.25609756097560976,0.0,0.0,0.0
2024,MS Wade,4.0,7.0,1.0,1,0.0,2.0,0.0,0.0,0.0,4.0,4.0,57.142857142857146,0.0,0.2857142857142857,0.0,0.0,0.0
2024,Mayank Dagar,0.0,1.0,0.0,5,0.0,1.0,122.0,72.0,1.0,45.0,0.0,0.0,0.0,1.0,12.0,10.166666666666666,0.013888888888888888
2024,Mohammad Nabi,35.0,31.0,4.0,7,4.0,10.0,110.0,74.0,2.0,101.0,8.75,112.90322580645162,0.12903225806451613,0.3225806451612903,12.333333333333334,8.91891891891892,0.02702702702702703
2024,Mohammed Siraj,12.0,9.0,1.0,14,2.0,6.0,507.0,350.0,15.0,441.0,12.0,133.33333333333334,0.2222222222222222,0.6666666666666666,58.333333333333336,8.69142857142857,0.04285714285714286
2024,Mohsin Khan,2.0,1.0,0.0,10,0.0,0.0,385.0,237.0,10.0,292.0,2.0,200.0,0.0,0.0,39.5,9.746835443037975,0.04219409282700422
2024,Mukesh Choudhary,0.0,0.0,0.0,1,0.0,0.0,27.0,7.0,0.0,4.0,0.0,0.0,0.0,0.0,1.1666666666666667,23.142857142857142,0.0
2024,Mukesh Kumar,3.0,10.0,1.0,10,0.0,6.0,373.0,218.0,17.0,464.0,3.0,30.0,0.0,0.6,36.333333333333336,10.266055045871559,0.0779816513761468
2024,Mustafizur Rahman,0.0,0.0,0.0,9,0.0,0.0,324.0,225.0,14.0,386.0,0.0,0.0,0.0,0.0,37.5,8.64,0.06222222222222222
2024,N Burger,0.0,0.0,0.0,5,0.0,0.0,152.0,105.0,7.0,195.0,0.0,0.0,0.0,0.0,17.5,8.685714285714285,0.06666666666666667
2024,N Pooran,499.0,296.0,8.0,14,71.0,79.0,0.0,0.0,0.0,594.0,62.375,168.5810810810811,0.23986486486486486,0.2668918918918919,0.0,0.0,0.0
2024,N Rana,42.0,35.0,2.0,2,6.0,12.0,0.0,0.0,0.0,48.0,21.0,120.0,0.17142857142857143,0.34285714285714286,0.0,0.0,0.0
2024,N Thushara,0.0,0.0,0.0,7,0.0,0.0,259.0,172.0,8.0,228.0,0.0,0.0,0.0,0.0,28.666666666666668,9.034883720930232,0.046511627906976744
2024,N Wadhera,109.0,90.0,6.0,6,15.0,33.0,13.0,12.0,0.0,124.0,18.166666666666668,121.11111111111111,0.16666666666666666,0.36666666666666664,2.0,6.5,0.0
2024,NT Ellis,0.0,0.0,0.0,1,0.0,0.0,24.0,24.0,1.0,29.0,0.0,0.0,0.0,0.0,4.0,6.0,0.041666666666666664
2024,Naman Dhir,140.0,84.0,6.0,7,22.0,27.0,55.0,29.0,0.0,166.0,23.333333333333332,166.66666666666666,0.2619047619047619,0.32142857142857145,4.833333333333333,11.379310344827587,0.0
2024,Naveen-ul-Haq,2.0,4.0,0.0,10,0.0,3.0,375.0,231.0,14.0,392.0,2.0,50.0,0.0,0.75,38.5,9.74025974025974,0.06060606060606061
2024,Nithish Kumar Reddy,303.0,221.0,9.0,11,36.0,72.0,153.0,86.0,3.0,422.0,33.666666666666664,137.10407239819006,0.16289592760180996,0.3257918552036199,14.333333333333334,10.674418604651162,0.03488372093023256
2024,Noor Ahmad,5.0,9.0,2.0,10,1.0,7.0,297.0,214.0,8.0,238.0,2.5,55.55555555555556,0.1111111111111111,0.7777777777777778,35.666666666666664,8.327102803738319,0.037383177570093455
2024,P Simran Singh,334.0,216.0,14.0,14,54.0,87.0,0.0,0.0,0.0,392.0,23.857142857142858,154.62962962962962,0.25,0.4027777777777778,0.0,0.0,0.0
2024,PD Salt,435.0,250.0,12.0,12,74.0,78.0,0.0,0.0,0.0,513.0,36.25,174.0,0.296,0.312,0.0,0.0,0.0
2024,PJ Cummins,136.0,99.0,7.0,16,17.0,34.0,571.0,375.0,18.0,639.0,19.428571428571427,137.37373737373738,0.1717171717171717,0.3434343434343434,62.5,9.136,0.048
2024,PP Chawla,15.0,15.0,4.0,11,2.0,7.0,312.0,215.0,13.0,370.0,3.75,100.0,0.13333333333333333,0.4666666666666667,35.833333333333336,8.706976744186045,0.06046511627906977
2024,PP Shaw,198.0,125.0,8.0,8,35.0,41.0,0.0,0.0,0.0,233.0,24.75,158.4,0.28,0.328,0.0,0.0,0.0
2024,PVD Chameera,0.0,0.0,0.0,1,0.0,0.0,49.0,19.0,0.0,4.0,0.0,0.0,0.0,0.0,3.1666666666666665,15.473684210526317,0.0
2024,Q de Kock,250.0,194.0,11.0,11,38.0,77.0,0.0,0.0,0.0,288.0,22.727272727272727,128.8659793814433,0.1958762886597938,0.39690721649484534,0.0,0.0,0.0
2024,R Ashwin,86.0,76.0,6.0,14,9.0,25.0,469.0,346.0,9.0,352.0,14.333333333333334,113.15789473684211,0.11842105263157894,0.32894736842105265,57.666666666666664,8.132947976878613,0.02601156069364162
2024,R Dhawan,0.0,0.0,0.0,1,0.0,0.0,39.0,19.0,0.0,4.0,0.0,0.0,0.0,0.0,3.1666666666666665,12.31578947368421,0.0
2024,R Parag,573.0,407.0,12.0,14,73.0,117.0,27.0,19.0,0.0,658.0,47.75,140.7862407862408,0.17936117936117937,0.28746928746928746,3.1666666666666665,8.526315789473685,0.0
2024,R Powell,103.0,71.0,6.0,7,16.0,29.0,0.0,0.0,0.0,123.0,17.166666666666668,145.07042253521126,0.22535211267605634,0.4084507042253521,0.0,0.0,0.0
2024,R Ravindra,222.0,146.0,9.0,10,34.0,47.0,7.0,12.0,0.0,260.0,24.666666666666668,152.05479452054794,0.2328767123287671,0.3219178082191781,2.0,3.5,0.0
2024,R Sai Kishore,13.0,6.0,1.0,5,2.0,2.0,137.0,93.0,7.0,206.0,13.0,216.66666666666666,0.3333333333333333,0.3333333333333333,15.5,8.838709677419354,0.07526881720430108
2024,R Shepherd,57.0,24.0,2.0,6,10.0,4.0,161.0,75.0,1.0,108.0,28.5,237.5,0.4166666666666667,0.16666666666666666,12.5,12.88,0.013333333333333334
2024,R Tewatia,188.0,139.0,8.0,9,29.0,41.0,0.0,0.0,0.0,225.0,23.5,135.25179856115108,0.20863309352517986,0.2949640287769784,0.0,0.0,0.0
2024,RA Jadeja,267.0,191.0,6.0,14,30.0,43.0,371.0,285.0,8.0,529.0,44.5,139.79057591623035,0.15706806282722513,0.225130890052356,47.5,7.810526315789474,0.028070175438596492
2024,RA Tripathi,165.0,121.0,5.0,6,24.0,36.0,0.0,0.0,0.0,193.0,33.0,136.36363636363637,0.19834710743801653,0.2975206611570248,0.0,0.0,0.0
2024,RD Chahar,21.0,15.0,1.0,9,4.0,8.0,280.0,189.0,10.0,307.0,21.0,140.0,0.26666666666666666,0.5333333333333333,31.5,8.88888888888889,0.05291005291005291
2024,RD Gaikwad,583.0,425.0,11.0,14,76.0,126.0,0.0,0.0,0.0,671.0,53.0,137.1764705882353,0.17882352941176471,0.2964705882352941,0.0,0.0,0.0
2024,RG Sharma,417.0,293.0,13.0,14,68.0,119.0,0.0,0.0,0.0,489.0,32.07692307692308,142.320819112628,0.23208191126279865,0.4061433447098976,0.0,0.0,0.0
2024,RJ Gleeson,2.0,2.0,0.0,2,0.0,0.0,72.0,51.0,1.0,35.0,2.0,100.0,0.0,0.0,8.5,8.470588235294118,0.0196078431372549
2024,RJW Topley,3.0,6.0,0.0,4,0.0,3.0,168.0,95.0,4.0,119.0,3.0,50.0,0.0,0.5,15.833333333333334,10.610526315789473,0.042105263157894736
2024,RK Bhui,3.0,9.0,2.0,2,0.0,6.0,0.0,0.0,0.0,3.0,1.5,33.333333333333336,0.0,0.6666666666666666,0.0,0.0,0.0
2024,RK Singh,168.0,117.0,9.0,11,21.0,35.0,0.0,0.0,0.0,197.0,18.666666666666668,143.5897435897436,0.1794871794871795,0.29914529914529914,0.0,0.0,0.0
2024,RM Patidar,395.0,237.0,14.0,13,54.0,65.0,0.0,0.0,0.0,449.0,28.214285714285715,166.66666666666666,0.22784810126582278,0.2742616033755274,0.0,0.0,0.0
2024,RR Pant,446.0,296.0,11.0,13,61.0,89.0,0.0,0.0,0.0,515.0,40.54545454545455,150.67567567567568,0.20608108108108109,0.30067567567567566,0.0,0.0,0.0
2024,RR Rossouw,211.0,122.0,8.0,8,36.0,38.0,0.0,0.0,0.0,247.0,26.375,172.95081967213116,0.29508196721311475,0.3114754098360656,0.0,0.0,0.0
2024,Rahmanullah Gurbaz,62.0,50.0,2.0,2,11.0,24.0,0.0,0.0,0.0,73.0,31.0,124.0,0.22,0.48,0.0,0.0,0.0
2024,Ramandeep Singh,125.0,64.0,4.0,9,17.0,17.0,9.0,4.0,0.0,162.0,31.25,195.3125,0.265625,0.265625,0.6666666666666666,13.5,0.0
2024,Rashid Khan,102.0,75.0,5.0,12,14.0,23.0,372.0,262.0,10.0,394.0,20.4,136.0,0.18666666666666668,0.30666666666666664,43.666666666666664,8.51908396946565,0.03816793893129771
2024,Rasikh Salam,28.0,30.0,4.0,8,4.0,13.0,271.0,156.0,9.0,273.0,7.0,93.33333333333333,0.13333333333333333,0.43333333333333335,26.0,10.423076923076923,0.057692307692307696
2024,Ravi Bishnoi,4.0,6.0,2.0,14,0.0,2.0,384.0,270.0,10.0,302.0,2.0,66.66666666666667,0.0,0.3333333333333333,45.0,8.533333333333333,0.037037037037037035
2024,S Dhawan,152.0,125.0,5.0,5,22.0,48.0,0.0,0.0,0.0,174.0,30.4,121.6,0.176,0.384,0.0,0.0,0.0
2024,S Dube,396.0,259.0,11.0,14,56.0,78.0,14.0,6.0,1.0,489.0,36.0,152.8957528957529,0.21621621621621623,0.30115830115830117,1.0,14.0,0.16666666666666666
2024,S Gopal,0.0,0.0,0.0,3,0.0,0.0,67.0,42.0,3.0,87.0,0.0,0.0,0.0,0.0,7.0,9.571428571428571,0.07142857142857142
2024,S Joseph,0.0,0.0,0.0,1,0.0,0.0,51.0,30.0,0.0,4.0,0.0,0.0,0.0,0.0,5.0,10.2,0.0
2024,S Sandeep Warrier,0.0,0.0,0.0,5,0.0,0.0,122.0,70.0,6.0,170.0,0.0,0.0,0.0,0.0,11.666666666666666,10.457142857142857,0.08571428571428572
2024,SA Yadav,345.0,209.0,10.0,11,54.0,75.0,0.0,0.0,0.0,403.0,34.5,165.07177033492823,0.2583732057416268,0.3588516746411483,0.0,0.0,0.0
2024,SB Dubey,33.0,21.0,2.0,3,5.0,5.0,0.0,0.0,0.0,42.0,16.5,157.14285714285714,0.23809523809523808,0.23809523809523808,0.0,0.0,0.0
2024,SD Hope,183.0,125.0,8.0,9,24.0,45.0,0.0,0.0,0.0,215.0,22.875,146.4,0.192,0.36,0.0,0.0,0.0
2024,SH Johnson,6.0,7.0,0.0,5,1.0,3.0,155.0,99.0,4.0,127.0,6.0,85.71428571428571,0.14285714285714285,0.42857142857142855,16.5,9.393939393939394,0.04040404040404041
2024,SM Curran,270.0,230.0,11.0,13,30.0,65.0,422.0,254.0,16.0,712.0,24.545454545454547,117.3913043478261,0.13043478260869565,0.2826086956521739,42.333333333333336,9.968503937007874,0.06299212598425197
2024,SN Thakur,21.0,18.0,1.0,9,3.0,7.0,315.0,197.0,5.0,181.0,21.0,116.66666666666667,0.16666666666666666,0.3888888888888889,32.833333333333336,9.593908629441623,0.025380710659898477
2024,SO Hetmyer,113.0,72.0,5.0,9,16.0,19.0,0.0,0.0,0.0,145.0,22.6,156.94444444444446,0.2222222222222222,0.2638888888888889,0.0,0.0,0.0
2024,SP Narine,488.0,292.0,13.0,14,83.0,98.0,376.0,333.0,17.0,1000.0,37.53846153846154,167.12328767123287,0.2842465753424658,0.3356164383561644,55.5,6.774774774774775,0.05105105105105105
2024,SS Iyer,351.0,250.0,9.0,14,48.0,70.0,0.0,0.0,0.0,419.0,39.0,140.4,0.192,0.28,0.0,0.0,0.0
2024,SS Prabhudessai,24.0,19.0,1.0,1,3.0,7.0,0.0,0.0,0.0,27.0,24.0,126.3157894736842,0.15789473684210525,0.3684210526315789,0.0,0.0,0.0
2024,SV Samson,531.0,367.0,11.0,15,72.0,97.0,0.0,0.0,0.0,619.0,48.27272727272727,144.68664850136238,0.19618528610354224,0.26430517711171664,0.0,0.0,0.0
2024,SZ Mulani,1.0,1.0,0.0,2,0.0,0.0,57.0,33.0,0.0,9.0,1.0,100.0,0.0,0.0,5.5,10.363636363636363,0.0
2024,Sameer Rizvi,51.0,43.0,4.0,5,6.0,19.0,0.0,0.0,0.0,61.0,12.75,118.6046511627907,0.13953488372093023,0.4418604651162791,0.0,0.0,0.0
2024,Sandeep Sharma,0.0,0.0,0.0,10,0.0,0.0,313.0,234.0,13.0,365.0,0.0,0.0,0.0,0.0,39.0,8.025641025641026,0.05555555555555555
2024,Sanvir Singh,14.0,13.0,1.0,3,1.0,2.0,0.0,0.0,0.0,23.0,14.0,107.6923076923077,0.07692307692307693,0.15384615384615385,0.0,0.0,0.0
2024,Saurav Chauhan,18.0,16.0,3.0,3,2.0,6.0,0.0,0.0,0.0,20.0,6.0,112.5,0.125,0.375,0.0,0.0,0.0
2024,Shahbaz Ahmed,215.0,173.0,10.0,16,20.0,51.0,277.0,166.0,7.0,434.0,21.5,124.27745664739885,0.11560693641618497,0.2947976878612717,27.666666666666668,10.012048192771084,0.04216867469879518
2024,Shashank Singh,354.0,225.0,7.0,14,49.0,55.0,5.0,6.0,1.0,456.0,50.57142857142857,157.33333333333334,0.21777777777777776,0.24444444444444444,1.0,5.0,0.16666666666666666
2024,Shivam Singh,2.0,3.0,0.0,1,0.0,1.0,0.0,0.0,0.0,6.0,2.0,66.66666666666667,0.0,0.3333333333333333,0.0,0.0,0.0
2024,Shubman Gill,426.0,295.0,11.0,12,52.0,80.0,0.0,0.0,0.0,482.0,38.72727272727273,144.40677966101694,0.17627118644067796,0.2711864406779661,0.0,0.0,0.0
2024,Sikandar Raza,43.0,39.0,2.0,2,4.0,15.0,22.0,12.0,0.0,47.0,21.5,110.25641025641026,0.10256410256410256,0.38461538461538464,2.0,11.0,0.0
2024,Simarjeet Singh,0.0,0.0,0.0,4,0.0,0.0,121.0,79.0,5.0,141.0,0.0,0.0,0.0,0.0,13.166666666666666,9.18987341772152,0.06329113924050633
2024,Sumit Kumar,18.0,26.0,2.0,3,3.0,14.0,38.0,22.0,0.0,25.0,9.0,69.23076923076923,0.11538461538461539,0.5384615384615384,3.6666666666666665,10.363636363636363,0.0
2024,Suyash Sharma,0.0,0.0,0.0,2,0.0,0.0,51.0,25.0,0.0,8.0,0.0,0.0,0.0,0.0,4.166666666666667,12.239999999999998,0.0
2024,Swapnil Singh,37.0,22.0,2.0,7,6.0,7.0,133.0,92.0,6.0,213.0,18.5,168.1818181818182,0.2727272727272727,0.3181818181818182,15.333333333333334,8.67391304347826,0.06521739130434782
2024,T Kohler-Cadmore,48.0,54.0,3.0,3,8.0,32.0,0.0,0.0,0.0,56.0,16.0,88.88888888888889,0.14814814814814814,0.5925925925925926,0.0,0.0,0.0
2024,T Natarajan,0.0,0.0,0.0,14,0.0,0.0,469.0,331.0,19.0,531.0,0.0,0.0,0.0,0.0,55.166666666666664,8.501510574018127,0.05740181268882175
2024,T Stubbs,378.0,204.0,6.0,14,50.0,38.0,15.0,13.0,3.0,535.0,63.0,185.2941176470588,0.24509803921568626,0.18627450980392157,2.1666666666666665,6.923076923076923,0.23076923076923078
2024,TA Boult,14.0,16.0,1.0,15,2.0,9.0,448.0,333.0,16.0,472.0,14.0,87.5,0.125,0.5625,55.5,8.072072072072071,0.04804804804804805
2024,TH David,241.0,168.0,8.0,11,29.0,42.0,0.0,0.0,0.0,282.0,30.125,143.45238095238096,0.17261904761904762,0.25,0.0,0.0,0.0
2024,TM Head,567.0,307.0,14.0,15,96.0,87.0,32.0,10.0,0.0,667.0,40.5,184.69055374592833,0.3127035830618892,0.28338762214983715,1.6666666666666667,19.2,0.0
2024,TU Deshpande,0.0,2.0,0.0,13,0.0,1.0,435.0,309.0,17.0,477.0,0.0,0.0,0.0,0.5,51.5,8.446601941747574,0.05501618122977346
2024,Tanush Kotian,24.0,32.0,1.0,1,3.0,17.0,0.0,0.0,0.0,27.0,24.0,75.0,0.09375,0.53125,0.0,0.0,0.0
2024,Tilak Varma,416.0,291.0,10.0,13,54.0,78.0,8.0,4.0,0.0,482.0,41.6,142.9553264604811,0.18556701030927836,0.26804123711340205,0.6666666666666666,12.0,0.0
2024,UT Yadav,12.0,15.0,1.0,7,1.0,8.0,211.0,128.0,8.0,237.0,12.0,80.0,0.06666666666666667,0.5333333333333333,21.333333333333332,9.890625,0.0625
2024,Umran Malik,0.0,0.0,0.0,1,0.0,0.0,15.0,7.0,0.0,4.0,0.0,0.0,0.0,0.0,1.1666666666666667,12.857142857142856,0.0
2024,V Kaverappa,0.0,0.0,0.0,1,0.0,0.0,36.0,24.0,2.0,54.0,0.0,0.0,0.0,0.0,4.0,9.0,0.08333333333333333
2024,V Kohli,741.0,497.0,13.0,15,100.0,141.0,0.0,0.0,0.0,849.0,57.0,149.09456740442656,0.2012072434607646,0.2837022132796781,0.0,0.0,0.0
2024,V Shankar,83.0,75.0,5.0,7,9.0,23.0,0.0,0.0,0.0,100.0,16.6,110.66666666666667,0.12,0.30666666666666664,0.0,0.0,0.0
2024,V Viyaskanth,7.0,5.0,0.0,3,0.0,0.0,90.0,60.0,1.0,44.0,7.0,140.0,0.0,0.0,10.0,9.0,0.016666666666666666
2024,VG Arora,1.0,1.0,0.0,10,0.0,0.0,284.0,201.0,11.0,316.0,1.0,100.0,0.0,0.0,33.5,8.477611940298507,0.05472636815920398
2024,VR Iyer,370.0,238.0,9.0,13,54.0,79.0,28.0,6.0,0.0,444.0,41.111111111111114,155.46218487394958,0.226890756302521,0.3319327731092437,1.0,28.0,0.0
2024,Vijaykumar Vyshak,1.0,3.0,1.0,4,0.0,2.0,143.0,88.0,4.0,113.0,1.0,33.333333333333336,0.0,0.6666666666666666,14.666666666666666,9.75,0.045454545454545456
2024,WG Jacks,230.0,133.0,6.0,8,34.0,43.0,100.0,55.0,2.0,322.0,38.333333333333336,172.93233082706766,0.2556390977443609,0.3233082706766917,9.166666666666666,10.90909090909091,0.03636363636363636
2024,WP Saha,136.0,120.0,9.0,9,21.0,46.0,0.0,0.0,0.0,157.0,15.11111111111111,113.33333333333333,0.175,0.38333333333333336,0.0,0.0,0.0
2024,Washington Sundar,0.0,1.0,1.0,2,0.0,1.0,73.0,30.0,1.0,29.0,0.0,0.0,0.0,1.0,5.0,14.6,0.03333333333333333
2024,YBK Jaiswal,435.0,288.0,14.0,15,70.0,103.0,0.0,0.0,0.0,509.0,31.071428571428573,151.04166666666666,0.24305555555555555,0.3576388888888889,0.0,0.0,0.0
2024,YS Chahal,0.0,0.0,0.0,15,0.0,0.0,547.0,361.0,18.0,510.0,0.0,0.0,0.0,0.0,60.166666666666664,9.091412742382271,0.04986149584487535
2024,Yash Dayal,0.0,0.0,0.0,14,0.0,0.0,472.0,321.0,15.0,431.0,0.0,0.0,0.0,0.0,53.5,8.822429906542055,0.04672897196261682
2024,Yash Thakur,0.0,0.0,0.0,10,0.0,0.0,404.0,224.0,11.0,315.0,0.0,0.0,0.0,0.0,37.333333333333336,10.821428571428571,0.049107142857142856
2024,Yudhvir Singh,21.0,14.0,2.0,2,3.0,7.0,52.0,24.0,1.0,49.0,10.5,150.0,0.21428571428571427,0.5,4.0,13.0,0.041666666666666664
