match_id,season,date,venue,first_batting_team,first_bowling_team,toss_winner,toss_decision,toss_winner_bats_first,batting_team_avg_first_score,bowling_team_avg_first_conceded,venue_avg_first_score,recent_batting_first_score,recent10_batting_first_score,recent10_bowling_conceded,recent20_venue_score,venue_team_avg_score,season_avg_first_score,era_recent_avg_score,powerplay_runs,middle_runs,death_runs,first_innings_score
335982,2008,2008-04-18,M Chinnaswamy Stadium,Kolkata Knight Riders,Royal Challengers Bengaluru,Royal Challengers Bengaluru,field,0,165.54703196347032,165.54703196347032,165.54703196347032,165.54703196347032,165.54703196347032,165.54703196347032,165.54703196347032,165.54703196347032,165.54703196347032,165.54703196347032,61,97,64,222
335983,2008,2008-04-19,"Punjab Cricket Association Stadium, Mohali",Chennai Super Kings,Punjab Kings,Chennai Super Kings,bat,1,222.0,222.0,222.0,222.0,222.0,222.0,222.0,222.0,222.0,222.0,53,116,71,240
335984,2008,2008-04-19,Feroz Shah Kotla,Rajasthan Royals,Delhi Capitals,Rajasthan Royals,bat,1,231.0,231.0,231.0,231.0,231.0,231.0,231.0,231.0,231.0,231.0,40,66,23,129
335985,2008,2008-04-20,Wankhede Stadium,Mumbai Indians,Royal Challengers Bengaluru,Mumbai Indians,bat,1,197.0,222.0,197.0,197.0,197.0,222.0,197.0,197.0,197.0,197.0,47,71,47,165
335986,2008,2008-04-20,Eden Gardens,Deccan Chargers,Kolkata Knight Riders,Deccan Chargers,bat,1,189.0,189.0,189.0,189.0,189.0,189.0,189.0,189.0,189.0,189.0,39,43,28,110
335987,2008,2008-04-21,Sawai Mansingh Stadium,Punjab Kings,Rajasthan Royals,Punjab Kings,bat,1,173.2,173.2,173.2,173.2,173.2,173.2,173.2,173.2,173.2,173.2,54,74,38,166
335988,2008,2008-04-22,"Rajiv Gandhi International Stadium, Uppal",Deccan Chargers,Delhi Capitals,Deccan Chargers,bat,1,110.0,129.0,172.0,110.0,110.0,129.0,172.0,172.0,172.0,172.0,25,57,60,142
335989,2008,2008-04-23,"MA Chidambaram Stadium, Chepauk",Chennai Super Kings,Mumbai Indians,Mumbai Indians,field,0,240.0,167.71428571428572,167.71428571428572,240.0,240.0,167.71428571428572,167.71428571428572,167.71428571428572,167.71428571428572,167.71428571428572,53,105,50,208
335990,2008,2008-04-24,"Rajiv Gandhi International Stadium, Uppal",Deccan Chargers,Rajasthan Royals,Rajasthan Royals,field,0,126.0,166.0,142.0,126.0,126.0,166.0,142.0,142.0,172.75,172.75,58,102,54,214
335991,2008,2008-04-25,"Punjab Cricket Association Stadium, Mohali",Punjab Kings,Mumbai Indians,Mumbai Indians,field,0,166.0,208.0,240.0,166.0,166.0,208.0,240.0,177.33333333333334,177.33333333333334,177.33333333333334,60,86,36,182
335992,2008,2008-04-26,M Chinnaswamy Stadium,Royal Challengers Bengaluru,Rajasthan Royals,Rajasthan Royals,field,0,177.8,190.0,222.0,177.8,177.8,190.0,222.0,177.8,177.8,177.8,57,51,27,135
335993,2008,2008-04-26,"MA Chidambaram Stadium, Chepauk",Kolkata Knight Riders,Chennai Super Kings,Kolkata Knight Riders,bat,1,222.0,173.9090909090909,208.0,222.0,222.0,173.9090909090909,208.0,173.9090909090909,173.9090909090909,173.9090909090909,61,47,39,147
335994,2008,2008-04-27,Dr DY Patil Sports Academy,Mumbai Indians,Deccan Chargers,Deccan Chargers,field,0,165.0,171.66666666666666,171.66666666666666,165.0,165.0,171.66666666666666,171.66666666666666,171.66666666666666,171.66666666666666,171.66666666666666,27,87,40,154
335995,2008,2008-04-27,"Punjab Cricket Association Stadium, Mohali",Delhi Capitals,Punjab Kings,Delhi Capitals,bat,1,170.30769230769232,240.0,211.0,170.30769230769232,170.30769230769232,240.0,211.0,170.30769230769232,170.30769230769232,170.30769230769232,45,77,36,158
335996,2008,2008-04-28,M Chinnaswamy Stadium,Chennai Super Kings,Royal Challengers Bengaluru,Chennai Super Kings,bat,1,224.0,193.5,178.5,224.0,224.0,193.5,178.5,169.42857142857142,169.42857142857142,169.42857142857142,36,80,62,178
335997,2008,2008-04-29,Eden Gardens,Kolkata Knight Riders,Mumbai Indians,Kolkata Knight Riders,bat,1,184.5,195.0,110.0,184.5,184.5,195.0,110.0,170.0,170.0,170.0,40,53,44,137
335998,2008,2008-04-30,Feroz Shah Kotla,Delhi Capitals,Royal Challengers Bengaluru,Royal Challengers Bengaluru,field,0,158.0,188.33333333333334,129.0,158.0,158.0,188.33333333333334,129.0,167.9375,167.9375,167.9375,58,101,32,191
335999,2008,2008-05-01,"Rajiv Gandhi International Stadium, Uppal",Deccan Chargers,Punjab Kings,Punjab Kings,field,0,155.33333333333334,199.0,178.0,155.33333333333334,155.33333333333334,199.0,178.0,178.0,169.2941176470588,169.2941176470588,50,69,45,164
336000,2008,2008-05-01,Sawai Mansingh Stadium,Rajasthan Royals,Kolkata Knight Riders,Rajasthan Royals,bat,1,129.0,110.0,166.0,129.0,129.0,110.0,166.0,169.0,169.0,169.0,45,111,40,196
336001,2008,2008-05-02,"MA Chidambaram Stadium, Chepauk",Chennai Super Kings,Delhi Capitals,Chennai Super Kings,bat,1,208.66666666666666,135.5,177.5,208.66666666666666,208.66666666666666,135.5,177.5,208.0,170.42105263157896,170.42105263157896,47,80,42,169
336003,2008,2008-05-03,"Punjab Cricket Association Stadium, Mohali",Punjab Kings,Kolkata Knight Riders,Punjab Kings,bat,1,174.0,153.0,193.33333333333334,174.0,174.0,153.0,193.33333333333334,182.0,170.35,170.35,49,79,50,178
336034,2008,2008-05-03,M Chinnaswamy Stadium,Royal Challengers Bengaluru,Deccan Chargers,Deccan Chargers,field,0,135.0,154.0,178.33333333333334,135.0,135.0,154.0,178.33333333333334,135.0,170.71428571428572,170.71428571428572,46,76,34,156
336004,2008,2008-05-04,Dr DY Patil Sports Academy,Mumbai Indians,Delhi Capitals,Delhi Capitals,field,0,159.5,146.66666666666666,154.0,159.5,159.5,146.66666666666666,154.0,154.0,170.04545454545453,170.04545454545453,50,68,44,162
336005,2008,2008-05-04,Sawai Mansingh Stadium,Chennai Super Kings,Rajasthan Royals,Chennai Super Kings,bat,1,198.75,171.66666666666666,181.0,198.75,198.75,171.66666666666666,181.0,169.69565217391303,169.69565217391303,169.69565217391303,38,58,13,109
336006,2008,2008-05-05,M Chinnaswamy Stadium,Royal Challengers Bengaluru,Punjab Kings,Punjab Kings,field,0,145.5,187.33333333333334,172.75,145.5,145.5,187.33333333333334,172.75,145.5,167.16666666666666,167.16666666666666,26,76,24,126
336007,2008,2008-05-06,"MA Chidambaram Stadium, Chepauk",Chennai Super Kings,Deccan Chargers,Deccan Chargers,field,0,180.8,155.0,174.66666666666666,180.8,180.8,155.0,174.66666666666666,188.5,165.52,165.52,34,61,49,144
336008,2008,2008-05-07,Dr DY Patil Sports Academy,Rajasthan Royals,Mumbai Indians,Mumbai Indians,field,0,162.5,175.66666666666666,158.0,162.5,162.5,175.66666666666666,158.0,164.69230769230768,164.69230769230768,164.69230769230768,48,55,0,103
336009,2008,2008-05-08,Feroz Shah Kotla,Delhi Capitals,Chennai Super Kings,Chennai Super Kings,field,0,174.5,147.0,160.0,174.5,174.5,147.0,160.0,191.0,162.40740740740742,162.40740740740742,50,89,48,187
336010,2008,2008-05-08,Eden Gardens,Kolkata Knight Riders,Royal Challengers Bengaluru,Kolkata Knight Riders,bat,1,168.66666666666666,189.0,123.5,168.66666666666666,168.66666666666666,189.0,123.5,137.0,163.28571428571428,163.28571428571428,41,88,0,129
336011,2008,2008-05-09,Sawai Mansingh Stadium,Deccan Chargers,Rajasthan Royals,Rajasthan Royals,field,0,157.5,156.0,157.0,157.5,157.5,156.0,157.0,162.10344827586206,162.10344827586206,162.10344827586206,50,55,35,140
336013,2008,2008-05-10,"MA Chidambaram Stadium, Chepauk",Chennai Super Kings,Punjab Kings,Punjab Kings,field,0,174.66666666666666,172.0,167.0,161.6,174.66666666666666,172.0,167.0,173.66666666666666,161.36666666666667,161.36666666666667,53,96,32,181
336014,2008,2008-05-11,"Rajiv Gandhi International Stadium, Uppal",Kolkata Knight Riders,Deccan Chargers,Kolkata Knight Riders,bat,1,158.75,151.33333333333334,173.33333333333334,158.75,158.75,151.33333333333334,173.33333333333334,162.0,162.0,162.0,43,93,68,204
336015,2008,2008-05-11,Sawai Mansingh Stadium,Delhi Capitals,Rajasthan Royals,Rajasthan Royals,field,0,178.66666666666666,152.8,152.75,178.66666666666666,178.66666666666666,152.8,152.75,163.3125,163.3125,163.3125,47,54,55,156
336016,2008,2008-05-12,"Punjab Cricket Association Stadium, Mohali",Royal Challengers Bengaluru,Punjab Kings,Royal Challengers Bengaluru,bat,1,139.0,173.8,189.5,139.0,139.0,173.8,189.5,163.0909090909091,163.0909090909091,163.0909090909091,50,68,25,143
336017,2008,2008-05-13,Eden Gardens,Kolkata Knight Riders,Delhi Capitals,Kolkata Knight Riders,bat,1,167.8,150.5,125.33333333333333,167.8,167.8,150.5,125.33333333333333,133.0,162.5,162.5,35,69,29,133
336018,2008,2008-05-14,Wankhede Stadium,Chennai Super Kings,Mumbai Indians,Mumbai Indians,field,0,175.57142857142858,157.5,165.0,156.2,175.57142857142858,157.5,165.0,161.65714285714284,161.65714285714284,161.65714285714284,28,74,54,156
336020,2008,2008-05-15,Feroz Shah Kotla,Delhi Capitals,Deccan Chargers,Deccan Chargers,field,0,173.0,164.5,169.0,173.0,173.0,164.5,169.0,189.0,161.5,161.5,48,98,48,194
336021,2008,2008-05-16,Wankhede Stadium,Kolkata Knight Riders,Mumbai Indians,Mumbai Indians,field,0,162.0,157.2,160.5,150.0,162.0,157.2,160.5,162.3783783783784,162.3783783783784,162.3783783783784,27,40,0,67
336022,2008,2008-05-17,Feroz Shah Kotla,Delhi Capitals,Punjab Kings,Delhi Capitals,bat,1,177.2,168.66666666666666,175.25,177.2,177.2,168.66666666666666,175.25,190.66666666666666,159.8684210526316,159.8684210526316,68,50,0,118
336023,2008,2008-05-17,Sawai Mansingh Stadium,Rajasthan Royals,Royal Challengers Bengaluru,Royal Challengers Bengaluru,field,0,142.66666666666666,177.0,153.4,142.66666666666666,142.66666666666666,177.0,153.4,196.0,158.7948717948718,158.7948717948718,51,100,46,197
336024,2008,2008-05-18,"Rajiv Gandhi International Stadium, Uppal",Mumbai Indians,Deccan Chargers,Deccan Chargers,field,0,160.33333333333334,170.4,181.0,160.33333333333334,160.33333333333334,170.4,181.0,159.75,159.75,159.75,57,71,50,178
336025,2008,2008-05-18,Eden Gardens,Kolkata Knight Riders,Chennai Super Kings,Kolkata Knight Riders,bat,1,148.42857142857142,167.0,127.25,134.0,148.42857142857142,167.0,127.25,133.0,160.1951219512195,160.1951219512195,35,79,35,149
336026,2008,2008-05-19,M Chinnaswamy Stadium,Royal Challengers Bengaluru,Delhi Capitals,Delhi Capitals,field,0,140.0,147.0,163.4,140.0,140.0,147.0,163.4,139.0,159.92857142857142,159.92857142857142,41,64,49,154
336027,2008,2008-05-20,Eden Gardens,Kolkata Knight Riders,Rajasthan Royals,Rajasthan Royals,field,0,148.5,153.33333333333334,131.6,136.4,148.5,153.33333333333334,131.6,137.0,159.7906976744186,159.7906976744186,32,74,41,147
336028,2008,2008-05-21,Wankhede Stadium,Punjab Kings,Mumbai Indians,Mumbai Indians,field,0,175.33333333333334,142.16666666666666,129.33333333333334,175.33333333333334,175.33333333333334,142.16666666666666,129.33333333333334,159.5,159.5,159.5,43,96,50,189
336029,2008,2008-05-21,"MA Chidambaram Stadium, Chepauk",Royal Challengers Bengaluru,Chennai Super Kings,Royal Challengers Bengaluru,bat,1,142.8,161.0,169.8,142.8,142.8,161.0,169.8,160.15555555555557,160.15555555555557,160.15555555555557,23,64,39,126
336031,2008,2008-05-23,"Punjab Cricket Association Stadium, Mohali",Deccan Chargers,Punjab Kings,Punjab Kings,field,0,154.0,161.42857142857142,180.2,154.0,154.0,161.42857142857142,180.2,159.41304347826087,159.41304347826087,159.41304347826087,42,80,53,175
336032,2008,2008-05-24,Feroz Shah Kotla,Mumbai Indians,Delhi Capitals,Delhi Capitals,field,0,164.75,148.16666666666666,163.8,164.75,164.75,148.16666666666666,163.8,159.74468085106383,159.74468085106383,159.74468085106383,60,68,48,176
336033,2008,2008-05-24,"MA Chidambaram Stadium, Chepauk",Rajasthan Royals,Chennai Super Kings,Rajasthan Royals,bat,1,156.25,152.25,162.5,156.25,156.25,152.25,162.5,160.08333333333334,160.08333333333334,160.08333333333334,67,107,37,211
336002,2008,2008-05-25,"Rajiv Gandhi International Stadium, Uppal",Deccan Chargers,Royal Challengers Bengaluru,Deccan Chargers,bat,1,157.5,180.33333333333334,180.4,167.0,157.5,180.33333333333334,180.4,173.33333333333334,161.12244897959184,161.12244897959184,41,90,34,165
336035,2008,2008-05-25,Eden Gardens,Punjab Kings,Kolkata Knight Riders,Punjab Kings,bat,1,178.75,161.33333333333334,134.16666666666666,178.75,178.75,161.33333333333334,134.16666666666666,161.2,161.2,161.2,47,93,34,174
336036,2008,2008-05-26,Sawai Mansingh Stadium,Mumbai Indians,Rajasthan Royals,Rajasthan Royals,field,0,167.0,152.42857142857142,160.66666666666666,167.0,167.0,152.42857142857142,160.66666666666666,161.45098039215685,161.45098039215685,160.24,29,77,39,145
336037,2008,2008-05-27,"Rajiv Gandhi International Stadium, Uppal",Deccan Chargers,Chennai Super Kings,Deccan Chargers,bat,1,158.57142857142858,164.0,177.83333333333334,171.6,158.57142857142858,164.0,177.83333333333334,171.25,161.1346153846154,158.34,26,78,43,147
336012,2008,2008-05-28,M Chinnaswamy Stadium,Royal Challengers Bengaluru,Mumbai Indians,Mumbai Indians,field,0,140.0,148.85714285714286,161.83333333333334,141.0,140.0,148.85714285714286,161.83333333333334,142.75,160.8679245283019,158.7,36,68,18,122
336019,2008,2008-05-28,"Punjab Cricket Association Stadium, Mohali",Punjab Kings,Rajasthan Royals,Rajasthan Royals,field,0,177.8,151.5,179.33333333333334,177.8,177.8,151.5,179.33333333333334,180.0,160.14814814814815,157.84,51,100,70,221
336038,2008,2008-05-30,Wankhede Stadium,Rajasthan Royals,Delhi Capitals,Delhi Capitals,field,0,167.2,152.14285714285714,144.25,167.2,167.2,152.14285714285714,144.25,161.25454545454545,161.25454545454545,160.06,58,97,37,192
336039,2008,2008-05-31,Wankhede Stadium,Punjab Kings,Chennai Super Kings,Punjab Kings,bat,1,185.0,161.16666666666666,153.8,188.8,185.0,161.16666666666666,153.8,189.0,161.80357142857142,160.58,35,38,39,112
336040,2008,2008-06-01,Dr DY Patil Sports Academy,Chennai Super Kings,Rajasthan Royals,Rajasthan Royals,field,0,173.125,159.22222222222223,139.66666666666666,151.8,173.125,159.22222222222223,139.66666666666666,160.9298245614035,160.9298245614035,159.98,42,85,36,163
392181,2009,2009-04-18,Newlands,Mumbai Indians,Chennai Super Kings,Chennai Super Kings,field,0,163.33333333333334,154.14285714285714,160.9655172413793,163.0,163.33333333333334,154.14285714285714,160.9655172413793,160.9655172413793,160.9655172413793,159.08,40,72,53,165
392182,2009,2009-04-18,Newlands,Royal Challengers Bengaluru,Rajasthan Royals,Royal Challengers Bengaluru,bat,1,137.42857142857142,159.6,165.0,134.2,137.42857142857142,159.6,165.0,161.03389830508473,165.0,158.1,29,59,45,133
392183,2009,2009-04-19,Newlands,Punjab Kings,Delhi Capitals,Delhi Capitals,field,0,174.57142857142858,157.125,149.0,174.8,174.57142857142858,157.125,149.0,160.56666666666666,149.0,157.12,67,37,0,104
392184,2009,2009-04-19,Newlands,Kolkata Knight Riders,Deccan Chargers,Kolkata Knight Riders,bat,1,148.33333333333334,171.66666666666666,134.0,140.0,148.33333333333334,171.66666666666666,134.0,159.63934426229508,134.0,156.5,21,53,27,101
392185,2009,2009-04-20,St George's Park,Chennai Super Kings,Royal Challengers Bengaluru,Chennai Super Kings,bat,1,172.0,178.14285714285714,158.69354838709677,150.6,172.0,178.14285714285714,158.69354838709677,158.69354838709677,125.75,155.58,68,76,35,179
392186,2009,2009-04-21,Kingsmead,Punjab Kings,Kolkata Knight Riders,Kolkata Knight Riders,field,0,165.75,164.5,159.015873015873,160.0,165.75,164.5,159.015873015873,159.015873015873,136.4,156.08,46,77,35,158
392188,2009,2009-04-22,Newlands,Deccan Chargers,Royal Challengers Bengaluru,Deccan Chargers,bat,1,157.125,178.25,125.75,158.2,157.125,178.25,125.75,159.0,140.0,156.08,62,87,35,184
392189,2009,2009-04-23,Kingsmead,Delhi Capitals,Chennai Super Kings,Delhi Capitals,bat,1,167.33333333333334,155.5,158.0,169.2,167.33333333333334,155.5,158.0,159.3846153846154,146.28571428571428,156.2,59,75,55,189
392190,2009,2009-04-23,Newlands,Rajasthan Royals,Kolkata Knight Riders,Kolkata Knight Riders,field,0,171.33333333333334,163.2,137.4,179.8,171.33333333333334,163.2,137.4,159.83333333333334,151.625,157.24,54,57,39,150
392191,2009,2009-04-24,Kingsmead,Royal Challengers Bengaluru,Punjab Kings,Royal Challengers Bengaluru,bat,1,136.875,163.125,173.5,135.6,136.875,163.125,173.5,159.6865671641791,151.44444444444446,156.42,49,82,37,168
392192,2009,2009-04-25,Kingsmead,Deccan Chargers,Mumbai Indians,Deccan Chargers,bat,1,160.11111111111111,145.5,171.66666666666666,162.2,160.11111111111111,145.5,171.66666666666666,159.80882352941177,153.1,156.5,55,87,26,168
392194,2009,2009-04-26,St George's Park,Royal Challengers Bengaluru,Delhi Capitals,Royal Challengers Bengaluru,bat,1,140.33333333333334,151.22222222222223,179.0,140.6,140.33333333333334,151.22222222222223,179.0,159.92753623188406,154.45454545454547,155.94,45,64,40,149
392195,2009,2009-04-26,Newlands,Punjab Kings,Rajasthan Royals,Punjab Kings,bat,1,164.88888888888889,157.1818181818182,139.5,153.8,164.88888888888889,156.3,139.5,104.0,154.0,155.54,38,69,32,139
392196,2009,2009-04-27,Kingsmead,Chennai Super Kings,Deccan Chargers,Deccan Chargers,field,0,172.7,161.57142857142858,170.75,164.6,172.7,161.57142857142858,170.75,159.4788732394366,152.84615384615384,154.76,62,58,45,165
392197,2009,2009-04-27,St George's Park,Mumbai Indians,Kolkata Knight Riders,Mumbai Indians,bat,1,163.57142857142858,161.0,164.0,165.2,163.57142857142858,161.0,164.0,159.55555555555554,153.71428571428572,154.94,61,94,32,187
392198,2009,2009-04-28,SuperSport Park,Delhi Capitals,Rajasthan Royals,Delhi Capitals,bat,1,170.42857142857142,155.66666666666666,159.93150684931507,168.8,170.42857142857142,148.8,159.93150684931507,159.93150684931507,155.93333333333334,155.44,42,66,35,143
392199,2009,2009-04-29,Kingsmead,Kolkata Knight Riders,Royal Challengers Bengaluru,Kolkata Knight Riders,bat,1,143.6,178.88888888888889,169.6,119.4,143.6,178.88888888888889,169.6,159.7027027027027,155.125,156.12,45,62,32,139
392200,2009,2009-04-29,Kingsmead,Punjab Kings,Mumbai Indians,Punjab Kings,bat,1,162.3,148.0,164.5,146.8,162.3,148.0,164.5,158.0,154.1764705882353,156.38,26,67,26,119
392201,2009,2009-04-30,SuperSport Park,Deccan Chargers,Delhi Capitals,Delhi Capitals,field,0,160.9,151.0,143.0,167.8,160.9,151.0,143.0,158.89473684210526,152.22222222222223,155.88,37,90,21,148
392202,2009,2009-04-30,SuperSport Park,Chennai Super Kings,Rajasthan Royals,Rajasthan Royals,field,0,172.0,154.69230769230768,145.5,168.8,165.2,149.6,145.5,158.75324675324674,152.0,156.78,40,68,56,164
392203,2009,2009-05-01,Buffalo Park,Mumbai Indians,Kolkata Knight Riders,Mumbai Indians,bat,1,166.5,164.71428571428572,158.82051282051282,170.2,166.5,164.71428571428572,158.82051282051282,158.82051282051282,152.6,156.32,40,57,51,148
392204,2009,2009-05-01,Kingsmead,Royal Challengers Bengaluru,Punjab Kings,Royal Challengers Bengaluru,bat,1,141.2,163.66666666666666,158.0,139.6,141.2,163.66666666666666,158.0,168.0,152.38095238095238,156.7,38,66,41,145
392205,2009,2009-05-02,St George's Park,Deccan Chargers,Rajasthan Royals,Deccan Chargers,bat,1,159.72727272727272,155.35714285714286,171.66666666666666,162.4,164.7,155.1,171.66666666666666,158.5125,152.04545454545453,156.8,39,70,32,141
392206,2009,2009-05-02,New Wanderers Stadium,Chennai Super Kings,Delhi Capitals,Delhi Capitals,field,0,171.33333333333334,150.72727272727272,158.2962962962963,165.4,160.8,152.9,158.2962962962963,158.2962962962963,151.56521739130434,156.0,53,85,25,163
392207,2009,2009-05-03,St George's Park,Kolkata Knight Riders,Punjab Kings,Kolkata Knight Riders,bat,1,143.1818181818182,161.8,164.0,120.6,135.3,161.8,164.0,158.35365853658536,152.04166666666666,155.18,28,77,48,153
392208,2009,2009-05-03,New Wanderers Stadium,Mumbai Indians,Royal Challengers Bengaluru,Mumbai Indians,bat,1,164.44444444444446,174.9,163.0,164.2,164.44444444444446,174.9,163.0,158.289156626506,152.08,155.12,25,69,55,149
392209,2009,2009-05-04,Buffalo Park,Chennai Super Kings,Deccan Chargers,Chennai Super Kings,bat,1,170.69230769230768,162.0,148.0,166.8,159.3,162.0,148.0,158.17857142857142,151.96153846153845,155.24,53,84,41,178
392210,2009,2009-05-05,Kingsmead,Rajasthan Royals,Punjab Kings,Punjab Kings,field,0,168.28571428571428,161.0,156.375,170.6,168.28571428571428,153.1,156.375,158.41176470588235,152.92592592592592,156.14,57,96,58,211
392211,2009,2009-05-05,Kingsmead,Kolkata Knight Riders,Delhi Capitals,Kolkata Knight Riders,bat,1,144.0,151.75,162.44444444444446,137.8,135.9,155.0,162.44444444444446,139.0,155.0,157.24,54,57,43,154
392212,2009,2009-05-06,SuperSport Park,Deccan Chargers,Mumbai Indians,Deccan Chargers,bat,1,158.16666666666666,145.1,151.66666666666666,157.6,164.6,145.1,151.66666666666666,148.0,154.9655172413793,156.44,37,66,42,145
392213,2009,2009-05-07,SuperSport Park,Royal Challengers Bengaluru,Rajasthan Royals,Rajasthan Royals,field,0,141.54545454545453,154.4,150.0,143.4,142.2,155.2,150.0,158.8068181818182,154.63333333333333,158.0,29,53,23,105
392214,2009,2009-05-07,SuperSport Park,Chennai Super Kings,Punjab Kings,Chennai Super Kings,bat,1,171.21428571428572,165.16666666666666,141.0,169.8,160.2,158.4,141.0,164.0,153.03225806451613,157.74,57,97,31,185
392215,2009,2009-05-08,Buffalo Park,Mumbai Indians,Delhi Capitals,Mumbai Indians,bat,1,162.9,151.92307692307693,163.0,158.8,162.9,153.5,163.0,148.0,154.03125,157.5,30,60,26,116
392216,2009,2009-05-09,De Beers Diamond Oval,Deccan Chargers,Punjab Kings,Punjab Kings,field,0,157.15384615384616,166.69230769230768,158.03296703296704,157.2,157.7,160.5,158.03296703296704,158.03296703296704,152.87878787878788,156.26,52,61,55,168
392217,2009,2009-05-09,De Beers Diamond Oval,Rajasthan Royals,Chennai Super Kings,Rajasthan Royals,bat,1,173.625,159.22222222222223,168.0,192.2,173.625,159.22222222222223,168.0,158.1413043478261,153.3235294117647,156.64,34,67,39,140
392218,2009,2009-05-10,St George's Park,Mumbai Indians,Royal Challengers Bengaluru,Mumbai Indians,bat,1,158.63636363636363,172.54545454545453,161.8,153.0,158.0,167.6,161.8,187.0,152.94285714285715,156.36,46,68,43,157
392219,2009,2009-05-10,New Wanderers Stadium,Kolkata Knight Riders,Delhi Capitals,Delhi Capitals,field,0,144.76923076923077,149.35714285714286,156.0,138.8,137.6,148.9,156.0,157.93617021276594,153.05555555555554,156.56,37,51,35,123
392220,2009,2009-05-11,De Beers Diamond Oval,Deccan Chargers,Rajasthan Royals,Deccan Chargers,bat,1,157.92857142857142,151.3125,154.0,154.0,158.1,150.1,154.0,168.0,152.24324324324326,155.24,42,76,48,166
392221,2009,2009-05-12,SuperSport Park,Kolkata Knight Riders,Royal Challengers Bengaluru,Royal Challengers Bengaluru,field,0,143.21428571428572,171.25,148.33333333333334,134.0,137.0,166.8,148.33333333333334,157.65625,152.60526315789474,156.04,38,75,60,173
392222,2009,2009-05-12,SuperSport Park,Punjab Kings,Mumbai Indians,Punjab Kings,bat,1,158.36363636363637,145.0909090909091,151.85714285714286,126.4,157.6,138.8,151.85714285714286,157.81443298969072,153.12820512820514,156.0,51,47,21,119
392223,2009,2009-05-13,Kingsmead,Delhi Capitals,Deccan Chargers,Deccan Chargers,field,0,167.0,163.77777777777777,161.6,160.0,167.0,163.77777777777777,161.6,189.0,152.275,154.86,56,63,54,173
392224,2009,2009-05-14,Kingsmead,Chennai Super Kings,Royal Challengers Bengaluru,Chennai Super Kings,bat,1,172.13333333333333,171.3846153846154,162.63636363636363,171.0,167.8,166.3,162.63636363636363,165.0,152.78048780487805,154.1,52,55,22,129
392225,2009,2009-05-14,Kingsmead,Rajasthan Royals,Mumbai Indians,Rajasthan Royals,bat,1,169.88888888888889,142.91666666666666,159.83333333333334,180.8,169.88888888888889,132.5,159.83333333333334,211.0,152.21428571428572,153.38,42,84,19,145
392226,2009,2009-05-15,OUTsurance Oval,Delhi Capitals,Punjab Kings,Punjab Kings,field,0,167.66666666666666,166.78571428571428,157.16831683168317,163.4,167.66666666666666,164.7,157.16831683168317,157.16831683168317,152.04651162790697,152.8,38,66,16,120
392227,2009,2009-05-16,St George's Park,Mumbai Indians,Chennai Super Kings,Mumbai Indians,bat,1,158.5,157.3,161.0,151.4,158.3,157.3,161.0,172.0,151.3181818181818,152.3,49,56,42,147
392228,2009,2009-05-16,New Wanderers Stadium,Kolkata Knight Riders,Deccan Chargers,Deccan Chargers,field,0,145.2,164.7,145.0,148.4,133.9,164.7,145.0,123.0,151.22222222222223,152.3,31,73,56,160
392229,2009,2009-05-17,New Wanderers Stadium,Punjab Kings,Deccan Chargers,Deccan Chargers,field,0,155.08333333333334,164.27272727272728,148.75,127.8,151.3,165.3,148.75,156.7403846153846,151.41304347826087,153.06,39,66,29,134
392230,2009,2009-05-17,OUTsurance Oval,Delhi Capitals,Rajasthan Royals,Delhi Capitals,bat,1,162.9,152.1764705882353,120.0,148.6,162.9,152.0,120.0,120.0,151.04255319148936,151.32,35,64,51,150
392231,2009,2009-05-18,SuperSport Park,Chennai Super Kings,Kolkata Knight Riders,Chennai Super Kings,bat,1,169.4375,162.625,147.75,163.8,166.3,162.625,147.75,174.5,151.02083333333334,150.48,54,86,48,188
392232,2009,2009-05-19,New Wanderers Stadium,Delhi Capitals,Royal Challengers Bengaluru,Delhi Capitals,bat,1,161.72727272727272,168.35714285714286,145.8,155.0,162.1,160.1,145.8,156.7570093457944,151.77551020408163,152.0,37,63,34,134
392233,2009,2009-05-20,Kingsmead,Rajasthan Royals,Kolkata Knight Riders,Kolkata Knight Riders,field,0,167.4,165.44444444444446,158.69230769230768,167.6,167.4,165.44444444444446,158.69230769230768,178.0,151.42,151.42,46,38,17,101
392234,2009,2009-05-20,Kingsmead,Chennai Super Kings,Punjab Kings,Chennai Super Kings,bat,1,170.52941176470588,163.66666666666666,154.57142857142858,168.6,167.0,158.6,154.57142857142858,147.0,150.4313725490196,150.14,50,50,16,116
392235,2009,2009-05-21,SuperSport Park,Mumbai Indians,Delhi Capitals,Delhi Capitals,field,0,157.6153846153846,147.6,152.22222222222223,143.4,156.8,147.9,152.22222222222223,155.6727272727273,149.76923076923077,149.8,30,89,46,165
392236,2009,2009-05-21,SuperSport Park,Royal Challengers Bengaluru,Deccan Chargers,Royal Challengers Bengaluru,bat,1,138.5,161.75,153.5,140.0,137.1,163.1,153.5,105.0,150.0566037735849,151.02,33,99,38,170
392237,2009,2009-05-22,SuperSport Park,Delhi Capitals,Deccan Chargers,Deccan Chargers,field,0,159.41666666666666,162.3846153846154,155.0,144.0,156.4,165.7,155.0,143.0,150.42592592592592,152.4,49,71,33,153
392238,2009,2009-05-23,New Wanderers Stadium,Chennai Super Kings,Royal Challengers Bengaluru,Royal Challengers Bengaluru,field,0,167.5,166.06666666666666,143.83333333333334,159.2,163.0,160.6,143.83333333333334,163.0,150.47272727272727,151.88,52,62,32,146
392239,2009,2009-05-24,New Wanderers Stadium,Deccan Chargers,Royal Challengers Bengaluru,Royal Challengers Bengaluru,field,0,158.46666666666667,164.8125,144.14285714285714,153.6,160.7,155.5,144.14285714285714,155.7719298245614,150.39285714285714,151.64,31,78,34,143
419106,2010,2010-03-12,Dr DY Patil Sports Academy,Kolkata Knight Riders,Deccan Chargers,Deccan Chargers,field,0,146.125,161.71428571428572,145.5,152.6,136.6,160.6,145.5,155.66086956521738,155.66086956521738,150.82,38,65,58,161
419107,2010,2010-03-13,Brabourne Stadium,Mumbai Indians,Rajasthan Royals,Mumbai Indians,bat,1,158.14285714285714,152.05555555555554,155.70689655172413,146.8,155.5,152.5,155.70689655172413,155.70689655172413,161.0,150.26,69,101,42,212
419108,2010,2010-03-13,"Punjab Cricket Association Stadium, Mohali",Punjab Kings,Delhi Capitals,Delhi Capitals,field,0,153.46153846153845,148.6875,185.28571428571428,133.8,146.9,149.0,185.28571428571428,193.66666666666666,186.5,151.5,44,70,28,142
419109,2010,2010-03-14,Eden Gardens,Royal Challengers Bengaluru,Kolkata Knight Riders,Kolkata Knight Riders,field,0,140.92307692307693,159.0,139.85714285714286,147.4,141.5,159.0,139.85714285714286,156.0677966101695,171.66666666666666,150.98,24,73,38,135
419110,2010,2010-03-14,"MA Chidambaram Stadium, Chepauk",Deccan Chargers,Chennai Super Kings,Deccan Chargers,bat,1,157.5,156.36363636363637,169.42857142857142,152.6,157.5,157.3,169.42857142857142,155.890756302521,162.5,150.32,57,82,51,190
419111,2010,2010-03-15,"Sardar Patel Stadium, Motera",Rajasthan Royals,Delhi Capitals,Delhi Capitals,field,0,161.36363636363637,148.2941176470588,156.175,149.4,164.6,145.6,156.175,156.175,168.0,151.14,47,61,33,141
419112,2010,2010-03-16,M Chinnaswamy Stadium,Punjab Kings,Royal Challengers Bengaluru,Punjab Kings,bat,1,152.64285714285714,163.52941176470588,156.14285714285714,130.6,142.2,153.3,156.14285714285714,156.0495867768595,163.5,151.18,50,92,61,203
419113,2010,2010-03-16,Eden Gardens,Chennai Super Kings,Kolkata Knight Riders,Chennai Super Kings,bat,1,166.3684210526316,156.8181818181818,139.25,152.8,161.3,161.5,139.25,156.4344262295082,169.14285714285714,151.94,31,72,61,164
419114,2010,2010-03-17,Feroz Shah Kotla,Mumbai Indians,Delhi Capitals,Delhi Capitals,field,0,161.73333333333332,147.88888888888889,165.83333333333334,159.4,159.1,140.5,165.83333333333334,176.0,168.5,151.48,67,107,44,218
419115,2010,2010-03-18,M Chinnaswamy Stadium,Rajasthan Royals,Royal Challengers Bengaluru,Royal Challengers Bengaluru,field,0,159.66666666666666,165.72222222222223,162.0,147.6,159.1,155.7,162.0,156.99193548387098,174.0,152.98,31,49,12,92
419116,2010,2010-03-19,Feroz Shah Kotla,Delhi Capitals,Chennai Super Kings,Delhi Capitals,bat,1,158.92307692307693,159.16666666666666,173.28571428571428,146.0,153.0,157.6,173.28571428571428,172.5,165.8,152.04,52,92,41,185
419117,2010,2010-03-19,Barabati Stadium,Deccan Chargers,Punjab Kings,Punjab Kings,field,0,159.41176470588235,160.6875,156.6984126984127,162.4,160.0,155.9,156.6984126984127,156.6984126984127,167.54545454545453,153.36,56,78,36,170
419118,2010,2010-03-20,"Sardar Patel Stadium, Motera",Rajasthan Royals,Kolkata Knight Riders,Rajasthan Royals,bat,1,154.46153846153845,157.41666666666666,141.0,123.8,158.0,158.3,141.0,141.0,167.75,153.8,56,79,33,168
419119,2010,2010-03-20,Brabourne Stadium,Mumbai Indians,Royal Challengers Bengaluru,Mumbai Indians,bat,1,165.25,161.8421052631579,212.0,179.8,166.4,146.5,212.0,212.0,167.76923076923077,153.88,45,63,43,151
419120,2010,2010-03-21,Barabati Stadium,Deccan Chargers,Delhi Capitals,Deccan Chargers,bat,1,160.0,151.57894736842104,170.0,167.4,162.3,151.9,170.0,170.0,166.57142857142858,153.94,47,77,47,171
419121,2010,2010-03-21,"MA Chidambaram Stadium, Chepauk",Punjab Kings,Chennai Super Kings,Chennai Super Kings,field,0,156.0,161.15384615384616,172.0,143.4,145.1,161.2,172.0,156.95384615384614,166.86666666666667,154.46,38,69,29,136
419122,2010,2010-03-22,Brabourne Stadium,Kolkata Knight Riders,Mumbai Indians,Kolkata Knight Riders,bat,1,147.0,143.07692307692307,181.5,154.2,146.0,133.3,181.5,156.793893129771,164.9375,154.36,41,77,37,155
419123,2010,2010-03-23,M Chinnaswamy Stadium,Royal Challengers Bengaluru,Chennai Super Kings,Chennai Super Kings,field,0,140.5,159.35714285714286,154.22222222222223,140.8,140.7,162.2,154.22222222222223,138.6,164.35294117647058,154.2,38,72,61,171
419124,2010,2010-03-24,"Punjab Cricket Association Stadium, Mohali",Rajasthan Royals,Punjab Kings,Punjab Kings,field,0,155.42857142857142,161.23529411764707,179.875,129.4,155.1,161.1,179.875,156.88721804511277,164.72222222222223,154.56,53,91,39,183
419125,2010,2010-03-25,"Brabourne Stadium, Mumbai",Chennai Super Kings,Mumbai Indians,Mumbai Indians,field,0,166.25,143.92857142857142,157.0820895522388,148.6,159.8,138.5,157.0820895522388,157.0820895522388,165.68421052631578,155.24,51,85,44,180
419128,2010,2010-03-25,M Chinnaswamy Stadium,Delhi Capitals,Royal Challengers Bengaluru,Royal Challengers Bengaluru,field,0,160.78571428571428,161.3,155.9,148.4,155.9,147.7,155.9,157.25185185185185,166.4,155.28,64,70,49,183
419126,2010,2010-03-26,"Sardar Patel Stadium, Motera",Deccan Chargers,Rajasthan Royals,Deccan Chargers,bat,1,160.57894736842104,155.21052631578948,154.5,168.0,161.0,151.6,154.5,157.44117647058823,167.1904761904762,154.72,55,58,35,148
419127,2010,2010-03-27,"Punjab Cricket Association Stadium, Mohali",Kolkata Knight Riders,Punjab Kings,Kolkata Knight Riders,bat,1,147.44444444444446,162.44444444444446,180.22222222222223,154.4,146.6,161.9,180.22222222222223,157.37226277372264,166.3181818181818,154.6,50,80,53,183
419129,2010,2010-03-28,"Sardar Patel Stadium, Motera",Rajasthan Royals,Chennai Super Kings,Rajasthan Royals,bat,1,157.26666666666668,160.13333333333333,152.33333333333334,137.0,152.3,158.2,152.33333333333334,154.5,167.04347826086956,155.36,58,77,42,177
419130,2010,2010-03-28,Dr DY Patil Sports Academy,Mumbai Indians,Deccan Chargers,Deccan Chargers,field,0,164.41176470588235,161.66666666666666,148.6,178.6,165.0,157.3,148.6,158.0,167.45833333333334,156.8,52,58,62,172
419131,2010,2010-03-29,Feroz Shah Kotla,Delhi Capitals,Kolkata Knight Riders,Delhi Capitals,bat,1,162.26666666666668,158.23076923076923,174.75,161.0,154.8,157.3,174.75,175.0,167.64,156.54,62,77,38,177
419132,2010,2010-03-30,Brabourne Stadium,Punjab Kings,Mumbai Indians,Mumbai Indians,field,0,154.75,146.33333333333334,172.66666666666666,146.8,136.6,140.9,172.66666666666666,157.93617021276594,168.0,157.76,48,76,39,163
419133,2010,2010-03-31,"MA Chidambaram Stadium, Chepauk",Royal Challengers Bengaluru,Chennai Super Kings,Royal Challengers Bengaluru,bat,1,142.53333333333333,161.1875,168.0,145.2,142.4,161.2,168.0,126.0,167.8148148148148,157.66,52,65,44,161
419134,2010,2010-03-31,Feroz Shah Kotla,Delhi Capitals,Rajasthan Royals,Delhi Capitals,bat,1,163.1875,154.85,175.0,166.4,160.7,150.1,175.0,175.33333333333334,167.57142857142858,158.08,52,79,57,188
419135,2010,2010-04-01,Eden Gardens,Kolkata Knight Riders,Deccan Chargers,Kolkata Knight Riders,bat,1,149.31578947368422,162.3125,142.0,166.4,150.2,156.7,142.0,139.0,168.27586206896552,158.7,46,79,56,181
419136,2010,2010-04-02,"Punjab Cricket Association Stadium, Mohali",Punjab Kings,Royal Challengers Bengaluru,Punjab Kings,bat,1,155.23529411764707,162.33333333333334,180.5,155.6,141.7,151.1,180.5,180.75,168.7,159.86,41,91,49,181
419137,2010,2010-04-03,"MA Chidambaram Stadium, Chepauk",Chennai Super Kings,Rajasthan Royals,Chennai Super Kings,bat,1,166.9047619047619,156.42857142857142,167.3,158.8,161.3,155.6,167.3,175.5,169.09677419354838,160.16,66,130,50,246
419138,2010,2010-04-03,Brabourne Stadium,Mumbai Indians,Deccan Chargers,Mumbai Indians,bat,1,164.83333333333334,163.41176470588235,170.25,183.6,163.5,164.7,170.25,181.5,171.5,161.62,53,72,53,178
419139,2010,2010-04-04,Eden Gardens,Kolkata Knight Riders,Punjab Kings,Kolkata Knight Riders,bat,1,150.9,163.52631578947367,145.9,168.0,158.2,163.4,145.9,146.0,171.6969696969697,162.8,53,106,41,200
419140,2010,2010-04-04,Feroz Shah Kotla,Delhi Capitals,Royal Challengers Bengaluru,Delhi Capitals,bat,1,164.64705882352942,163.1818181818182,176.3,177.2,160.6,153.5,176.3,177.14285714285714,172.52941176470588,163.34,54,84,46,184
419141,2010,2010-04-05,"Vidarbha Cricket Association Stadium, Jamtha",Rajasthan Royals,Deccan Chargers,Rajasthan Royals,bat,1,158.5,164.22222222222223,159.67333333333335,152.2,150.8,166.0,159.67333333333335,159.67333333333335,172.85714285714286,164.44,48,82,29,159
419142,2010,2010-04-06,"MA Chidambaram Stadium, Chepauk",Chennai Super Kings,Mumbai Indians,Chennai Super Kings,bat,1,170.5,147.375,174.45454545454547,170.4,169.5,150.5,174.45454545454547,189.6,172.47222222222223,164.72,42,86,37,165
419143,2010,2010-04-07,Sawai Mansingh Stadium,Punjab Kings,Rajasthan Royals,Punjab Kings,bat,1,156.66666666666666,160.5,158.42857142857142,165.0,149.4,166.3,158.42857142857142,166.0,172.27027027027026,165.62,52,80,21,153
419144,2010,2010-04-07,Eden Gardens,Kolkata Knight Riders,Delhi Capitals,Kolkata Knight Riders,bat,1,153.23809523809524,152.55,150.8181818181818,176.0,164.3,154.1,150.8181818181818,153.71428571428572,171.76315789473685,165.74,50,80,51,181
419145,2010,2010-04-08,M Chinnaswamy Stadium,Royal Challengers Bengaluru,Deccan Chargers,Deccan Chargers,field,0,143.6875,163.94736842105263,158.36363636363637,148.4,145.9,164.1,158.36363636363637,144.0,172.0,166.16,46,69,69,184
419146,2010,2010-04-09,"Punjab Cricket Association Stadium, Mohali",Mumbai Indians,Punjab Kings,Mumbai Indians,bat,1,165.52631578947367,165.35,180.54545454545453,186.2,166.5,168.9,180.54545454545453,159.95483870967743,172.3,167.16,51,67,36,154
419147,2010,2010-04-10,"Vidarbha Cricket Association Stadium, Jamtha",Chennai Super Kings,Deccan Chargers,Chennai Super Kings,bat,1,170.2608695652174,164.95,159.0,180.2,169.7,165.2,159.0,159.91666666666666,171.85365853658536,167.24,55,59,24,138
419148,2010,2010-04-10,M Chinnaswamy Stadium,Kolkata Knight Riders,Royal Challengers Bengaluru,Royal Challengers Bengaluru,field,0,154.5,164.08695652173913,160.5,180.0,167.1,154.6,160.5,222.0,171.04761904761904,166.24,61,72,27,160
419149,2010,2010-04-11,Feroz Shah Kotla,Delhi Capitals,Punjab Kings,Delhi Capitals,bat,1,165.72222222222223,164.8095238095238,177.0,183.4,164.7,169.0,177.0,178.0,170.7906976744186,166.76,45,43,23,111
419150,2010,2010-04-11,Sawai Mansingh Stadium,Mumbai Indians,Rajasthan Royals,Rajasthan Royals,field,0,164.95,160.17391304347825,157.75,174.6,167.0,167.3,157.75,145.0,169.4318181818182,166.96,47,68,59,174
419151,2010,2010-04-12,"Vidarbha Cricket Association Stadium, Jamtha",Deccan Chargers,Royal Challengers Bengaluru,Royal Challengers Bengaluru,field,0,159.95,163.91666666666666,148.5,164.4,159.0,157.7,148.5,159.5625,169.53333333333333,168.12,35,89,27,151
419152,2010,2010-04-13,Brabourne Stadium,Mumbai Indians,Delhi Capitals,Mumbai Indians,bat,1,165.38095238095238,153.9047619047619,171.8,165.8,172.8,157.4,171.8,180.33333333333334,169.1304347826087,167.84,44,80,59,183
419153,2010,2010-04-13,"MA Chidambaram Stadium, Chepauk",Kolkata Knight Riders,Chennai Super Kings,Kolkata Knight Riders,bat,1,154.7391304347826,161.1764705882353,173.66666666666666,181.0,167.7,166.1,173.66666666666666,147.0,169.4255319148936,168.1,22,76,41,139
419154,2010,2010-04-14,Sawai Mansingh Stadium,Rajasthan Royals,Royal Challengers Bengaluru,Rajasthan Royals,bat,1,158.52941176470588,163.4,159.55555555555554,155.8,151.7,159.4,159.55555555555554,196.5,168.79166666666666,167.82,30,62,38,130
419155,2010,2010-04-15,"MA Chidambaram Stadium, Chepauk",Chennai Super Kings,Delhi Capitals,Chennai Super Kings,bat,1,168.91666666666666,155.22727272727272,171.0,178.6,165.7,159.4,171.0,185.5,168.0,167.5,39,38,35,112
419156,2010,2010-04-16,Himachal Pradesh Cricket Association Stadium,Punjab Kings,Deccan Chargers,Deccan Chargers,field,0,156.47368421052633,163.66666666666666,159.06060606060606,167.2,148.9,163.0,159.06060606060606,159.06060606060606,166.88,166.88,43,69,62,174
419157,2010,2010-04-17,M Chinnaswamy Stadium,Mumbai Indians,Royal Challengers Bengaluru,Royal Challengers Bengaluru,field,0,166.1818181818182,162.1153846153846,160.46153846153845,172.2,175.4,157.8,160.46153846153845,159.15060240963857,167.01960784313727,167.14,34,108,49,191
419158,2010,2010-04-17,Eden Gardens,Rajasthan Royals,Kolkata Knight Riders,Rajasthan Royals,bat,1,156.94444444444446,159.57142857142858,153.33333333333334,163.4,143.6,157.6,153.33333333333334,159.34131736526948,167.48076923076923,166.72,46,58,28,132
419159,2010,2010-04-18,Himachal Pradesh Cricket Association Stadium,Punjab Kings,Chennai Super Kings,Chennai Super Kings,field,0,157.35,159.94444444444446,174.0,161.4,152.4,163.5,174.0,174.0,166.81132075471697,166.52,49,90,53,192
419160,2010,2010-04-18,Feroz Shah Kotla,Deccan Chargers,Delhi Capitals,Deccan Chargers,bat,1,159.52380952380952,153.34782608695653,171.5,166.0,159.3,155.2,171.5,159.37278106508876,167.27777777777777,167.66,38,83,24,145
419161,2010,2010-04-19,Eden Gardens,Mumbai Indians,Kolkata Knight Riders,Mumbai Indians,bat,1,167.2608695652174,157.73333333333332,151.69230769230768,176.0,179.8,155.0,151.69230769230768,159.28823529411764,166.87272727272727,166.76,42,52,39,133
419162,2010,2010-04-21,Dr DY Patil Sports Academy,Mumbai Indians,Royal Challengers Bengaluru,Mumbai Indians,bat,1,165.83333333333334,163.1851851851852,152.5,167.0,176.6,162.6,152.5,162.66666666666666,166.26785714285714,166.6,54,70,60,184
419163,2010,2010-04-22,Dr DY Patil Sports Academy,Chennai Super Kings,Deccan Chargers,Chennai Super Kings,bat,1,166.64,164.13636363636363,157.0,168.2,158.4,167.0,157.0,163.0,166.57894736842104,166.22,39,64,39,142
419164,2010,2010-04-24,Dr DY Patil Sports Academy,Deccan Chargers,Royal Challengers Bengaluru,Deccan Chargers,bat,1,158.86363636363637,163.92857142857142,155.125,157.0,159.7,160.7,155.125,159.17919075144508,166.1551724137931,165.78,27,54,1,82
419165,2010,2010-04-25,Dr DY Patil Sports Academy,Chennai Super Kings,Mumbai Indians,Chennai Super Kings,bat,1,165.69230769230768,148.41176470588235,147.0,160.6,159.7,148.1,147.0,152.5,164.72881355932202,163.06,40,87,41,168
501198,2011,2011-04-08,"MA Chidambaram Stadium, Chepauk",Chennai Super Kings,Kolkata Knight Riders,Chennai Super Kings,bat,1,165.77777777777777,156.1875,166.78571428571428,145.0,157.7,153.3,166.78571428571428,175.0,158.78857142857143,164.58,45,76,32,153
501199,2011,2011-04-09,"Rajiv Gandhi International Stadium, Uppal",Deccan Chargers,Rajasthan Royals,Rajasthan Royals,field,0,155.52173913043478,160.75,173.42857142857142,139.4,153.4,168.3,173.42857142857142,166.4,153.0,163.94,44,61,32,137
501200,2011,2011-04-09,Nehru Stadium,Kochi Tuskers Kerala,Royal Challengers Bengaluru,Kochi Tuskers Kerala,bat,1,158.63276836158192,161.10344827586206,158.63276836158192,158.63276836158192,158.63276836158192,159.7,158.63276836158192,158.63276836158192,145.0,163.28,61,65,35,161
501201,2011,2011-04-10,Feroz Shah Kotla,Delhi Capitals,Mumbai Indians,Delhi Capitals,bat,1,162.8421052631579,149.5,169.46153846153845,168.6,158.5,152.7,169.46153846153845,170.55555555555554,150.33333333333334,163.14,38,50,7,95
501202,2011,2011-04-10,Dr DY Patil Sports Academy,Punjab Kings,Pune Warriors,Punjab Kings,bat,1,159.0,158.2905027932961,149.1,172.6,159.7,158.2905027932961,149.1,158.2905027932961,136.5,162.02,36,40,36,112
501203,2011,2011-04-11,Eden Gardens,Kolkata Knight Riders,Deccan Chargers,Kolkata Knight Riders,bat,1,154.08333333333334,163.17391304347825,150.35714285714286,172.2,169.3,164.2,150.35714285714286,157.125,131.6,160.84,46,81,36,163
501204,2011,2011-04-12,Sawai Mansingh Stadium,Delhi Capitals,Rajasthan Royals,Delhi Capitals,bat,1,159.45,159.8,156.6,151.0,156.0,167.9,156.6,156.0,136.83333333333334,161.38,30,76,45,151
501205,2011,2011-04-12,M Chinnaswamy Stadium,Royal Challengers Bengaluru,Mumbai Indians,Mumbai Indians,field,0,146.05882352941177,146.6315789473684,162.64285714285714,164.2,152.1,145.4,162.64285714285714,149.71428571428572,138.85714285714286,161.3,24,79,37,140
501206,2011,2011-04-13,"Punjab Cricket Association Stadium, Mohali",Chennai Super Kings,Punjab Kings,Punjab Kings,field,0,165.32142857142858,162.36363636363637,178.33333333333334,142.6,161.4,159.0,178.33333333333334,240.0,139.0,160.68,31,109,48,188
501207,2011,2011-04-13,Dr DY Patil Sports Academy,Kochi Tuskers Kerala,Pune Warriors,Kochi Tuskers Kerala,bat,1,161.0,112.0,145.72727272727272,161.0,161.0,112.0,145.72727272727272,158.08695652173913,144.44444444444446,160.78,37,76,35,148
501208,2011,2011-04-14,"Rajiv Gandhi International Stadium, Uppal",Deccan Chargers,Royal Challengers Bengaluru,Royal Challengers Bengaluru,field,0,154.75,161.1,168.875,132.6,150.3,160.7,168.875,161.5,144.8,160.14,41,89,45,175
501209,2011,2011-04-15,Sawai Mansingh Stadium,Rajasthan Royals,Kolkata Knight Riders,Kolkata Knight Riders,field,0,155.6315789473684,156.0,156.0909090909091,156.2,142.8,149.9,156.0909090909091,174.33333333333334,147.54545454545453,159.98,31,85,43,159
501210,2011,2011-04-15,Wankhede Stadium,Mumbai Indians,Kochi Tuskers Kerala,Kochi Tuskers Kerala,field,0,166.56,158.1283422459893,146.83333333333334,173.0,173.8,158.1283422459893,146.83333333333334,165.0,148.5,160.2,44,101,37,182
501211,2011,2011-04-16,"MA Chidambaram Stadium, Chepauk",Chennai Super Kings,Royal Challengers Bengaluru,Chennai Super Kings,bat,1,166.10344827586206,161.5483870967742,165.86666666666667,152.6,165.6,159.9,165.86666666666667,172.25,151.07692307692307,160.18,45,92,46,183
501212,2011,2011-04-16,"Rajiv Gandhi International Stadium, Uppal",Deccan Chargers,Punjab Kings,Punjab Kings,field,0,155.56,163.47826086956522,169.55555555555554,138.0,151.2,159.3,169.55555555555554,163.42857142857142,153.35714285714286,160.3,48,74,43,165
501213,2011,2011-04-17,Dr DY Patil Sports Academy,Pune Warriors,Delhi Capitals,Delhi Capitals,field,0,158.42105263157896,153.0,145.91666666666666,158.42105263157896,158.42105263157896,158.1,145.91666666666666,158.42105263157896,154.13333333333333,160.16,63,78,46,187
501214,2011,2011-04-17,Eden Gardens,Rajasthan Royals,Kolkata Knight Riders,Kolkata Knight Riders,field,0,155.8,156.16666666666666,151.2,151.4,144.2,151.0,151.2,132.0,156.1875,160.36,36,45,0,81
501215,2011,2011-04-18,Nehru Stadium,Chennai Super Kings,Kochi Tuskers Kerala,Kochi Tuskers Kerala,field,0,166.66666666666666,182.0,161.0,166.8,167.5,182.0,161.0,158.16666666666666,151.76470588235293,158.72,42,75,14,131
501216,2011,2011-04-19,Feroz Shah Kotla,Deccan Chargers,Delhi Capitals,Deccan Chargers,bat,1,155.92307692307693,154.36,164.14285714285714,140.8,153.4,164.5,164.14285714285714,145.0,150.61111111111111,158.12,43,90,35,168
501218,2011,2011-04-20,Wankhede Stadium,Pune Warriors,Mumbai Indians,Pune Warriors,bat,1,187.0,146.3,151.85714285714286,187.0,187.0,147.5,151.85714285714286,158.07731958762886,151.52631578947367,157.72,33,78,7,118
501219,2011,2011-04-20,Eden Gardens,Kochi Tuskers Kerala,Kolkata Knight Riders,Kolkata Knight Riders,field,0,154.5,152.21052631578948,146.8125,154.5,154.5,140.3,146.8125,157.87179487179486,149.85,156.46,45,61,26,132
501220,2011,2011-04-21,"Punjab Cricket Association Stadium, Mohali",Punjab Kings,Rajasthan Royals,Rajasthan Royals,field,0,156.86363636363637,159.46153846153845,179.07692307692307,162.4,159.0,172.5,179.07692307692307,180.8,149.0,155.48,77,98,20,195
501221,2011,2011-04-22,Wankhede Stadium,Mumbai Indians,Chennai Super Kings,Chennai Super Kings,field,0,167.15384615384616,161.6315789473684,147.625,174.6,170.2,163.8,147.625,173.5,151.0909090909091,154.46,40,84,40,164
501222,2011,2011-04-22,Eden Gardens,Kolkata Knight Riders,Royal Challengers Bengaluru,Royal Challengers Bengaluru,field,0,154.44,162.21875,145.94117647058823,168.6,168.3,160.1,145.94117647058823,157.77777777777777,151.65217391304347,154.18,50,78,43,171
501223,2011,2011-04-23,Feroz Shah Kotla,Delhi Capitals,Punjab Kings,Punjab Kings,field,0,159.04761904761904,163.54166666666666,164.4,145.8,156.1,159.0,164.4,163.0,152.45833333333334,153.6,70,110,51,231
501224,2011,2011-04-24,"Rajiv Gandhi International Stadium, Uppal",Mumbai Indians,Deccan Chargers,Deccan Chargers,field,0,167.03703703703704,163.16666666666666,169.1,170.8,171.5,165.2,169.1,178.0,155.6,154.54,57,57,58,172
501225,2011,2011-04-24,Sawai Mansingh Stadium,Kochi Tuskers Kerala,Rajasthan Royals,Rajasthan Royals,field,0,147.0,160.77777777777777,156.33333333333334,147.0,147.0,175.4,156.33333333333334,158.45771144278606,156.23076923076923,154.8,32,58,19,109
501226,2011,2011-04-25,"MA Chidambaram Stadium, Chepauk",Chennai Super Kings,Pune Warriors,Pune Warriors,field,0,165.51612903225808,130.0,166.9375,164.6,162.6,130.0,166.9375,173.44444444444446,154.4814814814815,153.68,45,64,33,142
501227,2011,2011-04-26,Feroz Shah Kotla,Delhi Capitals,Royal Challengers Bengaluru,Royal Challengers Bengaluru,field,0,162.3181818181818,162.4848484848485,168.5625,154.4,165.8,158.8,168.5625,169.1818181818182,154.03571428571428,153.46,42,80,38,160
501228,2011,2011-04-27,Dr DY Patil Sports Academy,Pune Warriors,Chennai Super Kings,Pune Warriors,bat,1,152.5,161.75,149.07692307692307,152.5,152.5,166.2,149.07692307692307,187.0,154.24137931034483,153.04,37,64,40,141
501229,2011,2011-04-27,Nehru Stadium,Deccan Chargers,Kochi Tuskers Kerala,Kochi Tuskers Kerala,field,0,156.37037037037038,156.5,146.0,145.4,151.2,156.5,146.0,158.05853658536586,153.8,152.18,20,85,24,129
501230,2011,2011-04-28,Feroz Shah Kotla,Kolkata Knight Riders,Delhi Capitals,Delhi Capitals,field,0,155.07692307692307,154.8846153846154,168.05882352941177,162.8,169.4,164.8,168.05882352941177,157.91747572815535,153.0,151.68,42,67,39,148
501231,2011,2011-04-29,Sawai Mansingh Stadium,Mumbai Indians,Rajasthan Royals,Rajasthan Royals,field,0,167.21428571428572,158.92857142857142,152.69230769230768,167.0,171.5,171.3,152.69230769230768,159.5,152.84375,151.88,31,40,23,94
501232,2011,2011-04-29,M Chinnaswamy Stadium,Royal Challengers Bengaluru,Pune Warriors,Pune Warriors,field,0,145.72222222222223,134.0,161.13333333333333,158.2,152.8,134.0,161.13333333333333,148.5,151.06060606060606,150.56,57,77,47,181
501233,2011,2011-04-30,Nehru Stadium,Delhi Capitals,Kochi Tuskers Kerala,Delhi Capitals,bat,1,162.2173913043478,147.33333333333334,140.33333333333334,149.6,166.5,147.33333333333334,140.33333333333334,157.67464114832535,151.94117647058823,151.96,34,78,45,157
501234,2011,2011-04-30,Eden Gardens,Punjab Kings,Kolkata Knight Riders,Kolkata Knight Riders,field,0,158.52173913043478,151.2,147.33333333333334,165.2,165.1,143.4,147.33333333333334,174.0,152.0857142857143,151.62,40,53,26,119
501235,2011,2011-05-01,Sawai Mansingh Stadium,Pune Warriors,Rajasthan Royals,Rajasthan Royals,field,0,148.66666666666666,156.68965517241378,148.5,148.66666666666666,148.66666666666666,159.5,148.5,157.48815165876778,151.16666666666666,150.98,49,59,35,143
501236,2011,2011-05-01,"MA Chidambaram Stadium, Chepauk",Chennai Super Kings,Deccan Chargers,Chennai Super Kings,bat,1,164.78125,163.52,165.47058823529412,159.4,152.2,166.3,165.47058823529412,170.3,150.94594594594594,150.18,34,77,54,165
501237,2011,2011-05-02,Wankhede Stadium,Mumbai Indians,Punjab Kings,Punjab Kings,field,0,164.68965517241378,166.24,149.44444444444446,159.2,163.1,170.1,149.44444444444446,170.33333333333334,151.31578947368422,150.7,35,90,34,159
501238,2011,2011-05-02,Feroz Shah Kotla,Delhi Capitals,Kochi Tuskers Kerala,Kochi Tuskers Kerala,field,0,162.0,149.75,166.94444444444446,158.8,163.7,149.75,166.94444444444446,168.41666666666666,151.51282051282053,151.28,42,66,32,140
501239,2011,2011-05-03,"Rajiv Gandhi International Stadium, Uppal",Kolkata Knight Riders,Deccan Chargers,Deccan Chargers,field,0,154.8148148148148,163.57692307692307,169.36363636363637,156.2,168.1,165.6,169.36363636363637,204.0,151.225,151.84,41,80,48,169
501240,2011,2011-05-04,"MA Chidambaram Stadium, Chepauk",Rajasthan Royals,Chennai Super Kings,Rajasthan Royals,bat,1,152.23809523809524,160.76190476190476,165.44444444444446,132.2,142.2,165.6,165.44444444444446,211.0,151.65853658536585,151.74,47,71,29,147
501241,2011,2011-05-04,Dr DY Patil Sports Academy,Mumbai Indians,Pune Warriors,Pune Warriors,field,0,164.5,145.75,148.5,154.2,163.6,145.75,148.5,168.0,151.54761904761904,150.86,49,64,47,160
501242,2011,2011-05-05,Nehru Stadium,Kochi Tuskers Kerala,Kolkata Knight Riders,Kolkata Knight Riders,field,0,137.5,149.66666666666666,144.5,137.5,137.5,141.8,144.5,161.0,151.74418604651163,151.42,35,67,54,156
501243,2011,2011-05-05,"Rajiv Gandhi International Stadium, Uppal",Deccan Chargers,Delhi Capitals,Delhi Capitals,field,0,155.39285714285714,154.62962962962962,169.33333333333334,154.8,147.1,165.4,169.33333333333334,163.625,151.8409090909091,150.7,43,91,41,175
501244,2011,2011-05-06,M Chinnaswamy Stadium,Royal Challengers Bengaluru,Punjab Kings,Punjab Kings,field,0,147.57894736842104,165.96153846153845,162.375,167.4,154.1,174.4,162.375,152.11111111111111,152.35555555555555,151.3,48,115,42,205
501245,2011,2011-05-07,Eden Gardens,Chennai Super Kings,Kolkata Knight Riders,Chennai Super Kings,bat,1,164.78787878787878,149.95454545454547,145.8421052631579,161.8,152.2,141.0,145.8421052631579,164.0,153.5,152.74,15,66,33,114
501246,2011,2011-05-07,Wankhede Stadium,Mumbai Indians,Delhi Capitals,Delhi Capitals,field,0,164.3548387096774,155.35714285714286,150.4,149.8,162.2,168.8,150.4,167.5,152.6595744680851,151.34,50,91,37,178
501247,2011,2011-05-08,M Chinnaswamy Stadium,Kochi Tuskers Kerala,Royal Challengers Bengaluru,Kochi Tuskers Kerala,bat,1,141.2,162.41176470588235,164.88235294117646,141.2,141.2,158.8,164.88235294117646,157.5829596412556,153.1875,152.06,49,54,22,125
501248,2011,2011-05-08,"Punjab Cricket Association Stadium, Mohali",Punjab Kings,Pune Warriors,Punjab Kings,bat,1,156.875,148.6,180.21428571428572,158.4,162.8,148.6,180.21428571428572,183.16666666666666,152.6122448979592,152.92,34,68,17,119
501249,2011,2011-05-09,Sawai Mansingh Stadium,Chennai Super Kings,Rajasthan Royals,Rajasthan Royals,field,0,163.2941176470588,156.23333333333332,148.13333333333333,147.0,149.8,159.0,148.13333333333333,109.0,151.94,151.94,55,85,56,196
501250,2011,2011-05-10,"Rajiv Gandhi International Stadium, Uppal",Deccan Chargers,Pune Warriors,Deccan Chargers,bat,1,156.06896551724137,143.66666666666666,169.76923076923077,162.4,147.5,143.66666666666666,169.76923076923077,164.88888888888889,152.80392156862746,152.8,50,57,29,136
501251,2011,2011-05-10,"Punjab Cricket Association Stadium, Mohali",Punjab Kings,Mumbai Indians,Mumbai Indians,field,0,155.36,144.95238095238096,176.13333333333333,147.4,154.4,144.8,176.13333333333333,174.0,152.48076923076923,152.78,39,90,34,163
501252,2011,2011-05-11,Sawai Mansingh Stadium,Rajasthan Royals,Royal Challengers Bengaluru,Royal Challengers Bengaluru,field,0,152.0,161.34285714285716,151.125,129.8,142.8,156.2,151.125,170.5,152.67924528301887,152.82,43,76,27,146
501253,2011,2011-05-12,"MA Chidambaram Stadium, Chepauk",Chennai Super Kings,Delhi Capitals,Chennai Super Kings,bat,1,164.22857142857143,156.13793103448276,164.47368421052633,149.6,158.2,164.8,164.47368421052633,169.8181818181818,152.55555555555554,153.84,42,75,59,176
501254,2011,2011-05-13,Holkar Cricket Stadium,Kochi Tuskers Kerala,Punjab Kings,Punjab Kings,field,0,138.5,167.40740740740742,157.4,134.0,138.5,177.9,157.4,157.4,152.98181818181817,155.12,62,77,39,178
501255,2011,2011-05-14,M Chinnaswamy Stadium,Kolkata Knight Riders,Royal Challengers Bengaluru,Royal Challengers Bengaluru,field,0,155.32142857142858,160.91666666666666,162.66666666666666,158.0,169.5,157.8,162.66666666666666,191.0,153.42857142857142,155.42,33,56,0,89
501256,2011,2011-05-14,Wankhede Stadium,Deccan Chargers,Mumbai Indians,Deccan Chargers,bat,1,155.4,145.77272727272728,152.9090909090909,154.6,146.3,149.2,152.9090909090909,157.19396551724137,152.2982456140351,154.18,32,57,46,135
501257,2011,2011-05-15,Himachal Pradesh Cricket Association Stadium,Punjab Kings,Delhi Capitals,Delhi Capitals,field,0,155.65384615384616,156.8,183.0,141.6,157.1,165.3,183.0,183.0,152.0,154.08,43,91,36,170
501258,2011,2011-05-15,Holkar Cricket Stadium,Rajasthan Royals,Kochi Tuskers Kerala,Kochi Tuskers Kerala,field,0,151.7391304347826,147.8,178.0,133.0,148.2,147.8,178.0,157.15384615384616,152.3050847457627,153.72,32,58,7,97
501259,2011,2011-05-16,Dr DY Patil Sports Academy,Pune Warriors,Deccan Chargers,Deccan Chargers,field,0,147.25,163.77777777777777,149.26666666666668,147.25,147.25,164.4,149.26666666666668,164.0,151.38333333333333,152.7,39,60,37,136
501260,2011,2011-05-17,Himachal Pradesh Cricket Association Stadium,Punjab Kings,Royal Challengers Bengaluru,Punjab Kings,bat,1,156.1851851851852,158.97297297297297,178.66666666666666,153.2,157.8,147.6,178.66666666666666,178.66666666666666,151.13114754098362,151.92,30,155,47,232
501261,2011,2011-05-18,"MA Chidambaram Stadium, Chepauk",Chennai Super Kings,Kochi Tuskers Kerala,Chennai Super Kings,bat,1,164.55555555555554,139.33333333333334,165.05,158.6,161.6,139.33333333333334,165.05,170.33333333333334,152.43548387096774,153.38,41,73,38,152
501262,2011,2011-05-19,Dr DY Patil Sports Academy,Pune Warriors,Kolkata Knight Riders,Kolkata Knight Riders,field,0,145.0,148.3913043478261,148.4375,145.0,145.0,135.6,148.4375,154.66666666666666,152.42857142857142,152.78,29,58,31,118
501263,2011,2011-05-20,Wankhede Stadium,Mumbai Indians,Rajasthan Royals,Mumbai Indians,bat,1,164.78125,157.51612903225808,151.41666666666666,152.6,161.7,159.8,151.41666666666666,169.6,151.890625,151.48,26,73,34,133
501264,2011,2011-05-21,Himachal Pradesh Cricket Association Stadium,Deccan Chargers,Punjab Kings,Punjab Kings,field,0,154.74193548387098,167.78571428571428,192.0,148.6,144.7,177.4,192.0,156.84166666666667,151.6,150.84,58,100,40,198
501265,2011,2011-05-21,Feroz Shah Kotla,Delhi Capitals,Pune Warriors,Delhi Capitals,bat,1,161.12,142.57142857142858,165.52631578947367,167.8,159.4,142.57142857142858,165.52631578947367,166.23076923076923,152.3030303030303,151.06,33,23,0,56
501266,2011,2011-05-22,M Chinnaswamy Stadium,Chennai Super Kings,Royal Challengers Bengaluru,Royal Challengers Bengaluru,field,0,164.21621621621622,160.89473684210526,158.78947368421052,160.6,160.0,152.4,158.78947368421052,178.0,150.86567164179104,150.56,23,59,46,128
501267,2011,2011-05-22,Eden Gardens,Kolkata Knight Riders,Mumbai Indians,Mumbai Indians,field,0,153.0344827586207,145.30434782608697,144.25,148.0,160.1,148.2,144.25,159.1,150.52941176470588,150.5,46,78,51,175
501268,2011,2011-05-24,Wankhede Stadium,Royal Challengers Bengaluru,Chennai Super Kings,Chennai Super Kings,field,0,150.45,160.13636363636363,150.0,174.2,159.7,161.3,150.0,156.55327868852459,150.8840579710145,150.64,44,87,44,175
501269,2011,2011-05-25,Wankhede Stadium,Kolkata Knight Riders,Mumbai Indians,Mumbai Indians,field,0,153.76666666666668,146.54166666666666,151.78571428571428,150.4,159.5,150.2,151.78571428571428,67.0,151.22857142857143,151.78,25,85,37,147
501270,2011,2011-05-27,"MA Chidambaram Stadium, Chepauk",Royal Challengers Bengaluru,Mumbai Indians,Mumbai Indians,field,0,151.61904761904762,146.56,164.42857142857142,177.0,162.7,146.9,162.25,143.5,151.16901408450704,152.08,68,87,30,185
501271,2011,2011-05-28,"MA Chidambaram Stadium, Chepauk",Chennai Super Kings,Royal Challengers Bengaluru,Chennai Super Kings,bat,1,163.26315789473685,160.05128205128204,165.36363636363637,153.2,157.5,157.0,164.15,168.92307692307693,151.63888888888889,151.88,56,111,38,205
548306,2012,2012-04-04,"MA Chidambaram Stadium, Chepauk",Chennai Super Kings,Mumbai Indians,Mumbai Indians,field,0,164.33333333333334,148.03846153846155,167.08695652173913,171.4,159.2,149.1,165.95,171.5,156.8991935483871,152.7,42,57,13,112
548307,2012,2012-04-05,Eden Gardens,Kolkata Knight Riders,Delhi Capitals,Delhi Capitals,field,0,153.5483870967742,157.2258064516129,145.71428571428572,145.6,154.2,164.2,147.5,160.54545454545453,112.0,151.52,46,51,0,97
548308,2012,2012-04-06,Wankhede Stadium,Pune Warriors,Mumbai Indians,Mumbai Indians,field,0,140.5,146.7037037037037,151.46666666666667,131.2,140.5,143.8,151.46666666666667,118.0,104.5,148.84,30,70,29,129
548309,2012,2012-04-06,Sawai Mansingh Stadium,Rajasthan Royals,Punjab Kings,Punjab Kings,field,0,149.45833333333334,168.82758620689654,150.8235294117647,126.0,141.1,178.9,150.8235294117647,165.6,112.66666666666667,147.98,57,81,53,191
548310,2012,2012-04-07,M Chinnaswamy Stadium,Royal Challengers Bengaluru,Delhi Capitals,Delhi Capitals,field,0,153.13636363636363,155.34375,157.25,177.2,170.7,155.6,157.25,157.4,132.25,149.62,46,67,44,157
548311,2012,2012-04-07,Dr. Y.S. Rajasekhara Reddy ACA-VDCA Cricket Stadium,Chennai Super Kings,Deccan Chargers,Deccan Chargers,field,0,163.025,162.78571428571428,156.5098814229249,154.6,152.1,160.2,156.5098814229249,156.5098814229249,137.2,149.92,44,89,60,193
548312,2012,2012-04-08,Sawai Mansingh Stadium,Rajasthan Royals,Kolkata Knight Riders,Kolkata Knight Riders,field,0,151.12,147.125,153.05555555555554,132.4,141.9,129.7,153.05555555555554,169.83333333333334,146.5,150.58,37,88,39,164
548313,2012,2012-04-08,Subrata Roy Sahara Stadium,Pune Warriors,Punjab Kings,Pune Warriors,bat,1,138.85714285714286,169.56666666666666,156.68235294117648,133.4,138.85714285714286,178.0,156.68235294117648,156.68235294117648,149.0,151.04,38,83,45,166
548314,2012,2012-04-09,Dr. Y.S. Rajasekhara Reddy ACA-VDCA Cricket Stadium,Deccan Chargers,Mumbai Indians,Deccan Chargers,bat,1,156.09375,146.07142857142858,193.0,154.6,150.0,139.9,193.0,156.71875,151.125,151.78,45,64,29,138
548315,2012,2012-04-10,M Chinnaswamy Stadium,Kolkata Knight Riders,Royal Challengers Bengaluru,Royal Challengers Bengaluru,field,0,151.78125,161.175,157.23809523809524,135.4,145.8,161.4,154.0,157.0,149.66666666666666,151.58,60,75,30,165
548316,2012,2012-04-10,Feroz Shah Kotla,Chennai Super Kings,Delhi Capitals,Delhi Capitals,field,0,163.7560975609756,155.3939393939394,160.05,158.0,158.3,160.1,160.05,156.6782945736434,151.2,153.0,41,42,27,110
548317,2012,2012-04-11,Wankhede Stadium,Mumbai Indians,Rajasthan Royals,Rajasthan Royals,field,0,163.8181818181818,156.75,150.0625,144.8,155.9,148.5,150.0625,163.5,147.45454545454547,151.58,54,94,49,197
548318,2012,2012-04-12,"MA Chidambaram Stadium, Chepauk",Royal Challengers Bengaluru,Chennai Super Kings,Royal Challengers Bengaluru,bat,1,153.30434782608697,160.7826086956522,164.79166666666666,180.6,169.4,160.3,164.35,157.33333333333334,151.58333333333334,152.38,56,105,44,205
548319,2012,2012-04-12,"Punjab Cricket Association Stadium, Mohali",Pune Warriors,Punjab Kings,Punjab Kings,field,0,142.25,169.4516129032258,175.3125,138.4,142.25,179.2,175.3125,156.83908045977012,155.69230769230768,154.1,29,70,16,115
548320,2012,2012-04-13,Eden Gardens,Rajasthan Royals,Kolkata Knight Riders,Rajasthan Royals,bat,1,151.6153846153846,147.8,143.5,149.0,140.6,132.9,145.5,106.5,152.78571428571428,153.54,45,56,30,131
548322,2012,2012-04-14,Subrata Roy Sahara Stadium,Chennai Super Kings,Pune Warriors,Chennai Super Kings,bat,1,162.47619047619048,131.75,166.0,149.6,155.1,131.75,166.0,156.58174904942965,151.33333333333334,152.86,43,82,30,155
548323,2012,2012-04-15,Eden Gardens,Punjab Kings,Kolkata Knight Riders,Kolkata Knight Riders,field,0,158.89285714285714,147.15384615384616,142.95652173913044,160.6,162.9,132.7,145.6,146.5,151.5625,152.78,26,72,36,134
548324,2012,2012-04-15,M Chinnaswamy Stadium,Rajasthan Royals,Royal Challengers Bengaluru,Rajasthan Royals,bat,1,150.85185185185185,161.26829268292684,157.5909090909091,145.8,137.8,160.4,155.5,92.0,150.52941176470588,152.66,43,91,61,195
548325,2012,2012-04-16,Wankhede Stadium,Mumbai Indians,Delhi Capitals,Delhi Capitals,field,0,164.7941176470588,154.05882352941177,152.8235294117647,165.4,162.3,156.6,152.8235294117647,168.28571428571428,153.0,153.18,23,57,12,92
548326,2012,2012-04-17,Sawai Mansingh Stadium,Deccan Chargers,Rajasthan Royals,Deccan Chargers,bat,1,155.54545454545453,157.96969696969697,153.6315789473684,156.4,155.6,152.9,153.6315789473684,140.0,149.78947368421052,152.08,57,75,64,196
548327,2012,2012-04-17,M Chinnaswamy Stadium,Pune Warriors,Royal Challengers Bengaluru,Pune Warriors,bat,1,139.22222222222223,162.07142857142858,159.2173913043478,132.8,139.22222222222223,161.6,156.35,156.5410447761194,152.1,152.8,58,83,41,182
548328,2012,2012-04-18,"Punjab Cricket Association Stadium, Mohali",Punjab Kings,Kolkata Knight Riders,Punjab Kings,bat,1,158.0344827586207,146.66666666666666,171.76470588235293,163.6,161.0,130.8,171.76470588235293,172.625,153.52380952380952,153.32,45,51,28,124
548321,2012,2012-04-19,Feroz Shah Kotla,Deccan Chargers,Delhi Capitals,Deccan Chargers,bat,1,156.73529411764707,152.28571428571428,157.66666666666666,160.6,161.5,147.1,159.1,156.5,152.1818181818182,152.3,50,75,32,157
548330,2012,2012-04-19,"MA Chidambaram Stadium, Chepauk",Chennai Super Kings,Pune Warriors,Pune Warriors,field,0,162.30232558139534,134.33333333333334,166.4,155.0,154.1,134.33333333333334,165.55,167.53333333333333,152.3913043478261,151.34,42,74,48,164
548331,2012,2012-04-20,"Punjab Cricket Association Stadium, Mohali",Punjab Kings,Royal Challengers Bengaluru,Royal Challengers Bengaluru,field,0,156.9,162.53488372093022,169.11111111111111,164.6,156.0,162.7,169.11111111111111,167.22222222222223,152.875,152.34,41,71,51,163
548332,2012,2012-04-21,"MA Chidambaram Stadium, Chepauk",Rajasthan Royals,Chennai Super Kings,Rajasthan Royals,bat,1,152.42857142857142,162.625,166.30769230769232,155.6,144.3,167.2,167.45,179.0,153.28,152.04,41,75,30,146
548333,2012,2012-04-21,Feroz Shah Kotla,Pune Warriors,Delhi Capitals,Delhi Capitals,field,0,143.5,152.41666666666666,157.63636363636363,142.0,143.5,146.0,157.4,156.52919708029196,153.0,152.46,52,84,56,192
548334,2012,2012-04-22,Wankhede Stadium,Mumbai Indians,Punjab Kings,Mumbai Indians,bat,1,162.71428571428572,167.75,149.44444444444446,152.0,153.1,179.6,149.44444444444446,158.75,154.44444444444446,153.92,39,93,31,163
548335,2012,2012-04-22,Barabati Stadium,Deccan Chargers,Kolkata Knight Riders,Kolkata Knight Riders,field,0,156.74285714285713,145.85714285714286,170.5,164.8,159.7,127.3,170.5,170.5,154.75,153.26,39,63,24,126
548336,2012,2012-04-23,Sawai Mansingh Stadium,Royal Challengers Bengaluru,Rajasthan Royals,Rajasthan Royals,field,0,155.45833333333334,159.08823529411765,155.75,185.4,176.4,155.1,155.75,156.57039711191337,153.75862068965517,153.06,37,85,67,189
548337,2012,2012-04-24,Subrata Roy Sahara Stadium,Pune Warriors,Delhi Capitals,Pune Warriors,bat,1,147.9090909090909,153.48648648648648,160.5,156.8,144.0,150.4,160.5,166.0,154.93333333333334,153.58,28,71,47,146
548339,2012,2012-04-25,"Punjab Cricket Association Stadium, Mohali",Punjab Kings,Mumbai Indians,Punjab Kings,bat,1,157.09677419354838,145.79310344827587,168.78947368421052,164.6,153.1,144.2,168.78947368421052,166.8,154.6451612903226,153.58,44,72,52,168
548341,2012,2012-04-26,Subrata Roy Sahara Stadium,Deccan Chargers,Pune Warriors,Deccan Chargers,bat,1,155.88888888888889,137.3,155.66666666666666,163.0,155.8,137.3,155.66666666666666,156.68928571428572,155.0625,153.42,50,91,36,177
548342,2012,2012-04-27,Feroz Shah Kotla,Delhi Capitals,Mumbai Indians,Mumbai Indians,field,0,157.07692307692307,146.53333333333333,159.1304347826087,148.8,147.3,147.0,157.65,158.35714285714286,155.72727272727272,153.4,54,103,50,207
548343,2012,2012-04-28,"MA Chidambaram Stadium, Chepauk",Punjab Kings,Chennai Super Kings,Punjab Kings,bat,1,157.4375,161.96,165.55555555555554,164.2,158.7,164.7,164.2,136.0,157.23529411764707,155.76,43,86,27,156
548344,2012,2012-04-28,Eden Gardens,Kolkata Knight Riders,Royal Challengers Bengaluru,Kolkata Knight Riders,bat,1,152.1818181818182,162.54545454545453,142.58333333333334,134.6,146.3,163.0,145.65,155.25,157.2,156.18,46,98,46,190
548345,2012,2012-04-29,Feroz Shah Kotla,Delhi Capitals,Rajasthan Royals,Delhi Capitals,bat,1,158.92592592592592,159.94285714285715,161.125,144.0,149.2,160.3,158.3,161.6,158.11111111111111,156.58,42,72,38,152
548346,2012,2012-04-29,Wankhede Stadium,Deccan Chargers,Mumbai Indians,Mumbai Indians,field,0,156.45945945945945,148.48387096774192,150.1578947368421,158.8,156.7,155.9,150.1578947368421,135.0,157.94594594594594,157.68,38,49,13,100
548347,2012,2012-04-30,"MA Chidambaram Stadium, Chepauk",Chennai Super Kings,Kolkata Knight Riders,Chennai Super Kings,bat,1,162.3409090909091,145.17241379310346,165.21428571428572,146.8,159.1,131.8,162.5,167.3125,156.42105263157896,156.96,43,59,37,139
548348,2012,2012-05-01,Barabati Stadium,Deccan Chargers,Pune Warriors,Deccan Chargers,bat,1,154.97368421052633,140.9090909090909,155.66666666666666,151.2,153.8,143.8,155.66666666666666,155.66666666666666,155.97435897435898,155.1,33,89,64,186
548349,2012,2012-05-01,Sawai Mansingh Stadium,Rajasthan Royals,Delhi Capitals,Rajasthan Royals,bat,1,152.20689655172413,153.28947368421052,157.33333333333334,165.4,145.7,147.5,156.9,169.0,156.725,155.78,56,59,26,141
548350,2012,2012-05-02,M Chinnaswamy Stadium,Royal Challengers Bengaluru,Punjab Kings,Punjab Kings,field,0,156.8,167.6060606060606,160.16666666666666,182.2,178.2,177.1,157.65,157.36363636363637,156.34146341463415,156.24,33,96,29,158
548351,2012,2012-05-03,Subrata Roy Sahara Stadium,Mumbai Indians,Pune Warriors,Mumbai Indians,bat,1,162.72222222222223,144.66666666666666,161.0,152.6,151.2,147.6,161.0,156.82413793103447,156.38095238095238,156.74,42,51,27,120
548352,2012,2012-05-04,"MA Chidambaram Stadium, Chepauk",Chennai Super Kings,Deccan Chargers,Chennai Super Kings,bat,1,161.82222222222222,163.82758620689654,164.31034482758622,152.2,153.4,163.6,162.65,165.64705882352942,155.53488372093022,155.18,56,73,31,160
548353,2012,2012-05-05,Eden Gardens,Kolkata Knight Riders,Pune Warriors,Kolkata Knight Riders,bat,1,153.2941176470588,142.76923076923077,144.48,154.8,151.4,145.4,147.7,157.92307692307693,155.63636363636363,157.26,68,57,25,150
548354,2012,2012-05-05,"Punjab Cricket Association Stadium, Mohali",Rajasthan Royals,Punjab Kings,Rajasthan Royals,bat,1,151.83333333333334,167.3235294117647,168.75,155.4,143.9,176.4,168.75,183.0,155.51111111111112,157.7,64,69,44,177
548355,2012,2012-05-06,Wankhede Stadium,Chennai Super Kings,Mumbai Indians,Mumbai Indians,field,0,161.7826086956522,146.96875,147.65,145.6,151.8,149.6,147.65,156.0,155.97826086956522,157.74,52,86,35,173
548356,2012,2012-05-06,M Chinnaswamy Stadium,Deccan Chargers,Royal Challengers Bengaluru,Royal Challengers Bengaluru,field,0,155.76923076923077,163.15555555555557,160.08,149.2,154.9,169.5,159.25,156.81016949152541,156.3404255319149,157.7,46,80,55,181
548357,2012,2012-05-07,Feroz Shah Kotla,Delhi Capitals,Kolkata Knight Riders,Delhi Capitals,bat,1,158.67857142857142,144.96666666666667,160.76,142.4,146.0,132.5,160.0,161.0,156.85416666666666,158.38,50,64,39,153
548358,2012,2012-05-08,Subrata Roy Sahara Stadium,Pune Warriors,Rajasthan Royals,Pune Warriors,bat,1,147.75,159.72222222222223,152.8,160.2,146.8,160.4,152.8,156.0,156.77551020408163,157.74,35,64,26,125
548359,2012,2012-05-08,"Rajiv Gandhi International Stadium, Uppal",Punjab Kings,Deccan Chargers,Deccan Chargers,field,0,157.3939393939394,163.7,167.35714285714286,149.0,154.8,161.2,167.35714285714286,156.7718120805369,156.14,156.14,51,84,35,170
548360,2012,2012-05-09,Wankhede Stadium,Mumbai Indians,Royal Challengers Bengaluru,Royal Challengers Bengaluru,field,0,161.56756756756758,163.54347826086956,148.85714285714286,141.0,146.8,173.0,148.05,159.22222222222223,156.41176470588235,157.3,25,76,40,141
548329,2012,2012-05-10,"Rajiv Gandhi International Stadium, Uppal",Deccan Chargers,Delhi Capitals,Deccan Chargers,bat,1,156.4,152.97435897435898,167.53333333333333,154.0,159.4,143.8,167.53333333333333,162.0,156.1153846153846,158.18,33,107,47,187
548361,2012,2012-05-10,Sawai Mansingh Stadium,Rajasthan Royals,Chennai Super Kings,Chennai Super Kings,field,0,152.6451612903226,161.73076923076923,156.5909090909091,158.0,153.5,162.6,154.15,165.5,156.69811320754718,159.34,28,65,33,126
548362,2012,2012-05-11,Subrata Roy Sahara Stadium,Royal Challengers Bengaluru,Pune Warriors,Pune Warriors,field,0,156.84615384615384,143.28571428571428,148.16666666666666,178.8,177.9,142.3,148.16666666666666,156.76158940397352,156.12962962962962,158.04,66,66,41,173
548363,2012,2012-05-12,Eden Gardens,Mumbai Indians,Kolkata Knight Riders,Mumbai Indians,bat,1,161.02631578947367,145.2258064516129,144.69230769230768,142.6,143.7,135.9,147.85,133.0,156.43636363636364,158.36,49,90,43,182
548364,2012,2012-05-12,"MA Chidambaram Stadium, Chepauk",Delhi Capitals,Chennai Super Kings,Chennai Super Kings,field,0,158.48275862068965,160.40740740740742,164.16666666666666,141.6,150.2,159.1,162.6,156.89802631578948,156.89285714285714,158.14,27,57,30,114
548365,2012,2012-05-13,Sawai Mansingh Stadium,Rajasthan Royals,Pune Warriors,Rajasthan Royals,bat,1,151.8125,145.26666666666668,155.2608695652174,157.0,151.4,143.6,155.0,161.11111111111111,156.140350877193,157.14,45,91,34,170
548366,2012,2012-05-13,"Punjab Cricket Association Stadium, Mohali",Deccan Chargers,Punjab Kings,Deccan Chargers,bat,1,157.14634146341464,167.6,169.14285714285714,166.2,164.6,171.0,165.6,175.0,156.3793103448276,157.22,47,90,53,190
548367,2012,2012-05-14,M Chinnaswamy Stadium,Royal Challengers Bengaluru,Mumbai Indians,Mumbai Indians,field,0,157.44444444444446,147.75757575757575,160.8846153846154,176.4,176.8,153.4,160.6,157.41666666666666,156.94915254237287,158.26,40,82,49,171
548368,2012,2012-05-14,Eden Gardens,Kolkata Knight Riders,Chennai Super Kings,Chennai Super Kings,field,0,153.2,158.75,146.07407407407408,149.8,150.1,156.6,148.25,157.35714285714286,157.18333333333334,158.38,50,72,36,158
548369,2012,2012-05-15,Feroz Shah Kotla,Punjab Kings,Delhi Capitals,Punjab Kings,bat,1,157.76470588235293,153.825,160.46153846153845,156.2,159.9,144.9,158.85,156.957928802589,157.19672131147541,159.34,47,59,30,136
548370,2012,2012-05-16,Wankhede Stadium,Kolkata Knight Riders,Mumbai Indians,Mumbai Indians,field,0,153.33333333333334,148.44117647058823,148.5,152.0,148.8,153.0,147.3,107.0,156.8548387096774,158.12,32,68,40,140
548371,2012,2012-05-17,Himachal Pradesh Cricket Association Stadium,Chennai Super Kings,Punjab Kings,Punjab Kings,field,0,162.0212765957447,168.22222222222223,193.2,158.2,153.9,174.1,193.2,156.83601286173632,156.5873015873016,156.82,25,53,42,120
548372,2012,2012-05-17,Feroz Shah Kotla,Royal Challengers Bengaluru,Delhi Capitals,Delhi Capitals,field,0,157.92857142857142,153.390243902439,159.55555555555554,179.2,179.9,141.5,154.75,156.71794871794873,156.015625,156.92,42,117,56,215
548373,2012,2012-05-18,"Rajiv Gandhi International Stadium, Uppal",Rajasthan Royals,Deccan Chargers,Rajasthan Royals,bat,1,152.36363636363637,163.90322580645162,168.75,152.0,153.8,164.4,168.75,156.9041533546326,156.92307692307693,158.6,41,55,30,126
548374,2012,2012-05-19,Himachal Pradesh Cricket Association Stadium,Punjab Kings,Delhi Capitals,Delhi Capitals,field,0,157.14285714285714,154.85714285714286,181.0,158.6,161.6,153.3,181.0,192.0,156.45454545454547,158.02,20,72,49,141
548375,2012,2012-05-19,Subrata Roy Sahara Stadium,Kolkata Knight Riders,Pune Warriors,Kolkata Knight Riders,bat,1,152.97297297297297,146.8125,151.71428571428572,160.6,148.0,148.7,151.71428571428572,156.75555555555556,156.22388059701493,158.16,27,80,29,136
548376,2012,2012-05-20,"Rajiv Gandhi International Stadium, Uppal",Deccan Chargers,Royal Challengers Bengaluru,Royal Challengers Bengaluru,field,0,157.92857142857142,163.06382978723406,166.23529411764707,168.8,163.8,178.2,166.23529411764707,164.27272727272728,155.9264705882353,156.98,23,61,48,132
548377,2012,2012-05-20,Sawai Mansingh Stadium,Rajasthan Royals,Mumbai Indians,Rajasthan Royals,bat,1,151.58823529411765,148.2,155.875,148.0,156.7,152.3,156.5,162.0,155.57971014492753,157.78,31,89,42,162
548378,2012,2012-05-22,Subrata Roy Sahara Stadium,Kolkata Knight Riders,Delhi Capitals,Kolkata Knight Riders,bat,1,152.52631578947367,154.53488372093022,149.75,154.8,144.7,151.7,149.75,136.0,155.67142857142858,157.1,48,58,56,162
548379,2012,2012-05-23,M Chinnaswamy Stadium,Chennai Super Kings,Mumbai Indians,Mumbai Indians,field,0,161.14583333333334,148.58333333333334,161.25925925925927,151.2,153.1,150.0,163.05,153.0,155.7605633802817,156.7,30,98,59,187
548380,2012,2012-05-25,"MA Chidambaram Stadium, Chepauk",Chennai Super Kings,Delhi Capitals,Delhi Capitals,field,0,161.6734693877551,154.70454545454547,162.5483870967742,155.8,151.3,156.9,156.0,165.33333333333334,156.19444444444446,157.96,52,115,55,222
548381,2012,2012-05-27,"MA Chidambaram Stadium, Chepauk",Chennai Super Kings,Kolkata Knight Riders,Chennai Super Kings,bat,1,162.88,146.375,164.40625,172.4,162.3,138.5,158.85,168.31578947368422,157.0958904109589,159.26,54,92,44,190
597998,2013,2013-04-03,Eden Gardens,Delhi Capitals,Kolkata Knight Riders,Kolkata Knight Riders,field,0,157.0,147.6969696969697,146.5,136.4,152.1,146.1,149.4,157.04658385093168,157.04658385093168,159.78,45,53,30,128
597999,2013,2013-04-04,M Chinnaswamy Stadium,Royal Challengers Bengaluru,Mumbai Indians,Mumbai Indians,field,0,159.89655172413794,149.6216216216216,162.17857142857142,181.2,183.3,157.5,162.25,158.46153846153845,128.0,159.08,31,75,50,156
598000,2013,2013-04-05,"Rajiv Gandhi International Stadium, Uppal",Sunrisers Hyderabad,Pune Warriors,Pune Warriors,field,0,156.9537037037037,146.1764705882353,164.33333333333334,156.9537037037037,156.9537037037037,148.7,164.33333333333334,156.9537037037037,142.0,159.28,38,54,34,126
598001,2013,2013-04-06,Feroz Shah Kotla,Rajasthan Royals,Delhi Capitals,Rajasthan Royals,bat,1,151.88571428571427,156.2,161.53571428571428,152.2,153.8,169.9,156.25,129.0,136.66666666666666,157.96,45,97,23,165
598002,2013,2013-04-06,"MA Chidambaram Stadium, Chepauk",Mumbai Indians,Chennai Super Kings,Mumbai Indians,bat,1,161.56410256410257,158.72413793103448,165.1818181818182,139.6,152.5,153.2,161.4,156.88343558282207,143.75,158.0,41,62,45,148
598003,2013,2013-04-07,Subrata Roy Sahara Stadium,Pune Warriors,Punjab Kings,Pune Warriors,bat,1,146.0,166.9189189189189,151.11111111111111,152.0,145.2,165.6,151.11111111111111,145.66666666666666,144.6,158.44,24,54,21,99
598004,2013,2013-04-07,"Rajiv Gandhi International Stadium, Uppal",Royal Challengers Bengaluru,Sunrisers Hyderabad,Royal Challengers Bengaluru,bat,1,159.76666666666668,156.6798780487805,162.31578947368422,174.6,178.4,156.6798780487805,162.31578947368422,156.6798780487805,137.0,156.64,40,56,34,130
598005,2013,2013-04-08,Sawai Mansingh Stadium,Rajasthan Royals,Kolkata Knight Riders,Kolkata Knight Riders,field,0,152.25,147.11764705882354,156.12,149.8,153.9,147.1,156.8,162.0,136.0,156.32,35,66,43,144
598006,2013,2013-04-09,Wankhede Stadium,Mumbai Indians,Delhi Capitals,Mumbai Indians,bat,1,161.225,156.3913043478261,148.1304347826087,150.8,151.4,170.7,150.95,157.4,137.0,155.84,38,111,60,209
598048,2013,2013-04-09,M Chinnaswamy Stadium,Sunrisers Hyderabad,Royal Challengers Bengaluru,Sunrisers Hyderabad,bat,1,126.0,162.41666666666666,161.9655172413793,126.0,126.0,168.2,165.45,156.7190332326284,145.0,156.48,40,76,45,161
598007,2013,2013-04-10,"Punjab Cricket Association Stadium, Mohali",Punjab Kings,Chennai Super Kings,Chennai Super Kings,field,0,156.69444444444446,158.36666666666667,170.0909090909091,154.2,159.4,151.6,166.0,166.9090909090909,146.6,155.56,43,80,15,138
598008,2013,2013-04-11,M Chinnaswamy Stadium,Kolkata Knight Riders,Royal Challengers Bengaluru,Royal Challengers Bengaluru,field,0,152.76923076923077,162.3877551020408,161.93333333333334,149.2,152.0,171.5,164.95,159.0,145.8181818181818,155.2,44,79,31,154
598009,2013,2013-04-11,Subrata Roy Sahara Stadium,Rajasthan Royals,Pune Warriors,Rajasthan Royals,bat,1,152.02702702702703,145.05555555555554,145.9,153.4,155.2,155.7,145.9,156.6676646706587,146.5,154.48,44,62,39,145
598010,2013,2013-04-12,Feroz Shah Kotla,Delhi Capitals,Sunrisers Hyderabad,Delhi Capitals,bat,1,156.06451612903226,130.0,161.6551724137931,150.8,149.8,130.0,155.65,160.52941176470588,146.3846153846154,154.34,29,47,38,114
598011,2013,2013-04-13,Wankhede Stadium,Mumbai Indians,Pune Warriors,Mumbai Indians,bat,1,162.390243902439,145.05263157894737,150.66666666666666,160.0,156.3,154.7,151.95,162.0909090909091,144.07142857142858,154.62,48,70,65,183
598012,2013,2013-04-13,"MA Chidambaram Stadium, Chepauk",Royal Challengers Bengaluru,Chennai Super Kings,Chennai Super Kings,field,0,158.80645161290323,157.70967741935485,164.6764705882353,169.0,173.9,151.3,163.2,169.25,146.66666666666666,155.5,33,92,40,165
598013,2013,2013-04-14,Eden Gardens,Kolkata Knight Riders,Sunrisers Hyderabad,Kolkata Knight Riders,bat,1,152.8,122.0,145.86206896551724,150.0,149.9,122.0,147.6,157.4,147.8125,155.08,48,74,58,180
598014,2013,2013-04-14,Sawai Mansingh Stadium,Punjab Kings,Rajasthan Royals,Rajasthan Royals,field,0,156.1891891891892,158.78378378378378,155.65384615384616,148.2,156.2,153.4,154.15,159.5,149.7058823529412,155.86,34,58,32,124
598015,2013,2013-04-15,"MA Chidambaram Stadium, Chepauk",Pune Warriors,Chennai Super Kings,Pune Warriors,bat,1,142.64285714285714,157.9375,164.68571428571428,148.8,140.8,153.1,163.8,156.58235294117648,148.27777777777777,155.18,48,70,41,159
598016,2013,2013-04-16,"Punjab Cricket Association Stadium, Mohali",Punjab Kings,Kolkata Knight Riders,Kolkata Knight Riders,field,0,155.3421052631579,147.02857142857144,168.69565217391303,141.8,145.4,145.1,165.0,164.5,148.8421052631579,155.96,35,74,48,157
598017,2013,2013-04-16,M Chinnaswamy Stadium,Delhi Capitals,Royal Challengers Bengaluru,Royal Challengers Bengaluru,field,0,154.75,162.22,161.67741935483872,132.2,138.1,166.4,163.5,183.0,149.25,155.9,43,62,47,152
598018,2013,2013-04-17,Maharashtra Cricket Association Stadium,Sunrisers Hyderabad,Pune Warriors,Pune Warriors,field,0,143.5,146.95,156.57725947521865,143.5,143.5,156.6,156.57725947521865,156.57725947521865,149.38095238095238,155.94,25,56,38,119
598019,2013,2013-04-17,Sawai Mansingh Stadium,Rajasthan Royals,Mumbai Indians,Rajasthan Royals,bat,1,151.8421052631579,149.78947368421052,154.4814814814815,148.4,150.2,160.2,153.1,160.5,148.0,154.78,58,74,47,179
598020,2013,2013-04-18,Feroz Shah Kotla,Chennai Super Kings,Delhi Capitals,Chennai Super Kings,bat,1,163.41176470588235,157.51063829787233,160.06666666666666,178.4,162.0,172.4,151.95,110.0,149.34782608695653,154.9,39,84,46,169
598021,2013,2013-04-19,"Rajiv Gandhi International Stadium, Uppal",Punjab Kings,Sunrisers Hyderabad,Punjab Kings,bat,1,155.3846153846154,141.33333333333334,160.7,139.2,147.7,141.33333333333334,160.7,170.0,150.16666666666666,154.66,36,66,21,123
598022,2013,2013-04-20,Eden Gardens,Kolkata Knight Riders,Chennai Super Kings,Kolkata Knight Riders,bat,1,153.46341463414635,157.96969696969697,147.0,154.4,153.2,151.5,147.55,158.8125,149.08,154.06,47,44,28,119
598023,2013,2013-04-20,M Chinnaswamy Stadium,Rajasthan Royals,Royal Challengers Bengaluru,Royal Challengers Bengaluru,field,0,152.53846153846155,162.01960784313727,161.375,159.0,153.5,165.1,161.9,143.5,147.92307692307693,153.94,31,77,9,117
598024,2013,2013-04-21,Feroz Shah Kotla,Mumbai Indians,Delhi Capitals,Mumbai Indians,bat,1,162.88095238095238,157.75,160.3548387096774,172.6,156.8,174.7,151.2,197.0,146.77777777777777,152.88,24,94,43,161
598025,2013,2013-04-21,"Punjab Cricket Association Stadium, Mohali",Pune Warriors,Punjab Kings,Punjab Kings,field,0,143.73333333333332,165.1315789473684,168.20833333333334,144.2,143.1,157.7,163.95,115.0,147.28571428571428,153.28,48,80,57,185
598026,2013,2013-04-22,"MA Chidambaram Stadium, Chepauk",Rajasthan Royals,Chennai Super Kings,Rajasthan Royals,bat,1,151.65,156.8235294117647,164.52777777777777,150.0,151.1,142.9,162.6,168.0,148.58620689655172,153.24,55,83,47,185
598027,2013,2013-04-23,M Chinnaswamy Stadium,Royal Challengers Bengaluru,Pune Warriors,Pune Warriors,field,0,159.0,145.61904761904762,160.03030303030303,167.4,171.9,150.8,159.75,158.28571428571428,149.8,154.42,62,139,62,263
598059,2013,2013-04-23,Feroz Shah Kotla,Delhi Capitals,Punjab Kings,Punjab Kings,field,0,154.66666666666666,165.64102564102564,160.375,132.2,137.3,156.4,153.7,157.94444444444446,153.4516129032258,156.22,40,53,27,120
598029,2013,2013-04-24,Eden Gardens,Kolkata Knight Riders,Mumbai Indians,Kolkata Knight Riders,bat,1,152.64285714285714,150.53846153846155,146.09677419354838,150.2,155.4,164.3,143.5,156.47058823529412,152.40625,154.98,61,64,34,159
598030,2013,2013-04-25,"MA Chidambaram Stadium, Chepauk",Sunrisers Hyderabad,Chennai Super Kings,Sunrisers Hyderabad,bat,1,135.33333333333334,157.62857142857143,165.0810810810811,135.33333333333334,135.33333333333334,146.8,164.75,156.6338028169014,152.6060606060606,155.88,40,60,59,159
598031,2013,2013-04-26,Eden Gardens,Punjab Kings,Kolkata Knight Riders,Punjab Kings,bat,1,154.575,147.30555555555554,146.5,136.6,147.6,147.7,142.4,142.33333333333334,152.7941176470588,155.66,45,75,29,149
598032,2013,2013-04-27,Sawai Mansingh Stadium,Sunrisers Hyderabad,Rajasthan Royals,Sunrisers Hyderabad,bat,1,141.25,157.8684210526316,155.35714285714286,141.25,141.25,154.9,154.4,156.61904761904762,152.68571428571428,154.84,29,70,45,144
598033,2013,2013-04-27,Wankhede Stadium,Mumbai Indians,Royal Challengers Bengaluru,Mumbai Indians,bat,1,162.8372093023256,161.15384615384616,151.96,176.6,159.6,157.3,151.5,163.83333333333334,152.44444444444446,154.3,52,99,43,194
598034,2013,2013-04-28,"MA Chidambaram Stadium, Chepauk",Chennai Super Kings,Kolkata Knight Riders,Kolkata Knight Riders,field,0,163.51923076923077,147.35135135135135,164.92105263157896,177.6,167.9,149.2,164.45,169.4,153.56756756756758,155.02,67,91,42,200
598035,2013,2013-04-28,Shaheed Veer Narayan Singh International Stadium,Delhi Capitals,Pune Warriors,Pune Warriors,field,0,153.64705882352942,150.95454545454547,156.80833333333334,125.6,133.6,158.5,156.80833333333334,156.80833333333334,154.78947368421052,156.3,37,74,53,164
598036,2013,2013-04-29,Sawai Mansingh Stadium,Royal Challengers Bengaluru,Rajasthan Royals,Rajasthan Royals,field,0,162.15151515151516,157.51282051282053,154.9655172413793,185.8,182.5,159.9,152.9,189.0,155.02564102564102,156.78,55,68,48,171
598037,2013,2013-04-29,Wankhede Stadium,Mumbai Indians,Punjab Kings,Mumbai Indians,bat,1,163.54545454545453,164.5,153.57692307692307,179.0,159.3,149.3,155.6,166.15384615384616,155.425,157.8,36,78,60,174
598038,2013,2013-04-30,Subrata Roy Sahara Stadium,Chennai Super Kings,Pune Warriors,Chennai Super Kings,bat,1,164.20754716981133,151.52173913043478,145.8181818181818,193.6,172.4,162.9,145.8181818181818,155.0,155.8780487804878,156.98,29,85,50,164
598039,2013,2013-05-01,"Rajiv Gandhi International Stadium, Uppal",Mumbai Indians,Sunrisers Hyderabad,Mumbai Indians,bat,1,163.77777777777777,136.75,158.9047619047619,184.2,167.5,136.75,159.75,175.0,156.07142857142858,157.74,41,54,34,129
598040,2013,2013-05-01,Shaheed Veer Narayan Singh International Stadium,Kolkata Knight Riders,Delhi Capitals,Kolkata Knight Riders,bat,1,152.7906976744186,157.81632653061226,164.0,154.8,154.8,176.7,164.0,156.85753424657534,155.4418604651163,157.5,37,54,45,136
598041,2013,2013-05-02,"MA Chidambaram Stadium, Chepauk",Chennai Super Kings,Punjab Kings,Chennai Super Kings,bat,1,164.2037037037037,164.73170731707316,165.82051282051282,189.0,172.4,150.1,167.1,170.85714285714286,155.0,157.5,36,96,54,186
598042,2013,2013-05-02,Subrata Roy Sahara Stadium,Royal Challengers Bengaluru,Pune Warriors,Royal Challengers Bengaluru,bat,1,162.41176470588235,152.04166666666666,147.33333333333334,177.0,179.1,164.3,147.33333333333334,173.0,155.6888888888889,158.58,30,100,57,187
598043,2013,2013-05-03,Eden Gardens,Rajasthan Royals,Kolkata Knight Riders,Rajasthan Royals,bat,1,152.46341463414635,148.73684210526315,146.57575757575756,154.0,151.9,156.8,143.25,114.66666666666667,156.3695652173913,159.08,34,74,24,132
598044,2013,2013-05-04,"Rajiv Gandhi International Stadium, Uppal",Delhi Capitals,Sunrisers Hyderabad,Delhi Capitals,bat,1,153.94285714285715,135.2,157.54545454545453,135.6,136.0,135.2,155.5,156.89430894308944,155.85106382978722,158.48,26,46,8,80
598046,2013,2013-05-05,Wankhede Stadium,Mumbai Indians,Chennai Super Kings,Mumbai Indians,bat,1,163.02173913043478,157.66666666666666,154.33333333333334,168.2,164.1,147.1,155.2,166.71428571428572,154.27083333333334,156.34,32,58,49,139
598047,2013,2013-05-05,Sawai Mansingh Stadium,Pune Warriors,Rajasthan Royals,Pune Warriors,bat,1,146.3125,157.85,155.5,142.8,149.8,162.7,154.95,143.0,153.9591836734694,154.68,61,72,45,178
598064,2013,2013-05-06,"Punjab Cricket Association Stadium, Mohali",Royal Challengers Bengaluru,Punjab Kings,Punjab Kings,field,0,163.11428571428573,165.23809523809524,168.88,183.2,178.9,157.2,166.05,143.0,154.44,154.44,58,82,50,190
598049,2013,2013-05-07,Sawai Mansingh Stadium,Delhi Capitals,Rajasthan Royals,Delhi Capitals,bat,1,151.88888888888889,158.34146341463415,156.2258064516129,126.0,138.4,160.9,156.3,153.5,155.13725490196077,155.68,42,62,50,154
598050,2013,2013-05-07,Wankhede Stadium,Mumbai Indians,Kolkata Knight Riders,Mumbai Indians,bat,1,162.51063829787233,148.30769230769232,153.78571428571428,159.4,166.0,157.4,156.25,164.86666666666667,155.1153846153846,155.64,41,78,51,170
598051,2013,2013-05-08,"Rajiv Gandhi International Stadium, Uppal",Chennai Super Kings,Sunrisers Hyderabad,Sunrisers Hyderabad,field,0,164.6,126.0,154.17391304347825,181.8,177.1,126.0,151.3,156.81333333333333,155.39622641509433,156.52,50,102,71,223
598052,2013,2013-05-09,"Punjab Cricket Association Stadium, Mohali",Punjab Kings,Rajasthan Royals,Rajasthan Royals,field,0,154.4390243902439,158.23809523809524,169.69230769230768,138.2,146.2,163.0,166.8,163.92307692307693,156.64814814814815,157.68,37,83,25,145
598053,2013,2013-05-09,Subrata Roy Sahara Stadium,Kolkata Knight Riders,Pune Warriors,Kolkata Knight Riders,bat,1,152.4090909090909,153.44,150.3846153846154,149.6,149.4,165.7,150.3846153846154,149.0,156.43636363636364,157.62,50,49,53,152
598054,2013,2013-05-10,Feroz Shah Kotla,Royal Challengers Bengaluru,Delhi Capitals,Delhi Capitals,field,0,163.86111111111111,157.38,159.15151515151516,195.2,182.1,171.6,152.45,215.0,156.35714285714286,158.68,40,66,77,183
598055,2013,2013-05-11,Subrata Roy Sahara Stadium,Pune Warriors,Mumbai Indians,Pune Warriors,bat,1,148.1764705882353,150.75,150.5,149.2,154.7,163.4,150.5,134.0,156.82456140350877,159.74,36,58,18,112
598056,2013,2013-05-11,"Punjab Cricket Association Stadium, Mohali",Sunrisers Hyderabad,Punjab Kings,Punjab Kings,field,0,141.8,165.8139534883721,168.77777777777777,141.8,141.8,159.9,163.0,156.89473684210526,156.05172413793105,159.1,37,67,46,150
598057,2013,2013-05-12,JSCA International Stadium Complex,Royal Challengers Bengaluru,Kolkata Knight Riders,Kolkata Knight Riders,field,0,164.3783783783784,148.85,156.8766404199475,198.8,183.1,160.5,156.8766404199475,156.8766404199475,155.94915254237287,157.92,22,74,19,115
598058,2013,2013-05-12,Sawai Mansingh Stadium,Chennai Super Kings,Rajasthan Royals,Rajasthan Royals,field,0,165.64285714285714,157.93023255813952,156.15625,188.4,183.4,157.8,156.05,152.5,155.26666666666668,157.0,37,68,36,141
598060,2013,2013-05-13,Wankhede Stadium,Sunrisers Hyderabad,Mumbai Indians,Sunrisers Hyderabad,bat,1,143.16666666666666,149.8048780487805,154.3448275862069,146.6,143.16666666666666,153.9,156.55,156.72584856396867,155.0327868852459,157.06,52,93,33,178
598045,2013,2013-05-14,M Chinnaswamy Stadium,Royal Challengers Bengaluru,Punjab Kings,Punjab Kings,field,0,163.07894736842104,165.45454545454547,163.05882352941177,169.2,177.5,159.1,163.35,165.26666666666668,155.40322580645162,157.54,31,95,48,174
598062,2013,2013-05-14,"MA Chidambaram Stadium, Chepauk",Chennai Super Kings,Delhi Capitals,Chennai Super Kings,bat,1,165.21052631578948,157.88235294117646,166.325,182.8,180.2,176.3,167.6,171.54545454545453,155.6984126984127,158.12,47,78,43,168
598061,2013,2013-05-15,JSCA International Stadium Complex,Pune Warriors,Kolkata Knight Riders,Kolkata Knight Riders,field,0,146.16666666666666,148.02439024390245,115.0,146.6,149.3,156.7,115.0,156.85492227979276,155.890625,159.2,42,74,54,170
598063,2013,2013-05-15,Wankhede Stadium,Mumbai Indians,Rajasthan Royals,Rajasthan Royals,field,0,162.66666666666666,157.54545454545453,155.13333333333333,161.2,168.9,152.3,157.5,165.1875,156.1076923076923,158.94,49,90,27,166
598028,2013,2013-05-16,Himachal Pradesh Cricket Association Stadium,Punjab Kings,Delhi Capitals,Delhi Capitals,field,0,154.21428571428572,158.07692307692307,175.28571428571428,139.6,143.9,171.6,175.28571428571428,181.8,156.25757575757575,158.96,53,66,52,171
598065,2013,2013-05-17,"Rajiv Gandhi International Stadium, Uppal",Sunrisers Hyderabad,Rajasthan Royals,Sunrisers Hyderabad,bat,1,148.14285714285714,157.73333333333332,157.04166666666666,150.0,148.14285714285714,150.0,152.25,126.0,156.47761194029852,158.78,21,83,32,136
598066,2013,2013-05-18,Himachal Pradesh Cricket Association Stadium,Punjab Kings,Mumbai Indians,Mumbai Indians,field,0,154.6046511627907,150.47619047619048,174.75,149.0,145.4,161.7,174.75,180.0,156.1764705882353,159.02,35,108,40,183
598068,2013,2013-05-18,M Chinnaswamy Stadium,Royal Challengers Bengaluru,Chennai Super Kings,Chennai Super Kings,field,0,163.35897435897436,157.16216216216216,163.37142857142857,169.8,173.4,148.4,165.05,165.8125,156.56521739130434,159.5,76,30,0,106
598067,2013,2013-05-19,Subrata Roy Sahara Stadium,Pune Warriors,Delhi Capitals,Pune Warriors,bat,1,147.42105263157896,158.32075471698113,147.93333333333334,160.8,154.8,174.6,147.93333333333334,129.6,155.84285714285716,158.48,40,81,51,172
598069,2013,2013-05-19,"Rajiv Gandhi International Stadium, Uppal",Kolkata Knight Riders,Sunrisers Hyderabad,Kolkata Knight Riders,bat,1,152.4,139.85714285714286,156.2,149.2,149.6,139.85714285714286,150.15,186.5,156.07042253521126,158.88,33,62,35,130
598070,2013,2013-05-21,Feroz Shah Kotla,Chennai Super Kings,Mumbai Indians,Chennai Super Kings,bat,1,165.25862068965517,151.2325581395349,159.85294117647058,176.4,185.0,162.7,156.85,139.5,155.70833333333334,159.1,47,90,55,192
598071,2013,2013-05-22,Feroz Shah Kotla,Sunrisers Hyderabad,Rajasthan Royals,Sunrisers Hyderabad,bat,1,146.625,157.2608695652174,160.77142857142857,153.4,146.625,148.4,158.05,156.89113924050633,156.2054794520548,159.36,27,61,44,132
598072,2013,2013-05-24,Eden Gardens,Rajasthan Royals,Mumbai Indians,Rajasthan Royals,bat,1,151.97619047619048,152.1590909090909,146.14705882352942,151.6,152.5,164.8,143.2,119.0,155.8783783783784,158.62,42,68,55,165
598073,2013,2013-05-26,Eden Gardens,Mumbai Indians,Chennai Super Kings,Mumbai Indians,bat,1,162.73469387755102,155.81578947368422,146.68571428571428,155.6,167.3,147.6,143.3,157.5,156.0,159.46,34,72,42,148
729279,2014,2014-04-16,Sheikh Zayed Stadium,Kolkata Knight Riders,Mumbai Indians,Kolkata Knight Riders,bat,1,151.91304347826087,152.44444444444446,156.82663316582915,139.2,146.8,167.3,156.82663316582915,156.82663316582915,156.82663316582915,160.04,31,94,38,163
729281,2014,2014-04-17,Sharjah Cricket Stadium,Delhi Capitals,Royal Challengers Bengaluru,Royal Challengers Bengaluru,field,0,151.94594594594594,161.77358490566039,156.8421052631579,134.0,133.1,158.5,156.8421052631579,156.8421052631579,163.0,160.96,30,63,52,145
729283,2014,2014-04-18,Sheikh Zayed Stadium,Chennai Super Kings,Punjab Kings,Chennai Super Kings,bat,1,165.71186440677965,165.64444444444445,163.0,182.0,185.5,158.8,163.0,156.8125,154.0,160.64,70,90,45,205
729285,2014,2014-04-18,Sheikh Zayed Stadium,Sunrisers Hyderabad,Rajasthan Royals,Rajasthan Royals,field,0,145.0,156.72340425531914,184.0,148.0,145.0,149.1,184.0,156.93266832917706,171.0,161.04,41,58,34,133
729287,2014,2014-04-19,Dubai International Cricket Stadium,Mumbai Indians,Royal Challengers Bengaluru,Royal Challengers Bengaluru,field,0,162.44,161.46296296296296,156.87313432835822,150.4,167.3,156.7,156.87313432835822,156.87313432835822,161.5,160.0,49,49,17,115
729289,2014,2014-04-19,Dubai International Cricket Stadium,Kolkata Knight Riders,Delhi Capitals,Kolkata Knight Riders,bat,1,152.14893617021278,158.57407407407408,115.0,148.0,149.1,175.6,115.0,156.76923076923077,152.2,157.04,31,93,42,166
729291,2014,2014-04-20,Sharjah Cricket Stadium,Rajasthan Royals,Punjab Kings,Punjab Kings,field,0,152.27906976744185,166.5,145.0,155.6,152.0,160.3,145.0,156.79207920792078,154.5,157.96,54,92,45,191
729293,2014,2014-04-21,Sheikh Zayed Stadium,Chennai Super Kings,Delhi Capitals,Chennai Super Kings,bat,1,166.36666666666667,158.70909090909092,167.0,185.8,183.8,170.0,167.0,205.0,159.71428571428572,158.6,34,85,58,177
729295,2014,2014-04-22,Sharjah Cricket Stadium,Punjab Kings,Sunrisers Hyderabad,Sunrisers Hyderabad,field,0,155.25,138.625,168.0,154.2,146.7,138.625,168.0,156.92610837438423,161.875,158.96,43,112,38,193
729297,2014,2014-04-23,Dubai International Cricket Stadium,Chennai Super Kings,Rajasthan Royals,Rajasthan Royals,field,0,166.54098360655738,156.22916666666666,140.5,176.6,182.5,150.0,140.5,157.014742014742,165.33333333333334,159.84,51,55,34,140
729299,2014,2014-04-24,Sharjah Cricket Stadium,Kolkata Knight Riders,Royal Challengers Bengaluru,Royal Challengers Bengaluru,field,0,152.4375,160.61818181818182,176.33333333333334,149.4,152.1,149.2,176.33333333333334,156.97303921568627,162.8,159.76,42,71,37,150
729301,2014,2014-04-25,Dubai International Cricket Stadium,Sunrisers Hyderabad,Delhi Capitals,Sunrisers Hyderabad,bat,1,143.8,159.03571428571428,140.33333333333334,145.8,143.8,171.2,140.33333333333334,156.9559902200489,161.63636363636363,158.88,55,73,56,184
729303,2014,2014-04-25,Dubai International Cricket Stadium,Mumbai Indians,Chennai Super Kings,Mumbai Indians,bat,1,161.50980392156862,155.6153846153846,151.25,147.6,157.9,146.6,151.25,115.0,163.5,158.56,31,82,28,141
729305,2014,2014-04-26,Sheikh Zayed Stadium,Royal Challengers Bengaluru,Rajasthan Royals,Rajasthan Royals,field,0,161.925,155.89795918367346,169.5,153.6,168.4,149.6,169.5,156.98296836982968,161.76923076923077,158.1,22,48,0,70
729307,2014,2014-04-26,Sheikh Zayed Stadium,Punjab Kings,Kolkata Knight Riders,Kolkata Knight Riders,field,0,156.0888888888889,148.54761904761904,149.6,168.2,152.4,155.5,149.6,156.77184466019418,155.21428571428572,156.08,51,63,18,132
729309,2014,2014-04-27,Sharjah Cricket Stadium,Mumbai Indians,Delhi Capitals,Mumbai Indians,bat,1,161.1153846153846,159.47368421052633,169.75,148.0,153.7,168.7,169.75,156.71186440677965,153.66666666666666,155.24,37,43,45,125
729311,2014,2014-04-27,Sharjah Cricket Stadium,Sunrisers Hyderabad,Chennai Super Kings,Sunrisers Hyderabad,bat,1,147.45454545454547,155.25,160.8,152.6,149.6,145.9,160.8,156.6352657004831,151.875,154.46,37,65,43,145
729313,2014,2014-04-28,Dubai International Cricket Stadium,Royal Challengers Bengaluru,Punjab Kings,Punjab Kings,field,0,159.6829268292683,167.0212765957447,149.2,129.6,162.4,167.4,149.2,156.60722891566266,151.47058823529412,154.78,44,56,24,124
729315,2014,2014-04-29,Sheikh Zayed Stadium,Rajasthan Royals,Kolkata Knight Riders,Rajasthan Royals,bat,1,153.1590909090909,148.1627906976744,146.66666666666666,158.0,158.5,149.7,146.66666666666666,156.52884615384616,149.94444444444446,154.54,45,73,34,152
729317,2014,2014-04-30,Dubai International Cricket Stadium,Sunrisers Hyderabad,Mumbai Indians,Mumbai Indians,field,0,147.25,152.67391304347825,145.0,146.0,148.0,167.4,145.0,184.0,150.05263157894737,153.86,44,86,42,172
733971,2014,2014-05-02,JSCA International Stadium Complex,Chennai Super Kings,Kolkata Knight Riders,Chennai Super Kings,bat,1,166.11290322580646,148.25,142.5,176.4,179.6,152.1,142.5,156.55502392344496,151.15,153.56,43,90,15,148
733973,2014,2014-05-03,Wankhede Stadium,Punjab Kings,Mumbai Indians,Punjab Kings,bat,1,155.56521739130434,153.08510638297872,155.48387096774192,164.8,151.5,165.9,156.9,150.5,151.0,153.88,36,95,37,168
733975,2014,2014-05-03,Feroz Shah Kotla,Delhi Capitals,Rajasthan Royals,Rajasthan Royals,field,0,151.76315789473685,154.18,159.97222222222223,132.6,132.4,139.5,153.1,155.94736842105263,151.77272727272728,155.64,46,57,49,152
733977,2014,2014-05-04,M Chinnaswamy Stadium,Sunrisers Hyderabad,Royal Challengers Bengaluru,Royal Challengers Bengaluru,field,0,149.15384615384616,160.42857142857142,161.77777777777777,153.2,153.3,146.1,161.3,161.0,151.7826086956522,155.9,47,68,40,155
733979,2014,2014-05-05,"Sardar Patel Stadium, Motera",Rajasthan Royals,Kolkata Knight Riders,Kolkata Knight Riders,field,0,153.13333333333333,148.24444444444444,158.5,165.0,157.5,152.5,158.5,162.0,151.91666666666666,155.44,50,85,35,170
733981,2014,2014-05-05,Feroz Shah Kotla,Delhi Capitals,Chennai Super Kings,Chennai Super Kings,field,0,151.76923076923077,155.0,159.75675675675674,139.0,132.3,146.6,152.7,155.75,152.64,155.04,46,84,48,178
733983,2014,2014-05-06,Wankhede Stadium,Mumbai Indians,Royal Challengers Bengaluru,Royal Challengers Bengaluru,field,0,160.43396226415095,160.33333333333334,155.875,139.0,150.1,147.5,158.55,165.23529411764707,153.6153846153846,155.52,50,79,58,187
733985,2014,2014-05-07,Feroz Shah Kotla,Delhi Capitals,Kolkata Knight Riders,Delhi Capitals,bat,1,152.425,148.7173913043478,160.23684210526315,141.8,138.7,153.8,154.2,156.8095238095238,154.85185185185185,155.86,29,77,54,160
733987,2014,2014-05-07,Barabati Stadium,Punjab Kings,Chennai Super Kings,Chennai Super Kings,field,0,155.82978723404256,155.54761904761904,163.25,169.4,154.5,147.9,163.25,156.70892018779344,155.03571428571428,154.6,38,135,58,231
733989,2014,2014-05-08,"Sardar Patel Stadium, Motera",Sunrisers Hyderabad,Rajasthan Royals,Rajasthan Royals,field,0,149.57142857142858,154.13725490196077,160.8,157.8,152.9,136.9,160.8,156.88290398126463,157.6551724137931,156.32,50,56,28,134
733991,2014,2014-05-09,M Chinnaswamy Stadium,Punjab Kings,Royal Challengers Bengaluru,Royal Challengers Bengaluru,field,0,157.39583333333334,160.79310344827587,161.59459459459458,181.4,165.2,153.0,158.8,203.0,156.86666666666667,155.96,64,102,32,198
733993,2014,2014-05-10,Feroz Shah Kotla,Delhi Capitals,Sunrisers Hyderabad,Sunrisers Hyderabad,field,0,152.609756097561,144.66666666666666,160.23076923076923,157.8,141.9,144.66666666666666,155.2,156.95454545454547,158.19354838709677,156.26,52,76,15,143
733995,2014,2014-05-10,Wankhede Stadium,Mumbai Indians,Chennai Super Kings,Chennai Super Kings,field,0,160.92592592592592,157.30232558139534,156.8181818181818,143.2,149.4,155.1,161.25,166.44444444444446,157.71875,156.88,42,69,46,157
733997,2014,2014-05-11,Barabati Stadium,Punjab Kings,Kolkata Knight Riders,Kolkata Knight Riders,field,0,158.22448979591837,148.95744680851064,176.8,184.4,169.3,154.9,176.8,231.0,157.6969696969697,157.02,49,74,26,149
733999,2014,2014-05-11,M Chinnaswamy Stadium,Royal Challengers Bengaluru,Rajasthan Royals,Royal Challengers Bengaluru,bat,1,158.83333333333334,153.75,162.55263157894737,117.8,158.3,134.9,162.45,162.2941176470588,157.44117647058823,157.7,31,92,67,190
734001,2014,2014-05-12,"Rajiv Gandhi International Stadium, Uppal",Sunrisers Hyderabad,Mumbai Indians,Sunrisers Hyderabad,bat,1,148.53333333333333,153.39583333333334,155.19230769230768,158.0,151.9,167.1,148.4,131.0,158.37142857142857,158.68,43,69,45,157
734003,2014,2014-05-13,JSCA International Stadium Complex,Rajasthan Royals,Chennai Super Kings,Rajasthan Royals,bat,1,153.5,157.29545454545453,144.33333333333334,162.0,158.0,158.9,144.33333333333334,156.9516129032258,158.33333333333334,158.26,42,78,28,148
734005,2014,2014-05-13,M Chinnaswamy Stadium,Royal Challengers Bengaluru,Delhi Capitals,Delhi Capitals,field,0,159.5581395348837,158.8793103448276,163.25641025641025,132.8,151.0,164.3,167.5,163.83333333333334,158.05405405405406,157.74,34,81,71,186
734007,2014,2014-05-14,"Rajiv Gandhi International Stadium, Uppal",Sunrisers Hyderabad,Punjab Kings,Punjab Kings,field,0,149.0625,166.125,155.25925925925927,152.6,152.6,169.9,148.9,139.66666666666666,158.78947368421052,158.1,55,83,67,205
734009,2014,2014-05-14,Barabati Stadium,Mumbai Indians,Kolkata Knight Riders,Kolkata Knight Riders,field,0,160.85454545454544,148.95833333333334,172.16666666666666,145.0,147.7,149.8,172.16666666666666,157.10755148741418,159.97435897435898,158.8,37,78,26,141
734011,2014,2014-05-15,"Sardar Patel Stadium, Motera",Rajasthan Royals,Delhi Capitals,Delhi Capitals,field,0,153.38297872340425,159.33898305084745,156.33333333333334,165.2,158.4,166.8,156.33333333333334,164.0,159.5,158.3,52,105,44,201
734013,2014,2014-05-18,JSCA International Stadium Complex,Chennai Super Kings,Royal Challengers Bengaluru,Chennai Super Kings,bat,1,165.82539682539684,161.42372881355934,145.25,172.4,174.4,156.7,145.25,148.0,160.5121951219512,158.9,39,75,24,138
734015,2014,2014-05-18,"Rajiv Gandhi International Stadium, Uppal",Sunrisers Hyderabad,Kolkata Knight Riders,Sunrisers Hyderabad,bat,1,152.35294117647058,148.79591836734693,157.03571428571428,164.6,155.3,150.7,152.3,156.0,159.97619047619048,158.94,41,73,28,142
734017,2014,2014-05-19,"Sardar Patel Stadium, Motera",Mumbai Indians,Rajasthan Royals,Mumbai Indians,bat,1,160.5,154.43396226415095,162.71428571428572,150.2,148.9,139.4,162.71428571428572,157.09297052154196,159.5581395348837,158.12,42,92,44,178
734019,2014,2014-05-19,Feroz Shah Kotla,Delhi Capitals,Punjab Kings,Punjab Kings,field,0,152.38095238095238,166.91836734693877,159.8,155.6,144.8,171.9,159.55,156.34782608695653,159.97727272727272,159.56,55,79,30,164
734021,2014,2014-05-20,"Rajiv Gandhi International Stadium, Uppal",Royal Challengers Bengaluru,Sunrisers Hyderabad,Royal Challengers Bengaluru,bat,1,160.1590909090909,144.5,156.51724137931035,135.2,152.5,144.5,150.65,130.0,160.06666666666666,159.4,25,99,36,160
734023,2014,2014-05-20,Eden Gardens,Chennai Super Kings,Kolkata Knight Riders,Kolkata Knight Riders,field,0,165.390625,148.66,146.72222222222223,161.6,171.8,147.9,146.65,139.0,160.06521739130434,160.0,35,85,34,154
734025,2014,2014-05-21,"Punjab Cricket Association Stadium, Mohali",Punjab Kings,Mumbai Indians,Mumbai Indians,field,0,158.04,153.46938775510205,168.10714285714286,175.6,171.9,164.9,163.4,162.57142857142858,159.93617021276594,159.24,48,68,40,156
734027,2014,2014-05-22,Eden Gardens,Kolkata Knight Riders,Royal Challengers Bengaluru,Royal Challengers Bengaluru,field,0,152.3877551020408,161.03333333333333,146.9189189189189,152.2,150.9,155.1,147.75,156.61111111111111,159.85416666666666,159.72,45,105,45,195
734029,2014,2014-05-22,JSCA International Stadium Complex,Chennai Super Kings,Sunrisers Hyderabad,Sunrisers Hyderabad,field,0,165.2153846153846,145.9090909090909,143.8,151.4,168.6,147.5,143.8,143.0,160.57142857142858,160.32,60,70,55,185
734031,2014,2014-05-23,Wankhede Stadium,Mumbai Indians,Delhi Capitals,Delhi Capitals,field,0,160.80701754385964,160.03333333333333,156.8235294117647,157.6,152.8,173.3,160.35,165.94736842105263,161.06,161.06,65,88,20,173
734033,2014,2014-05-23,"Punjab Cricket Association Stadium, Mohali",Punjab Kings,Rajasthan Royals,Rajasthan Royals,field,0,158.0,154.87037037037038,167.68965517241378,180.4,172.6,143.1,162.05,162.13333333333333,161.2941176470588,161.26,53,73,53,179
734035,2014,2014-05-24,M Chinnaswamy Stadium,Royal Challengers Bengaluru,Chennai Super Kings,Chennai Super Kings,field,0,160.15555555555557,157.0888888888889,163.825,146.0,149.8,155.2,170.4,165.0,161.6346153846154,161.94,34,76,44,154
734037,2014,2014-05-24,Eden Gardens,Sunrisers Hyderabad,Kolkata Knight Riders,Kolkata Knight Riders,field,0,151.77777777777777,148.76470588235293,148.18421052631578,158.6,155.9,151.8,148.95,157.37472283813747,161.49056603773585,160.92,49,76,35,160
734039,2014,2014-05-25,"Punjab Cricket Association Stadium, Mohali",Delhi Capitals,Punjab Kings,Punjab Kings,field,0,152.65116279069767,166.86,168.06666666666666,159.4,146.0,176.3,161.85,158.0,161.46296296296296,161.46,44,63,8,115
734041,2014,2014-05-25,Wankhede Stadium,Rajasthan Royals,Mumbai Indians,Mumbai Indians,field,0,154.375,153.52,157.28571428571428,172.4,164.0,164.6,161.65,192.0,160.61818181818182,161.46,35,106,48,189
734043,2014,2014-05-27,Eden Gardens,Kolkata Knight Riders,Punjab Kings,Punjab Kings,field,0,153.24,165.84313725490196,148.48717948717947,160.8,155.0,170.4,151.0,158.6315789473684,161.125,161.92,55,59,49,163
734045,2014,2014-05-28,Brabourne Stadium,Mumbai Indians,Chennai Super Kings,Chennai Super Kings,field,0,161.01724137931035,157.02173913043478,173.66666666666666,167.2,153.1,154.7,173.66666666666666,181.0,161.1578947368421,161.36,53,87,33,173
734047,2014,2014-05-30,Wankhede Stadium,Punjab Kings,Chennai Super Kings,Chennai Super Kings,field,0,158.40384615384616,157.36170212765958,158.16666666666666,182.6,176.0,158.1,164.65,156.33333333333334,161.36206896551724,161.28,70,106,50,226
734049,2014,2014-06-01,M Chinnaswamy Stadium,Punjab Kings,Kolkata Knight Riders,Kolkata Knight Riders,field,0,159.67924528301887,148.98076923076923,163.58536585365854,181.6,181.5,150.8,170.25,200.5,162.45762711864407,161.94,32,108,59,199
829705,2015,2015-04-08,Eden Gardens,Mumbai Indians,Kolkata Knight Riders,Kolkata Knight Riders,field,0,161.22033898305085,149.9245283018868,148.85,164.4,153.8,157.5,153.45,154.33333333333334,157.64410480349346,163.12,37,72,59,168
829707,2015,2015-04-09,"MA Chidambaram Stadium, Chepauk",Chennai Super Kings,Delhi Capitals,Delhi Capitals,field,0,165.5151515151515,160.24590163934425,166.3658536585366,153.0,164.8,172.3,168.4,171.3913043478261,168.0,163.48,59,60,31,150
829709,2015,2015-04-10,Maharashtra Cricket Association Stadium,Rajasthan Royals,Punjab Kings,Punjab Kings,field,0,155.08163265306123,165.78846153846155,119.0,172.0,165.0,168.1,119.0,157.65,159.0,162.8,35,80,47,162
829711,2015,2015-04-11,"MA Chidambaram Stadium, Chepauk",Chennai Super Kings,Sunrisers Hyderabad,Chennai Super Kings,bat,1,165.28358208955223,149.16666666666666,165.97619047619048,155.0,165.7,154.6,166.65,170.5,160.0,163.22,49,103,57,209
829713,2015,2015-04-11,Eden Gardens,Kolkata Knight Riders,Royal Challengers Bengaluru,Royal Challengers Bengaluru,field,0,153.4313725490196,161.59016393442624,149.3170731707317,167.4,153.3,159.4,153.1,158.85,172.25,166.0,53,78,46,177
829715,2015,2015-04-12,Feroz Shah Kotla,Delhi Capitals,Rajasthan Royals,Rajasthan Royals,field,0,151.79545454545453,155.3090909090909,159.90243902439025,152.0,145.5,144.4,162.25,156.66666666666666,173.2,166.9,51,85,48,184
829717,2015,2015-04-12,Wankhede Stadium,Punjab Kings,Mumbai Indians,Mumbai Indians,field,0,160.40740740740742,154.2156862745098,160.0,181.8,183.1,172.3,166.1,173.75,175.0,168.08,57,83,37,177
829719,2015,2015-04-13,M Chinnaswamy Stadium,Royal Challengers Bengaluru,Sunrisers Hyderabad,Sunrisers Hyderabad,field,0,160.02173913043478,153.76923076923077,164.42857142857142,162.8,146.2,157.5,171.95,164.45,175.28571428571428,168.72,47,78,41,166
829721,2015,2015-04-14,"Sardar Patel Stadium, Motera",Mumbai Indians,Rajasthan Royals,Mumbai Indians,bat,1,161.33333333333334,155.82142857142858,164.625,166.6,155.8,149.2,164.625,178.0,174.125,169.56,31,68,65,164
829725,2015,2015-04-15,Maharashtra Cricket Association Stadium,Punjab Kings,Delhi Capitals,Punjab Kings,bat,1,160.70909090909092,160.08064516129033,140.5,187.4,181.5,170.5,140.5,157.94004282655246,173.0,169.8,41,90,34,165
829727,2015,2015-04-16,Dr. Y.S. Rajasekhara Reddy ACA-VDCA Cricket Stadium,Sunrisers Hyderabad,Rajasthan Royals,Rajasthan Royals,field,0,152.21052631578948,155.96491228070175,165.5,159.6,158.7,152.4,165.5,157.9551282051282,172.2,169.66,35,60,32,127
829729,2015,2015-04-17,Wankhede Stadium,Mumbai Indians,Chennai Super Kings,Mumbai Indians,bat,1,161.37704918032787,158.79166666666666,160.44736842105263,171.2,160.7,170.1,170.35,166.3,168.0909090909091,169.24,31,107,45,183
829731,2015,2015-04-18,Dr. Y.S. Rajasekhara Reddy ACA-VDCA Cricket Stadium,Delhi Capitals,Sunrisers Hyderabad,Delhi Capitals,bat,1,152.51111111111112,154.64285714285714,152.66666666666666,153.2,147.5,161.8,152.66666666666666,157.94255319148937,169.33333333333334,169.54,40,92,35,167
829733,2015,2015-04-18,Maharashtra Cricket Association Stadium,Punjab Kings,Kolkata Knight Riders,Kolkata Knight Riders,field,0,160.78571428571428,150.25925925925927,148.66666666666666,189.2,184.8,159.1,148.66666666666666,165.0,169.15384615384616,169.84,48,67,40,155
829735,2015,2015-04-19,"Sardar Patel Stadium, Motera",Chennai Super Kings,Rajasthan Royals,Chennai Super Kings,bat,1,165.9264705882353,155.4655172413793,164.55555555555554,167.2,169.8,151.8,164.55555555555554,157.95550847457628,168.14285714285714,169.84,39,74,43,156
829737,2015,2015-04-19,M Chinnaswamy Stadium,Mumbai Indians,Royal Challengers Bengaluru,Royal Challengers Bengaluru,field,0,161.7258064516129,161.83870967741936,164.46511627906978,172.2,164.9,165.4,170.5,191.0,167.33333333333334,169.56,48,104,57,209
829739,2015,2015-04-20,Feroz Shah Kotla,Delhi Capitals,Kolkata Knight Riders,Kolkata Knight Riders,field,0,152.82608695652175,150.34545454545454,160.47619047619048,154.6,156.2,159.8,163.6,157.76,169.9375,170.18,34,71,41,146
829741,2015,2015-04-21,"Sardar Patel Stadium, Motera",Rajasthan Royals,Punjab Kings,Punjab Kings,field,0,155.22,165.71698113207546,163.7,174.0,169.5,165.3,163.7,171.4,168.52941176470588,169.36,43,99,49,191
829743,2015,2015-04-22,Dr. Y.S. Rajasekhara Reddy ACA-VDCA Cricket Stadium,Sunrisers Hyderabad,Kolkata Knight Riders,Kolkata Knight Riders,field,0,150.95,150.26785714285714,156.25,158.2,158.1,157.4,156.25,127.0,169.77777777777777,169.98,43,100,33,176
829745,2015,2015-04-22,M Chinnaswamy Stadium,Chennai Super Kings,Royal Challengers Bengaluru,Royal Challengers Bengaluru,field,0,165.7826086956522,162.5873015873016,165.47727272727272,170.8,166.2,166.9,171.85,164.33333333333334,170.10526315789474,168.88,45,95,41,181
829747,2015,2015-04-23,Feroz Shah Kotla,Delhi Capitals,Mumbai Indians,Mumbai Indians,field,0,152.68085106382978,154.65384615384616,160.13953488372093,155.2,155.4,172.2,161.3,157.30769230769232,170.65,169.82,45,107,38,190
829749,2015,2015-04-24,"Sardar Patel Stadium, Motera",Rajasthan Royals,Royal Challengers Bengaluru,Royal Challengers Bengaluru,field,0,155.92156862745097,162.875,166.1818181818182,178.2,170.1,170.5,166.1818181818182,174.66666666666666,171.57142857142858,169.66,48,61,21,130
829751,2015,2015-04-25,Wankhede Stadium,Mumbai Indians,Sunrisers Hyderabad,Mumbai Indians,bat,1,162.47619047619048,155.46666666666667,161.02564102564102,179.4,173.3,165.6,171.35,167.0952380952381,169.6818181818182,169.4,46,75,36,157
829753,2015,2015-04-25,"MA Chidambaram Stadium, Chepauk",Chennai Super Kings,Punjab Kings,Chennai Super Kings,bat,1,166.0,166.1851851851852,166.97674418604652,176.2,163.8,169.4,166.85,172.04,169.1304347826087,169.4,54,99,39,192
829757,2015,2015-04-26,Feroz Shah Kotla,Delhi Capitals,Royal Challengers Bengaluru,Royal Challengers Bengaluru,field,0,153.45833333333334,162.36923076923077,160.8181818181818,160.4,159.9,172.0,160.45,158.5185185185185,170.08333333333334,170.26,38,52,5,95
829759,2015,2015-04-27,"Punjab Cricket Association Stadium, Mohali",Sunrisers Hyderabad,Punjab Kings,Punjab Kings,field,0,152.14285714285714,166.65454545454546,166.3548387096774,162.0,157.3,171.2,158.55,150.0,167.08,168.36,56,58,36,150
829765,2015,2015-04-28,"MA Chidambaram Stadium, Chepauk",Chennai Super Kings,Kolkata Knight Riders,Kolkata Knight Riders,field,0,166.3661971830986,150.71929824561403,167.54545454545453,177.6,165.3,159.0,170.85,172.80769230769232,166.42307692307693,168.22,53,53,28,134
829763,2015,2015-04-29,M Chinnaswamy Stadium,Royal Challengers Bengaluru,Rajasthan Royals,Rajasthan Royals,field,0,160.14893617021278,155.47457627118644,165.82222222222222,171.2,144.5,153.4,173.0,164.52380952380952,165.22222222222223,167.94,52,90,58,200
829723,2015,2015-04-30,Eden Gardens,Chennai Super Kings,Kolkata Knight Riders,Kolkata Knight Riders,field,0,165.91666666666666,150.43103448275863,149.97619047619048,174.4,164.7,157.5,157.1,144.0,166.46428571428572,168.22,69,59,37,165
829767,2015,2015-05-01,Feroz Shah Kotla,Punjab Kings,Delhi Capitals,Delhi Capitals,field,0,160.68421052631578,160.15873015873015,159.35555555555555,184.4,183.5,169.9,157.6,136.0,166.41379310344828,167.42,27,65,26,118
829769,2015,2015-05-01,Wankhede Stadium,Mumbai Indians,Rajasthan Royals,Rajasthan Royals,field,0,162.390625,156.21666666666667,160.925,176.2,170.3,166.4,174.2,166.63636363636363,164.8,166.96,47,79,61,187
829771,2015,2015-05-02,M Chinnaswamy Stadium,Kolkata Knight Riders,Royal Challengers Bengaluru,Royal Challengers Bengaluru,field,0,153.8846153846154,161.34848484848484,166.56521739130434,170.2,159.1,166.5,173.95,158.0,165.51612903225808,166.68,61,50,0,111
829773,2015,2015-05-02,"Rajiv Gandhi International Stadium, Uppal",Sunrisers Hyderabad,Chennai Super Kings,Chennai Super Kings,field,0,152.04545454545453,159.28571428571428,156.63333333333333,151.0,157.8,173.6,150.4,153.2,163.8125,166.14,76,80,36,192
829775,2015,2015-05-03,"Punjab Cricket Association Stadium, Mohali",Mumbai Indians,Punjab Kings,Mumbai Indians,bat,1,162.76923076923077,166.35714285714286,165.84375,180.0,173.3,165.7,158.35,154.0,164.66666666666666,167.14,51,85,36,172
829777,2015,2015-05-03,Brabourne Stadium,Rajasthan Royals,Delhi Capitals,Delhi Capitals,field,0,155.42307692307693,159.5,173.57142857142858,174.6,169.9,164.5,173.57142857142858,158.14430894308944,164.88235294117646,167.02,43,87,59,189
829779,2015,2015-05-04,"MA Chidambaram Stadium, Chepauk",Chennai Super Kings,Royal Challengers Bengaluru,Chennai Super Kings,bat,1,165.9041095890411,160.59701492537314,166.8,165.6,166.4,162.1,167.3,171.37037037037038,165.57142857142858,167.52,37,76,35,148
829781,2015,2015-05-04,Eden Gardens,Kolkata Knight Riders,Sunrisers Hyderabad,Sunrisers Hyderabad,field,0,153.0754716981132,155.5625,150.32558139534885,159.2,154.3,173.3,158.8,159.71428571428572,165.08333333333334,167.28,55,66,46,167
829783,2015,2015-05-05,Wankhede Stadium,Delhi Capitals,Mumbai Indians,Delhi Capitals,bat,1,152.26530612244898,155.32075471698113,161.5609756097561,156.4,154.2,172.9,174.9,158.2040404040404,165.13513513513513,167.54,44,62,46,152
829785,2015,2015-05-06,M Chinnaswamy Stadium,Royal Challengers Bengaluru,Punjab Kings,Punjab Kings,field,0,160.97916666666666,166.4561403508772,165.38297872340425,173.2,153.0,163.8,170.95,166.13636363636363,164.78947368421052,167.46,68,111,47,226
829761,2015,2015-05-07,Eden Gardens,Kolkata Knight Riders,Delhi Capitals,Kolkata Knight Riders,bat,1,153.33333333333334,159.95384615384614,150.70454545454547,162.6,157.4,166.8,160.45,160.04545454545453,166.35897435897436,168.08,50,69,52,171
829787,2015,2015-05-07,Brabourne Stadium,Sunrisers Hyderabad,Rajasthan Royals,Rajasthan Royals,field,0,153.7826086956522,156.72131147540983,175.5,161.0,159.8,169.9,175.5,158.35341365461846,166.475,167.8,56,95,50,201
829789,2015,2015-05-08,"MA Chidambaram Stadium, Chepauk",Chennai Super Kings,Mumbai Indians,Chennai Super Kings,bat,1,165.66216216216216,155.25925925925927,166.3913043478261,164.0,167.4,168.9,166.5,170.53571428571428,167.3170731707317,168.36,44,64,50,158
829791,2015,2015-05-09,Eden Gardens,Punjab Kings,Kolkata Knight Riders,Punjab Kings,bat,1,159.94827586206895,150.67796610169492,151.15555555555557,162.8,172.2,159.9,159.5,144.0,167.0952380952381,167.94,45,96,42,183
829793,2015,2015-05-09,Shaheed Veer Narayan Singh International Stadium,Sunrisers Hyderabad,Delhi Capitals,Sunrisers Hyderabad,bat,1,155.75,160.12121212121212,150.0,169.2,164.4,166.2,150.0,158.4870259481038,167.46511627906978,168.52,41,73,49,163
829795,2015,2015-05-10,Wankhede Stadium,Royal Challengers Bengaluru,Mumbai Indians,Royal Challengers Bengaluru,bat,1,162.30612244897958,155.3090909090909,161.33333333333334,181.2,158.2,168.2,175.45,175.0,167.36363636363637,168.58,39,121,75,235
829797,2015,2015-05-10,"MA Chidambaram Stadium, Chepauk",Chennai Super Kings,Rajasthan Royals,Chennai Super Kings,bat,1,165.56,157.43548387096774,166.2127659574468,159.4,167.8,176.6,167.1,170.10344827586206,168.86666666666667,170.98,36,79,42,157
829799,2015,2015-05-11,"Rajiv Gandhi International Stadium, Uppal",Sunrisers Hyderabad,Punjab Kings,Sunrisers Hyderabad,bat,1,156.04,167.48275862068965,157.7741935483871,176.4,167.3,174.0,151.4,159.66666666666666,168.6086956521739,170.34,56,91,38,185
829801,2015,2015-05-12,Shaheed Veer Narayan Singh International Stadium,Chennai Super Kings,Delhi Capitals,Chennai Super Kings,bat,1,165.44736842105263,160.16417910447763,154.33333333333334,152.4,165.0,164.1,154.33333333333334,158.6970297029703,168.95744680851064,170.78,16,70,33,119
829803,2015,2015-05-13,"Punjab Cricket Association Stadium, Mohali",Punjab Kings,Royal Challengers Bengaluru,Royal Challengers Bengaluru,field,0,160.33898305084745,160.41176470588235,166.03030303030303,159.6,170.7,158.2,157.55,163.1875,167.91666666666666,169.7,72,34,0,106
829805,2015,2015-05-14,Wankhede Stadium,Mumbai Indians,Kolkata Knight Riders,Kolkata Knight Riders,field,0,162.9090909090909,151.21666666666667,163.04651162790697,181.6,176.4,164.0,180.2,167.52173913043478,166.6530612244898,167.3,46,66,59,171
829807,2015,2015-05-15,"Rajiv Gandhi International Stadium, Uppal",Sunrisers Hyderabad,Royal Challengers Bengaluru,Sunrisers Hyderabad,bat,1,157.15384615384616,159.6231884057971,158.625,178.2,170.1,149.0,152.2,163.28571428571428,166.74,166.74,68,67,0,135
829809,2015,2015-05-16,"Punjab Cricket Association Stadium, Mohali",Punjab Kings,Chennai Super Kings,Punjab Kings,bat,1,159.43333333333334,159.94,164.26470588235293,145.4,166.4,178.7,153.1,159.8235294117647,166.11764705882354,166.08,41,53,36,130
829811,2015,2015-05-16,Brabourne Stadium,Rajasthan Royals,Kolkata Knight Riders,Rajasthan Royals,bat,1,156.0566037735849,151.54098360655738,178.33333333333334,172.2,172.3,165.7,178.33333333333334,189.0,165.42307692307693,165.68,66,85,48,199
829813,2015,2015-05-17,M Chinnaswamy Stadium,Delhi Capitals,Royal Challengers Bengaluru,Royal Challengers Bengaluru,field,0,152.26,159.27142857142857,166.64583333333334,150.0,151.6,148.7,172.9,167.5,166.0566037735849,166.42,54,90,43,187
829815,2015,2015-05-17,"Rajiv Gandhi International Stadium, Uppal",Sunrisers Hyderabad,Mumbai Indians,Sunrisers Hyderabad,bat,1,156.33333333333334,156.73214285714286,157.9090909090909,175.2,163.1,175.4,150.2,159.75,166.44444444444446,165.98,29,56,28,113
829817,2015,2015-05-19,Wankhede Stadium,Mumbai Indians,Chennai Super Kings,Mumbai Indians,bat,1,163.02985074626866,159.35294117647058,163.22727272727272,179.2,175.7,177.2,178.3,167.66666666666666,165.47272727272727,164.7,48,91,48,187
829819,2015,2015-05-20,Maharashtra Cricket Association Stadium,Royal Challengers Bengaluru,Rajasthan Royals,Royal Challengers Bengaluru,bat,1,163.76,157.42857142857142,150.25,196.2,171.1,173.3,150.25,158.53891050583658,165.85714285714286,164.76,41,83,56,180
829821,2015,2015-05-22,JSCA International Stadium Complex,Royal Challengers Bengaluru,Chennai Super Kings,Chennai Super Kings,field,0,164.07843137254903,159.8846153846154,150.66666666666666,201.4,182.1,178.1,150.66666666666666,115.0,166.10526315789474,164.82,29,74,36,139
829823,2015,2015-05-24,Eden Gardens,Mumbai Indians,Chennai Super Kings,Chennai Super Kings,field,0,163.38235294117646,159.49056603773585,151.84782608695653,174.8,177.1,168.9,161.15,157.75,165.63793103448276,164.28,61,89,52,202
980901,2016,2016-04-09,Wankhede Stadium,Mumbai Indians,Rising Pune Supergiants,Mumbai Indians,bat,1,163.94202898550725,158.6266924564797,163.75555555555556,183.8,180.0,158.6266924564797,178.5,168.44,158.6266924564797,165.04,37,38,46,121
980903,2016,2016-04-10,Eden Gardens,Delhi Capitals,Kolkata Knight Riders,Kolkata Knight Riders,field,0,152.94117647058823,152.30645161290323,152.91489361702128,154.0,154.3,169.6,162.15,128.0,121.0,164.16,35,57,6,98
980905,2016,2016-04-11,"Punjab Cricket Association IS Bindra Stadium, Mohali",Punjab Kings,Gujarat Lions,Gujarat Lions,field,0,158.95081967213116,158.4373795761079,158.4373795761079,138.4,163.8,158.4373795761079,158.4373795761079,158.4373795761079,109.5,163.58,52,78,31,161
980907,2016,2016-04-12,M Chinnaswamy Stadium,Royal Challengers Bengaluru,Sunrisers Hyderabad,Sunrisers Hyderabad,field,0,163.59615384615384,156.23529411764707,167.0612244897959,196.0,183.6,167.7,174.45,168.7391304347826,126.66666666666667,163.14,49,115,63,227
980909,2016,2016-04-13,Eden Gardens,Kolkata Knight Riders,Mumbai Indians,Mumbai Indians,field,0,153.65454545454546,155.96491228070175,151.77083333333334,157.8,159.3,169.5,159.15,160.52173913043478,151.75,164.34,40,111,36,187
980911,2016,2016-04-14,Saurashtra Cricket Association Stadium,Rising Pune Supergiants,Gujarat Lions,Rising Pune Supergiants,bat,1,158.62835249042146,161.0,158.62835249042146,158.62835249042146,158.62835249042146,161.0,158.62835249042146,158.62835249042146,158.8,164.98,57,77,29,163
980913,2016,2016-04-15,Feroz Shah Kotla,Punjab Kings,Delhi Capitals,Delhi Capitals,field,0,158.98387096774192,159.55882352941177,158.45652173913044,139.6,162.0,163.5,155.85,127.0,159.5,165.12,37,48,26,111
980915,2016,2016-04-16,"Rajiv Gandhi International Stadium, Uppal",Sunrisers Hyderabad,Kolkata Knight Riders,Sunrisers Hyderabad,bat,1,154.78571428571428,151.44444444444446,156.58823529411765,159.4,160.2,159.5,149.05,154.55555555555554,152.57142857142858,163.16,36,69,37,142
980917,2016,2016-04-16,Wankhede Stadium,Mumbai Indians,Gujarat Lions,Gujarat Lions,field,0,163.32857142857142,162.0,162.82608695652175,170.6,175.3,162.0,174.85,166.6153846153846,151.25,163.08,31,57,55,143
980919,2016,2016-04-17,"Punjab Cricket Association IS Bindra Stadium, Mohali",Rising Pune Supergiants,Punjab Kings,Rising Pune Supergiants,bat,1,163.0,167.77966101694915,161.0,163.0,163.0,172.0,161.0,158.48479087452472,150.33333333333334,162.12,49,67,36,152
980921,2016,2016-04-17,M Chinnaswamy Stadium,Royal Challengers Bengaluru,Delhi Capitals,Delhi Capitals,field,0,164.79245283018867,158.85507246376812,168.26,201.4,187.3,156.0,177.75,171.16666666666666,150.5,161.64,63,101,27,191
980923,2016,2016-04-18,"Rajiv Gandhi International Stadium, Uppal",Mumbai Indians,Sunrisers Hyderabad,Sunrisers Hyderabad,field,0,163.04225352112675,160.16666666666666,156.17142857142858,164.8,173.2,177.4,147.65,159.66666666666666,154.1818181818182,161.84,40,78,24,142
980925,2016,2016-04-19,"Punjab Cricket Association IS Bindra Stadium, Mohali",Punjab Kings,Kolkata Knight Riders,Kolkata Knight Riders,field,0,158.22222222222223,151.296875,156.5,138.2,150.5,156.9,156.5,161.0,153.16666666666666,160.88,41,61,36,138
980927,2016,2016-04-20,Wankhede Stadium,Royal Challengers Bengaluru,Mumbai Indians,Mumbai Indians,field,0,165.27777777777777,156.5,162.40425531914894,194.4,187.8,171.4,173.3,205.0,152.0,161.04,49,74,47,170
980929,2016,2016-04-21,Saurashtra Cricket Association Stadium,Gujarat Lions,Sunrisers Hyderabad,Sunrisers Hyderabad,field,0,158.4858757062147,159.21052631578948,163.0,158.4858757062147,158.4858757062147,172.3,163.0,158.4858757062147,153.28571428571428,161.3,50,63,22,135
980931,2016,2016-04-22,Maharashtra Cricket Association Stadium,Royal Challengers Bengaluru,Rising Pune Supergiants,Rising Pune Supergiants,field,0,165.36363636363637,121.0,156.2,181.4,188.8,121.0,156.2,180.0,152.06666666666666,160.16,48,89,48,185
980933,2016,2016-04-23,Feroz Shah Kotla,Delhi Capitals,Mumbai Indians,Mumbai Indians,field,0,151.8846153846154,156.72881355932202,157.4468085106383,144.4,149.8,172.7,154.6,156.25,154.125,161.96,41,77,46,164
980935,2016,2016-04-23,"Rajiv Gandhi International Stadium, Uppal",Punjab Kings,Sunrisers Hyderabad,Sunrisers Hyderabad,field,0,157.90625,158.0,155.77777777777777,129.2,144.4,171.5,145.4,146.5,154.7058823529412,162.24,35,70,38,143
980937,2016,2016-04-24,Saurashtra Cricket Association Stadium,Royal Challengers Bengaluru,Gujarat Lions,Royal Challengers Bengaluru,bat,1,165.71428571428572,155.66666666666666,149.0,182.4,191.9,155.66666666666666,149.0,158.47289719626167,154.05555555555554,162.42,50,78,52,180
980939,2016,2016-04-24,Maharashtra Cricket Association Stadium,Rising Pune Supergiants,Kolkata Knight Riders,Kolkata Knight Riders,field,0,157.5,151.09230769230768,161.0,157.5,157.5,155.2,161.0,158.51305970149255,155.42105263157896,162.02,31,77,52,160
980941,2016,2016-04-25,"Punjab Cricket Association IS Bindra Stadium, Mohali",Mumbai Indians,Punjab Kings,Punjab Kings,field,0,162.75,167.51666666666668,150.33333333333334,159.0,169.1,170.8,150.33333333333334,158.51582867783986,155.65,161.92,39,117,33,189
980943,2016,2016-04-26,"Rajiv Gandhi International Stadium, Uppal",Sunrisers Hyderabad,Rising Pune Supergiants,Rising Pune Supergiants,field,0,154.3448275862069,153.0,155.43243243243242,147.6,158.4,153.0,146.25,153.3,157.23809523809524,163.34,27,51,40,118
980945,2016,2016-04-27,Feroz Shah Kotla,Gujarat Lions,Delhi Capitals,Delhi Capitals,field,0,135.0,159.31428571428572,157.58333333333334,135.0,135.0,155.0,152.05,158.49721706864565,155.45454545454547,161.96,71,63,38,172
980947,2016,2016-04-28,Wankhede Stadium,Kolkata Knight Riders,Mumbai Indians,Mumbai Indians,field,0,154.25,156.85,162.5625,162.6,165.0,173.5,174.85,118.0,156.17391304347825,163.18,59,71,44,174
980949,2016,2016-04-29,Maharashtra Cricket Association Stadium,Rising Pune Supergiants,Gujarat Lions,Gujarat Lions,field,0,158.33333333333334,161.75,160.85714285714286,158.33333333333334,158.33333333333334,161.75,160.85714285714286,160.0,156.91666666666666,162.82,48,96,51,195
980951,2016,2016-04-30,Feroz Shah Kotla,Delhi Capitals,Kolkata Knight Riders,Kolkata Knight Riders,field,0,152.11320754716982,151.22727272727272,157.87755102040816,139.2,149.8,156.6,152.4,156.51724137931035,158.44,163.28,37,94,55,186
980953,2016,2016-04-30,"Rajiv Gandhi International Stadium, Uppal",Sunrisers Hyderabad,Royal Challengers Bengaluru,Royal Challengers Bengaluru,field,0,153.13333333333333,159.66197183098592,154.44736842105263,138.6,157.5,147.9,145.55,150.0909090909091,159.5,163.22,49,104,41,194
980955,2016,2016-05-01,Saurashtra Cricket Association Stadium,Punjab Kings,Gujarat Lions,Gujarat Lions,field,0,157.6769230769231,168.4,159.33333333333334,136.6,141.0,168.4,159.33333333333334,158.73345588235293,160.77777777777777,164.14,59,64,31,154
980957,2016,2016-05-01,Maharashtra Cricket Association Stadium,Rising Pune Supergiants,Mumbai Indians,Mumbai Indians,field,0,167.5,157.13114754098362,165.125,167.5,167.5,172.0,165.125,177.5,160.53571428571428,163.88,54,70,35,159
980959,2016,2016-05-02,M Chinnaswamy Stadium,Royal Challengers Bengaluru,Kolkata Knight Riders,Kolkata Knight Riders,field,0,165.96491228070175,151.7462686567164,168.7058823529412,190.6,193.3,157.6,179.6,171.96,160.48275862068965,164.02,40,85,60,185
980961,2016,2016-05-03,Saurashtra Cricket Association Stadium,Gujarat Lions,Delhi Capitals,Delhi Capitals,field,0,153.5,159.49295774647888,158.0,153.5,153.5,154.9,158.0,135.0,161.3,163.2,35,75,39,149
980963,2016,2016-05-04,Eden Gardens,Kolkata Knight Riders,Punjab Kings,Punjab Kings,field,0,154.59649122807016,167.86885245901638,152.48979591836735,162.0,166.1,178.2,162.1,161.625,160.90322580645162,162.76,40,88,36,164
980965,2016,2016-05-05,Feroz Shah Kotla,Delhi Capitals,Rising Pune Supergiants,Rising Pune Supergiants,field,0,152.74074074074073,141.33333333333334,158.44,157.4,156.9,141.33333333333334,156.0,157.5,161.0,162.02,48,82,32,162
980967,2016,2016-05-06,"Rajiv Gandhi International Stadium, Uppal",Gujarat Lions,Sunrisers Hyderabad,Sunrisers Hyderabad,field,0,152.0,157.28571428571428,155.46153846153845,152.0,152.0,169.8,148.95,158.7709090909091,161.03030303030303,162.1,26,67,33,126
980969,2016,2016-05-07,M Chinnaswamy Stadium,Rising Pune Supergiants,Royal Challengers Bengaluru,Royal Challengers Bengaluru,field,0,165.8,160.13888888888889,169.01923076923077,165.8,165.8,149.6,181.25,158.7114337568058,160.0,160.96,60,86,45,191
980971,2016,2016-05-07,"Punjab Cricket Association IS Bindra Stadium, Mohali",Punjab Kings,Delhi Capitals,Delhi Capitals,field,0,157.62121212121212,159.34722222222223,160.0,141.4,139.9,154.8,160.0,149.5,160.88571428571427,161.52,45,90,46,181
980973,2016,2016-05-08,Dr. Y.S. Rajasekhara Reddy ACA-VDCA Cricket Stadium,Sunrisers Hyderabad,Mumbai Indians,Mumbai Indians,field,0,154.4516129032258,157.16129032258064,160.2,140.4,159.3,170.2,160.2,151.5,161.44444444444446,160.44,51,79,47,177
980975,2016,2016-05-08,Eden Gardens,Kolkata Knight Riders,Gujarat Lions,Gujarat Lions,field,0,154.75862068965517,166.0,152.72,172.6,165.9,166.0,161.3,161.72,161.86486486486487,160.84,28,80,50,158
980977,2016,2016-05-09,"Punjab Cricket Association IS Bindra Stadium, Mohali",Royal Challengers Bengaluru,Punjab Kings,Punjab Kings,field,0,166.29310344827587,167.80645161290323,164.2,182.2,191.8,178.3,164.2,158.84144144144145,161.76315789473685,160.3,56,73,46,175
980979,2016,2016-05-10,Dr. Y.S. Rajasekhara Reddy ACA-VDCA Cricket Stadium,Sunrisers Hyderabad,Rising Pune Supergiants,Sunrisers Hyderabad,bat,1,155.15625,146.5,163.0,148.8,162.0,146.5,163.0,160.0,162.10256410256412,161.42,34,65,38,137
980981,2016,2016-05-11,M Chinnaswamy Stadium,Royal Challengers Bengaluru,Mumbai Indians,Mumbai Indians,field,0,166.4406779661017,157.47619047619048,169.43396226415095,179.0,186.7,168.9,184.95,172.46153846153845,161.475,162.04,25,76,50,151
980983,2016,2016-05-12,"Rajiv Gandhi International Stadium, Uppal",Sunrisers Hyderabad,Delhi Capitals,Delhi Capitals,field,0,154.6060606060606,159.64383561643837,154.725,153.6,156.5,156.4,148.75,153.75,161.21951219512195,161.64,51,67,28,146
980985,2016,2016-05-13,Dr. Y.S. Rajasekhara Reddy ACA-VDCA Cricket Stadium,Mumbai Indians,Punjab Kings,Mumbai Indians,bat,1,163.1095890410959,167.9206349206349,159.28571428571428,159.4,167.1,179.6,159.28571428571428,158.79427549194992,160.85714285714286,161.86,21,76,27,124
980987,2016,2016-05-14,M Chinnaswamy Stadium,Royal Challengers Bengaluru,Gujarat Lions,Gujarat Lions,field,0,166.18333333333334,164.85714285714286,169.09259259259258,175.2,178.3,164.85714285714286,179.35,171.66666666666666,160.0,161.74,42,117,89,248
980989,2016,2016-05-14,Eden Gardens,Rising Pune Supergiants,Kolkata Knight Riders,Rising Pune Supergiants,bat,1,170.0,152.23529411764707,152.8235294117647,171.4,170.0,162.7,163.25,158.89126559714796,162.0,162.72,37,59,7,103
980991,2016,2016-05-15,"Punjab Cricket Association IS Bindra Stadium, Mohali",Punjab Kings,Sunrisers Hyderabad,Punjab Kings,bat,1,157.97014925373134,155.86363636363637,166.0,145.4,142.5,163.9,166.0,160.0,160.6888888888889,161.04,47,87,45,179
980993,2016,2016-05-15,Dr. Y.S. Rajasekhara Reddy ACA-VDCA Cricket Stadium,Mumbai Indians,Delhi Capitals,Delhi Capitals,field,0,162.5810810810811,159.45945945945945,154.875,143.8,163.8,159.2,154.875,124.0,161.08695652173913,162.36,45,116,45,206
980995,2016,2016-05-16,Eden Gardens,Kolkata Knight Riders,Royal Challengers Bengaluru,Royal Challengers Bengaluru,field,0,154.8135593220339,160.56164383561645,151.8653846153846,170.8,166.7,147.8,160.45,161.57692307692307,162.04255319148936,162.74,51,86,46,183
980997,2016,2016-05-17,Dr. Y.S. Rajasekhara Reddy ACA-VDCA Cricket Stadium,Delhi Capitals,Rising Pune Supergiants,Rising Pune Supergiants,field,0,152.9090909090909,144.6,160.55555555555554,159.4,154.7,144.6,160.55555555555554,167.0,162.47916666666666,162.8,28,49,44,121
980999,2016,2016-05-18,M Chinnaswamy Stadium,Royal Challengers Bengaluru,Punjab Kings,Punjab Kings,field,0,167.52459016393442,167.234375,170.52727272727273,187.8,185.1,172.9,183.05,174.39285714285714,161.6326530612245,162.44,63,148,0,211
981001,2016,2016-05-19,Green Park,Kolkata Knight Riders,Gujarat Lions,Gujarat Lions,field,0,155.28333333333333,175.25,158.97883597883597,173.2,165.5,175.25,158.97883597883597,158.97883597883597,162.62,162.62,44,49,31,124
981003,2016,2016-05-20,Shaheed Veer Narayan Singh International Stadium,Sunrisers Hyderabad,Delhi Capitals,Delhi Capitals,field,0,154.35294117647058,160.08,145.5,154.4,151.0,160.9,145.5,163.0,161.86274509803923,162.68,46,74,38,158
981005,2016,2016-05-21,Dr. Y.S. Rajasekhara Reddy ACA-VDCA Cricket Stadium,Punjab Kings,Rising Pune Supergiants,Punjab Kings,bat,1,158.27941176470588,140.66666666666666,156.6,159.0,148.6,140.66666666666666,156.6,158.91564147627417,161.78846153846155,163.88,52,72,48,172
981007,2016,2016-05-21,Green Park,Mumbai Indians,Gujarat Lions,Gujarat Lions,field,0,163.16,169.55555555555554,124.0,160.8,165.7,169.55555555555554,124.0,158.93859649122808,161.9811320754717,164.1,49,96,27,172
981009,2016,2016-05-22,Eden Gardens,Kolkata Knight Riders,Sunrisers Hyderabad,Sunrisers Hyderabad,field,0,154.7704918032787,156.8695652173913,152.45283018867926,160.6,161.6,160.9,162.15,162.37037037037038,162.16666666666666,163.0,48,98,25,171
981011,2016,2016-05-22,Shaheed Veer Narayan Singh International Stadium,Delhi Capitals,Royal Challengers Bengaluru,Royal Challengers Bengaluru,field,0,152.33928571428572,160.86486486486487,148.0,146.2,150.1,148.0,148.0,164.0,162.3272727272727,162.68,43,64,31,138
981013,2016,2016-05-24,M Chinnaswamy Stadium,Gujarat Lions,Royal Challengers Bengaluru,Royal Challengers Bengaluru,field,0,145.5,160.56,171.25,145.5,145.5,148.8,188.3,158.94589877835952,161.89285714285714,162.18,23,85,50,158
981015,2016,2016-05-25,Feroz Shah Kotla,Sunrisers Hyderabad,Kolkata Knight Riders,Kolkata Knight Riders,field,0,154.45714285714286,151.52173913043478,158.50980392156862,162.4,150.5,156.5,155.65,132.0,161.82456140350877,163.12,43,81,38,162
981017,2016,2016-05-27,Feroz Shah Kotla,Gujarat Lions,Sunrisers Hyderabad,Sunrisers Hyderabad,field,0,148.0,157.45833333333334,158.57692307692307,148.0,148.0,161.4,155.7,172.0,161.82758620689654,163.52,38,82,42,162
981019,2016,2016-05-29,M Chinnaswamy Stadium,Sunrisers Hyderabad,Royal Challengers Bengaluru,Sunrisers Hyderabad,bat,1,154.66666666666666,160.52631578947367,171.01754385964912,156.0,148.2,155.1,188.45,158.0,161.83050847457628,163.9,59,88,61,208
1082591,2017,2017-04-05,"Rajiv Gandhi International Stadium, Uppal",Sunrisers Hyderabad,Royal Challengers Bengaluru,Royal Challengers Bengaluru,field,0,156.1081081081081,161.14285714285714,154.5121951219512,162.2,155.5,164.8,149.9,153.15384615384616,159.03986135181975,165.02,59,96,52,207
1082592,2017,2017-04-06,Maharashtra Cricket Association Stadium,Mumbai Indians,Rising Pune Supergiants,Rising Pune Supergiants,field,0,163.27631578947367,145.14285714285714,164.44444444444446,166.6,165.7,145.14285714285714,164.44444444444446,159.12283737024222,207.0,165.34,61,66,57,184
1082593,2017,2017-04-07,Saurashtra Cricket Association Stadium,Gujarat Lions,Kolkata Knight Riders,Kolkata Knight Riders,field,0,150.33333333333334,151.67142857142858,156.2,153.4,150.33333333333334,154.4,156.2,142.0,195.5,166.18,52,78,53,183
1082594,2017,2017-04-08,Holkar Cricket Stadium,Rising Pune Supergiants,Punjab Kings,Punjab Kings,field,0,160.42857142857142,167.90769230769232,137.5,161.6,160.42857142857142,174.8,137.5,159.20689655172413,191.33333333333334,167.08,35,88,40,163
1082595,2017,2017-04-08,M.Chinnaswamy Stadium,Royal Challengers Bengaluru,Delhi Capitals,Royal Challengers Bengaluru,bat,1,168.2258064516129,160.05263157894737,159.21342512908777,194.0,192.3,159.6,159.21342512908777,159.21342512908777,184.25,166.94,41,93,23,157
1082596,2017,2017-04-09,"Rajiv Gandhi International Stadium, Uppal",Gujarat Lions,Sunrisers Hyderabad,Sunrisers Hyderabad,field,0,155.0,157.64,155.76190476190476,155.6,155.0,160.9,153.8,126.0,178.8,167.38,40,70,25,135
1082597,2017,2017-04-09,Wankhede Stadium,Kolkata Knight Riders,Mumbai Indians,Mumbai Indians,field,0,155.03225806451613,157.375,162.79591836734693,160.0,161.0,168.8,175.05,132.0,171.5,166.38,59,72,47,178
1082598,2017,2017-04-10,Holkar Cricket Stadium,Royal Challengers Bengaluru,Punjab Kings,Royal Challengers Bengaluru,bat,1,168.04761904761904,167.83333333333334,146.0,188.4,185.3,176.1,146.0,159.20034246575344,172.42857142857142,166.66,23,57,68,148
1082599,2017,2017-04-11,Maharashtra Cricket Association Stadium,Delhi Capitals,Rising Pune Supergiants,Rising Pune Supergiants,field,0,152.08771929824562,150.0,166.4,154.2,149.3,150.0,166.4,159.1811965811966,169.375,166.76,62,67,76,205
1082600,2017,2017-04-12,Wankhede Stadium,Sunrisers Hyderabad,Mumbai Indians,Mumbai Indians,field,0,157.44736842105263,157.69230769230768,163.1,176.2,164.9,170.8,175.05,178.0,173.33333333333334,167.26,34,92,32,158
1082601,2017,2017-04-13,Eden Gardens,Punjab Kings,Kolkata Knight Riders,Kolkata Knight Riders,field,0,158.47826086956522,152.11267605633802,152.7962962962963,165.8,147.5,155.6,164.1,151.8,171.8,167.22,57,81,32,170
1082602,2017,2017-04-14,M Chinnaswamy Stadium,Royal Challengers Bengaluru,Mumbai Indians,Mumbai Indians,field,0,167.734375,157.6969696969697,171.6551724137931,183.0,181.0,163.1,188.95,175.6551724137931,171.63636363636363,166.84,41,73,28,142
1082603,2017,2017-04-14,Saurashtra Cricket Association Stadium,Rising Pune Supergiants,Gujarat Lions,Gujarat Lions,field,0,160.75,169.8,160.66666666666666,162.2,160.75,169.8,160.66666666666666,163.0,169.16666666666666,167.32,64,71,36,171
1082604,2017,2017-04-15,Eden Gardens,Kolkata Knight Riders,Sunrisers Hyderabad,Sunrisers Hyderabad,field,0,155.3968253968254,156.76923076923077,153.1090909090909,162.8,167.7,158.7,164.35,162.67857142857142,169.30769230769232,167.3,40,96,36,172
1082605,2017,2017-04-15,Feroz Shah Kotla,Delhi Capitals,Punjab Kings,Delhi Capitals,bat,1,153.0,167.53731343283582,158.64150943396226,162.4,150.8,173.7,157.8,157.6451612903226,169.5,167.26,49,82,57,188
1082606,2017,2017-04-16,Wankhede Stadium,Gujarat Lions,Mumbai Indians,Mumbai Indians,field,0,152.5,157.46268656716418,163.0,152.8,152.5,166.0,174.65,159.33614864864865,170.73333333333332,167.12,46,80,50,176
1082607,2017,2017-04-16,M Chinnaswamy Stadium,Rising Pune Supergiants,Royal Challengers Bengaluru,Royal Challengers Bengaluru,field,0,161.88888888888889,161.73076923076923,171.15254237288136,157.4,161.88888888888889,170.7,186.55,191.0,171.0625,166.92,55,72,34,161
1082608,2017,2017-04-17,Feroz Shah Kotla,Delhi Capitals,Kolkata Knight Riders,Delhi Capitals,bat,1,153.59322033898306,152.36111111111111,159.1851851851852,162.8,160.1,152.7,158.05,158.59375,170.47058823529412,166.26,53,66,49,168
1082609,2017,2017-04-17,"Rajiv Gandhi International Stadium, Uppal",Sunrisers Hyderabad,Punjab Kings,Punjab Kings,field,0,157.46153846153845,167.83823529411765,155.27906976744185,178.6,166.5,169.9,156.55,157.0,170.33333333333334,166.54,29,86,44,159
1082610,2017,2017-04-18,Saurashtra Cricket Association Stadium,Royal Challengers Bengaluru,Gujarat Lions,Gujarat Lions,field,0,167.33846153846153,169.9090909090909,162.14285714285714,181.2,178.2,170.8,162.14285714285714,180.0,169.73684210526315,166.54,45,115,53,213
1082611,2017,2017-04-19,"Rajiv Gandhi International Stadium, Uppal",Sunrisers Hyderabad,Delhi Capitals,Sunrisers Hyderabad,bat,1,157.5,160.01298701298703,155.36363636363637,178.8,170.6,159.0,153.35,157.13333333333333,171.9,167.1,39,109,43,191
1082612,2017,2017-04-20,Holkar Cricket Stadium,Punjab Kings,Mumbai Indians,Mumbai Indians,field,0,158.64285714285714,157.73529411764707,146.5,171.2,153.9,164.9,146.5,159.52341137123747,172.8095238095238,167.94,46,115,37,198
1082613,2017,2017-04-21,Eden Gardens,Kolkata Knight Riders,Gujarat Lions,Gujarat Lions,field,0,155.65625,173.5,153.44642857142858,165.6,168.2,175.8,165.55,163.0,173.95454545454547,168.62,65,84,38,187
1082614,2017,2017-04-22,Wankhede Stadium,Mumbai Indians,Delhi Capitals,Delhi Capitals,field,0,163.54545454545453,160.4102564102564,163.25,175.0,167.0,166.2,175.05,165.74074074074073,174.52173913043478,169.12,48,62,32,142
1082615,2017,2017-04-22,Maharashtra Cricket Association Stadium,Sunrisers Hyderabad,Rising Pune Supergiants,Rising Pune Supergiants,field,0,158.3170731707317,156.11111111111111,169.9090909090909,184.6,170.3,156.11111111111111,169.9090909090909,119.0,173.16666666666666,169.44,45,77,54,176
1082616,2017,2017-04-23,Saurashtra Cricket Association Stadium,Punjab Kings,Gujarat Lions,Gujarat Lions,field,0,159.19718309859155,174.53846153846155,168.5,180.0,160.7,180.2,168.5,154.0,173.28,169.14,50,93,45,188
1082617,2017,2017-04-23,Eden Gardens,Kolkata Knight Riders,Royal Challengers Bengaluru,Royal Challengers Bengaluru,field,0,156.13846153846154,161.72151898734177,154.03508771929825,166.4,169.8,176.2,167.2,163.8,173.84615384615384,169.28,65,51,15,131
1082618,2017,2017-04-24,Wankhede Stadium,Rising Pune Supergiants,Mumbai Indians,Mumbai Indians,field,0,161.8,158.31884057971016,162.8490566037736,157.8,161.8,167.7,172.8,159.63079470198676,172.25925925925927,168.36,48,78,34,160
1082620,2017,2017-04-26,Maharashtra Cricket Association Stadium,Rising Pune Supergiants,Kolkata Knight Riders,Kolkata Knight Riders,field,0,161.63636363636363,152.57534246575344,170.41666666666666,151.6,161.5,159.7,170.41666666666666,171.33333333333334,171.82142857142858,168.4,57,83,42,182
1082621,2017,2017-04-27,M Chinnaswamy Stadium,Royal Challengers Bengaluru,Gujarat Lions,Gujarat Lions,field,0,168.03030303030303,175.5,170.98333333333332,174.2,181.0,181.0,185.3,174.53333333333333,172.17241379310346,168.54,35,76,23,134
1082622,2017,2017-04-28,Eden Gardens,Delhi Capitals,Kolkata Knight Riders,Kolkata Knight Riders,field,0,153.83333333333334,152.97297297297297,153.63793103448276,164.0,161.7,163.7,164.0,113.0,170.9,168.48,53,87,20,160
1082623,2017,2017-04-28,"Punjab Cricket Association IS Bindra Stadium, Mohali",Sunrisers Hyderabad,Punjab Kings,Punjab Kings,field,0,158.73809523809524,167.71014492753622,167.85714285714286,178.2,170.2,167.3,167.85714285714286,159.6266447368421,170.5483870967742,168.66,60,100,47,207
1082624,2017,2017-04-29,Maharashtra Cricket Association Stadium,Rising Pune Supergiants,Royal Challengers Bengaluru,Royal Challengers Bengaluru,field,0,163.33333333333334,161.3375,171.30769230769232,167.4,164.5,175.8,171.30769230769232,174.0,171.6875,169.88,43,72,42,157
1082625,2017,2017-04-29,Saurashtra Cricket Association Stadium,Gujarat Lions,Mumbai Indians,Gujarat Lions,bat,1,155.11111111111111,158.34285714285716,170.66666666666666,162.8,155.11111111111111,167.3,170.66666666666666,155.66666666666666,171.24242424242425,170.54,48,54,51,153
1082626,2017,2017-04-30,"Punjab Cricket Association IS Bindra Stadium, Mohali",Delhi Capitals,Punjab Kings,Punjab Kings,field,0,153.9344262295082,168.27142857142857,172.75,171.8,159.0,172.8,172.75,159.68903436988543,170.7058823529412,168.64,25,40,2,67
1082627,2017,2017-04-30,"Rajiv Gandhi International Stadium, Uppal",Sunrisers Hyderabad,Kolkata Knight Riders,Kolkata Knight Riders,field,0,159.86046511627907,153.06666666666666,156.15555555555557,178.2,177.2,165.9,156.1,159.25,167.74285714285713,167.92,79,90,40,209
1082628,2017,2017-05-01,Wankhede Stadium,Royal Challengers Bengaluru,Mumbai Indians,Royal Challengers Bengaluru,bat,1,167.52238805970148,158.26760563380282,162.7962962962963,158.8,176.4,165.2,172.95,193.33333333333334,168.88888888888889,168.52,52,70,40,162
1082629,2017,2017-05-01,Maharashtra Cricket Association Stadium,Gujarat Lions,Rising Pune Supergiants,Rising Pune Supergiants,field,0,154.9,158.1,170.28571428571428,161.8,154.9,158.1,170.28571428571428,159.62214983713355,168.7027027027027,167.64,55,85,21,161
1082630,2017,2017-05-02,Feroz Shah Kotla,Sunrisers Hyderabad,Delhi Capitals,Delhi Capitals,field,0,160.97727272727272,160.1772151898734,159.34545454545454,188.4,183.5,169.3,156.85,147.0,168.5,167.2,66,60,59,185
1082631,2017,2017-05-03,Eden Gardens,Kolkata Knight Riders,Rising Pune Supergiants,Rising Pune Supergiants,field,0,155.75757575757575,158.36363636363637,153.74576271186442,167.8,164.2,162.1,164.0,162.74193548387098,168.92307692307693,168.48,41,78,36,155
1082632,2017,2017-05-04,Feroz Shah Kotla,Gujarat Lions,Delhi Capitals,Delhi Capitals,field,0,155.45454545454547,160.4875,159.80357142857142,161.6,157.5,168.7,159.5,167.0,168.575,167.36,58,113,37,208
1082633,2017,2017-05-05,M Chinnaswamy Stadium,Punjab Kings,Royal Challengers Bengaluru,Royal Challengers Bengaluru,field,0,159.59722222222223,161.28395061728395,170.37704918032787,181.4,163.4,172.8,184.3,200.0,169.53658536585365,169.04,35,64,39,138
1082634,2017,2017-05-06,"Rajiv Gandhi International Stadium, Uppal",Rising Pune Supergiants,Sunrisers Hyderabad,Sunrisers Hyderabad,field,0,162.84615384615384,157.33333333333334,157.30434782608697,166.2,164.2,159.2,160.05,159.70113085621972,168.78571428571428,168.64,35,70,43,148
1082635,2017,2017-05-06,Feroz Shah Kotla,Mumbai Indians,Delhi Capitals,Delhi Capitals,field,0,163.26923076923077,161.07407407407408,160.64912280701753,165.6,162.5,172.3,162.3,185.0,168.30232558139534,168.16,60,95,57,212
1082636,2017,2017-05-07,M Chinnaswamy Stadium,Royal Challengers Bengaluru,Kolkata Knight Riders,Kolkata Knight Riders,field,0,167.44117647058823,153.80263157894737,169.8548387096774,159.8,174.1,170.8,181.25,173.2258064516129,169.29545454545453,168.96,40,68,50,158
1082637,2017,2017-05-07,"Punjab Cricket Association IS Bindra Stadium, Mohali",Punjab Kings,Gujarat Lions,Gujarat Lions,field,0,159.3013698630137,172.73333333333332,161.0,173.2,166.1,174.9,161.0,164.75,169.04444444444445,168.7,44,89,56,189
1082638,2017,2017-05-08,"Rajiv Gandhi International Stadium, Uppal",Mumbai Indians,Sunrisers Hyderabad,Mumbai Indians,bat,1,163.8860759493671,157.0,157.10638297872342,183.2,163.5,151.3,159.6,155.25,169.47826086956522,169.72,36,74,28,138
1082639,2017,2017-05-09,"Punjab Cricket Association IS Bindra Stadium, Mohali",Punjab Kings,Kolkata Knight Riders,Kolkata Knight Riders,field,0,159.7027027027027,153.85714285714286,163.8,176.6,171.2,168.0,163.8,169.6,168.80851063829786,169.32,41,87,39,167
1082640,2017,2017-05-10,Green Park,Gujarat Lions,Delhi Capitals,Delhi Capitals,field,0,159.83333333333334,161.6951219512195,148.0,166.6,161.1,178.6,148.0,159.7872,168.77083333333334,169.42,50,98,47,195
1082641,2017,2017-05-11,Wankhede Stadium,Punjab Kings,Mumbai Indians,Mumbai Indians,field,0,159.8,158.31944444444446,162.78181818181818,176.0,173.6,165.5,172.4,174.4,169.30612244897958,170.08,71,119,40,230
1082642,2017,2017-05-12,Feroz Shah Kotla,Delhi Capitals,Rising Pune Supergiants,Delhi Capitals,bat,1,152.53225806451613,158.08333333333334,161.5344827586207,157.6,155.9,159.1,164.0,158.87878787878788,170.52,170.52,54,75,39,168
1082643,2017,2017-05-13,Green Park,Gujarat Lions,Sunrisers Hyderabad,Sunrisers Hyderabad,field,0,162.53846153846155,156.3448275862069,163.66666666666666,178.6,165.7,150.9,163.66666666666666,195.0,170.47058823529412,169.74,61,73,20,154
1082644,2017,2017-05-13,Eden Gardens,Mumbai Indians,Kolkata Knight Riders,Kolkata Knight Riders,field,0,163.5625,154.02564102564102,153.76666666666668,169.6,165.2,166.2,163.6,166.6,170.15384615384616,169.14,51,79,43,173
1082645,2017,2017-05-14,Maharashtra Cricket Association Stadium,Punjab Kings,Rising Pune Supergiants,Rising Pune Supergiants,field,0,160.72368421052633,158.84615384615384,169.66666666666666,182.4,181.2,164.1,169.66666666666666,160.0,170.20754716981133,168.94,32,41,0,73
1082646,2017,2017-05-14,Feroz Shah Kotla,Royal Challengers Bengaluru,Delhi Capitals,Royal Challengers Bengaluru,bat,1,167.30434782608697,162.09638554216866,161.64406779661016,161.8,172.4,180.0,164.4,199.0,168.40740740740742,167.14,37,75,49,161
1082647,2017,2017-05-16,Wankhede Stadium,Rising Pune Supergiants,Mumbai Indians,Mumbai Indians,field,0,161.78571428571428,159.3013698630137,163.98214285714286,161.6,159.5,170.8,174.45,160.0,168.27272727272728,167.22,33,76,53,162
1082648,2017,2017-05-17,M Chinnaswamy Stadium,Sunrisers Hyderabad,Kolkata Knight Riders,Kolkata Knight Riders,field,0,161.51111111111112,154.26582278481013,169.66666666666666,193.6,186.2,173.2,180.85,174.66666666666666,168.16071428571428,167.76,30,73,25,128
1082649,2017,2017-05-19,M Chinnaswamy Stadium,Kolkata Knight Riders,Mumbai Indians,Mumbai Indians,field,0,155.7462686567164,159.33783783783784,169.015625,164.6,162.3,171.9,176.8,150.16666666666666,167.4561403508772,166.76,25,67,15,107
1082650,2017,2017-05-21,"Rajiv Gandhi International Stadium, Uppal",Mumbai Indians,Rising Pune Supergiants,Mumbai Indians,bat,1,163.679012345679,152.71428571428572,156.70833333333334,169.8,168.2,155.2,156.25,151.8,166.41379310344828,165.94,32,54,43,129
1136561,2018,2018-04-07,Wankhede Stadium,Mumbai Indians,Chennai Super Kings,Chennai Super Kings,field,0,163.2560975609756,160.27777777777777,163.94736842105263,158.8,166.9,173.4,171.25,164.89285714285714,159.66509433962264,164.42,39,82,44,165
1136562,2018,2018-04-08,Punjab Cricket Association IS Bindra Stadium,Delhi Capitals,Punjab Kings,Punjab Kings,field,0,152.77777777777777,166.8450704225352,159.6734693877551,150.2,156.3,160.6,159.6734693877551,159.6734693877551,165.0,164.56,45,82,39,166
1136563,2018,2018-04-08,Eden Gardens,Royal Challengers Bengaluru,Kolkata Knight Riders,Kolkata Knight Riders,field,0,167.21428571428572,153.9375,154.08196721311475,165.6,173.4,169.8,163.85,135.0,165.5,164.48,52,85,39,176
1136564,2018,2018-04-09,Rajiv Gandhi International Stadium,Rajasthan Royals,Sunrisers Hyderabad,Sunrisers Hyderabad,field,0,156.85185185185185,156.26666666666668,159.70892018779344,174.2,173.1,152.8,159.70892018779344,159.70892018779344,169.0,165.16,48,58,19,125
1136565,2018,2018-04-10,MA Chidambaram Stadium,Kolkata Knight Riders,Chennai Super Kings,Chennai Super Kings,field,0,155.02941176470588,160.36363636363637,159.6546875,150.4,156.6,175.1,159.6546875,159.6546875,158.0,164.24,64,74,64,202
1136566,2018,2018-04-11,Sawai Mansingh Stadium,Rajasthan Royals,Delhi Capitals,Delhi Capitals,field,0,156.27272727272728,162.08333333333334,155.6969696969697,166.8,170.4,181.5,157.65,161.92307692307693,166.8,164.84,51,75,27,153
1136567,2018,2018-04-12,Rajiv Gandhi International Stadium,Mumbai Indians,Sunrisers Hyderabad,Sunrisers Hyderabad,field,0,163.27710843373495,155.25806451612902,125.0,163.4,164.5,151.0,125.0,159.71028037383178,164.5,164.14,54,67,26,147
1136568,2018,2018-04-13,M.Chinnaswamy Stadium,Punjab Kings,Royal Challengers Bengaluru,Royal Challengers Bengaluru,field,0,159.58441558441558,161.0,157.0,159.4,170.4,167.2,157.0,159.6905132192846,162.0,163.56,50,77,28,155
1136569,2018,2018-04-14,Wankhede Stadium,Mumbai Indians,Delhi Capitals,Delhi Capitals,field,0,163.08333333333334,161.9764705882353,163.9655172413793,150.4,166.8,176.2,170.65,164.89655172413794,161.125,163.44,84,83,27,194
1136570,2018,2018-04-14,Eden Gardens,Kolkata Knight Riders,Sunrisers Hyderabad,Sunrisers Hyderabad,field,0,155.71014492753622,155.0,154.43548387096774,156.4,161.0,153.1,163.8,162.5,164.77777777777777,163.96,49,62,27,138
1136571,2018,2018-04-15,M.Chinnaswamy Stadium,Rajasthan Royals,Royal Challengers Bengaluru,Royal Challengers Bengaluru,field,0,156.21428571428572,160.9277108433735,156.0,159.2,168.7,163.6,156.0,159.70278637770897,162.1,163.54,52,90,75,217
1136572,2018,2018-04-15,Punjab Cricket Association IS Bindra Stadium,Punjab Kings,Chennai Super Kings,Chennai Super Kings,field,0,159.52564102564102,161.10714285714286,166.0,162.8,168.0,179.9,166.0,159.79134466769708,167.0909090909091,163.62,75,85,37,197
1136573,2018,2018-04-16,Eden Gardens,Kolkata Knight Riders,Delhi Capitals,Delhi Capitals,field,0,155.45714285714286,162.34883720930233,154.17460317460316,146.6,156.5,179.8,162.45,161.75757575757575,169.58333333333334,163.74,50,107,43,200
1136574,2018,2018-04-17,Wankhede Stadium,Mumbai Indians,Royal Challengers Bengaluru,Royal Challengers Bengaluru,field,0,163.4470588235294,161.5952380952381,164.47457627118644,161.6,165.6,167.0,171.2,165.86666666666667,171.92307692307693,163.78,60,93,60,213
1136575,2018,2018-04-18,Sawai Mansingh Stadium,Rajasthan Royals,Kolkata Knight Riders,Kolkata Knight Riders,field,0,157.28070175438597,154.20987654320987,155.61764705882354,176.6,175.6,169.1,160.6,161.28571428571428,174.85714285714286,164.3,48,74,38,160
1136576,2018,2018-04-19,Punjab Cricket Association IS Bindra Stadium,Punjab Kings,Sunrisers Hyderabad,Punjab Kings,bat,1,160.0,154.4848484848485,181.5,164.4,170.5,149.0,181.5,197.0,173.86666666666667,164.66,49,102,42,193
1136577,2018,2018-04-20,Maharashtra Cricket Association Stadium,Chennai Super Kings,Rajasthan Royals,Rajasthan Royals,field,0,164.84415584415584,157.78125,163.625,149.4,161.9,173.5,163.625,160.04294478527606,175.0625,165.0,69,96,39,204
1136578,2018,2018-04-21,Eden Gardens,Kolkata Knight Riders,Punjab Kings,Punjab Kings,field,0,156.08450704225353,166.83333333333334,154.890625,160.4,164.1,160.8,164.1,162.88235294117646,176.76470588235293,165.32,50,98,43,191
1136579,2018,2018-04-21,M.Chinnaswamy Stadium,Delhi Capitals,Royal Challengers Bengaluru,Royal Challengers Bengaluru,field,0,152.984375,162.2,176.33333333333334,145.8,154.3,174.5,176.33333333333334,160.15749235474007,177.55555555555554,166.52,28,89,57,174
1136580,2018,2018-04-22,Rajiv Gandhi International Stadium,Chennai Super Kings,Sunrisers Hyderabad,Sunrisers Hyderabad,field,0,165.34615384615384,155.61764705882354,136.0,157.2,161.4,151.2,136.0,160.17862595419848,177.3684210526316,166.8,27,110,45,182
1136581,2018,2018-04-22,Sawai Mansingh Stadium,Mumbai Indians,Rajasthan Royals,Mumbai Indians,bat,1,164.02325581395348,158.4923076923077,155.74285714285713,169.6,169.7,176.0,161.45,137.66666666666666,177.6,166.8,43,94,30,167
1136582,2018,2018-04-23,Arun Jaitley Stadium,Punjab Kings,Delhi Capitals,Delhi Capitals,field,0,160.4125,162.7816091954023,160.22222222222223,169.6,172.8,184.1,160.22222222222223,160.22222222222223,177.0952380952381,167.46,51,65,27,143
1136583,2018,2018-04-24,Wankhede Stadium,Sunrisers Hyderabad,Mumbai Indians,Mumbai Indians,field,0,160.7826086956522,158.64,165.28333333333333,181.0,182.8,164.8,174.0,168.0,175.54545454545453,167.12,51,57,10,118
1136584,2018,2018-04-25,M.Chinnaswamy Stadium,Royal Challengers Bengaluru,Chennai Super Kings,Chennai Super Kings,field,0,167.33802816901408,161.73684210526315,175.75,158.2,166.2,182.3,175.75,157.0,173.04347826086956,165.34,52,105,48,205
1136585,2018,2018-04-26,Rajiv Gandhi International Stadium,Sunrisers Hyderabad,Punjab Kings,Punjab Kings,field,0,159.87234042553192,167.16438356164383,151.33333333333334,169.4,173.8,162.4,151.33333333333334,160.2,174.375,166.3,37,62,33,132
1136586,2018,2018-04-27,Arun Jaitley Stadium,Delhi Capitals,Kolkata Knight Riders,Kolkata Knight Riders,field,0,153.30769230769232,154.28048780487805,143.0,147.0,155.5,168.1,143.0,160.15733736762482,172.68,165.88,57,86,76,219
1136587,2018,2018-04-28,Maharashtra Cricket Association Stadium,Chennai Super Kings,Mumbai Indians,Mumbai Indians,field,0,165.55696202531647,158.10526315789474,166.0,164.0,164.0,160.8,166.0,204.0,174.46153846153845,168.92,51,80,38,169
1136588,2018,2018-04-29,Sawai Mansingh Stadium,Sunrisers Hyderabad,Rajasthan Royals,Sunrisers Hyderabad,bat,1,159.29166666666666,158.62121212121212,156.05555555555554,154.4,166.3,174.3,160.0,144.0,174.25925925925927,168.12,39,87,25,151
1136589,2018,2018-04-29,M.Chinnaswamy Stadium,Royal Challengers Bengaluru,Kolkata Knight Riders,Kolkata Knight Riders,field,0,167.86111111111111,155.06024096385542,181.6,172.4,165.6,173.2,181.6,181.0,173.42857142857142,167.9,40,78,57,175
1136590,2018,2018-04-30,Maharashtra Cricket Association Stadium,Chennai Super Kings,Delhi Capitals,Delhi Capitals,field,0,165.6,162.5568181818182,166.16666666666666,166.2,162.8,179.3,166.16666666666666,186.5,173.48275862068965,168.18,56,93,62,211
1136591,2018,2018-05-01,M.Chinnaswamy Stadium,Royal Challengers Bengaluru,Mumbai Indians,Mumbai Indians,field,0,167.95890410958904,158.24675324675326,180.5,175.0,167.4,163.5,180.5,179.0,174.73333333333332,168.7,43,86,38,167
1136592,2018,2018-05-02,Arun Jaitley Stadium,Delhi Capitals,Rajasthan Royals,Rajasthan Royals,field,0,154.3030303030303,158.50746268656715,181.0,158.8,165.3,173.0,181.0,219.0,174.48387096774192,168.94,62,125,9,196
1136593,2018,2018-05-03,Eden Gardens,Chennai Super Kings,Kolkata Knight Riders,Kolkata Knight Riders,field,0,166.1604938271605,155.29761904761904,155.44615384615383,177.0,164.7,172.5,165.1,149.25,175.15625,168.7,57,74,46,177
1136594,2018,2018-05-04,Holkar Cricket Stadium,Punjab Kings,Mumbai Indians,Mumbai Indians,field,0,160.19753086419752,158.35897435897436,156.8,152.2,167.3,162.6,156.8,198.0,175.21212121212122,169.48,49,83,42,174
1136595,2018,2018-05-05,Maharashtra Cricket Association Stadium,Royal Challengers Bengaluru,Chennai Super Kings,Chennai Super Kings,field,0,167.94594594594594,162.48275862068965,168.52631578947367,176.8,169.3,180.2,168.52631578947367,182.5,175.1764705882353,170.0,47,45,35,127
1136596,2018,2018-05-05,Rajiv Gandhi International Stadium,Delhi Capitals,Sunrisers Hyderabad,Delhi Capitals,bat,1,154.92537313432837,156.37142857142857,146.5,184.6,171.1,153.2,146.5,160.40238450074514,173.8,168.3,60,73,30,163
1136597,2018,2018-05-06,Wankhede Stadium,Mumbai Indians,Kolkata Knight Riders,Kolkata Knight Riders,field,0,164.05747126436782,155.5529411764706,164.50819672131146,177.2,168.0,174.2,170.55,167.38709677419354,173.5,168.4,56,87,38,181
1136598,2018,2018-05-06,Holkar Cricket Stadium,Rajasthan Royals,Punjab Kings,Punjab Kings,field,0,157.32758620689654,166.6891891891892,159.66666666666666,170.8,171.5,163.2,159.66666666666666,97.0,173.7027027027027,168.24,45,78,29,152
1136599,2018,2018-05-07,Rajiv Gandhi International Stadium,Sunrisers Hyderabad,Royal Challengers Bengaluru,Royal Challengers Bengaluru,field,0,159.12244897959184,162.3372093023256,149.8,142.8,165.6,176.1,149.8,132.0,173.1315789473684,168.52,38,74,34,146
1136600,2018,2018-05-08,Sawai Mansingh Stadium,Rajasthan Royals,Punjab Kings,Rajasthan Royals,bat,1,157.23728813559322,166.49333333333334,155.9189189189189,161.4,167.8,157.3,160.25,161.2,172.43589743589743,168.1,63,68,27,158
1136601,2018,2018-05-09,Eden Gardens,Mumbai Indians,Kolkata Knight Riders,Kolkata Knight Riders,field,0,164.25,155.84883720930233,155.77272727272728,180.4,171.9,171.4,164.8,167.66666666666666,172.075,167.36,47,105,58,210
1136602,2018,2018-05-10,Arun Jaitley Stadium,Delhi Capitals,Sunrisers Hyderabad,Delhi Capitals,bat,1,155.0441176470588,156.55555555555554,186.0,183.6,166.9,156.0,186.0,207.5,173.0,166.96,38,82,67,187
1136603,2018,2018-05-11,Sawai Mansingh Stadium,Chennai Super Kings,Rajasthan Royals,Chennai Super Kings,bat,1,166.29268292682926,159.05882352941177,155.97368421052633,188.6,169.0,179.9,158.6,148.66666666666666,173.33333333333334,167.34,55,79,42,176
1136604,2018,2018-05-12,Holkar Cricket Stadium,Kolkata Knight Riders,Punjab Kings,Punjab Kings,field,0,156.56944444444446,166.3815789473684,158.57142857142858,167.6,166.1,156.8,158.57142857142858,160.53460972017672,173.3953488372093,167.78,59,131,55,245
1136605,2018,2018-05-12,Arun Jaitley Stadium,Delhi Capitals,Royal Challengers Bengaluru,Royal Challengers Bengaluru,field,0,155.5072463768116,162.1494252873563,186.25,187.8,166.8,169.9,186.25,200.66666666666666,175.02272727272728,169.22,44,81,56,181
1136606,2018,2018-05-13,Maharashtra Cricket Association Stadium,Sunrisers Hyderabad,Chennai Super Kings,Chennai Super Kings,field,0,158.86,161.88135593220338,166.45,135.0,164.3,174.6,166.45,147.5,175.15555555555557,171.38,29,112,38,179
1136607,2018,2018-05-13,Wankhede Stadium,Mumbai Indians,Rajasthan Royals,Rajasthan Royals,field,0,164.76404494382024,159.30434782608697,164.7741935483871,193.0,171.7,181.9,172.0,167.8125,175.2391304347826,171.74,51,77,40,168
1136608,2018,2018-05-14,Holkar Cricket Stadium,Punjab Kings,Royal Challengers Bengaluru,Royal Challengers Bengaluru,field,0,160.3658536585366,162.36363636363637,169.375,172.4,165.9,167.3,169.375,186.0,175.08510638297872,171.86,47,41,0,88
1136609,2018,2018-05-15,Eden Gardens,Rajasthan Royals,Kolkata Knight Riders,Kolkata Knight Riders,field,0,157.25,156.4712643678161,156.5820895522388,168.0,167.4,176.6,165.2,128.2,173.27083333333334,171.06,68,60,14,142
1136610,2018,2018-05-16,Wankhede Stadium,Mumbai Indians,Punjab Kings,Punjab Kings,field,0,164.8,167.4025974025974,164.82539682539684,187.8,174.7,166.5,168.65,167.8181818181818,172.6326530612245,171.76,60,94,32,186
1136611,2018,2018-05-17,M.Chinnaswamy Stadium,Royal Challengers Bengaluru,Sunrisers Hyderabad,Sunrisers Hyderabad,field,0,167.4,157.3783783783784,178.57142857142858,170.0,167.8,157.5,178.57142857142858,176.0,172.9,172.9,44,119,55,218
1136612,2018,2018-05-18,Arun Jaitley Stadium,Delhi Capitals,Chennai Super Kings,Chennai Super Kings,field,0,155.87142857142857,162.16666666666666,185.2,189.2,168.1,173.3,185.2,195.75,173.7843137254902,173.96,39,71,52,162
1136613,2018,2018-05-19,Sawai Mansingh Stadium,Rajasthan Royals,Royal Challengers Bengaluru,Rajasthan Royals,bat,1,157.0,161.52808988764045,156.48717948717947,165.8,162.5,160.0,159.2,161.0,173.55769230769232,173.88,45,79,40,164
1136614,2018,2018-05-19,Rajiv Gandhi International Stadium,Sunrisers Hyderabad,Kolkata Knight Riders,Sunrisers Hyderabad,bat,1,159.2549019607843,156.3068181818182,149.16666666666666,145.2,163.1,174.1,149.16666666666666,139.0,173.37735849056602,173.64,60,86,26,172
1136615,2018,2018-05-20,Arun Jaitley Stadium,Delhi Capitals,Mumbai Indians,Delhi Capitals,bat,1,155.95774647887325,158.55696202531647,181.33333333333334,177.8,168.3,160.2,181.33333333333334,189.0,173.35185185185185,174.58,46,90,38,174
1136616,2018,2018-05-20,Maharashtra Cricket Association Stadium,Punjab Kings,Chennai Super Kings,Chennai Super Kings,field,0,159.49397590361446,162.1639344262295,167.04761904761904,159.0,160.9,176.5,169.45,131.0,173.36363636363637,174.02,29,84,40,153
1136617,2018,2018-05-22,Wankhede Stadium,Sunrisers Hyderabad,Chennai Super Kings,Chennai Super Kings,field,0,159.5,162.01612903225808,165.15625,156.0,162.7,173.1,169.4,151.33333333333334,173.0,174.02,47,45,47,139
1136618,2018,2018-05-23,Eden Gardens,Kolkata Knight Riders,Rajasthan Royals,Rajasthan Royals,field,0,157.78082191780823,159.42857142857142,156.36764705882354,195.2,172.8,178.7,167.4,163.68571428571428,172.40350877192984,173.86,46,70,53,169
1136619,2018,2018-05-25,Eden Gardens,Sunrisers Hyderabad,Kolkata Knight Riders,Kolkata Knight Riders,field,0,159.11320754716982,156.48314606741573,156.55072463768116,157.4,155.9,174.0,166.5,160.0,172.3448275862069,174.14,45,77,52,174
1136620,2018,2018-05-27,Wankhede Stadium,Sunrisers Hyderabad,Chennai Super Kings,Chennai Super Kings,field,0,159.38888888888889,161.65079365079364,164.75384615384615,162.0,152.4,173.1,167.0,148.25,172.3728813559322,173.74,42,92,44,178
1175356,2019,2019-03-23,MA Chidambaram Stadium,Royal Challengers Bengaluru,Chennai Super Kings,Chennai Super Kings,field,0,168.06578947368422,161.90625,202.0,178.4,168.3,170.7,202.0,160.76867816091954,160.76867816091954,174.54,33,36,1,70
1175357,2019,2019-03-24,Eden Gardens,Sunrisers Hyderabad,Kolkata Knight Riders,Kolkata Knight Riders,field,0,159.72727272727272,156.67777777777778,156.8,168.4,151.7,178.6,167.0,167.0,70.0,171.6,54,90,37,181
1175358,2019,2019-03-24,Wankhede Stadium,Delhi Capitals,Mumbai Indians,Mumbai Indians,field,0,156.20833333333334,158.75,164.95454545454547,173.4,179.0,161.6,169.85,152.0,125.5,171.28,45,104,64,213
1175359,2019,2019-03-25,Sawai Mansingh Stadium,Punjab Kings,Rajasthan Royals,Rajasthan Royals,field,0,159.41666666666666,159.56338028169014,156.675,150.2,157.3,176.9,157.6,147.66666666666666,154.66666666666666,171.54,32,113,39,184
1175360,2019,2019-03-26,Arun Jaitley Stadium,Delhi Capitals,Chennai Super Kings,Delhi Capitals,bat,1,156.986301369863,160.4923076923077,180.28571428571428,183.4,183.5,161.2,180.28571428571428,186.5,162.0,170.96,43,79,25,147
1175361,2019,2019-03-27,Eden Gardens,Kolkata Knight Riders,Punjab Kings,Punjab Kings,field,0,157.93243243243242,167.64102564102564,157.14084507042253,188.6,172.5,166.3,168.15,163.83333333333334,159.0,170.7,53,100,65,218
1175362,2019,2019-03-28,M.Chinnaswamy Stadium,Mumbai Indians,Royal Challengers Bengaluru,Royal Challengers Bengaluru,field,0,165.03296703296704,161.55555555555554,183.5,182.4,176.0,163.3,183.5,160.83760683760684,168.83333333333334,171.2,52,93,42,187
1175363,2019,2019-03-29,Rajiv Gandhi International Stadium,Rajasthan Royals,Sunrisers Hyderabad,Rajasthan Royals,bat,1,157.11290322580646,158.97368421052633,152.42857142857142,155.2,165.9,164.5,152.42857142857142,125.0,171.42857142857142,170.86,35,100,63,198
1175364,2019,2019-03-30,Punjab Cricket Association IS Bindra Stadium,Mumbai Indians,Punjab Kings,Punjab Kings,field,0,165.27173913043478,168.27848101265823,185.33333333333334,186.4,181.8,172.2,185.33333333333334,160.9275568181818,174.75,171.0,62,75,39,176
1175365,2019,2019-03-30,Arun Jaitley Stadium,Kolkata Knight Riders,Delhi Capitals,Delhi Capitals,field,0,158.73333333333332,163.1011235955056,176.125,204.6,175.6,186.2,176.125,160.94893617021276,174.88888888888889,171.04,36,102,47,185
1175366,2019,2019-03-31,Rajiv Gandhi International Stadium,Sunrisers Hyderabad,Royal Challengers Bengaluru,Royal Challengers Bengaluru,field,0,160.10714285714286,161.83516483516485,158.125,168.8,157.0,166.3,158.125,150.0,175.9,171.1,59,125,47,231
1175367,2019,2019-03-31,MA Chidambaram Stadium,Chennai Super Kings,Rajasthan Royals,Rajasthan Royals,field,0,166.40963855421685,159.90277777777777,136.0,183.0,170.1,175.2,136.0,161.08203677510608,180.9090909090909,172.38,29,79,67,175
1175368,2019,2019-04-01,Punjab Cricket Association IS Bindra Stadium,Punjab Kings,Delhi Capitals,Delhi Capitals,field,0,159.7058823529412,163.34444444444443,183.0,148.4,159.0,186.2,183.0,195.0,180.41666666666666,173.02,54,82,30,166
1175369,2019,2019-04-02,Sawai Mansingh Stadium,Royal Challengers Bengaluru,Rajasthan Royals,Rajasthan Royals,field,0,166.7922077922078,160.1095890410959,157.34146341463415,151.4,161.9,177.0,157.35,180.0,179.30769230769232,173.98,48,69,41,158
1175370,2019,2019-04-03,Wankhede Stadium,Mumbai Indians,Chennai Super Kings,Chennai Super Kings,field,0,165.38709677419354,160.28787878787878,165.67164179104478,185.4,182.9,155.7,173.35,168.35294117647058,177.78571428571428,173.04,40,63,67,170
1175371,2019,2019-04-04,Arun Jaitley Stadium,Delhi Capitals,Sunrisers Hyderabad,Sunrisers Hyderabad,field,0,156.85135135135135,159.97435897435898,177.11111111111111,175.4,181.6,170.5,177.11111111111111,180.85714285714286,177.26666666666668,173.8,36,57,36,129
1175372,2019,2019-04-05,M.Chinnaswamy Stadium,Royal Challengers Bengaluru,Kolkata Knight Riders,Kolkata Knight Riders,field,0,166.67948717948718,156.94505494505495,183.88888888888889,148.0,161.5,179.1,183.88888888888889,184.4,174.25,172.0,53,100,52,205
1178393,2019,2019-04-06,MA Chidambaram Stadium,Chennai Super Kings,Punjab Kings,Chennai Super Kings,bat,1,166.51190476190476,168.375,149.0,181.6,172.8,169.1,149.0,175.0,176.05882352941177,172.72,54,56,50,160
1178394,2019,2019-04-06,Rajiv Gandhi International Stadium,Mumbai Indians,Sunrisers Hyderabad,Sunrisers Hyderabad,field,0,165.43617021276594,159.2,166.22222222222223,177.4,185.2,168.0,166.22222222222223,147.0,175.16666666666666,172.9,30,50,56,136
1178395,2019,2019-04-07,M.Chinnaswamy Stadium,Royal Challengers Bengaluru,Delhi Capitals,Delhi Capitals,field,0,167.16455696202533,163.37362637362637,186.0,155.6,166.2,182.0,186.0,187.83333333333334,173.10526315789474,172.12,40,74,35,149
1178396,2019,2019-04-07,Sawai Mansingh Stadium,Rajasthan Royals,Kolkata Knight Riders,Kolkata Knight Riders,field,0,157.76190476190476,157.4673913043478,157.35714285714286,162.8,166.8,183.6,158.2,161.1764705882353,171.9,170.88,28,78,33,139
1178397,2019,2019-04-08,Punjab Cricket Association IS Bindra Stadium,Sunrisers Hyderabad,Punjab Kings,Punjab Kings,field,0,161.35087719298247,168.2716049382716,179.6,180.6,168.3,178.4,179.6,161.04881450488145,170.33333333333334,170.32,27,77,46,150
1178398,2019,2019-04-09,MA Chidambaram Stadium,Kolkata Knight Riders,Chennai Super Kings,Chennai Super Kings,field,0,159.07894736842104,160.43283582089552,151.75,201.6,181.0,153.0,151.75,202.0,169.4090909090909,169.4,29,48,31,108
1178399,2019,2019-04-10,Wankhede Stadium,Punjab Kings,Mumbai Indians,Mumbai Indians,field,0,159.77906976744185,159.41975308641975,165.73529411764707,153.0,152.6,167.6,173.35,183.66666666666666,166.7391304347826,168.02,50,88,59,197
1178400,2019,2019-04-11,Sawai Mansingh Stadium,Rajasthan Royals,Chennai Super Kings,Chennai Super Kings,field,0,157.46875,159.66176470588235,156.93023255813952,160.2,160.8,143.3,158.85,159.94444444444446,168.0,168.48,54,59,38,151
1178401,2019,2019-04-12,Eden Gardens,Kolkata Knight Riders,Delhi Capitals,Delhi Capitals,field,0,158.41558441558442,163.2173913043478,157.98611111111111,185.0,176.3,175.7,173.9,165.2972972972973,167.32,168.96,41,93,44,178
1178402,2019,2019-04-13,Wankhede Stadium,Mumbai Indians,Rajasthan Royals,Rajasthan Royals,field,0,165.1263157894737,160.0810810810811,166.18840579710144,171.0,179.4,174.8,174.5,168.4,167.73076923076923,169.26,57,78,52,187
1178403,2019,2019-04-13,Punjab Cricket Association IS Bindra Stadium,Punjab Kings,Royal Challengers Bengaluru,Royal Challengers Bengaluru,field,0,160.20689655172413,162.58695652173913,174.66666666666666,157.6,165.0,175.6,174.66666666666666,185.33333333333334,168.44444444444446,169.38,60,67,46,173
1178404,2019,2019-04-14,Eden Gardens,Kolkata Knight Riders,Chennai Super Kings,Chennai Super Kings,field,0,158.66666666666666,159.53623188405797,158.26027397260273,171.6,183.4,145.7,173.65,165.6315789473684,168.60714285714286,169.8,49,93,19,161
1178405,2019,2019-04-14,Rajiv Gandhi International Stadium,Delhi Capitals,Sunrisers Hyderabad,Sunrisers Hyderabad,field,0,156.48,158.6341463414634,163.2,165.0,177.1,169.1,163.2,163.0,168.3448275862069,170.1,51,75,29,155
1178406,2019,2019-04-15,Wankhede Stadium,Royal Challengers Bengaluru,Mumbai Indians,Mumbai Indians,field,0,166.9375,159.8780487804878,166.4857142857143,160.0,165.0,171.1,174.95,185.5,167.9,170.04,45,91,35,171
1178407,2019,2019-04-16,Punjab Cricket Association IS Bindra Stadium,Punjab Kings,Rajasthan Royals,Rajasthan Royals,field,0,160.35227272727272,160.44,174.42857142857142,174.6,166.8,173.1,174.42857142857142,182.25,168.0,169.26,39,101,42,182
1178408,2019,2019-04-17,Rajiv Gandhi International Stadium,Chennai Super Kings,Sunrisers Hyderabad,Chennai Super Kings,bat,1,166.43529411764706,158.54761904761904,162.45454545454547,179.8,173.0,169.9,162.45454545454547,182.0,168.4375,169.16,41,67,24,132
1178409,2019,2019-04-18,Arun Jaitley Stadium,Mumbai Indians,Delhi Capitals,Mumbai Indians,bat,1,165.35416666666666,163.3763440860215,172.3,171.2,176.8,174.0,172.3,161.06584362139918,167.33333333333334,168.28,57,53,58,168
1178410,2019,2019-04-19,Eden Gardens,Royal Challengers Bengaluru,Kolkata Knight Riders,Kolkata Knight Riders,field,0,166.98765432098764,157.2688172043011,158.2972972972973,150.6,164.5,175.6,173.15,155.5,167.35294117647058,166.74,42,107,64,213
1178411,2019,2019-04-20,Sawai Mansingh Stadium,Mumbai Indians,Rajasthan Royals,Rajasthan Royals,field,0,165.38144329896906,160.72368421052633,156.79545454545453,167.4,176.9,174.6,157.9,145.0,168.65714285714284,167.38,46,68,47,161
1178412,2019,2019-04-20,Arun Jaitley Stadium,Punjab Kings,Delhi Capitals,Delhi Capitals,field,0,160.59550561797752,163.4255319148936,171.9090909090909,180.4,165.3,174.7,171.9090909090909,143.0,168.44444444444446,167.02,50,77,36,163
1178413,2019,2019-04-21,Rajiv Gandhi International Stadium,Kolkata Knight Riders,Sunrisers Hyderabad,Sunrisers Hyderabad,field,0,158.69620253164558,157.93023255813952,159.91666666666666,170.0,179.3,169.3,159.91666666666666,161.14870395634378,168.2972972972973,166.92,61,65,33,159
1178414,2019,2019-04-21,M.Chinnaswamy Stadium,Royal Challengers Bengaluru,Chennai Super Kings,Chennai Super Kings,field,0,167.5487804878049,159.55714285714285,182.63636363636363,179.2,165.3,143.9,182.63636363636363,182.28571428571428,168.05263157894737,168.34,49,75,37,161
1178415,2019,2019-04-22,Sawai Mansingh Stadium,Rajasthan Royals,Delhi Capitals,Delhi Capitals,field,0,157.36923076923077,163.42105263157896,156.88888888888889,158.8,163.4,175.7,157.85,159.47368421052633,167.87179487179486,168.72,52,106,33,191
1178416,2019,2019-04-23,MA Chidambaram Stadium,Sunrisers Hyderabad,Chennai Super Kings,Chennai Super Kings,field,0,161.1551724137931,159.57746478873239,143.0,182.8,170.1,143.8,143.0,161.1861413043478,168.45,168.82,54,84,37,175
1178417,2019,2019-04-24,M.Chinnaswamy Stadium,Royal Challengers Bengaluru,Punjab Kings,Punjab Kings,field,0,167.46987951807228,168.0487804878049,180.83333333333334,179.8,163.9,176.8,180.83333333333334,179.625,168.609756097561,167.96,70,63,69,202
1178418,2019,2019-04-25,Eden Gardens,Kolkata Knight Riders,Rajasthan Royals,Rajasthan Royals,field,0,158.7,160.72727272727272,159.02666666666667,158.2,181.4,175.6,175.3,165.51282051282053,169.4047619047619,168.76,32,83,60,175
1178419,2019,2019-04-26,MA Chidambaram Stadium,Mumbai Indians,Chennai Super Kings,Chennai Super Kings,field,0,165.33673469387756,159.79166666666666,148.33333333333334,164.4,174.9,146.0,148.33333333333334,161.2787550744249,169.53488372093022,168.98,45,76,34,155
1178420,2019,2019-04-27,Sawai Mansingh Stadium,Sunrisers Hyderabad,Rajasthan Royals,Rajasthan Royals,field,0,161.38983050847457,160.9102564102564,157.6304347826087,183.0,172.5,173.5,160.2,147.5,169.20454545454547,168.64,51,75,34,160
1178421,2019,2019-04-28,Arun Jaitley Stadium,Delhi Capitals,Royal Challengers Bengaluru,Delhi Capitals,bat,1,156.46052631578948,162.69892473118279,171.16666666666666,163.6,170.7,177.4,171.16666666666666,174.375,169.0,168.36,59,72,56,187
1178422,2019,2019-04-28,Eden Gardens,Kolkata Knight Riders,Mumbai Indians,Mumbai Indians,field,0,158.90123456790124,160.0120481927711,159.23684210526315,156.2,178.9,165.2,175.45,165.75,169.3913043478261,169.04,50,114,68,232
1178423,2019,2019-04-29,Rajiv Gandhi International Stadium,Sunrisers Hyderabad,Punjab Kings,Punjab Kings,field,0,161.36666666666667,168.4578313253012,159.84615384615384,179.4,173.9,177.9,159.84615384615384,170.25,170.72340425531914,170.9,77,86,49,212
1178424,2019,2019-04-30,M.Chinnaswamy Stadium,Royal Challengers Bengaluru,Rajasthan Royals,Rajasthan Royals,field,0,167.88095238095238,160.8987341772152,182.46153846153845,179.2,167.4,171.9,182.46153846153845,182.11111111111111,171.58333333333334,171.76,62,0,0,62
1178425,2019,2019-05-01,MA Chidambaram Stadium,Chennai Super Kings,Delhi Capitals,Delhi Capitals,field,0,166.03488372093022,163.70833333333334,149.28571428571428,164.0,170.5,175.4,149.28571428571428,167.5,169.3469387755102,169.52,27,89,63,179
1178426,2019,2019-05-02,Wankhede Stadium,Mumbai Indians,Sunrisers Hyderabad,Mumbai Indians,bat,1,165.23232323232324,157.95454545454547,166.54929577464787,161.4,169.4,165.9,175.6,168.91666666666666,169.54,169.54,44,76,42,162
1178427,2019,2019-05-03,Punjab Cricket Association IS Bindra Stadium,Punjab Kings,Kolkata Knight Riders,Kolkata Knight Riders,field,0,160.62222222222223,157.86170212765958,175.375,176.2,162.3,179.4,175.375,182.2,169.3921568627451,171.38,41,91,51,183
1178428,2019,2019-05-04,Arun Jaitley Stadium,Rajasthan Royals,Delhi Capitals,Rajasthan Royals,bat,1,157.87878787878788,163.8659793814433,172.3846153846154,168.6,167.2,173.3,172.3846153846154,161.38636363636363,169.65384615384616,171.42,30,45,40,115
1178429,2019,2019-05-04,M.Chinnaswamy Stadium,Sunrisers Hyderabad,Royal Challengers Bengaluru,Royal Challengers Bengaluru,field,0,162.19672131147541,162.95744680851064,173.85714285714286,185.6,177.2,174.4,173.85714285714286,161.32443257676903,168.62264150943398,169.46,52,76,47,175
1178430,2019,2019-05-05,Punjab Cricket Association IS Bindra Stadium,Chennai Super Kings,Punjab Kings,Punjab Kings,field,0,166.183908045977,168.97619047619048,176.22222222222223,164.4,176.5,185.9,176.22222222222223,161.34266666666667,168.74074074074073,169.28,42,100,28,170
1178431,2019,2019-05-05,Wankhede Stadium,Kolkata Knight Riders,Mumbai Indians,Mumbai Indians,field,0,159.79268292682926,160.86904761904762,166.48611111111111,181.0,183.0,172.2,174.9,141.2,168.76363636363635,169.74,49,56,28,133
1181764,2019,2019-05-07,MA Chidambaram Stadium,Chennai Super Kings,Mumbai Indians,Chennai Super Kings,bat,1,166.22727272727272,160.54117647058823,153.0,163.2,173.1,174.8,153.0,171.33333333333334,168.125,168.04,32,64,35,131
1181766,2019,2019-05-08,Dr. Y.S. Rajasekhara Reddy ACA-VDCA Cricket Stadium,Sunrisers Hyderabad,Delhi Capitals,Delhi Capitals,field,0,162.40322580645162,163.3673469387755,158.0,174.4,177.5,170.5,158.0,154.25,167.47368421052633,166.92,54,61,47,162
1181767,2019,2019-05-10,Dr. Y.S. Rajasekhara Reddy ACA-VDCA Cricket Stadium,Delhi Capitals,Chennai Super Kings,Chennai Super Kings,field,0,156.85714285714286,159.72602739726028,158.33333333333334,166.2,169.8,147.6,158.33333333333334,144.0,167.3793103448276,166.2,41,61,45,147
1181768,2019,2019-05-12,Rajiv Gandhi International Stadium,Mumbai Indians,Chennai Super Kings,Mumbai Indians,bat,1,165.2,159.55405405405406,163.57142857142858,166.6,168.8,144.5,163.57142857142858,141.5,167.03389830508473,165.62,45,65,39,149
1216492,2020,2020-09-19,Sheikh Zayed Stadium,Mumbai Indians,Chennai Super Kings,Chennai Super Kings,field,0,165.03960396039605,159.41333333333333,147.42857142857142,159.0,165.1,152.4,147.42857142857142,161.2420634920635,161.2420634920635,164.9,51,85,26,162
1216493,2020,2020-09-20,Dubai International Cricket Stadium,Delhi Capitals,Punjab Kings,Punjab Kings,field,0,156.73076923076923,168.98823529411766,148.85714285714286,153.0,168.2,187.7,148.85714285714286,161.24306472919417,162.0,163.52,23,73,61,157
1216534,2020,2020-09-21,Dubai International Cricket Stadium,Royal Challengers Bengaluru,Sunrisers Hyderabad,Sunrisers Hyderabad,field,0,166.63529411764705,158.04444444444445,149.875,161.8,160.9,163.9,149.875,124.0,159.5,163.16,53,71,39,163
1216496,2020,2020-09-22,Sharjah Cricket Stadium,Rajasthan Royals,Chennai Super Kings,Chennai Super Kings,field,0,157.23880597014926,159.44736842105263,158.16666666666666,158.8,157.0,153.9,158.16666666666666,191.0,160.66666666666666,163.1,54,112,50,216
1216508,2020,2020-09-23,Sheikh Zayed Stadium,Mumbai Indians,Kolkata Knight Riders,Kolkata Knight Riders,field,0,165.00980392156862,158.1263157894737,149.25,157.8,162.6,180.0,149.25,162.0,174.5,164.26,59,89,47,195
1216510,2020,2020-09-24,Dubai International Cricket Stadium,Punjab Kings,Royal Challengers Bengaluru,Royal Challengers Bengaluru,field,0,160.86813186813185,163.0842105263158,151.33333333333334,179.6,166.3,170.6,151.33333333333334,161.35611038107754,178.6,164.76,50,82,74,206
1216539,2020,2020-09-25,Dubai International Cricket Stadium,Delhi Capitals,Chennai Super Kings,Chennai Super Kings,field,0,156.73417721518987,160.1818181818182,156.8,155.0,165.2,158.5,156.8,157.0,183.16666666666666,166.3,36,98,41,175
1216545,2020,2020-09-26,Sheikh Zayed Stadium,Sunrisers Hyderabad,Kolkata Knight Riders,Sunrisers Hyderabad,bat,1,162.3968253968254,158.51041666666666,154.33333333333334,176.8,179.8,181.4,154.33333333333334,133.0,182.0,165.7,40,70,32,142
1216527,2020,2020-09-27,Sharjah Cricket Stadium,Punjab Kings,Rajasthan Royals,Rajasthan Royals,field,0,161.3586956521739,159.6625,166.42857142857142,181.4,169.5,161.3,166.42857142857142,193.0,177.0,165.34,60,118,45,223
1216547,2020,2020-09-28,Dubai International Cricket Stadium,Royal Challengers Bengaluru,Mumbai Indians,Mumbai Indians,field,0,166.59302325581396,160.19767441860466,158.45454545454547,160.2,155.4,176.1,158.45454545454547,143.5,182.11111111111111,167.08,59,77,65,201
1216532,2020,2020-09-29,Sheikh Zayed Stadium,Sunrisers Hyderabad,Delhi Capitals,Delhi Capitals,field,0,162.078125,163.35353535353536,153.1,170.2,176.6,165.6,153.1,137.5,184.0,168.12,38,90,34,162
1216504,2020,2020-09-30,Dubai International Cricket Stadium,Kolkata Knight Riders,Rajasthan Royals,Rajasthan Royals,field,0,159.46987951807228,160.44444444444446,162.0,172.0,171.8,166.7,162.0,166.0,182.0,168.58,42,85,47,174
1216503,2020,2020-10-01,Sheikh Zayed Stadium,Mumbai Indians,Punjab Kings,Punjab Kings,field,0,165.3009708737864,168.84883720930233,153.9090909090909,164.6,164.5,187.6,153.9090909090909,178.5,181.33333333333334,169.06,41,83,67,191
1216516,2020,2020-10-02,Dubai International Cricket Stadium,Sunrisers Hyderabad,Chennai Super Kings,Sunrisers Hyderabad,bat,1,162.07692307692307,160.37179487179486,162.92307692307693,170.6,175.0,165.2,162.92307692307693,178.0,182.07692307692307,170.72,42,69,53,164
1216514,2020,2020-10-03,Sheikh Zayed Stadium,Rajasthan Royals,Royal Challengers Bengaluru,Rajasthan Royals,bat,1,158.10294117647058,163.53125,157.0,162.4,162.6,173.8,157.0,152.0,180.78571428571428,170.06,38,68,48,154
1216515,2020,2020-10-03,Sharjah Cricket Stadium,Delhi Capitals,Kolkata Knight Riders,Kolkata Knight Riders,field,0,156.9625,158.340206185567,173.5,164.2,164.6,174.6,173.5,145.0,179.0,170.12,57,112,59,228
1216513,2020,2020-10-04,Dubai International Cricket Stadium,Punjab Kings,Chennai Super Kings,Punjab Kings,bat,1,162.0215053763441,160.41772151898735,163.0,191.4,183.0,166.5,163.0,206.0,182.0625,171.12,46,95,37,178
1216538,2020,2020-10-04,Sharjah Cricket Stadium,Mumbai Indians,Sunrisers Hyderabad,Mumbai Indians,bat,1,165.54807692307693,158.15217391304347,179.55555555555554,171.8,166.6,163.9,179.55555555555554,125.0,181.8235294117647,170.94,48,101,59,208
1216519,2020,2020-10-05,Dubai International Cricket Stadium,Delhi Capitals,Royal Challengers Bengaluru,Royal Challengers Bengaluru,field,0,157.8395061728395,163.43298969072166,164.0,178.8,171.2,174.6,164.0,166.0,183.27777777777777,171.64,63,80,53,196
1216511,2020,2020-10-06,Sheikh Zayed Stadium,Mumbai Indians,Rajasthan Royals,Mumbai Indians,bat,1,165.95238095238096,160.609756097561,156.76923076923077,181.0,173.8,165.7,156.76923076923077,182.66666666666666,183.94736842105263,172.34,57,76,60,193
1216501,2020,2020-10-07,Sheikh Zayed Stadium,Kolkata Knight Riders,Chennai Super Kings,Kolkata Knight Riders,bat,1,159.64285714285714,160.6375,159.35714285714286,174.6,172.3,168.2,159.35714285714286,163.0,184.4,173.1,52,81,34,167
1216542,2020,2020-10-08,Dubai International Cricket Stadium,Sunrisers Hyderabad,Punjab Kings,Sunrisers Hyderabad,bat,1,162.1060606060606,169.10344827586206,166.0,161.0,173.3,182.2,166.0,173.33333333333334,183.57142857142858,173.02,58,103,40,201
1216500,2020,2020-10-09,Sharjah Cricket Stadium,Delhi Capitals,Rajasthan Royals,Rajasthan Royals,field,0,158.3048780487805,161.0,182.4,180.6,173.4,167.5,182.4,186.5,184.36363636363637,173.4,51,84,49,184
1216523,2020,2020-10-10,Sheikh Zayed Stadium,Kolkata Knight Riders,Punjab Kings,Kolkata Knight Riders,bat,1,159.72941176470587,169.4659090909091,159.86666666666667,176.2,167.2,183.7,159.86666666666667,165.0,184.34782608695653,174.44,25,90,49,164
1216525,2020,2020-10-10,Dubai International Cricket Stadium,Royal Challengers Bengaluru,Chennai Super Kings,Royal Challengers Bengaluru,bat,1,166.98850574712642,160.71604938271605,168.05882352941177,157.8,168.5,168.8,168.05882352941177,162.66666666666666,183.5,174.36,36,67,66,169
1216507,2020,2020-10-11,Dubai International Cricket Stadium,Sunrisers Hyderabad,Rajasthan Royals,Sunrisers Hyderabad,bat,1,162.6865671641791,161.27380952380952,168.11111111111111,166.2,170.3,170.1,168.11111111111111,180.25,182.92,173.48,26,83,49,158
1216529,2020,2020-10-11,Sheikh Zayed Stadium,Delhi Capitals,Mumbai Indians,Delhi Capitals,bat,1,158.6144578313253,160.66666666666666,160.125,188.0,170.5,179.3,160.125,161.9309462915601,181.96153846153845,173.42,46,81,35,162
1216540,2020,2020-10-12,Sharjah Cricket Stadium,Royal Challengers Bengaluru,Kolkata Knight Riders,Royal Challengers Bengaluru,bat,1,167.01136363636363,159.05102040816325,182.54545454545453,159.4,169.6,183.2,182.54545454545453,161.93103448275863,181.22222222222223,173.4,47,82,65,194
1216528,2020,2020-10-13,Dubai International Cricket Stadium,Chennai Super Kings,Sunrisers Hyderabad,Chennai Super Kings,bat,1,165.8314606741573,159.2127659574468,167.57894736842104,154.4,168.0,166.0,167.57894736842104,140.0,181.67857142857142,174.1,44,75,48,167
1216543,2020,2020-10-14,Dubai International Cricket Stadium,Delhi Capitals,Rajasthan Royals,Delhi Capitals,bat,1,158.6547619047619,161.23529411764707,167.55,189.0,172.0,167.2,167.55,176.0,181.17241379310346,174.22,47,85,29,161
1216531,2020,2020-10-15,Sharjah Cricket Stadium,Royal Challengers Bengaluru,Punjab Kings,Royal Challengers Bengaluru,bat,1,167.31460674157304,169.40449438202248,183.5,157.8,168.5,178.3,183.5,194.0,180.5,173.62,57,70,44,171
1216526,2020,2020-10-16,Sheikh Zayed Stadium,Kolkata Knight Riders,Mumbai Indians,Kolkata Knight Riders,bat,1,159.77906976744185,160.6818181818182,160.23529411764707,174.0,165.1,178.8,160.23529411764707,164.66666666666666,180.19354838709677,173.54,33,66,49,148
1216509,2020,2020-10-17,Sharjah Cricket Stadium,Chennai Super Kings,Delhi Capitals,Chennai Super Kings,bat,1,165.84444444444443,163.34,182.53846153846155,155.8,167.8,163.3,182.53846153846155,161.97081218274113,179.1875,172.46,39,83,57,179
1216522,2020,2020-10-17,Dubai International Cricket Stadium,Rajasthan Royals,Royal Challengers Bengaluru,Rajasthan Royals,bat,1,158.04347826086956,163.76530612244898,167.23809523809524,165.4,162.8,176.1,169.85,161.99239543726236,179.1818181818182,172.54,52,81,44,177
1216512,2020,2020-10-18,Sheikh Zayed Stadium,Kolkata Knight Riders,Sunrisers Hyderabad,Sunrisers Hyderabad,field,0,159.64367816091954,159.375,159.55555555555554,157.2,169.1,160.9,159.55555555555554,160.5,179.11764705882354,172.98,48,63,52,163
1216517,2020,2020-10-18,Dubai International Cricket Stadium,Mumbai Indians,Punjab Kings,Mumbai Indians,bat,1,166.20754716981133,169.42222222222222,167.6818181818182,189.8,174.4,177.8,170.4,128.0,178.65714285714284,173.04,43,74,59,176
1216533,2020,2020-10-19,Sheikh Zayed Stadium,Chennai Super Kings,Rajasthan Royals,Chennai Super Kings,bat,1,165.98901098901098,161.2325581395349,159.73684210526315,165.2,164.6,165.1,159.73684210526315,191.0,178.58333333333334,172.82,43,53,29,125
1216546,2020,2020-10-20,Dubai International Cricket Stadium,Delhi Capitals,Punjab Kings,Delhi Capitals,bat,1,158.68235294117648,169.4945054945055,168.04347826086956,186.2,175.2,179.4,172.2,172.25,177.13513513513513,170.68,53,73,38,164
1216494,2020,2020-10-21,Sheikh Zayed Stadium,Kolkata Knight Riders,Royal Challengers Bengaluru,Kolkata Knight Riders,bat,1,159.6818181818182,163.8989898989899,158.0,163.2,167.6,185.0,158.0,161.0,176.78947368421052,169.72,17,41,26,84
1216518,2020,2020-10-22,Dubai International Cricket Stadium,Rajasthan Royals,Sunrisers Hyderabad,Sunrisers Hyderabad,field,0,158.31428571428572,159.44897959183675,167.875,170.6,164.7,157.4,171.2,177.0,174.4102564102564,170.16,47,66,41,154
1216521,2020,2020-10-23,Sharjah Cricket Stadium,Chennai Super Kings,Mumbai Indians,Mumbai Indians,field,0,165.54347826086956,160.53932584269663,182.28571428571428,154.4,159.4,176.2,182.28571428571428,179.0,173.9,169.66,24,49,41,114
1216497,2020,2020-10-24,Sheikh Zayed Stadium,Kolkata Knight Riders,Delhi Capitals,Delhi Capitals,field,0,158.8314606741573,163.4950495049505,154.47619047619048,145.2,159.9,164.6,154.05,148.16666666666666,172.4390243902439,168.7,36,115,43,194
1216498,2020,2020-10-24,Dubai International Cricket Stadium,Punjab Kings,Sunrisers Hyderabad,Sunrisers Hyderabad,field,0,162.19148936170214,159.34,167.32,190.6,185.5,159.9,171.85,192.0,172.95238095238096,168.92,47,47,32,126
1216541,2020,2020-10-25,Sheikh Zayed Stadium,Mumbai Indians,Rajasthan Royals,Mumbai Indians,bat,1,166.29906542056074,160.816091954023,156.27272727272728,192.6,175.2,161.5,153.5,185.25,171.86046511627907,169.14,59,62,74,195
1216544,2020,2020-10-25,Dubai International Cricket Stadium,Royal Challengers Bengaluru,Chennai Super Kings,Royal Challengers Bengaluru,bat,1,167.35555555555555,160.8170731707317,165.73076923076923,179.6,170.7,168.2,171.95,164.25,172.38636363636363,169.54,46,68,31,145
1216520,2020,2020-10-26,Sharjah Cricket Stadium,Kolkata Knight Riders,Punjab Kings,Punjab Kings,field,0,159.22222222222223,169.43478260869566,177.73333333333332,150.6,163.4,180.8,177.73333333333332,150.0,171.77777777777777,169.04,54,60,35,149
1216524,2020,2020-10-27,Dubai International Cricket Stadium,Sunrisers Hyderabad,Delhi Capitals,Delhi Capitals,field,0,162.61764705882354,163.7941176470588,164.96296296296296,165.4,171.1,169.1,170.6,175.8,171.2826086956522,169.36,77,104,38,219
1216499,2020,2020-10-28,Sheikh Zayed Stadium,Royal Challengers Bengaluru,Mumbai Indians,Mumbai Indians,field,0,167.1098901098901,160.0222222222222,157.95652173913044,176.0,168.1,170.2,156.6,70.0,172.29787234042553,171.12,54,80,30,164
1216536,2020,2020-10-29,Dubai International Cricket Stadium,Kolkata Knight Riders,Chennai Super Kings,Chennai Super Kings,field,0,159.1098901098901,160.6265060240964,166.89285714285714,147.6,160.8,167.2,173.7,170.0,172.125,171.16,48,77,47,172
1216537,2020,2020-10-30,Sheikh Zayed Stadium,Punjab Kings,Rajasthan Royals,Rajasthan Royals,field,0,161.81052631578947,161.20454545454547,158.20833333333334,183.2,179.7,163.5,155.95,132.0,172.12244897959184,171.66,53,84,48,185
1216502,2020,2020-10-31,Sharjah Cricket Stadium,Royal Challengers Bengaluru,Sunrisers Hyderabad,Sunrisers Hyderabad,field,0,167.07608695652175,158.68627450980392,175.9375,168.6,163.2,158.9,175.9375,182.5,172.38,172.38,30,69,21,120
1216535,2020,2020-10-31,Dubai International Cricket Stadium,Delhi Capitals,Mumbai Indians,Mumbai Indians,field,0,158.74418604651163,160.06593406593407,167.06896551724137,173.4,176.1,165.3,174.15,170.6,171.35294117647058,171.54,22,65,23,110
1216506,2020,2020-11-01,Sheikh Zayed Stadium,Punjab Kings,Chennai Super Kings,Chennai Super Kings,field,0,162.05208333333334,160.76190476190476,159.28,183.6,181.6,169.7,161.7,158.5,170.17307692307693,170.6,53,54,46,153
1216530,2020,2020-11-01,Dubai International Cricket Stadium,Kolkata Knight Riders,Rajasthan Royals,Rajasthan Royals,field,0,159.25,161.47191011235955,165.16666666666666,152.4,154.8,166.0,169.35,170.66666666666666,169.8490566037736,170.4,55,91,45,191
1216505,2020,2020-11-02,Sheikh Zayed Stadium,Royal Challengers Bengaluru,Delhi Capitals,Delhi Capitals,field,0,166.56989247311827,164.33009708737865,159.03846153846155,158.8,159.1,173.2,162.75,117.0,170.24074074074073,169.9,40,72,40,152
1216495,2020,2020-11-03,Sharjah Cricket Stadium,Mumbai Indians,Sunrisers Hyderabad,Sunrisers Hyderabad,field,0,166.5648148148148,157.94230769230768,172.64705882352942,192.6,178.6,155.4,172.64705882352942,166.5,169.9090909090909,169.04,48,61,40,149
1237177,2020,2020-11-05,Dubai International Cricket Stadium,Mumbai Indians,Delhi Capitals,Delhi Capitals,field,0,166.40366972477065,164.21153846153845,166.0,184.2,178.0,171.6,170.15,144.0,169.53571428571428,167.9,63,77,60,200
1237178,2020,2020-11-06,Sheikh Zayed Stadium,Royal Challengers Bengaluru,Sunrisers Hyderabad,Sunrisers Hyderabad,field,0,166.41489361702128,157.77358490566039,158.77777777777777,150.4,154.1,157.1,162.75,128.66666666666666,170.0701754385965,168.4,32,72,27,131
1237180,2020,2020-11-08,Sheikh Zayed Stadium,Delhi Capitals,Sunrisers Hyderabad,Delhi Capitals,bat,1,158.183908045977,157.27777777777777,157.78571428571428,156.2,168.4,154.3,161.2,162.0,169.39655172413794,168.18,65,80,44,189
1237181,2020,2020-11-10,Dubai International Cricket Stadium,Delhi Capitals,Mumbai Indians,Delhi Capitals,bat,1,158.5340909090909,159.52173913043478,167.0625,157.2,172.6,156.6,170.1,160.5,169.72881355932202,167.5,41,84,31,156
1254058,2021,2021-04-09,"MA Chidambaram Stadium, Chepauk, Chennai",Mumbai Indians,Royal Challengers Bengaluru,Royal Challengers Bengaluru,field,0,166.70909090909092,163.1,161.84926470588235,182.6,181.8,177.0,161.84926470588235,161.84926470588235,161.84926470588235,166.6,41,94,24,159
1254059,2021,2021-04-10,"Wankhede Stadium, Mumbai",Chennai Super Kings,Delhi Capitals,Delhi Capitals,field,0,164.98924731182797,164.55238095238096,161.84577723378214,143.2,153.2,175.3,161.84577723378214,161.84577723378214,159.0,166.54,33,110,45,188
1254060,2021,2021-04-11,"MA Chidambaram Stadium, Chepauk, Chennai",Kolkata Knight Riders,Sunrisers Hyderabad,Sunrisers Hyderabad,field,0,159.59139784946237,157.85454545454544,159.0,158.0,160.6,157.0,159.0,161.87775061124694,173.5,166.82,50,102,35,187
1254061,2021,2021-04-12,"Wankhede Stadium, Mumbai",Punjab Kings,Rajasthan Royals,Rajasthan Royals,field,0,161.95876288659792,161.8,188.0,173.0,177.2,178.9,188.0,161.9084249084249,178.0,166.74,46,126,49,221
1254062,2021,2021-04-13,"MA Chidambaram Stadium, Chepauk, Chennai",Mumbai Indians,Kolkata Knight Riders,Kolkata Knight Riders,field,0,166.63963963963963,159.40404040404042,173.0,175.8,182.8,185.4,173.0,159.0,188.75,167.88,42,77,33,152
1254063,2021,2021-04-14,"MA Chidambaram Stadium, Chepauk, Chennai",Royal Challengers Bengaluru,Sunrisers Hyderabad,Sunrisers Hyderabad,field,0,166.0421052631579,158.375,166.0,142.4,161.0,159.4,166.0,161.96833130328866,181.4,167.84,47,59,43,149
1254064,2021,2021-04-15,"Wankhede Stadium, Mumbai",Delhi Capitals,Rajasthan Royals,Rajasthan Royals,field,0,158.5056179775281,162.45054945054946,204.5,156.0,172.5,178.7,204.5,161.95255474452554,176.0,166.26,36,71,40,147
1254065,2021,2021-04-16,"Wankhede Stadium, Mumbai",Punjab Kings,Chennai Super Kings,Chennai Super Kings,field,0,162.5612244897959,160.6705882352941,185.33333333333334,172.6,182.0,170.1,185.33333333333334,221.0,171.85714285714286,165.64,26,55,25,106
1254066,2021,2021-04-17,"MA Chidambaram Stadium, Chepauk, Chennai",Mumbai Indians,Sunrisers Hyderabad,Mumbai Indians,bat,1,166.50892857142858,158.21052631578948,161.75,171.0,181.8,153.5,161.75,155.5,163.625,163.6,53,54,43,150
1254067,2021,2021-04-18,"MA Chidambaram Stadium, Chepauk, Chennai",Royal Challengers Bengaluru,Kolkata Knight Riders,Royal Challengers Bengaluru,bat,1,165.86458333333334,159.33,159.4,143.2,159.6,183.2,159.4,149.0,162.11111111111111,162.68,45,100,59,204
1254068,2021,2021-04-18,"Wankhede Stadium, Mumbai",Punjab Kings,Delhi Capitals,Delhi Capitals,field,0,161.989898989899,164.77358490566039,165.5,158.2,174.4,175.0,165.5,163.5,166.3,162.9,59,91,45,195
1254069,2021,2021-04-19,"Wankhede Stadium, Mumbai",Chennai Super Kings,Rajasthan Royals,Rajasthan Royals,field,0,165.2340425531915,162.2826086956522,171.4,154.6,154.5,176.0,171.4,188.0,168.9090909090909,163.46,46,87,55,188
1254070,2021,2021-04-20,"MA Chidambaram Stadium, Chepauk, Chennai",Mumbai Indians,Delhi Capitals,Mumbai Indians,bat,1,166.36283185840708,165.05607476635515,166.83333333333334,162.0,177.3,176.6,166.83333333333334,153.66666666666666,170.5,163.2,55,59,23,137
1254071,2021,2021-04-21,"MA Chidambaram Stadium, Chepauk, Chennai",Punjab Kings,Sunrisers Hyderabad,Punjab Kings,bat,1,162.32,158.06896551724137,162.57142857142858,172.0,177.6,151.8,162.57142857142858,161.94451145958988,167.92307692307693,162.26,32,66,22,120
1254072,2021,2021-04-21,"Wankhede Stadium, Mumbai",Chennai Super Kings,Kolkata Knight Riders,Kolkata Knight Riders,field,0,165.47368421052633,159.77227722772278,174.16666666666666,158.8,157.3,185.5,174.16666666666666,188.0,164.5,161.38,54,101,65,220
1254073,2021,2021-04-22,"Wankhede Stadium, Mumbai",Rajasthan Royals,Royal Challengers Bengaluru,Royal Challengers Bengaluru,field,0,158.25352112676057,163.05940594059405,180.71428571428572,163.2,165.9,174.2,180.71428571428572,161.9638989169675,168.2,162.4,32,104,41,177
1254074,2021,2021-04-23,"MA Chidambaram Stadium, Chepauk, Chennai",Mumbai Indians,Punjab Kings,Punjab Kings,field,0,166.10526315789474,169.21505376344086,157.25,159.6,171.9,175.5,157.25,149.5,168.75,162.78,21,84,26,131
1254075,2021,2021-04-24,"Wankhede Stadium, Mumbai",Kolkata Knight Riders,Rajasthan Royals,Rajasthan Royals,field,0,159.88297872340425,162.55913978494624,180.25,178.6,161.9,175.5,180.25,161.94477791116446,166.52941176470588,162.16,25,73,35,133
1254076,2021,2021-04-25,"Wankhede Stadium, Mumbai",Chennai Super Kings,Royal Challengers Bengaluru,Chennai Super Kings,bat,1,166.04166666666666,163.19607843137254,175.0,167.0,166.1,168.8,175.0,198.66666666666666,164.66666666666666,160.94,51,83,57,191
1254077,2021,2021-04-25,"MA Chidambaram Stadium, Chepauk, Chennai",Delhi Capitals,Sunrisers Hyderabad,Delhi Capitals,bat,1,158.37777777777777,157.42372881355934,154.33333333333334,153.2,169.7,147.5,154.33333333333334,161.94491017964071,166.05263157894737,161.42,51,76,32,159
1254078,2021,2021-04-26,"Narendra Modi Stadium, Ahmedabad",Punjab Kings,Kolkata Knight Riders,Kolkata Knight Riders,field,0,161.9009900990099,160.36274509803923,161.94138755980862,159.0,171.3,187.0,161.94138755980862,161.94138755980862,165.7,161.38,37,54,32,123
1254079,2021,2021-04-27,"Narendra Modi Stadium, Ahmedabad",Royal Challengers Bengaluru,Delhi Capitals,Delhi Capitals,field,0,166.2577319587629,164.7962962962963,123.0,151.2,159.9,178.8,123.0,161.89486260454004,163.66666666666666,160.42,36,88,47,171
1254080,2021,2021-04-28,"Arun Jaitley Stadium, Delhi",Sunrisers Hyderabad,Chennai Super Kings,Sunrisers Hyderabad,bat,1,163.43478260869566,160.03488372093022,161.9057279236277,180.8,175.5,164.5,161.9057279236277,161.9057279236277,164.0,160.88,39,82,50,171
1254081,2021,2021-04-29,"Arun Jaitley Stadium, Delhi",Rajasthan Royals,Mumbai Indians,Mumbai Indians,field,0,158.51388888888889,159.48387096774192,171.0,175.6,167.2,155.1,171.0,161.9165673420739,164.30434782608697,160.72,47,93,31,171
1254082,2021,2021-04-29,"Narendra Modi Stadium, Ahmedabad",Kolkata Knight Riders,Delhi Capitals,Delhi Capitals,field,0,159.6,164.85321100917432,147.0,166.4,158.5,179.7,147.0,161.92738095238096,164.58333333333334,160.6,45,60,49,154
1254083,2021,2021-04-30,"Narendra Modi Stadium, Ahmedabad",Punjab Kings,Royal Challengers Bengaluru,Royal Challengers Bengaluru,field,0,161.51960784313727,163.46601941747574,149.33333333333334,153.0,163.0,170.6,149.33333333333334,123.0,164.16,160.42,49,77,53,179
1254084,2021,2021-05-01,"Arun Jaitley Stadium, Delhi",Chennai Super Kings,Mumbai Indians,Mumbai Indians,field,0,166.29896907216494,159.60638297872342,171.0,180.2,167.3,149.0,171.0,161.93824228028504,164.73076923076923,160.48,49,104,65,218
1254085,2021,2021-05-02,"Arun Jaitley Stadium, Delhi",Rajasthan Royals,Sunrisers Hyderabad,Sunrisers Hyderabad,field,0,158.68493150684932,157.45,186.66666666666666,166.6,164.5,148.0,186.66666666666666,171.0,166.7037037037037,162.34,42,117,61,220
1254086,2021,2021-05-02,"Narendra Modi Stadium, Ahmedabad",Punjab Kings,Delhi Capitals,Delhi Capitals,field,0,161.6893203883495,164.75454545454545,156.75,144.6,158.6,178.9,156.75,151.0,168.60714285714286,163.46,39,78,49,166
1254104,2021,2021-09-19,Dubai International Cricket Stadium,Chennai Super Kings,Mumbai Indians,Chennai Super Kings,bat,1,166.8265306122449,160.22105263157894,166.72727272727272,201.0,172.1,157.5,169.2,153.5,168.51724137931035,165.1,24,74,58,156
1254087,2021,2021-09-20,"Zayed Cricket Stadium, Abu Dhabi",Royal Challengers Bengaluru,Kolkata Knight Riders,Royal Challengers Bengaluru,bat,1,166.30612244897958,160.0,162.0709219858156,161.4,160.1,185.4,162.0709219858156,162.0709219858156,168.1,165.14,41,38,13,92
1254111,2021,2021-09-21,Dubai International Cricket Stadium,Rajasthan Royals,Punjab Kings,Punjab Kings,field,0,159.51351351351352,168.80851063829786,166.41176470588235,179.8,172.6,167.4,168.8,165.5,165.6451612903226,164.7,57,107,21,185
1254105,2021,2021-09-22,Dubai International Cricket Stadium,Sunrisers Hyderabad,Delhi Capitals,Sunrisers Hyderabad,bat,1,163.54285714285714,164.76576576576576,166.94285714285715,182.6,176.6,177.6,169.15,183.0,166.25,164.52,32,65,37,134
1254096,2021,2021-09-23,"Zayed Cricket Stadium, Abu Dhabi",Mumbai Indians,Kolkata Knight Riders,Kolkata Knight Riders,field,0,165.8,159.34615384615384,92.0,145.8,164.2,173.3,92.0,161.98233215547702,165.27272727272728,164.68,56,63,36,155
1254113,2021,2021-09-24,Sharjah Cricket Stadium,Royal Challengers Bengaluru,Chennai Super Kings,Chennai Super Kings,field,0,165.55555555555554,160.16091954022988,171.33333333333334,149.4,149.9,160.0,171.33333333333334,161.66666666666666,164.97058823529412,163.88,55,76,25,156
1254097,2021,2021-09-25,"Zayed Cricket Stadium, Abu Dhabi",Delhi Capitals,Rajasthan Royals,Rajasthan Royals,field,0,158.3846153846154,162.24468085106383,123.5,152.2,162.8,170.4,123.5,161.96709753231494,164.71428571428572,164.1,36,84,34,154
1254107,2021,2021-09-25,Sharjah Cricket Stadium,Punjab Kings,Sunrisers Hyderabad,Sunrisers Hyderabad,field,0,161.73076923076923,158.47540983606558,170.52631578947367,156.6,157.4,157.4,170.52631578947367,208.0,164.41666666666666,164.2,29,68,28,125
1254098,2021,2021-09-26,"Zayed Cricket Stadium, Abu Dhabi",Kolkata Knight Riders,Chennai Super Kings,Kolkata Knight Riders,bat,1,159.54166666666666,160.11363636363637,133.66666666666666,167.4,157.5,158.1,133.66666666666666,161.91441969519343,163.35135135135135,162.32,50,71,50,171
1254108,2021,2021-09-26,Dubai International Cricket Stadium,Royal Challengers Bengaluru,Mumbai Indians,Mumbai Indians,field,0,165.46,160.17708333333334,166.02777777777777,154.4,148.4,160.0,166.05,160.4,163.55263157894737,162.46,48,78,39,165
1254100,2021,2021-09-27,Dubai International Cricket Stadium,Rajasthan Royals,Sunrisers Hyderabad,Rajasthan Royals,bat,1,159.85333333333332,157.93548387096774,166.0,181.4,176.0,157.9,164.25,172.0,163.5897435897436,162.32,49,84,31,164
1254092,2021,2021-09-28,Sharjah Cricket Stadium,Delhi Capitals,Kolkata Knight Riders,Kolkata Knight Riders,field,0,158.33695652173913,159.3047619047619,168.25,161.0,158.6,170.5,168.25,185.66666666666666,163.6,161.9,39,59,29,127
1254099,2021,2021-09-28,"Zayed Cricket Stadium, Abu Dhabi",Punjab Kings,Mumbai Indians,Mumbai Indians,field,0,161.38095238095238,160.22680412371133,143.0,142.6,157.3,156.4,143.0,161.89031505250875,162.70731707317074,162.04,38,74,23,135
1254103,2021,2021-09-29,Dubai International Cricket Stadium,Rajasthan Royals,Royal Challengers Bengaluru,Royal Challengers Bengaluru,field,0,159.9078947368421,163.6153846153846,165.94736842105263,183.4,173.3,169.8,164.0,170.0,162.04761904761904,162.54,56,70,23,149
1254091,2021,2021-09-30,Sharjah Cricket Stadium,Sunrisers Hyderabad,Chennai Super Kings,Chennai Super Kings,field,0,163.1267605633803,160.23595505617976,166.28571428571428,176.6,168.8,158.8,167.35,145.0,161.74418604651163,162.46,41,61,32,134
1254102,2021,2021-10-01,Dubai International Cricket Stadium,Kolkata Knight Riders,Punjab Kings,Punjab Kings,field,0,159.659793814433,168.97894736842105,165.51282051282053,167.2,159.8,168.9,163.55,175.75,161.11363636363637,161.32,48,77,40,165
1254089,2021,2021-10-02,"Zayed Cricket Stadium, Abu Dhabi",Chennai Super Kings,Rajasthan Royals,Rajasthan Royals,field,0,166.7171717171717,162.1578947368421,141.4,194.6,174.6,170.0,141.4,161.81533101045295,161.2,161.58,44,89,56,189
1254112,2021,2021-10-02,Sharjah Cricket Stadium,Mumbai Indians,Delhi Capitals,Delhi Capitals,field,0,165.70689655172413,164.49107142857142,164.8181818181818,145.0,160.4,171.6,164.5,160.66666666666666,161.80434782608697,162.38,35,53,41,129
1254090,2021,2021-10-03,Sharjah Cricket Stadium,Royal Challengers Bengaluru,Punjab Kings,Royal Challengers Bengaluru,bat,1,165.45544554455446,168.9375,163.2608695652174,157.6,150.4,169.7,161.3,160.25,161.10638297872342,160.96,55,60,49,164
1254109,2021,2021-10-03,Dubai International Cricket Stadium,Sunrisers Hyderabad,Kolkata Knight Riders,Sunrisers Hyderabad,bat,1,162.72222222222223,159.0,165.5,163.2,164.7,163.7,163.45,176.0,161.16666666666666,161.62,35,45,35,115
1254110,2021,2021-10-04,Dubai International Cricket Stadium,Chennai Super Kings,Delhi Capitals,Delhi Capitals,field,0,166.94,164.1769911504425,164.26829268292684,194.8,176.8,162.6,161.15,154.33333333333334,160.22448979591837,160.14,48,51,37,136
1254093,2021,2021-10-05,Sharjah Cricket Stadium,Rajasthan Royals,Mumbai Indians,Mumbai Indians,field,0,159.76623376623377,159.96938775510205,163.29166666666666,177.8,176.7,153.7,162.0,203.5,159.74,159.74,41,33,16,90
1254095,2021,2021-10-06,"Zayed Cricket Stadium, Abu Dhabi",Sunrisers Hyderabad,Royal Challengers Bengaluru,Royal Challengers Bengaluru,field,0,162.06849315068493,163.47619047619048,149.33333333333334,154.6,160.0,167.2,149.33333333333334,161.64475201845445,158.37254901960785,158.36,50,63,28,141
1254094,2021,2021-10-07,Dubai International Cricket Stadium,Chennai Super Kings,Punjab Kings,Punjab Kings,field,0,166.63366336633663,168.88659793814432,163.5952380952381,178.0,172.5,167.0,159.1,149.75,158.03846153846155,157.42,30,56,48,134
1254106,2021,2021-10-07,Sharjah Cricket Stadium,Kolkata Knight Riders,Rajasthan Royals,Rajasthan Royals,field,0,159.71428571428572,162.4375,160.36,162.0,160.0,172.8,160.25,149.5,157.58490566037736,156.36,34,101,36,171
1254088,2021,2021-10-08,"Zayed Cricket Stadium, Abu Dhabi",Mumbai Indians,Sunrisers Hyderabad,Mumbai Indians,bat,1,165.39316239316238,158.03174603174602,148.14285714285714,140.4,155.7,159.4,148.14285714285714,155.0,157.83333333333334,155.36,83,107,45,235
1254101,2021,2021-10-08,Dubai International Cricket Stadium,Delhi Capitals,Royal Challengers Bengaluru,Royal Challengers Bengaluru,field,0,158.0,163.26415094339623,162.90697674418604,148.6,152.9,160.7,157.0,159.85714285714286,159.23636363636365,157.02,55,78,31,164
1254114,2021,2021-10-10,Dubai International Cricket Stadium,Delhi Capitals,Chennai Super Kings,Chennai Super Kings,field,0,158.06382978723406,159.94444444444446,162.9318181818182,150.2,153.1,154.4,157.0,160.375,159.32142857142858,157.32,51,77,44,172
1254115,2021,2021-10-11,Sharjah Cricket Stadium,Royal Challengers Bengaluru,Kolkata Knight Riders,Royal Challengers Bengaluru,bat,1,165.44117647058823,158.58878504672896,160.76923076923077,149.6,150.4,161.0,161.55,161.0,159.5438596491228,157.82,53,58,27,138
1254116,2021,2021-10-13,Sharjah Cricket Stadium,Delhi Capitals,Kolkata Knight Riders,Kolkata Knight Riders,field,0,158.21052631578948,158.39814814814815,159.92592592592592,155.2,154.2,152.0,157.65,171.0,159.17241379310346,158.46,38,54,43,135
1254117,2021,2021-10-15,Dubai International Cricket Stadium,Chennai Super Kings,Kolkata Knight Riders,Kolkata Knight Riders,field,0,166.31372549019608,158.1834862385321,163.13333333333333,166.6,173.4,146.1,157.9,146.6,158.76271186440678,158.16,50,89,53,192
1304047,2022,2022-03-26,"Wankhede Stadium, Mumbai",Chennai Super Kings,Kolkata Knight Riders,Kolkata Knight Riders,field,0,166.5631067961165,158.4909090909091,176.6,161.4,181.2,150.1,176.6,196.75,161.675799086758,157.92,35,46,50,131
1304048,2022,2022-03-27,"Brabourne Stadium, Mumbai",Mumbai Indians,Delhi Capitals,Delhi Capitals,field,0,165.98305084745763,163.9298245614035,180.0,157.4,159.7,161.0,180.0,161.64082098061573,131.0,156.64,53,70,54,177
1304049,2022,2022-03-27,"Dr DY Patil Sports Academy, Mumbai",Royal Challengers Bengaluru,Punjab Kings,Punjab Kings,field,0,165.1747572815534,168.53061224489795,161.65831435079727,143.0,152.2,160.3,161.65831435079727,161.65831435079727,154.0,156.42,41,117,47,205
1304050,2022,2022-03-28,"Wankhede Stadium, Mumbai",Lucknow Super Giants,Gujarat Titans,Gujarat Titans,field,0,161.70762229806598,161.70762229806598,172.45454545454547,161.70762229806598,161.70762229806598,161.70762229806598,172.45454545454547,161.70762229806598,171.0,157.78,32,84,42,158
1304051,2022,2022-03-29,"Maharashtra Cricket Association Stadium, Pune",Rajasthan Royals,Sunrisers Hyderabad,Sunrisers Hyderabad,field,0,158.87179487179486,159.234375,161.7034090909091,161.6,164.1,169.8,161.7034090909091,161.7034090909091,167.75,158.54,58,105,47,210
1304052,2022,2022-03-30,"Dr DY Patil Sports Academy, Mumbai",Kolkata Knight Riders,Royal Challengers Bengaluru,Royal Challengers Bengaluru,field,0,159.82828282828282,163.2710280373832,205.0,158.8,168.7,161.7,205.0,161.7582292849035,176.2,158.34,44,60,24,128
1304053,2022,2022-03-31,"Brabourne Stadium, Mumbai",Chennai Super Kings,Lucknow Super Giants,Lucknow Super Giants,field,0,166.22115384615384,161.71995464852608,178.5,156.4,175.5,161.71995464852608,178.5,180.0,168.16666666666666,157.36,73,89,48,210
1304054,2022,2022-04-01,"Wankhede Stadium, Mumbai",Punjab Kings,Kolkata Knight Riders,Kolkata Knight Riders,field,0,161.1320754716981,158.24324324324326,171.25,145.6,152.3,142.8,171.25,174.0,174.14285714285714,158.94,62,42,33,137
1304055,2022,2022-04-02,"Dr DY Patil Sports Academy, Mumbai",Rajasthan Royals,Mumbai Indians,Mumbai Indians,field,0,159.51898734177215,159.26262626262627,166.5,159.6,169.7,147.9,166.5,161.74660633484163,169.5,159.02,48,96,49,193
1304056,2022,2022-04-02,"Maharashtra Cricket Association Stadium, Pune",Gujarat Titans,Delhi Capitals,Delhi Capitals,field,0,161.7819209039548,164.04347826086956,210.0,161.7819209039548,161.7819209039548,158.7,210.0,161.7819209039548,172.11111111111111,159.06,44,92,35,171
1304057,2022,2022-04-03,"Brabourne Stadium, Mumbai",Punjab Kings,Chennai Super Kings,Chennai Super Kings,field,0,160.90654205607476,160.07692307692307,189.0,148.4,150.7,154.9,189.0,161.7923250564334,172.0,159.3,72,80,28,180
1304058,2022,2022-04-04,"Dr DY Patil Sports Academy, Mumbai",Lucknow Super Giants,Sunrisers Hyderabad,Sunrisers Hyderabad,field,0,158.0,160.01538461538462,175.33333333333334,158.0,158.0,171.9,175.33333333333334,161.8128523111612,172.72727272727272,160.44,32,88,49,169
1304059,2022,2022-04-05,"Wankhede Stadium, Mumbai",Rajasthan Royals,Royal Challengers Bengaluru,Royal Challengers Bengaluru,field,0,159.9375,162.94444444444446,168.6153846153846,161.2,171.3,154.9,168.6153846153846,177.0,172.41666666666666,160.4,35,72,62,169
1304060,2022,2022-04-06,"Maharashtra Cricket Association Stadium, Pune",Mumbai Indians,Kolkata Knight Riders,Kolkata Knight Riders,field,0,166.07563025210084,158.05357142857142,190.5,165.4,162.5,134.5,190.5,161.82902137232847,172.15384615384616,160.36,35,63,63,161
1304061,2022,2022-04-07,"Dr DY Patil Sports Academy, Mumbai",Delhi Capitals,Lucknow Super Giants,Lucknow Super Giants,field,0,157.96875,210.0,173.75,150.4,151.3,210.0,173.75,161.82808988764046,171.35714285714286,160.16,52,65,32,149
1304062,2022,2022-04-08,"Brabourne Stadium, Mumbai",Punjab Kings,Gujarat Titans,Gujarat Titans,field,0,161.08333333333334,158.0,186.75,148.6,146.6,158.0,186.75,180.0,169.86666666666667,160.06,43,112,34,189
1304063,2022,2022-04-09,"Dr DY Patil Sports Academy, Mumbai",Chennai Super Kings,Sunrisers Hyderabad,Sunrisers Hyderabad,field,0,166.63809523809525,160.15151515151516,168.8,160.6,177.7,170.1,168.8,161.84417040358744,171.0625,160.26,41,72,41,154
1304064,2022,2022-04-09,"Maharashtra Cricket Association Stadium, Pune",Mumbai Indians,Royal Challengers Bengaluru,Royal Challengers Bengaluru,field,0,166.03333333333333,163.0,180.66666666666666,171.4,158.6,154.1,180.66666666666666,161.0,170.05882352941177,158.98,49,50,52,151
1304065,2022,2022-04-10,"Brabourne Stadium, Mumbai",Delhi Capitals,Kolkata Knight Riders,Kolkata Knight Riders,field,0,157.8762886597938,158.0796460176991,187.2,149.4,155.2,138.3,187.2,161.82326621923937,169.0,157.6,68,94,53,215
1304066,2022,2022-04-10,"Wankhede Stadium, Mumbai",Rajasthan Royals,Lucknow Super Giants,Lucknow Super Giants,field,0,160.0493827160494,179.5,168.64285714285714,162.2,172.8,179.5,168.64285714285714,173.0,171.42105263157896,158.58,44,64,57,165
1304067,2022,2022-04-11,"Dr DY Patil Sports Academy, Mumbai",Gujarat Titans,Sunrisers Hyderabad,Sunrisers Hyderabad,field,0,171.0,160.0597014925373,166.33333333333334,171.0,171.0,170.6,166.33333333333334,161.88616071428572,171.1,158.76,51,75,36,162
1304068,2022,2022-04-12,"Dr DY Patil Sports Academy, Mumbai",Chennai Super Kings,Royal Challengers Bengaluru,Royal Challengers Bengaluru,field,0,166.5188679245283,162.8909090909091,165.71428571428572,164.2,171.1,160.8,165.71428571428572,154.0,170.66666666666666,160.16,35,110,71,216
1304069,2022,2022-04-13,"Maharashtra Cricket Association Stadium, Pune",Punjab Kings,Mumbai Indians,Mumbai Indians,field,0,161.3394495412844,159.6,173.25,153.2,154.9,155.8,173.25,161.94654788418708,172.72727272727272,160.78,65,74,59,198
1304070,2022,2022-04-14,"Dr DY Patil Sports Academy, Mumbai",Gujarat Titans,Rajasthan Royals,Rajasthan Royals,field,0,166.5,162.5257731958763,172.0,166.5,166.5,177.4,172.0,162.0,173.82608695652175,162.06,42,97,53,192
1304071,2022,2022-04-15,"Brabourne Stadium, Mumbai",Kolkata Knight Riders,Sunrisers Hyderabad,Sunrisers Hyderabad,field,0,159.51,160.08823529411765,191.83333333333334,157.8,162.1,171.8,191.83333333333334,162.02,174.58333333333334,162.8,38,84,53,175
1304072,2022,2022-04-16,"Brabourne Stadium, Mumbai",Lucknow Super Giants,Mumbai Indians,Mumbai Indians,field,0,163.5,159.98019801980197,189.42857142857142,163.5,163.5,159.2,189.42857142857142,162.03440621531632,174.6,163.18,57,98,44,199
1304073,2022,2022-04-16,"Wankhede Stadium, Mumbai",Royal Challengers Bengaluru,Delhi Capitals,Delhi Capitals,field,0,165.55769230769232,164.10344827586206,168.4,165.6,157.5,157.0,168.4,162.07538802660753,175.53846153846155,164.08,40,80,69,189
1304074,2022,2022-04-17,"Dr DY Patil Sports Academy, Mumbai",Punjab Kings,Sunrisers Hyderabad,Sunrisers Hyderabad,field,0,161.6727272727273,160.30434782608697,174.22222222222223,167.8,155.2,177.3,174.22222222222223,162.10520487264674,176.03703703703704,165.36,48,84,19,151
1304075,2022,2022-04-17,"Maharashtra Cricket Association Stadium, Pune",Chennai Super Kings,Gujarat Titans,Gujarat Titans,field,0,166.98130841121494,173.5,178.2,180.6,173.6,173.5,178.2,162.0929203539823,175.14285714285714,164.96,39,90,40,169
1304076,2022,2022-04-18,"Brabourne Stadium, Mumbai",Rajasthan Royals,Kolkata Knight Riders,Kolkata Knight Riders,field,0,160.109756097561,158.57894736842104,190.625,165.4,171.6,150.6,190.625,162.10055248618784,174.93103448275863,165.04,60,114,43,217
1304077,2022,2022-04-19,"Dr DY Patil Sports Academy, Mumbai",Royal Challengers Bengaluru,Lucknow Super Giants,Lucknow Super Giants,field,0,165.78095238095239,174.66666666666666,171.9,172.2,163.3,174.66666666666666,171.9,205.0,176.33333333333334,166.1,47,93,41,181
1304078,2022,2022-04-20,"Brabourne Stadium, Mumbai",Punjab Kings,Delhi Capitals,Delhi Capitals,field,0,161.57657657657657,164.31623931623932,193.55555555555554,171.0,158.3,156.4,193.55555555555554,184.5,176.48387096774192,167.18,47,50,18,115
1304079,2022,2022-04-21,"Dr DY Patil Sports Academy, Mumbai",Mumbai Indians,Chennai Super Kings,Chennai Super Kings,field,0,165.9090909090909,160.29347826086956,172.72727272727272,170.6,157.8,156.0,172.72727272727272,162.12995594713655,174.5625,166.78,42,68,45,155
1304080,2022,2022-04-22,"Wankhede Stadium, Mumbai",Rajasthan Royals,Delhi Capitals,Delhi Capitals,field,0,160.79518072289156,163.89830508474577,169.6875,190.8,176.2,154.2,169.6875,170.33333333333334,173.96969696969697,166.9,44,114,64,222
1304081,2022,2022-04-23,"Dr DY Patil Sports Academy, Mumbai",Gujarat Titans,Kolkata Knight Riders,Gujarat Titans,bat,1,175.0,159.08695652173913,171.25,175.0,175.0,156.8,171.25,177.0,175.38235294117646,168.66,47,85,24,156
1304082,2022,2022-04-23,"Brabourne Stadium, Mumbai",Royal Challengers Bengaluru,Sunrisers Hyderabad,Sunrisers Hyderabad,field,0,165.9245283018868,160.17142857142858,185.7,175.4,166.5,176.5,185.7,162.18111964873765,174.82857142857142,168.48,31,37,0,68
1304083,2022,2022-04-24,"Wankhede Stadium, Mumbai",Lucknow Super Giants,Mumbai Indians,Mumbai Indians,field,0,175.33333333333334,160.36274509803923,172.76470588235293,175.33333333333334,175.33333333333334,168.1,172.76470588235293,158.0,171.86111111111111,166.06,32,94,42,168
1304084,2022,2022-04-25,"Wankhede Stadium, Mumbai",Punjab Kings,Chennai Super Kings,Chennai Super Kings,field,0,161.16071428571428,160.23655913978496,172.5,166.6,157.5,157.0,172.5,164.75,171.75675675675674,166.84,37,99,51,187
1304085,2022,2022-04-26,"Maharashtra Cricket Association Stadium, Pune",Rajasthan Royals,Royal Challengers Bengaluru,Royal Challengers Bengaluru,field,0,161.52380952380952,163.36936936936937,176.66666666666666,193.2,176.4,166.5,176.66666666666666,210.0,172.1578947368421,167.3,43,61,40,144
1304086,2022,2022-04-27,"Wankhede Stadium, Mumbai",Sunrisers Hyderabad,Gujarat Titans,Gujarat Titans,field,0,161.78378378378378,172.0,173.26315789473685,139.0,159.9,172.0,173.26315789473685,162.09180327868853,171.43589743589743,167.88,53,92,50,195
1304087,2022,2022-04-28,"Wankhede Stadium, Mumbai",Kolkata Knight Riders,Delhi Capitals,Delhi Capitals,field,0,159.66336633663366,164.38655462184875,174.35,162.0,164.7,159.3,174.35,133.0,172.025,169.06,29,72,45,146
1304088,2022,2022-04-29,"Maharashtra Cricket Association Stadium, Pune",Lucknow Super Giants,Punjab Kings,Punjab Kings,field,0,173.5,168.8989898989899,172.0,173.5,173.5,164.4,172.0,162.1101417666303,171.390243902439,170.18,39,72,42,153
1304089,2022,2022-04-30,"Brabourne Stadium, Mumbai",Royal Challengers Bengaluru,Gujarat Titans,Royal Challengers Bengaluru,bat,1,165.00934579439252,177.75,175.0,156.2,152.9,177.75,175.0,68.0,170.95238095238096,170.42,43,78,49,170
1304090,2022,2022-04-30,"Dr DY Patil Sports Academy, Mumbai",Rajasthan Royals,Mumbai Indians,Mumbai Indians,field,0,161.31764705882352,160.4368932038835,170.07692307692307,183.4,172.3,169.3,170.07692307692307,193.0,170.93023255813952,171.14,40,86,32,158
1304091,2022,2022-05-01,"Wankhede Stadium, Mumbai",Lucknow Super Giants,Delhi Capitals,Lucknow Super Giants,bat,1,169.4,164.23333333333332,173.0,169.4,169.4,158.5,172.25,163.0,170.63636363636363,170.88,57,91,47,195
1304092,2022,2022-05-01,"Maharashtra Cricket Association Stadium, Pune",Chennai Super Kings,Sunrisers Hyderabad,Sunrisers Hyderabad,field,0,167.0,158.8732394366197,169.625,176.0,168.7,161.3,169.625,169.0,171.17777777777778,170.08,40,126,36,202
1304093,2022,2022-05-02,"Wankhede Stadium, Mumbai",Rajasthan Royals,Kolkata Knight Riders,Kolkata Knight Riders,field,0,161.27906976744185,159.06034482758622,174.0,181.2,171.7,159.7,170.95,183.25,171.84782608695653,170.84,38,70,44,152
1304094,2022,2022-05-03,"Dr DY Patil Sports Academy, Mumbai",Gujarat Titans,Punjab Kings,Gujarat Titans,bat,1,170.25,168.74,169.21428571428572,170.25,170.25,162.6,169.21428571428572,170.0,171.4255319148936,170.44,42,66,35,143
1304095,2022,2022-05-04,"Maharashtra Cricket Association Stadium, Pune",Royal Challengers Bengaluru,Chennai Super Kings,Chennai Super Kings,field,0,165.05555555555554,160.5212765957447,173.22222222222223,162.6,152.8,158.5,173.22222222222223,162.15151515151516,170.83333333333334,170.54,57,74,42,173
1304096,2022,2022-05-05,"Brabourne Stadium, Mumbai",Delhi Capitals,Sunrisers Hyderabad,Sunrisers Hyderabad,field,0,158.4591836734694,159.47222222222223,174.58333333333334,167.0,157.8,169.0,174.58333333333334,215.0,170.87755102040816,171.3,50,97,60,207
1304097,2022,2022-05-06,"Brabourne Stadium, Mumbai",Mumbai Indians,Gujarat Titans,Gujarat Titans,field,0,165.81967213114754,176.2,177.07692307692307,175.8,158.1,176.2,177.07692307692307,177.0,171.6,171.6,63,71,43,177
1304098,2022,2022-05-07,"Wankhede Stadium, Mumbai",Punjab Kings,Rajasthan Royals,Punjab Kings,bat,1,161.38938053097345,162.8265306122449,173.04347826086956,168.0,158.3,177.1,171.2,169.2,171.7058823529412,172.52,48,84,57,189
1304099,2022,2022-05-07,"Maharashtra Cricket Association Stadium, Pune",Lucknow Super Giants,Kolkata Knight Riders,Kolkata Knight Riders,field,0,173.66666666666666,159.0,173.2,176.8,173.66666666666666,163.4,173.2,153.0,172.03846153846155,172.76,66,60,50,176
1304100,2022,2022-05-08,"Wankhede Stadium, Mumbai",Royal Challengers Bengaluru,Sunrisers Hyderabad,Royal Challengers Bengaluru,bat,1,165.12844036697248,160.12328767123287,173.70833333333334,156.2,160.9,173.3,175.35,189.0,172.11320754716982,172.18,47,90,55,192
1304101,2022,2022-05-08,"Dr DY Patil Sports Academy, Mumbai",Chennai Super Kings,Delhi Capitals,Delhi Capitals,field,0,167.32110091743118,164.48760330578511,167.46666666666667,190.2,173.3,161.4,167.46666666666667,185.0,172.4814814814815,172.86,57,110,41,208
1304102,2022,2022-05-09,"Dr DY Patil Sports Academy, Mumbai",Kolkata Knight Riders,Mumbai Indians,Mumbai Indians,field,0,159.52941176470588,160.41346153846155,170.0,157.0,162.1,168.0,170.0,128.0,173.12727272727273,172.82,64,79,22,165
1304103,2022,2022-05-10,"Maharashtra Cricket Association Stadium, Pune",Gujarat Titans,Lucknow Super Giants,Gujarat Titans,bat,1,164.8,176.25,173.45454545454547,164.8,164.8,176.25,173.45454545454547,171.0,172.98214285714286,173.56,35,68,41,144
1304104,2022,2022-05-11,"Dr DY Patil Sports Academy, Mumbai",Rajasthan Royals,Delhi Capitals,Delhi Capitals,field,0,161.17241379310346,164.84426229508196,169.7058823529412,178.6,172.0,168.8,169.7058823529412,175.5,172.47368421052633,172.24,43,82,35,160
1304105,2022,2022-05-12,"Wankhede Stadium, Mumbai",Chennai Super Kings,Mumbai Indians,Mumbai Indians,field,0,167.6909090909091,160.45714285714286,174.44,189.8,175.2,162.7,175.2,183.6,172.25862068965517,172.7,32,65,0,97
1304106,2022,2022-05-13,"Brabourne Stadium, Mumbai",Punjab Kings,Royal Challengers Bengaluru,Royal Challengers Bengaluru,field,0,161.6315789473684,163.19642857142858,177.07142857142858,168.0,160.6,163.2,177.07142857142858,161.33333333333334,170.98305084745763,170.78,83,80,46,209
1304107,2022,2022-05-14,"Maharashtra Cricket Association Stadium, Pune",Kolkata Knight Riders,Sunrisers Hyderabad,Kolkata Knight Riders,bat,1,159.58252427184465,160.55405405405406,171.0,157.0,159.5,169.0,171.0,162.31303418803418,171.61666666666667,171.54,55,74,48,177
1304108,2022,2022-05-15,"Wankhede Stadium, Mumbai",Chennai Super Kings,Gujarat Titans,Chennai Super Kings,bat,1,167.05405405405406,176.33333333333334,171.46153846153845,178.4,171.3,176.33333333333334,170.65,169.16666666666666,171.70491803278688,171.48,47,66,20,133
1304109,2022,2022-05-15,"Brabourne Stadium, Mumbai",Rajasthan Royals,Lucknow Super Giants,Rajasthan Royals,bat,1,161.1590909090909,169.8,179.2,167.2,179.0,169.8,179.2,217.0,171.08064516129033,170.76,51,86,41,178
1304110,2022,2022-05-16,"Dr DY Patil Sports Academy, Mumbai",Delhi Capitals,Punjab Kings,Punjab Kings,field,0,158.94949494949495,168.4851485148515,169.16666666666666,175.6,162.9,159.3,169.16666666666666,149.0,171.1904761904762,170.94,59,64,36,159
1304111,2022,2022-05-17,"Wankhede Stadium, Mumbai",Sunrisers Hyderabad,Mumbai Indians,Mumbai Indians,field,0,162.22666666666666,159.85849056603774,170.03703703703704,143.8,163.2,156.8,166.3,195.0,171.0,170.9,57,107,29,193
1304112,2022,2022-05-18,"Dr DY Patil Sports Academy, Mumbai",Lucknow Super Giants,Kolkata Knight Riders,Lucknow Super Giants,bat,1,174.0,159.14406779661016,168.6315789473684,178.2,174.0,167.2,168.6315789473684,169.0,171.33846153846153,171.78,44,96,70,210
1304113,2022,2022-05-19,"Wankhede Stadium, Mumbai",Gujarat Titans,Royal Challengers Bengaluru,Gujarat Titans,bat,1,161.33333333333334,163.60176991150442,170.85714285714286,159.4,161.33333333333334,165.0,167.1,162.39384288747345,171.92424242424244,172.2,38,84,46,168
1304114,2022,2022-05-20,"Brabourne Stadium, Mumbai",Chennai Super Kings,Rajasthan Royals,Chennai Super Kings,bat,1,166.75,163.0909090909091,179.125,161.8,171.2,177.5,179.125,195.0,171.86567164179104,172.48,75,45,30,150
1304115,2022,2022-05-21,"Wankhede Stadium, Mumbai",Delhi Capitals,Mumbai Indians,Mumbai Indians,field,0,158.95,160.16822429906543,170.75862068965517,173.0,164.1,159.6,168.85,147.0,171.5441176470588,172.46,37,88,34,159
1304116,2022,2022-05-22,"Wankhede Stadium, Mumbai",Sunrisers Hyderabad,Punjab Kings,Sunrisers Hyderabad,bat,1,162.6315789473684,168.3921568627451,170.36666666666667,155.6,166.1,158.8,167.25,194.0,171.36231884057972,171.34,43,56,58,157
1312197,2022,2022-05-24,"Eden Gardens, Kolkata",Rajasthan Royals,Gujarat Titans,Gujarat Titans,field,0,161.34831460674158,170.14285714285714,162.37737843551798,158.4,175.8,170.14285714285714,162.37737843551798,162.37737843551798,171.15714285714284,171.18,55,72,61,188
1312198,2022,2022-05-25,"Eden Gardens, Kolkata",Royal Challengers Bengaluru,Lucknow Super Giants,Lucknow Super Giants,field,0,165.37272727272727,171.16666666666666,188.0,156.8,164.5,171.16666666666666,188.0,162.40443505807815,171.3943661971831,171.7,52,98,57,207
1312199,2022,2022-05-27,"Narendra Modi Stadium, Ahmedabad",Royal Challengers Bengaluru,Rajasthan Royals,Rajasthan Royals,field,0,165.74774774774775,162.96,158.6,162.0,168.7,173.4,158.6,171.0,171.88888888888889,171.52,46,86,25,157
1312200,2022,2022-05-29,"Narendra Modi Stadium, Ahmedabad",Rajasthan Royals,Gujarat Titans,Rajasthan Royals,bat,1,161.64444444444445,172.375,158.33333333333334,167.2,175.3,172.375,158.33333333333334,162.44573234984193,171.68493150684932,170.7,44,54,32,130
1359475,2023,2023-03-31,"Narendra Modi Stadium, Ahmedabad",Chennai Super Kings,Gujarat Titans,Gujarat Titans,field,0,166.60176991150442,167.66666666666666,154.28571428571428,158.0,167.0,167.66666666666666,154.28571428571428,162.4115789473684,162.4115789473684,169.46,51,89,38,178
1359476,2023,2023-04-01,"Punjab Cricket Association IS Bindra Stadium, Mohali, Chandigarh",Punjab Kings,Kolkata Knight Riders,Kolkata Knight Riders,field,0,162.04347826086956,159.57142857142858,162.4279705573081,170.2,169.0,174.7,162.4279705573081,162.4279705573081,178.0,169.52,56,97,38,191
1359477,2023,2023-04-01,"Bharat Ratna Shri Atal Bihari Vajpayee Ekana Cricket Stadium, Lucknow",Lucknow Super Giants,Delhi Capitals,Delhi Capitals,field,0,178.5,164.8048780487805,162.4579831932773,180.4,178.5,171.9,162.4579831932773,162.4579831932773,184.5,169.36,30,101,62,193
1359478,2023,2023-04-02,"Rajiv Gandhi International Stadium, Uppal, Hyderabad",Rajasthan Royals,Sunrisers Hyderabad,Sunrisers Hyderabad,field,0,161.2967032967033,160.77333333333334,162.4900314795383,161.6,171.4,165.7,162.4900314795383,162.4900314795383,187.33333333333334,169.44,85,85,33,203
1359479,2023,2023-04-02,"M Chinnaswamy Stadium, Bengaluru",Mumbai Indians,Royal Challengers Bengaluru,Royal Challengers Bengaluru,field,0,165.91056910569105,163.640350877193,162.53249475890985,164.2,160.8,163.9,162.53249475890985,162.53249475890985,191.25,170.48,29,82,60,171
1359480,2023,2023-04-03,"MA Chidambaram Stadium, Chepauk, Chennai",Chennai Super Kings,Lucknow Super Giants,Lucknow Super Giants,field,0,166.7017543859649,176.28571428571428,154.8,153.2,171.7,176.28571428571428,154.8,162.5413612565445,187.2,170.52,79,91,47,217
1359481,2023,2023-04-04,"Arun Jaitley Stadium, Delhi",Delhi Capitals,Gujarat Titans,Gujarat Titans,field,0,158.95049504950495,168.7,195.0,177.8,164.1,168.7,195.0,162.59832635983264,192.16666666666666,170.52,52,74,36,162
1359482,2023,2023-04-05,"Barsapara Cricket Stadium, Guwahati",Punjab Kings,Rajasthan Royals,Rajasthan Royals,field,0,162.29310344827587,162.9009900990099,162.5977011494253,178.2,174.6,167.0,162.5977011494253,162.5977011494253,187.85714285714286,170.14,63,96,38,197
1359483,2023,2023-04-06,"Eden Gardens, Kolkata",Kolkata Knight Riders,Royal Challengers Bengaluru,Royal Challengers Bengaluru,field,0,159.75,163.70434782608694,197.5,158.2,158.5,166.1,197.5,162.63361169102296,189.0,171.78,47,100,57,204
1359484,2023,2023-04-07,"Bharat Ratna Shri Atal Bihari Vajpayee Ekana Cricket Stadium, Lucknow",Sunrisers Hyderabad,Lucknow Super Giants,Sunrisers Hyderabad,bat,1,162.55844155844156,181.375,193.0,160.2,161.7,181.375,193.0,162.67674661105318,190.66666666666666,172.76,43,41,37,121
1359485,2023,2023-04-08,"Barsapara Cricket Stadium, Guwahati",Rajasthan Royals,Delhi Capitals,Delhi Capitals,field,0,161.75,165.03225806451613,197.0,171.8,175.2,177.6,197.0,162.63333333333333,183.7,170.74,68,75,56,199
1359486,2023,2023-04-08,"Wankhede Stadium, Mumbai",Mumbai Indians,Chennai Super Kings,Chennai Super Kings,field,0,165.9516129032258,160.65263157894736,169.93548387096774,163.0,164.2,160.5,168.55,162.67117585848075,185.0909090909091,171.6,61,52,44,157
1359487,2023,2023-04-09,"Narendra Modi Stadium, Ahmedabad",Gujarat Titans,Kolkata Knight Riders,Gujarat Titans,bat,1,162.28571428571428,159.83333333333334,157.25,160.6,162.28571428571428,174.6,157.25,162.66528066528068,182.75,173.38,54,90,60,204
1359488,2023,2023-04-09,"Rajiv Gandhi International Stadium, Uppal, Hyderabad",Punjab Kings,Sunrisers Hyderabad,Sunrisers Hyderabad,field,0,162.5897435897436,161.32894736842104,203.0,194.6,180.6,169.1,203.0,162.70820353063343,184.3846153846154,174.1,41,60,42,143
1359489,2023,2023-04-10,"M Chinnaswamy Stadium, Bengaluru",Royal Challengers Bengaluru,Lucknow Super Giants,Lucknow Super Giants,field,0,165.66964285714286,174.66666666666666,171.0,179.8,168.0,174.66666666666666,171.0,162.6877593360996,181.42857142857142,173.22,56,90,66,212
1359490,2023,2023-04-11,"Arun Jaitley Stadium, Delhi",Delhi Capitals,Mumbai Indians,Mumbai Indians,field,0,158.98039215686273,160.15740740740742,188.4,180.4,164.9,162.0,188.4,162.0,183.46666666666667,174.58,51,85,36,172
1359491,2023,2023-04-12,"MA Chidambaram Stadium, Chepauk, Chennai",Rajasthan Royals,Chennai Super Kings,Chennai Super Kings,field,0,162.1505376344086,160.61458333333334,160.45454545454547,179.6,173.4,165.6,160.45454545454547,162.74844720496895,182.75,174.12,57,84,34,175
1359492,2023,2023-04-13,"Punjab Cricket Association IS Bindra Stadium, Mohali, Chandigarh",Punjab Kings,Gujarat Titans,Gujarat Titans,field,0,162.42372881355934,168.0909090909091,191.0,185.8,176.9,169.1,191.0,191.0,182.2941176470588,174.7,52,57,44,153
1359493,2023,2023-04-14,"Eden Gardens, Kolkata",Sunrisers Hyderabad,Kolkata Knight Riders,Kolkata Knight Riders,field,0,162.02564102564102,160.19834710743802,199.66666666666666,161.4,158.0,181.9,199.66666666666666,162.75103305785123,180.66666666666666,174.7,65,107,56,228
1359494,2023,2023-04-15,"M Chinnaswamy Stadium, Bengaluru",Royal Challengers Bengaluru,Delhi Capitals,Delhi Capitals,field,0,166.0796460176991,165.304,191.5,188.2,175.4,179.8,191.5,212.0,183.1578947368421,175.86,47,92,35,174
1359495,2023,2023-04-15,"Bharat Ratna Shri Atal Bihari Vajpayee Ekana Cricket Stadium, Lucknow",Lucknow Super Giants,Punjab Kings,Punjab Kings,field,0,180.11111111111111,168.28155339805826,157.0,185.4,180.11111111111111,159.6,157.0,193.0,182.7,176.18,49,77,33,159
1359496,2023,2023-04-16,"Wankhede Stadium, Mumbai",Kolkata Knight Riders,Mumbai Indians,Mumbai Indians,field,0,160.17142857142858,160.26605504587155,169.53125,173.4,165.6,170.2,168.5,139.5,181.57142857142858,175.46,57,89,39,185
1359497,2023,2023-04-16,"Narendra Modi Stadium, Ahmedabad",Gujarat Titans,Rajasthan Royals,Rajasthan Royals,field,0,167.5,163.23529411764707,162.44444444444446,163.0,167.5,172.0,162.44444444444446,204.0,181.72727272727272,175.12,42,83,52,177
1359498,2023,2023-04-17,"M Chinnaswamy Stadium, Bengaluru",Chennai Super Kings,Royal Challengers Bengaluru,Royal Challengers Bengaluru,field,0,167.1391304347826,164.05172413793105,185.66666666666666,155.0,172.4,172.4,185.66666666666666,162.86330935251797,181.52173913043478,175.62,53,119,54,226
1359499,2023,2023-04-18,"Rajiv Gandhi International Stadium, Uppal, Hyderabad",Mumbai Indians,Sunrisers Hyderabad,Sunrisers Hyderabad,field,0,165.88,161.0909090909091,173.0,162.2,166.8,168.0,173.0,162.92813141683777,183.375,177.28,53,91,48,192
1359500,2023,2023-04-19,"Sawai Mansingh Stadium, Jaipur",Lucknow Super Giants,Rajasthan Royals,Rajasthan Royals,field,0,178.0,163.36893203883494,162.9579487179487,186.6,178.0,170.9,162.9579487179487,162.9579487179487,183.72,177.66,37,78,39,154
1359501,2023,2023-04-20,"Punjab Cricket Association IS Bindra Stadium, Mohali, Chandigarh",Royal Challengers Bengaluru,Punjab Kings,Punjab Kings,field,0,166.14912280701753,168.19230769230768,172.0,188.4,172.3,162.4,172.0,162.9487704918033,182.57692307692307,176.6,59,78,37,174
1359502,2023,2023-04-20,"Arun Jaitley Stadium, Delhi",Kolkata Knight Riders,Delhi Capitals,Delhi Capitals,field,0,160.4056603773585,165.37301587301587,185.66666666666666,175.4,168.7,180.1,185.66666666666666,162.96008188331626,182.25925925925927,176.54,35,62,30,127
1359503,2023,2023-04-21,"MA Chidambaram Stadium, Chepauk, Chennai",Sunrisers Hyderabad,Chennai Super Kings,Chennai Super Kings,field,0,162.86075949367088,160.76288659793815,161.66666666666666,178.8,158.9,166.0,161.66666666666666,162.92331288343559,180.28571428571428,175.3,45,61,28,134
1359504,2023,2023-04-22,"Bharat Ratna Shri Atal Bihari Vajpayee Ekana Cricket Stadium, Lucknow",Gujarat Titans,Lucknow Super Giants,Gujarat Titans,bat,1,168.55555555555554,178.4,157.66666666666666,167.2,168.55555555555554,178.4,157.66666666666666,162.8937691521961,178.68965517241378,174.46,40,57,38,135
1359505,2023,2023-04-22,"Wankhede Stadium, Mumbai",Punjab Kings,Mumbai Indians,Mumbai Indians,field,0,162.34453781512605,160.4909090909091,170.0,178.6,173.3,169.4,170.9,172.5,177.23333333333332,173.32,58,91,65,214
1359506,2023,2023-04-23,"M Chinnaswamy Stadium, Bengaluru",Royal Challengers Bengaluru,Rajasthan Royals,Rajasthan Royals,field,0,166.2173913043478,163.27884615384616,195.75,184.8,170.8,173.0,195.75,193.0,178.41935483870967,173.44,62,100,27,189
1359507,2023,2023-04-23,"Eden Gardens, Kolkata",Chennai Super Kings,Kolkata Knight Riders,Kolkata Knight Riders,field,0,167.64655172413794,160.75409836065575,206.75,180.8,179.6,191.0,206.75,162.9439918533605,178.75,173.92,59,110,66,235
1359508,2023,2023-04-24,"Rajiv Gandhi International Stadium, Uppal, Hyderabad",Delhi Capitals,Sunrisers Hyderabad,Delhi Capitals,bat,1,159.10679611650485,161.48717948717947,179.33333333333334,171.8,169.4,171.0,179.33333333333334,163.01729399796542,180.45454545454547,175.74,49,64,31,144
1359509,2023,2023-04-25,"Narendra Modi Stadium, Ahmedabad",Gujarat Titans,Mumbai Indians,Mumbai Indians,field,0,165.2,160.97297297297297,163.9,165.6,165.2,171.0,163.9,190.5,179.38235294117646,175.42,50,87,70,207
1359510,2023,2023-04-26,"M Chinnaswamy Stadium, Bengaluru",Kolkata Knight Riders,Royal Challengers Bengaluru,Royal Challengers Bengaluru,field,0,160.09345794392524,164.5811965811966,194.4,171.6,164.3,178.6,194.4,163.04263959390863,180.17142857142858,177.62,66,84,50,200
1359511,2023,2023-04-27,"Sawai Mansingh Stadium, Jaipur",Rajasthan Royals,Chennai Super Kings,Rajasthan Royals,bat,1,162.2872340425532,160.48979591836735,154.0,179.0,168.7,163.8,154.0,163.08012170385396,180.72222222222223,177.44,64,82,56,202
1359512,2023,2023-04-28,"Punjab Cricket Association IS Bindra Stadium, Mohali, Chandigarh",Lucknow Super Giants,Punjab Kings,Punjab Kings,field,0,175.8181818181818,168.24761904761905,172.66666666666666,178.4,177.6,161.3,172.66666666666666,163.11955420466057,181.2972972972973,177.94,74,126,57,257
1359513,2023,2023-04-29,"Eden Gardens, Kolkata",Kolkata Knight Riders,Gujarat Titans,Gujarat Titans,field,0,160.46296296296296,166.83333333333334,212.4,178.6,167.8,165.5,212.4,204.0,183.28947368421052,180.42,61,76,42,179
1359514,2023,2023-04-29,"Arun Jaitley Stadium, Delhi",Sunrisers Hyderabad,Delhi Capitals,Sunrisers Hyderabad,bat,1,162.5,165.0708661417323,177.28571428571428,166.6,155.2,173.9,177.28571428571428,171.0,183.17948717948718,180.44,62,90,45,197
1359515,2023,2023-04-30,"MA Chidambaram Stadium, Chepauk, Chennai",Chennai Super Kings,Punjab Kings,Chennai Super Kings,bat,1,168.22222222222223,169.08490566037736,159.53846153846155,201.2,181.5,170.5,159.53846153846155,217.0,183.525,181.2,57,101,42,200
1359516,2023,2023-04-30,"Wankhede Stadium, Mumbai",Rajasthan Royals,Mumbai Indians,Rajasthan Royals,bat,1,162.70526315789473,161.38392857142858,171.2941176470588,181.8,174.5,171.8,173.15,177.0,183.9268292682927,181.34,65,88,59,212
1359517,2023,2023-05-01,"Bharat Ratna Shri Atal Bihari Vajpayee Ekana Cricket Stadium, Lucknow",Royal Challengers Bengaluru,Lucknow Super Giants,Royal Challengers Bengaluru,bat,1,166.41379310344828,174.45454545454547,152.0,181.2,171.6,170.9,152.0,163.3508064516129,184.5952380952381,181.38,42,57,27,126
1359518,2023,2023-05-02,"Narendra Modi Stadium, Ahmedabad",Delhi Capitals,Gujarat Titans,Delhi Capitals,bat,1,158.96153846153845,167.76923076923077,167.8181818181818,159.2,167.4,166.5,167.8181818181818,163.31319234642498,183.2325581395349,180.54,28,63,39,130
1359519,2023,2023-05-03,"Bharat Ratna Shri Atal Bihari Vajpayee Ekana Cricket Stadium, Lucknow",Lucknow Super Giants,Chennai Super Kings,Chennai Super Kings,field,0,182.58333333333334,160.9090909090909,146.8,194.6,186.4,166.9,146.8,176.0,182.02272727272728,180.14,31,52,42,125
1359520,2023,2023-05-03,"Punjab Cricket Association IS Bindra Stadium, Mohali, Chandigarh",Punjab Kings,Mumbai Indians,Mumbai Indians,field,0,162.775,161.83185840707964,193.75,179.6,174.9,176.2,193.75,172.0,180.75555555555556,179.46,50,102,62,214
1359521,2023,2023-05-04,"Rajiv Gandhi International Stadium, Uppal, Hyderabad",Kolkata Knight Riders,Sunrisers Hyderabad,Kolkata Knight Riders,bat,1,160.63302752293578,161.26582278481013,170.5,179.0,168.6,167.9,170.5,163.2921686746988,181.47826086956522,180.6,49,88,34,171
1359522,2023,2023-05-05,"Sawai Mansingh Stadium, Jaipur",Rajasthan Royals,Gujarat Titans,Rajasthan Royals,bat,1,163.21875,165.07142857142858,178.0,198.2,179.9,160.0,178.0,202.0,181.25531914893617,180.26,50,60,8,118
1359523,2023,2023-05-06,"MA Chidambaram Stadium, Chepauk, Chennai",Mumbai Indians,Chennai Super Kings,Chennai Super Kings,field,0,166.0873015873016,160.55,162.42857142857142,170.4,170.5,166.0,162.42857142857142,145.8,179.9375,178.48,34,72,33,139
1359524,2023,2023-05-06,"Arun Jaitley Stadium, Delhi",Royal Challengers Bengaluru,Delhi Capitals,Royal Challengers Bengaluru,bat,1,166.06837606837607,165.3203125,179.75,175.0,177.4,182.1,179.75,163.23023023023023,179.10204081632654,178.12,51,86,44,181
1359525,2023,2023-05-07,"Narendra Modi Stadium, Ahmedabad",Gujarat Titans,Lucknow Super Giants,Lucknow Super Giants,field,0,169.0,170.41666666666666,164.66666666666666,178.2,168.8,168.6,164.66666666666666,196.0,179.14,179.14,78,106,43,227
1359526,2023,2023-05-07,"Sawai Mansingh Stadium, Jaipur",Rajasthan Royals,Sunrisers Hyderabad,Rajasthan Royals,bat,1,162.75257731958763,161.3875,158.0,181.2,176.5,169.9,158.0,160.0,180.07843137254903,180.12,61,107,46,214
1359527,2023,2023-05-08,"Eden Gardens, Kolkata",Punjab Kings,Kolkata Knight Riders,Punjab Kings,bat,1,163.19834710743802,161.35772357723576,206.83333333333334,184.2,181.2,198.4,206.83333333333334,163.3622754491018,180.73076923076923,180.58,58,73,48,179
1359528,2023,2023-05-09,"Wankhede Stadium, Mumbai",Royal Challengers Bengaluru,Mumbai Indians,Mumbai Indians,field,0,166.1949152542373,162.28947368421052,172.45714285714286,168.8,178.5,181.8,175.5,190.5,180.69811320754718,180.3,56,105,38,199
1359529,2023,2023-05-10,"MA Chidambaram Stadium, Chepauk, Chennai",Chennai Super Kings,Delhi Capitals,Chennai Super Kings,bat,1,168.4915254237288,165.4418604651163,160.86666666666667,211.2,184.6,178.0,160.86666666666667,208.5,181.03703703703704,180.22,49,76,42,167
1359530,2023,2023-05-11,"Eden Gardens, Kolkata",Kolkata Knight Riders,Rajasthan Royals,Rajasthan Royals,field,0,160.72727272727272,163.52380952380952,202.85714285714286,172.4,172.9,176.5,202.85714285714286,191.5,180.78181818181818,180.14,37,90,22,149
1359531,2023,2023-05-12,"Wankhede Stadium, Mumbai",Mumbai Indians,Gujarat Titans,Gujarat Titans,field,0,165.8740157480315,161.93333333333334,173.19444444444446,167.2,171.5,154.8,176.0,157.0,180.21428571428572,178.78,61,92,65,218
1359532,2023,2023-05-13,"Rajiv Gandhi International Stadium, Uppal, Hyderabad",Sunrisers Hyderabad,Lucknow Super Giants,Sunrisers Hyderabad,bat,1,162.92592592592592,174.76923076923077,170.6,167.4,161.5,174.8,170.6,163.45680238331678,180.87719298245614,179.9,56,89,37,182
1359533,2023,2023-05-13,"Arun Jaitley Stadium, Delhi",Punjab Kings,Delhi Capitals,Delhi Capitals,field,0,163.327868852459,165.45384615384614,179.88888888888889,180.6,187.6,180.1,179.88888888888889,163.4751984126984,180.89655172413794,179.6,46,83,38,167
1359534,2023,2023-05-14,"Sawai Mansingh Stadium, Jaipur",Royal Challengers Bengaluru,Rajasthan Royals,Royal Challengers Bengaluru,bat,1,166.47058823529412,163.38679245283018,172.0,173.8,181.1,172.5,172.0,163.4786917740337,180.66101694915255,178.86,42,81,48,171
1359535,2023,2023-05-14,"MA Chidambaram Stadium, Chepauk, Chennai",Chennai Super Kings,Kolkata Knight Riders,Chennai Super Kings,bat,1,168.47899159663865,161.5,161.25,209.0,181.1,194.8,161.25,194.66666666666666,180.5,179.86,52,47,45,144
1359536,2023,2023-05-15,"Narendra Modi Stadium, Ahmedabad",Gujarat Titans,Sunrisers Hyderabad,Sunrisers Hyderabad,field,0,173.83333333333334,162.03703703703704,169.46153846153845,190.0,175.3,184.5,169.46153846153845,203.75,179.9016393442623,178.76,65,98,25,188
1359537,2023,2023-05-16,"Bharat Ratna Shri Atal Bihari Vajpayee Ekana Cricket Stadium, Lucknow",Lucknow Super Giants,Mumbai Indians,Mumbai Indians,field,0,178.15384615384616,162.6086956521739,143.16666666666666,177.6,179.0,185.2,143.16666666666666,159.0,180.03225806451613,179.38,35,82,60,177
1359538,2023,2023-05-17,"Himachal Pradesh Cricket Association Stadium, Dharamsala",Delhi Capitals,Punjab Kings,Punjab Kings,field,0,158.68571428571428,169.37383177570092,163.50444225074037,153.4,163.2,174.1,163.50444225074037,163.50444225074037,179.984126984127,178.84,61,93,59,213
1359539,2023,2023-05-18,"Rajiv Gandhi International Stadium, Uppal, Hyderabad",Sunrisers Hyderabad,Royal Challengers Bengaluru,Royal Challengers Bengaluru,field,0,163.15853658536585,164.88135593220338,172.5,172.4,166.3,185.8,172.5,182.0,180.5,180.24,49,92,45,186
1359540,2023,2023-05-19,"Himachal Pradesh Cricket Association Stadium, Dharamsala",Punjab Kings,Rajasthan Royals,Rajasthan Royals,field,0,163.35772357723576,163.45794392523365,213.0,185.4,185.6,172.5,213.0,163.57536945812808,180.58461538461538,179.72,48,77,62,187
1359541,2023,2023-05-20,"Arun Jaitley Stadium, Delhi",Chennai Super Kings,Delhi Capitals,Chennai Super Kings,bat,1,168.275,165.46564885496184,178.6,194.4,174.7,177.3,178.6,218.0,180.6818181818182,180.02,52,115,56,223
1359542,2023,2023-05-20,"Eden Gardens, Kolkata",Lucknow Super Giants,Kolkata Knight Riders,Kolkata Knight Riders,field,0,178.07142857142858,161.36,196.125,174.4,179.9,187.5,196.125,163.65683382497542,181.3134328358209,180.98,54,68,54,176
1359543,2023,2023-05-21,"Wankhede Stadium, Mumbai",Sunrisers Hyderabad,Mumbai Indians,Mumbai Indians,field,0,163.43373493975903,162.73275862068965,174.40540540540542,185.4,173.4,193.2,175.8,181.66666666666666,181.23529411764707,181.44,53,115,32,200
1359544,2023,2023-05-21,"M Chinnaswamy Stadium, Bengaluru",Royal Challengers Bengaluru,Gujarat Titans,Gujarat Titans,field,0,166.50833333333333,165.4375,195.33333333333334,173.2,179.0,158.9,195.33333333333334,191.66666666666666,181.5072463768116,180.88,62,87,48,197
1370350,2023,2023-05-23,"MA Chidambaram Stadium, Chepauk, Chennai",Chennai Super Kings,Gujarat Titans,Gujarat Titans,field,0,168.72727272727272,167.2941176470588,160.23529411764707,193.8,187.3,165.3,160.23529411764707,182.0,181.72857142857143,181.34,49,82,41,172
1370351,2023,2023-05-24,"MA Chidambaram Stadium, Chepauk, Chennai",Mumbai Indians,Lucknow Super Giants,Mumbai Indians,bat,1,166.28125,175.28571428571428,160.88888888888889,175.4,169.8,174.9,160.88888888888889,144.66666666666666,181.59154929577466,181.6,62,79,41,182
1370352,2023,2023-05-26,"Narendra Modi Stadium, Ahmedabad",Gujarat Titans,Mumbai Indians,Mumbai Indians,field,0,174.92307692307693,163.05128205128204,170.78571428571428,186.8,174.9,193.9,170.78571428571428,200.6,181.59722222222223,181.54,50,133,50,233
1370353,2023,2023-05-29,"Narendra Modi Stadium, Ahmedabad",Gujarat Titans,Chennai Super Kings,Chennai Super Kings,field,0,179.07142857142858,160.33663366336634,174.93333333333334,198.0,182.6,162.7,174.93333333333334,206.0,182.3013698630137,182.66,62,91,61,214
1422119,2024,2024-03-22,"MA Chidambaram Stadium, Chepauk, Chennai",Royal Challengers Bengaluru,Chennai Super Kings,Royal Challengers Bengaluru,bat,1,166.7603305785124,160.86274509803923,162.0,174.8,178.0,166.1,162.0,176.5,163.8798828125,182.42,42,74,57,173
1422120,2024,2024-03-23,"Maharaja Yadavindra Singh International Cricket Stadium, Mullanpur",Delhi Capitals,Punjab Kings,Punjab Kings,field,0,159.19811320754718,169.77777777777777,163.88878048780487,164.2,171.0,182.0,163.88878048780487,163.88878048780487,173.0,182.04,54,74,46,174
1422121,2024,2024-03-23,"Eden Gardens, Kolkata",Kolkata Knight Riders,Sunrisers Hyderabad,Sunrisers Hyderabad,field,0,160.6216216216216,162.35365853658536,193.88888888888889,165.2,170.3,183.1,193.88888888888889,177.33333333333334,173.5,182.44,43,98,67,208
1422122,2024,2024-03-24,"Sawai Mansingh Stadium, Jaipur",Rajasthan Royals,Lucknow Super Giants,Rajasthan Royals,bat,1,163.27551020408163,175.73333333333332,171.8,184.2,181.9,178.7,171.8,178.0,185.0,183.12,54,95,44,193
1422123,2024,2024-03-24,"Narendra Modi Stadium, Ahmedabad",Gujarat Titans,Mumbai Indians,Mumbai Indians,field,0,181.4,163.64406779661016,177.375,213.8,189.7,201.3,177.375,207.14285714285714,187.0,184.44,47,86,35,168
1422124,2024,2024-03-25,"M Chinnaswamy Stadium, Bengaluru",Punjab Kings,Royal Challengers Bengaluru,Royal Challengers Bengaluru,field,0,163.5483870967742,165.05882352941177,195.57142857142858,192.2,185.4,187.5,195.57142857142858,163.9737609329446,183.2,185.12,40,92,44,176
1422125,2024,2024-03-26,"MA Chidambaram Stadium, Chepauk, Chennai",Chennai Super Kings,Gujarat Titans,Gujarat Titans,field,0,168.75409836065575,167.55555555555554,162.55,181.2,191.2,163.7,162.55,180.0,182.0,185.94,69,96,41,206
1422126,2024,2024-03-27,"Rajiv Gandhi International Stadium, Uppal, Hyderabad",Sunrisers Hyderabad,Mumbai Indians,Mumbai Indians,field,0,163.86904761904762,163.68067226890756,174.42857142857142,179.8,179.3,200.9,174.42857142857142,184.0,185.42857142857142,185.78,81,133,63,277
1422127,2024,2024-03-28,"Sawai Mansingh Stadium, Jaipur",Rajasthan Royals,Delhi Capitals,Delhi Capitals,field,0,163.57575757575756,165.90151515151516,175.33333333333334,187.8,183.4,178.8,175.33333333333334,181.75,196.875,187.54,31,92,62,185
1422128,2024,2024-03-29,"M Chinnaswamy Stadium, Bengaluru",Royal Challengers Bengaluru,Kolkata Knight Riders,Kolkata Knight Riders,field,0,166.81147540983608,161.47619047619048,193.125,184.2,179.6,189.5,193.125,193.0,195.55555555555554,186.54,61,80,41,182
1422129,2024,2024-03-30,"Bharat Ratna Shri Atal Bihari Vajpayee Ekana Cricket Stadium, Lucknow",Lucknow Super Giants,Punjab Kings,Lucknow Super Giants,bat,1,177.93333333333334,169.8165137614679,148.0,177.8,182.2,178.9,148.0,163.5,194.2,187.3,54,103,42,199
1422130,2024,2024-03-31,"Narendra Modi Stadium, Ahmedabad",Sunrisers Hyderabad,Gujarat Titans,Sunrisers Hyderabad,bat,1,165.2,169.57894736842104,176.8235294117647,208.4,187.5,171.3,176.8235294117647,164.20676328502415,194.63636363636363,187.14,56,72,34,162
1422131,2024,2024-03-31,"Dr. Y.S. Rajasekhara Reddy ACA-VDCA Cricket Stadium, Visakhapatnam",Delhi Capitals,Chennai Super Kings,Delhi Capitals,bat,1,159.33644859813083,160.98058252427185,164.2046332046332,166.6,173.5,167.9,164.2046332046332,164.2046332046332,191.91666666666666,186.38,62,81,48,191
1422132,2024,2024-04-01,"Wankhede Stadium, Mumbai",Mumbai Indians,Rajasthan Royals,Rajasthan Royals,field,0,166.4031007751938,163.67592592592592,175.07894736842104,177.6,170.3,172.0,177.4,187.5,191.84615384615384,186.16,46,65,14,125
1422133,2024,2024-04-02,"M Chinnaswamy Stadium, Bengaluru",Lucknow Super Giants,Royal Challengers Bengaluru,Royal Challengers Bengaluru,field,0,179.25,165.15,191.88888888888889,186.8,182.6,190.0,191.88888888888889,164.19267822736032,187.07142857142858,183.52,54,87,40,181
1422134,2024,2024-04-03,"Dr. Y.S. Rajasekhara Reddy ACA-VDCA Cricket Stadium, Visakhapatnam",Kolkata Knight Riders,Delhi Capitals,Kolkata Knight Riders,bat,1,161.04464285714286,166.04511278195488,191.0,181.4,176.5,181.3,191.0,164.20885466794996,186.66666666666666,183.56,88,117,67,272
1422135,2024,2024-04-04,"Narendra Modi Stadium, Ahmedabad",Gujarat Titans,Punjab Kings,Punjab Kings,field,0,180.5625,170.0818181818182,176.0,206.0,192.1,183.5,176.0,202.25,192.0,185.06,52,89,58,199
1422136,2024,2024-04-05,"Rajiv Gandhi International Stadium, Uppal, Hyderabad",Chennai Super Kings,Sunrisers Hyderabad,Sunrisers Hyderabad,field,0,169.0569105691057,162.90361445783134,187.25,182.4,196.8,183.2,187.25,164.34582132564842,192.41176470588235,185.04,48,84,33,165
1422137,2024,2024-04-06,"Sawai Mansingh Stadium, Jaipur",Royal Challengers Bengaluru,Rajasthan Royals,Rajasthan Royals,field,0,166.9349593495935,163.32110091743118,176.71428571428572,184.4,176.6,165.6,176.71428571428572,171.0,190.88888888888889,184.1,53,91,39,183
1422138,2024,2024-04-07,"Wankhede Stadium, Mumbai",Mumbai Indians,Delhi Capitals,Delhi Capitals,field,0,166.08461538461538,166.83582089552237,173.7948717948718,171.2,166.7,189.2,174.3,166.66666666666666,190.47368421052633,185.24,75,75,84,234
1422139,2024,2024-04-07,"Bharat Ratna Shri Atal Bihari Vajpayee Ekana Cricket Stadium, Lucknow",Lucknow Super Giants,Gujarat Titans,Lucknow Super Giants,bat,1,179.35294117647058,169.2,154.375,171.6,183.1,169.7,154.375,170.6,192.65,187.32,47,74,42,163
1426260,2024,2024-04-08,"MA Chidambaram Stadium, Chepauk, Chennai",Kolkata Knight Riders,Chennai Super Kings,Chennai Super Kings,field,0,162.02654867256638,161.26923076923077,164.61904761904762,195.8,187.2,168.3,164.9,187.0,191.23809523809524,188.08,56,53,28,137
1426261,2024,2024-04-09,"Maharaja Yadavindra Singh International Cricket Stadium, Mullanpur",Sunrisers Hyderabad,Punjab Kings,Punjab Kings,field,0,165.1627906976744,170.34234234234233,174.0,201.4,184.4,189.1,174.0,164.40344168260037,188.77272727272728,186.54,40,106,36,182
1426262,2024,2024-04-10,"Sawai Mansingh Stadium, Jaipur",Rajasthan Royals,Gujarat Titans,Gujarat Titans,field,0,163.79,168.9047619047619,177.5,184.4,183.1,169.8,177.5,182.4,188.47826086956522,186.76,43,96,57,196
1426263,2024,2024-04-11,"Wankhede Stadium, Mumbai",Royal Challengers Bengaluru,Mumbai Indians,Mumbai Indians,field,0,167.06451612903226,164.625,175.3,181.2,177.5,210.1,176.25,193.33333333333334,188.79166666666666,188.32,44,105,47,196
1426264,2024,2024-04-12,"Bharat Ratna Shri Atal Bihari Vajpayee Ekana Cricket Stadium, Lucknow",Lucknow Super Giants,Delhi Capitals,Lucknow Super Giants,bat,1,178.44444444444446,167.33333333333334,155.33333333333334,179.2,178.4,192.7,155.33333333333334,169.33333333333334,189.08,189.46,57,64,46,167
1426265,2024,2024-04-13,"Maharaja Yadavindra Singh International Cricket Stadium, Mullanpur",Punjab Kings,Rajasthan Royals,Rajasthan Royals,field,0,163.648,163.5,178.0,184.6,182.1,168.9,178.0,164.48285714285714,188.23076923076923,189.18,38,65,44,147
1426266,2024,2024-04-14,"Eden Gardens, Kolkata",Lucknow Super Giants,Kolkata Knight Riders,Kolkata Knight Riders,field,0,177.8421052631579,161.63779527559055,195.3,177.2,175.8,192.5,195.3,176.0,186.7037037037037,187.58,49,69,43,161
1426267,2024,2024-04-14,"Wankhede Stadium, Mumbai",Chennai Super Kings,Mumbai Indians,Mumbai Indians,field,0,169.0241935483871,164.88429752066116,175.8048780487805,182.0,195.5,208.3,178.75,164.0,185.78571428571428,186.52,48,103,55,206
1426268,2024,2024-04-15,"M Chinnaswamy Stadium, Bengaluru",Sunrisers Hyderabad,Royal Challengers Bengaluru,Royal Challengers Bengaluru,field,0,165.35632183908046,165.28099173553719,190.8,201.4,186.9,186.5,190.8,164.50237416904085,186.48275862068965,187.06,76,141,70,287
1426269,2024,2024-04-16,"Eden Gardens, Kolkata",Kolkata Knight Riders,Rajasthan Royals,Rajasthan Royals,field,0,161.80701754385964,163.35135135135135,192.1818181818182,187.4,183.2,167.9,192.1818181818182,185.0,189.83333333333334,188.82,56,128,39,223
1426270,2024,2024-04-17,"Narendra Modi Stadium, Ahmedabad",Gujarat Titans,Delhi Capitals,Delhi Capitals,field,0,181.64705882352942,167.3308823529412,177.21052631578948,200.4,195.2,192.0,177.21052631578948,201.88888888888889,190.90322580645162,189.94,30,51,8,89
1426271,2024,2024-04-18,"Maharaja Yadavindra Singh International Cricket Stadium, Mullanpur",Mumbai Indians,Punjab Kings,Punjab Kings,field,0,166.6030534351145,170.44642857142858,167.66666666666666,179.6,175.0,191.4,167.66666666666666,164.60227272727272,187.71875,188.74,54,94,44,192
1426272,2024,2024-04-19,"Bharat Ratna Shri Atal Bihari Vajpayee Ekana Cricket Stadium, Lucknow",Chennai Super Kings,Lucknow Super Giants,Lucknow Super Giants,field,0,169.32,176.8125,156.5,194.4,194.4,180.2,156.5,164.62819299905394,187.84848484848484,188.22,51,62,63,176
1426273,2024,2024-04-20,"Arun Jaitley Stadium, Delhi",Sunrisers Hyderabad,Delhi Capitals,Delhi Capitals,field,0,166.73863636363637,166.75912408759123,182.63636363636363,221.6,203.5,188.2,182.63636363636363,184.0,187.5,188.1,125,85,56,266
1426274,2024,2024-04-21,"Eden Gardens, Kolkata",Kolkata Knight Riders,Royal Challengers Bengaluru,Royal Challengers Bengaluru,field,0,162.33913043478262,166.27868852459017,194.75,197.8,185.1,200.8,194.75,192.6,189.74285714285713,190.08,75,80,67,222
1426275,2024,2024-04-21,"Maharaja Yadavindra Singh International Cricket Stadium, Mullanpur",Punjab Kings,Gujarat Titans,Punjab Kings,bat,1,163.515873015873,170.13636363636363,173.75,171.2,177.7,174.1,173.75,147.0,190.63888888888889,191.1,56,51,35,142
1426276,2024,2024-04-22,"Sawai Mansingh Stadium, Jaipur",Mumbai Indians,Rajasthan Royals,Mumbai Indians,bat,1,166.79545454545453,163.88392857142858,179.55555555555554,190.2,178.7,170.5,179.55555555555554,164.76720075400564,189.32432432432432,191.06,45,106,28,179
1426277,2024,2024-04-23,"MA Chidambaram Stadium, Chepauk, Chennai",Chennai Super Kings,Lucknow Super Giants,Lucknow Super Giants,field,0,169.37301587301587,176.76470588235293,163.36363636363637,185.0,189.4,177.1,162.4,184.33333333333334,189.05263157894737,190.88,49,105,56,210
1426278,2024,2024-04-24,"Arun Jaitley Stadium, Delhi",Delhi Capitals,Gujarat Titans,Gujarat Titans,field,0,159.62962962962962,168.91304347826087,189.58333333333334,170.4,171.1,170.4,189.58333333333334,167.0,189.5897435897436,191.54,44,99,81,224
1426279,2024,2024-04-25,"Rajiv Gandhi International Stadium, Uppal, Hyderabad",Royal Challengers Bengaluru,Sunrisers Hyderabad,Royal Challengers Bengaluru,bat,1,167.296,162.92857142857142,184.77777777777777,186.2,179.7,180.5,184.77777777777777,164.87875939849624,190.45,191.76,61,96,49,206
1426280,2024,2024-04-26,"Eden Gardens, Kolkata",Kolkata Knight Riders,Punjab Kings,Punjab Kings,field,0,162.85344827586206,170.63716814159292,196.84615384615384,212.4,188.8,194.9,196.84615384615384,197.5,190.82926829268294,192.16,76,130,55,261
1426281,2024,2024-04-27,"Arun Jaitley Stadium, Delhi",Delhi Capitals,Mumbai Indians,Mumbai Indians,field,0,160.22018348623854,165.22131147540983,192.23076923076923,186.4,172.8,208.2,192.23076923076923,186.0,192.5,193.64,92,107,58,257
1426282,2024,2024-04-27,"Bharat Ratna Shri Atal Bihari Vajpayee Ekana Cricket Stadium, Lucknow",Lucknow Super Giants,Rajasthan Royals,Rajasthan Royals,field,0,177.0,164.01769911504425,158.27272727272728,174.2,176.0,170.7,158.27272727272728,169.0,194.0,194.32,46,110,40,196
1426283,2024,2024-04-28,"Narendra Modi Stadium, Ahmedabad",Gujarat Titans,Royal Challengers Bengaluru,Royal Challengers Bengaluru,field,0,176.5,166.73170731707316,172.8,180.6,183.7,202.1,172.8,190.6,194.04545454545453,194.72,42,106,52,200
1426284,2024,2024-04-28,"MA Chidambaram Stadium, Chepauk, Chennai",Chennai Super Kings,Sunrisers Hyderabad,Sunrisers Hyderabad,field,0,169.69291338582678,163.43529411764706,165.3913043478261,192.6,186.9,183.4,165.3,188.0,194.17777777777778,194.72,50,109,53,212
1426285,2024,2024-04-29,"Eden Gardens, Kolkata",Delhi Capitals,Kolkata Knight Riders,Delhi Capitals,bat,1,161.1,161.6328125,201.42857142857142,211.8,182.6,191.0,201.42857142857142,165.19906542056074,194.56521739130434,195.02,67,61,25,153
1426286,2024,2024-04-30,"Bharat Ratna Shri Atal Bihari Vajpayee Ekana Cricket Stadium, Lucknow",Mumbai Indians,Lucknow Super Giants,Lucknow Super Giants,field,0,166.88721804511277,178.61111111111111,161.41666666666666,182.4,178.9,176.4,161.41666666666666,165.187675070028,193.68085106382978,194.64,28,78,38,144
1426287,2024,2024-05-01,"MA Chidambaram Stadium, Chepauk, Chennai",Chennai Super Kings,Punjab Kings,Punjab Kings,field,0,170.0234375,171.4298245614035,167.33333333333334,193.8,188.1,205.1,168.45,191.0,192.64583333333334,193.88,55,56,51,162
1426288,2024,2024-05-02,"Rajiv Gandhi International Stadium, Uppal, Hyderabad",Sunrisers Hyderabad,Rajasthan Royals,Sunrisers Hyderabad,bat,1,167.85393258426967,164.2982456140351,186.9,234.8,207.3,174.9,186.9,215.0,192.0204081632653,192.46,37,109,55,201
1426289,2024,2024-05-03,"Wankhede Stadium, Mumbai",Kolkata Knight Riders,Mumbai Indians,Mumbai Indians,field,0,163.69230769230768,165.96747967479675,176.52380952380952,223.0,202.2,212.7,179.3,154.66666666666666,192.2,192.2,57,76,36,169
1426290,2024,2024-05-04,"M Chinnaswamy Stadium, Bengaluru",Gujarat Titans,Royal Challengers Bengaluru,Royal Challengers Bengaluru,field,0,177.73684210526315,167.0,199.54545454545453,174.0,186.0,205.3,199.54545454545453,165.20186046511628,191.7450980392157,192.12,23,98,26,147
1426291,2024,2024-05-05,"Himachal Pradesh Cricket Association Stadium, Dharamsala",Chennai Super Kings,Punjab Kings,Punjab Kings,field,0,169.96124031007753,171.34782608695653,200.0,193.2,187.6,203.9,200.0,165.18494423791822,190.8846153846154,191.58,60,62,45,167
1426292,2024,2024-05-05,"Bharat Ratna Shri Atal Bihari Vajpayee Ekana Cricket Stadium, Lucknow",Kolkata Knight Riders,Lucknow Super Giants,Lucknow Super Giants,field,0,163.73728813559322,176.78947368421052,160.07692307692307,202.4,199.1,178.7,160.07692307692307,165.18662952646238,190.43396226415095,190.76,70,108,57,235
1426293,2024,2024-05-06,"Wankhede Stadium, Mumbai",Sunrisers Hyderabad,Mumbai Indians,Mumbai Indians,field,0,168.22222222222223,165.99193548387098,176.34883720930233,219.6,214.0,208.2,180.15,186.25,191.25925925925927,191.6,56,69,48,173
1426294,2024,2024-05-07,"Arun Jaitley Stadium, Delhi",Delhi Capitals,Rajasthan Royals,Rajasthan Royals,field,0,161.02702702702703,164.61739130434782,196.85714285714286,199.8,182.0,176.1,196.85714285714286,203.75,190.92727272727274,191.7,78,86,57,221
1426295,2024,2024-05-08,"Rajiv Gandhi International Stadium, Uppal, Hyderabad",Lucknow Super Giants,Sunrisers Hyderabad,Lucknow Super Giants,bat,1,177.9047619047619,164.0,188.1818181818182,173.6,180.2,184.3,188.1818181818182,165.3101851851852,191.46428571428572,192.6,27,85,53,165
1426296,2024,2024-05-09,"Himachal Pradesh Cricket Association Stadium, Dharamsala",Royal Challengers Bengaluru,Punjab Kings,Punjab Kings,field,0,167.6031746031746,171.31034482758622,189.0,188.0,181.4,194.9,189.0,165.30989824236818,191.0,191.78,56,129,56,241
1426297,2024,2024-05-10,"Narendra Modi Stadium, Ahmedabad",Gujarat Titans,Chennai Super Kings,Chennai Super Kings,field,0,176.2,161.03809523809525,174.0952380952381,160.6,187.2,164.7,176.65,191.45454545454547,191.86206896551724,191.06,58,138,35,231
1426298,2024,2024-05-11,"Eden Gardens, Kolkata",Kolkata Knight Riders,Mumbai Indians,Mumbai Indians,field,0,164.3361344537815,166.048,198.2,222.0,204.7,205.6,198.2,206.57142857142858,192.52542372881356,191.98,52,105,0,157
1426299,2024,2024-05-12,"MA Chidambaram Stadium, Chepauk, Chennai",Rajasthan Royals,Chennai Super Kings,Rajasthan Royals,bat,1,164.1089108910891,161.69811320754718,167.12,181.2,189.7,172.1,169.05,175.0,191.93333333333334,191.48,42,61,38,141
1426300,2024,2024-05-12,"M Chinnaswamy Stadium, Bengaluru",Royal Challengers Bengaluru,Delhi Capitals,Delhi Capitals,field,0,168.1811023622047,167.47826086956522,195.16666666666666,201.6,192.9,195.1,195.16666666666666,190.8,191.0983606557377,190.32,61,86,40,187
1426302,2024,2024-05-14,"Arun Jaitley Stadium, Delhi",Delhi Capitals,Lucknow Super Giants,Lucknow Super Giants,field,0,161.5625,179.7,198.46666666666667,209.2,187.9,181.0,198.46666666666667,207.2,191.03225806451613,190.82,73,81,54,208
1426303,2024,2024-05-15,"Barsapara Cricket Stadium, Guwahati",Rajasthan Royals,Punjab Kings,Rajasthan Royals,bat,1,163.88235294117646,171.9059829059829,198.0,185.8,183.5,199.0,198.0,199.0,191.3015873015873,191.16,38,75,31,144
1426305,2024,2024-05-17,"Wankhede Stadium, Mumbai",Lucknow Super Giants,Mumbai Indians,Mumbai Indians,field,0,177.3181818181818,165.97619047619048,176.27272727272728,170.4,171.0,203.6,179.35,173.66666666666666,190.5625,191.54,49,121,44,214
1426306,2024,2024-05-18,"M Chinnaswamy Stadium, Bengaluru",Royal Challengers Bengaluru,Chennai Super Kings,Chennai Super Kings,field,0,168.328125,161.50467289719626,194.53846153846155,202.6,193.5,168.7,194.53846153846155,190.16666666666666,190.92307692307693,192.2,42,113,63,218
1426307,2024,2024-05-19,"Rajiv Gandhi International Stadium, Uppal, Hyderabad",Punjab Kings,Sunrisers Hyderabad,Punjab Kings,bat,1,163.3464566929134,164.01149425287358,186.25,163.8,172.2,186.5,186.25,143.0,191.33333333333334,191.12,61,113,40,214
1426309,2024,2024-05-21,"Narendra Modi Stadium, Ahmedabad",Sunrisers Hyderabad,Kolkata Knight Riders,Sunrisers Hyderabad,bat,1,168.27472527472528,161.56589147286823,176.6818181818182,221.8,211.6,185.3,179.65,162.0,191.67164179104478,191.42,45,81,33,159
1426310,2024,2024-05-22,"Narendra Modi Stadium, Ahmedabad",Royal Challengers Bengaluru,Rajasthan Royals,Rajasthan Royals,field,0,168.71317829457365,165.10344827586206,175.91304347826087,209.6,195.4,183.3,179.9,164.0,191.19117647058823,191.3,50,84,38,172
1426311,2024,2024-05-24,"MA Chidambaram Stadium, Chepauk, Chennai",Sunrisers Hyderabad,Rajasthan Royals,Rajasthan Royals,field,0,168.17391304347825,165.16239316239316,166.1153846153846,217.2,209.3,183.4,165.9,134.0,190.91304347826087,191.08,68,68,39,175
1426312,2024,2024-05-26,"MA Chidambaram Stadium, Chepauk, Chennai",Sunrisers Hyderabad,Kolkata Knight Riders,Sunrisers Hyderabad,bat,1,168.247311827957,161.54615384615386,166.44444444444446,194.8,208.2,182.1,167.8,154.5,190.68571428571428,189.9,40,58,15,113
