season,player,batting_runs,batting_balls,dismissals,batting_matches,boundaries,dot_balls,bowling_runs,balls_bowled,bowling_wickets,fantasy_points,batting_average,strike_rate,boundary_pct,dot_ball_pct,overs_bowled,economy,wicket_frequency,cluster_id,cluster_name
2008,SE Marsh,616.0,452.0,10.0,11,85.0,151.0,0.0,0.0,0.0,705.0,61.6,136.283,0.188,0.334,0.0,0.0,0.0,2,Power Hitters
2008,G Gambhir,534.0,394.0,14.0,14,76.0,112.0,0.0,0.0,0.0,614.0,38.143,135.533,0.193,0.284,0.0,0.0,0.0,2,Power Hitters
2008,ST Jayasuriya,514.0,333.0,13.0,14,88.0,127.0,163.0,126.0,4.0,710.0,39.538,154.354,0.264,0.381,21.0,7.762,0.032,1,Finishers / All-Rounders
2008,SR Watson,472.0,322.0,10.0,15,66.0,95.0,394.0,341.0,17.0,987.0,47.2,146.584,0.205,0.295,56.833333333333336,6.933,0.05,2,Power Hitters
2008,GC Smith,441.0,375.0,12.0,11,62.0,137.0,0.0,0.0,0.0,511.0,36.75,117.6,0.165,0.365,0.0,0.0,0.0,1,Finishers / All-Rounders
2008,AC Gilchrist,436.0,328.0,13.0,14,70.0,134.0,0.0,0.0,0.0,510.0,33.538,132.927,0.213,0.409,0.0,0.0,0.0,2,Power Hitters
2008,YK Pathan,435.0,253.0,12.0,16,68.0,75.0,231.0,168.0,8.0,719.0,36.25,171.937,0.269,0.296,28.0,8.25,0.048,2,Power Hitters
2008,SK Raina,421.0,304.0,9.0,14,53.0,84.0,30.0,19.0,1.0,519.0,46.778,138.487,0.174,0.276,3.1666666666666665,9.474,0.053,2,Power Hitters
2008,MS Dhoni,414.0,319.0,11.0,14,53.0,105.0,0.0,0.0,0.0,483.0,37.636,129.781,0.166,0.329,0.0,0.0,0.0,2,Power Hitters
2008,V Sehwag,406.0,229.0,12.0,14,67.0,58.0,134.0,67.0,3.0,560.0,33.833,177.293,0.293,0.253,11.166666666666666,12.0,0.045,2,Power Hitters
2008,RG Sharma,404.0,276.0,11.0,12,57.0,90.0,26.0,25.0,1.0,490.0,36.727,146.377,0.207,0.326,4.166666666666667,6.24,0.04,2,Power Hitters
2008,R Dravid,371.0,299.0,14.0,14,46.0,100.0,0.0,0.0,0.0,421.0,26.5,124.08,0.154,0.334,0.0,0.0,0.0,2,Power Hitters
2008,SC Ganguly,349.0,324.0,14.0,13,48.0,142.0,131.0,120.0,6.0,551.0,24.929,107.716,0.148,0.438,20.0,6.55,0.05,1,Finishers / All-Rounders
2008,S Dhawan,340.0,308.0,10.0,14,43.0,114.0,0.0,0.0,0.0,399.0,34.0,110.39,0.14,0.37,0.0,0.0,0.0,2,Power Hitters
2008,KC Sangakkara,320.0,207.0,10.0,9,49.0,56.0,0.0,0.0,0.0,369.0,32.0,154.589,0.237,0.271,0.0,0.0,0.0,1,Finishers / All-Rounders
2008,RV Uthappa,320.0,291.0,12.0,14,43.0,110.0,0.0,0.0,0.0,379.0,26.667,109.966,0.148,0.378,0.0,0.0,0.0,2,Power Hitters
2008,DJ Hussey,319.0,267.0,11.0,13,36.0,95.0,134.0,78.0,2.0,413.0,29.0,119.476,0.135,0.356,13.0,10.308,0.026,1,Finishers / All-Rounders
2008,SA Asnodkar,311.0,241.0,9.0,9,49.0,81.0,0.0,0.0,0.0,364.0,34.556,129.046,0.203,0.336,0.0,0.0,0.0,1,Finishers / All-Rounders
2008,PA Patel,302.0,315.0,11.0,13,45.0,143.0,0.0,0.0,0.0,355.0,27.455,95.873,0.143,0.454,0.0,0.0,0.0,2,Power Hitters
2008,Yuvraj Singh,299.0,191.0,12.0,15,43.0,60.0,85.0,56.0,3.0,429.0,24.917,156.545,0.225,0.314,9.333333333333334,9.107,0.054,2,Power Hitters
2008,Y Venugopal Rao,288.0,217.0,8.0,10,37.0,73.0,137.0,87.0,2.0,383.0,36.0,132.719,0.171,0.336,14.5,9.448,0.023,1,Finishers / All-Rounders
2008,JA Morkel,241.0,168.0,8.0,13,32.0,56.0,413.0,307.0,17.0,722.0,30.125,143.452,0.19,0.333,51.166666666666664,8.072,0.055,3,Finishers / All-Rounders
2008,MV Boucher,225.0,181.0,8.0,10,30.0,59.0,0.0,0.0,0.0,263.0,28.125,124.309,0.166,0.326,0.0,0.0,0.0,1,Finishers / All-Rounders
2008,JR Hopes,221.0,152.0,11.0,11,35.0,57.0,285.0,171.0,7.0,431.0,20.091,145.395,0.23,0.375,28.5,10.0,0.041,1,Finishers / All-Rounders
2008,AM Nayar,206.0,142.0,8.0,10,25.0,34.0,69.0,43.0,1.0,264.0,25.75,145.07,0.176,0.239,7.166666666666667,9.628,0.023,1,Finishers / All-Rounders
2008,JH Kallis,199.0,188.0,11.0,11,27.0,71.0,322.0,211.0,4.0,330.0,18.091,105.851,0.144,0.378,35.166666666666664,9.156,0.019,2,Power Hitters
2008,SP Fleming,196.0,171.0,9.0,10,30.0,74.0,0.0,0.0,0.0,230.0,21.778,114.62,0.175,0.433,0.0,0.0,0.0,1,Finishers / All-Rounders
2008,Salman Butt,193.0,172.0,7.0,7,32.0,70.0,0.0,0.0,0.0,225.0,27.571,112.209,0.186,0.407,0.0,0.0,0.0,1,Finishers / All-Rounders
2008,S Badrinath,192.0,138.0,6.0,11,29.0,49.0,0.0,0.0,0.0,241.0,32.0,139.13,0.21,0.355,0.0,0.0,0.0,1,Finishers / All-Rounders
2008,ML Hayden,189.0,135.0,2.0,4,30.0,42.0,0.0,0.0,0.0,227.0,94.5,140.0,0.222,0.311,0.0,0.0,0.0,1,Finishers / All-Rounders
2008,BB McCullum,188.0,96.0,3.0,4,28.0,25.0,0.0,0.0,0.0,220.0,62.667,195.833,0.292,0.26,0.0,0.0,0.0,2,Power Hitters
2008,SR Tendulkar,188.0,189.0,6.0,7,28.0,79.0,0.0,0.0,0.0,220.0,31.333,99.471,0.148,0.418,0.0,0.0,0.0,2,Power Hitters
2008,DPMD Jayawardene,179.0,138.0,9.0,12,22.0,42.0,0.0,0.0,0.0,217.0,19.889,129.71,0.159,0.304,0.0,0.0,0.0,1,Finishers / All-Rounders
2008,DJ Bravo,178.0,137.0,6.0,9,24.0,46.0,239.0,181.0,11.0,489.0,29.667,129.927,0.175,0.336,30.166666666666668,7.923,0.061,3,Finishers / All-Rounders
2008,M Kaif,176.0,176.0,9.0,14,20.0,76.0,0.0,0.0,0.0,216.0,19.556,100.0,0.114,0.432,0.0,0.0,0.0,1,Finishers / All-Rounders
2008,MEK Hussey,168.0,100.0,3.0,3,23.0,29.0,0.0,0.0,0.0,195.0,56.0,168.0,0.23,0.29,0.0,0.0,0.0,2,Power Hitters
2008,HH Gibbs,167.0,159.0,9.0,9,25.0,80.0,0.0,0.0,0.0,192.0,18.556,105.031,0.157,0.503,0.0,0.0,0.0,1,Finishers / All-Rounders
2008,V Kohli,165.0,168.0,12.0,12,22.0,67.0,62.0,49.0,2.0,241.0,13.75,98.214,0.131,0.399,8.166666666666666,7.592,0.041,2,Power Hitters
2008,LR Shukla,163.0,127.0,8.0,13,22.0,32.0,126.0,78.0,6.0,355.0,20.375,128.346,0.173,0.252,13.0,9.692,0.077,1,Finishers / All-Rounders
2008,A Symonds,161.0,111.0,2.0,3,24.0,39.0,106.0,44.0,0.0,189.0,80.5,145.045,0.216,0.351,7.333333333333333,14.455,0.0,1,Finishers / All-Rounders
2008,WP Saha,159.0,119.0,6.0,10,19.0,44.0,0.0,0.0,0.0,194.0,26.5,133.613,0.16,0.37,0.0,0.0,0.0,2,Power Hitters
2008,VVS Laxman,155.0,134.0,5.0,6,23.0,49.0,0.0,0.0,0.0,182.0,31.0,115.672,0.172,0.366,0.0,0.0,0.0,1,Finishers / All-Rounders
2008,LA Pomersbach,152.0,101.0,1.0,5,22.0,28.0,0.0,0.0,0.0,190.0,152.0,150.495,0.218,0.277,0.0,0.0,0.0,1,Finishers / All-Rounders
2008,LRPL Taylor,149.0,85.0,4.0,4,23.0,22.0,0.0,0.0,0.0,172.0,37.25,175.294,0.271,0.259,0.0,0.0,0.0,1,Finishers / All-Rounders
2008,SM Pollock,147.0,116.0,8.0,13,20.0,40.0,306.0,278.0,11.0,462.0,18.375,126.724,0.172,0.345,46.333333333333336,6.604,0.04,1,Finishers / All-Rounders
2008,KD Karthik,145.0,108.0,7.0,8,17.0,31.0,0.0,0.0,0.0,166.0,20.714,134.259,0.157,0.287,0.0,0.0,0.0,2,Power Hitters
2008,S Vidyut,145.0,115.0,8.0,8,24.0,48.0,22.0,13.0,1.0,194.0,18.125,126.087,0.209,0.417,2.1666666666666665,10.154,0.077,1,Finishers / All-Rounders
2008,RA Jadeja,135.0,108.0,7.0,10,17.0,34.0,21.0,12.0,0.0,164.0,19.286,125.0,0.157,0.315,2.0,10.5,0.0,3,Finishers / All-Rounders
2008,IK Pathan,131.0,120.0,5.0,14,15.0,46.0,359.0,331.0,15.0,557.0,26.2,109.167,0.125,0.383,55.166666666666664,6.508,0.045,3,Finishers / All-Rounders
2008,Kamran Akmal,128.0,78.0,4.0,6,21.0,31.0,0.0,0.0,0.0,157.0,32.0,164.103,0.269,0.397,0.0,0.0,0.0,1,Finishers / All-Rounders
2008,MF Maharoof,125.0,79.0,6.0,10,17.0,25.0,254.0,222.0,15.0,533.0,20.833,158.228,0.215,0.316,37.0,6.865,0.068,0,Finishers / All-Rounders
2008,Misbah-ul-Haq,117.0,82.0,9.0,8,16.0,28.0,0.0,0.0,0.0,133.0,13.0,142.683,0.195,0.341,0.0,0.0,0.0,1,Finishers / All-Rounders
2008,W Jaffer,115.0,110.0,5.0,6,15.0,45.0,0.0,0.0,0.0,134.0,23.0,104.545,0.136,0.409,0.0,0.0,0.0,1,Finishers / All-Rounders
2008,CL White,114.0,105.0,5.0,8,12.0,37.0,24.0,7.0,0.0,138.0,22.8,108.571,0.114,0.352,1.1666666666666667,20.571,0.0,1,Finishers / All-Rounders
2008,P Kumar,112.0,100.0,9.0,13,16.0,48.0,375.0,274.0,11.0,419.0,12.444,112.0,0.16,0.48,45.666666666666664,8.212,0.04,3,Finishers / All-Rounders
2008,SB Styris,112.0,124.0,6.0,8,11.0,47.0,201.0,166.0,3.0,206.0,18.667,90.323,0.089,0.379,27.666666666666668,7.265,0.018,1,Finishers / All-Rounders
2008,DB Ravi Teja,109.0,85.0,6.0,6,15.0,29.0,19.0,12.0,1.0,149.0,18.167,128.235,0.176,0.341,2.0,9.5,0.083,1,Finishers / All-Rounders
2008,MK Tiwary,104.0,87.0,3.0,7,16.0,29.0,0.0,0.0,0.0,136.0,34.667,119.54,0.184,0.333,0.0,0.0,0.0,2,Power Hitters
2008,TM Dilshan,104.0,79.0,4.0,7,17.0,33.0,3.0,6.0,1.0,158.0,26.0,131.646,0.215,0.418,1.0,3.0,0.167,1,Finishers / All-Rounders
2008,DB Das,103.0,95.0,6.0,6,14.0,42.0,0.0,0.0,0.0,117.0,17.167,108.421,0.147,0.442,0.0,0.0,0.0,1,Finishers / All-Rounders
2008,NK Patel,103.0,83.0,3.0,4,14.0,29.0,0.0,0.0,0.0,121.0,34.333,124.096,0.169,0.349,0.0,0.0,0.0,1,Finishers / All-Rounders
2008,SM Katich,96.0,72.0,1.0,2,13.0,22.0,0.0,0.0,0.0,113.0,96.0,133.333,0.181,0.306,0.0,0.0,0.0,1,Finishers / All-Rounders
2008,AB de Villiers,95.0,100.0,4.0,6,6.0,37.0,0.0,0.0,0.0,109.0,23.75,95.0,0.06,0.37,0.0,0.0,0.0,2,Power Hitters
2008,PP Chawla,90.0,61.0,4.0,15,13.0,23.0,396.0,284.0,17.0,572.0,22.5,147.541,0.213,0.377,47.333333333333336,8.366,0.06,3,Finishers / All-Rounders
2008,SP Goswami,82.0,86.0,3.0,3,10.0,41.0,0.0,0.0,0.0,92.0,27.333,95.349,0.116,0.477,0.0,0.0,0.0,1,Finishers / All-Rounders
2008,Shahid Afridi,81.0,46.0,8.0,10,13.0,19.0,237.0,185.0,9.0,327.0,10.125,176.087,0.283,0.413,30.833333333333332,7.686,0.049,1,Finishers / All-Rounders
2008,K Goel,76.0,79.0,5.0,6,11.0,44.0,25.0,12.0,0.0,91.0,15.2,96.203,0.139,0.557,2.0,12.5,0.0,1,Finishers / All-Rounders
2008,RR Sarwan,73.0,78.0,3.0,4,7.0,30.0,0.0,0.0,0.0,84.0,24.333,93.59,0.09,0.385,0.0,0.0,0.0,1,Finishers / All-Rounders
2008,SK Warne,70.0,60.0,7.0,15,9.0,22.0,409.0,318.0,19.0,586.0,10.0,116.667,0.15,0.367,53.0,7.717,0.06,0,Finishers / All-Rounders
2008,YV Takawale,70.0,69.0,2.0,4,9.0,32.0,0.0,0.0,0.0,87.0,35.0,101.449,0.13,0.464,0.0,0.0,0.0,1,Finishers / All-Rounders
2008,Mohammad Hafeez,64.0,84.0,8.0,8,9.0,46.0,71.0,63.0,2.0,127.0,8.0,76.19,0.107,0.548,10.5,6.762,0.032,0,Finishers / All-Rounders
2008,AB Agarkar,54.0,49.0,4.0,9,7.0,19.0,211.0,168.0,8.0,281.0,13.5,110.204,0.143,0.388,28.0,7.536,0.048,0,Finishers / All-Rounders
2008,Shoaib Malik,52.0,49.0,4.0,6,5.0,13.0,87.0,58.0,2.0,115.0,13.0,106.122,0.102,0.265,9.666666666666666,9.0,0.034,0,Finishers / All-Rounders
2008,AS Yadav,49.0,40.0,7.0,6,7.0,15.0,0.0,0.0,0.0,60.0,7.0,122.5,0.175,0.375,0.0,0.0,0.0,1,Finishers / All-Rounders
2008,SB Bangar,47.0,49.0,5.0,9,4.0,20.0,221.0,151.0,4.0,167.0,9.4,95.918,0.082,0.408,25.166666666666668,8.781,0.026,0,Finishers / All-Rounders
2008,B Akhil,46.0,32.0,3.0,7,7.0,11.0,137.0,104.0,2.0,119.0,15.333,143.75,0.219,0.344,17.333333333333332,7.904,0.019,1,Finishers / All-Rounders
2008,DR Smith,45.0,41.0,2.0,4,6.0,16.0,83.0,69.0,5.0,184.0,22.5,109.756,0.146,0.39,11.5,7.217,0.072,2,Power Hitters
2008,A Chopra,42.0,55.0,4.0,5,5.0,27.0,0.0,0.0,0.0,51.0,10.5,76.364,0.091,0.491,0.0,0.0,0.0,1,Finishers / All-Rounders
2008,LPC Silva,40.0,27.0,2.0,3,6.0,7.0,21.0,6.0,0.0,50.0,20.0,148.148,0.222,0.259,1.0,21.0,0.0,1,Finishers / All-Rounders
2008,DJ Thornely,39.0,54.0,3.0,5,4.0,26.0,40.0,44.0,3.0,126.0,13.0,72.222,0.074,0.481,7.333333333333333,5.455,0.068,0,Finishers / All-Rounders
2008,RT Ponting,39.0,53.0,3.0,4,3.0,24.0,0.0,0.0,0.0,46.0,13.0,73.585,0.057,0.453,0.0,0.0,0.0,1,Finishers / All-Rounders
2008,Umar Gul,39.0,19.0,3.0,6,6.0,6.0,197.0,151.0,12.0,357.0,13.0,205.263,0.316,0.316,25.166666666666668,7.828,0.079,0,Finishers / All-Rounders
2008,A Mishra,37.0,42.0,4.0,6,3.0,16.0,140.0,123.0,11.0,327.0,9.25,88.095,0.071,0.381,20.5,6.829,0.089,3,Finishers / All-Rounders
2008,Sohail Tanvir,36.0,31.0,3.0,11,4.0,9.0,274.0,263.0,22.0,622.0,12.0,116.129,0.129,0.29,43.833333333333336,6.251,0.084,0,Finishers / All-Rounders
2008,MS Gony,35.0,25.0,1.0,16,5.0,9.0,454.0,370.0,17.0,525.0,35.0,140.0,0.2,0.36,61.666666666666664,7.362,0.046,0,Finishers / All-Rounders
2008,L Ronchi,34.0,34.0,2.0,4,7.0,21.0,0.0,0.0,0.0,49.0,17.0,100.0,0.206,0.618,0.0,0.0,0.0,1,Finishers / All-Rounders
2008,M Rawat,34.0,39.0,4.0,7,4.0,19.0,0.0,0.0,0.0,50.0,8.5,87.179,0.103,0.487,0.0,0.0,0.0,1,Finishers / All-Rounders
2008,PR Shah,34.0,38.0,4.0,4,4.0,13.0,0.0,0.0,0.0,38.0,8.5,89.474,0.105,0.342,0.0,0.0,0.0,1,Finishers / All-Rounders
2008,R Bhatia,34.0,28.0,2.0,9,4.0,8.0,184.0,131.0,6.0,216.0,17.0,121.429,0.143,0.286,21.833333333333332,8.427,0.046,3,Finishers / All-Rounders
2008,Z Khan,34.0,43.0,4.0,11,4.0,21.0,369.0,257.0,14.0,416.0,8.5,79.07,0.093,0.488,42.833333333333336,8.615,0.054,3,Finishers / All-Rounders
2008,D Salunkhe,33.0,24.0,1.0,5,5.0,8.0,80.0,51.0,1.0,79.0,33.0,137.5,0.208,0.333,8.5,9.412,0.02,1,Finishers / All-Rounders
2008,T Taibu,31.0,26.0,3.0,3,3.0,9.0,0.0,0.0,0.0,34.0,10.333,119.231,0.115,0.346,0.0,0.0,0.0,1,Finishers / All-Rounders
2008,Harbhajan Singh,30.0,17.0,2.0,3,4.0,6.0,84.0,61.0,5.0,163.0,15.0,176.471,0.235,0.353,10.166666666666666,8.262,0.082,3,Finishers / All-Rounders
2008,M Kartik,30.0,28.0,3.0,5,3.0,8.0,132.0,87.0,3.0,116.0,10.0,107.143,0.107,0.286,14.5,9.103,0.034,0,Finishers / All-Rounders
2008,RR Powar,28.0,21.0,0.0,5,5.0,9.0,93.0,77.0,3.0,128.0,28.0,133.333,0.238,0.429,12.833333333333334,7.247,0.039,1,Finishers / All-Rounders
2008,RP Singh,27.0,25.0,5.0,14,3.0,7.0,459.0,323.0,15.0,441.0,5.4,108.0,0.12,0.28,53.833333333333336,8.526,0.046,3,Finishers / All-Rounders
2008,SS Tiwary,26.0,20.0,2.0,2,4.0,8.0,0.0,0.0,0.0,30.0,13.0,130.0,0.2,0.4,0.0,0.0,0.0,1,Finishers / All-Rounders
2008,WA Mota,26.0,28.0,1.0,3,2.0,9.0,36.0,20.0,1.0,61.0,26.0,92.857,0.071,0.321,3.3333333333333335,10.8,0.05,0,Finishers / All-Rounders
2008,R Vinay Kumar,25.0,28.0,3.0,8,3.0,9.0,183.0,139.0,5.0,173.0,8.333,89.286,0.107,0.321,23.166666666666668,7.899,0.036,3,Finishers / All-Rounders
2008,S Chanderpaul,25.0,33.0,3.0,3,4.0,18.0,0.0,0.0,0.0,29.0,8.333,75.758,0.121,0.545,0.0,0.0,0.0,1,Finishers / All-Rounders
2008,MA Khote,24.0,22.0,2.0,3,3.0,7.0,52.0,30.0,2.0,81.0,12.0,109.091,0.136,0.318,5.0,10.4,0.067,0,Finishers / All-Rounders
2008,J Arunkumar,23.0,24.0,3.0,3,5.0,14.0,0.0,0.0,0.0,28.0,7.667,95.833,0.208,0.583,0.0,0.0,0.0,1,Finishers / All-Rounders
2008,WPUJC Vaas,21.0,18.0,2.0,5,1.0,6.0,146.0,102.0,5.0,159.0,10.5,116.667,0.056,0.333,17.0,8.588,0.049,0,Finishers / All-Rounders
2008,B Chipli,20.0,30.0,3.0,3,3.0,17.0,0.0,0.0,0.0,23.0,6.667,66.667,0.1,0.567,0.0,0.0,0.0,0,Finishers / All-Rounders
2008,DS Lehmann,18.0,19.0,2.0,2,3.0,8.0,0.0,0.0,0.0,21.0,9.0,94.737,0.158,0.421,0.0,0.0,0.0,1,Finishers / All-Rounders
2008,JDP Oram,18.0,13.0,1.0,4,2.0,3.0,147.0,97.0,3.0,107.0,18.0,138.462,0.154,0.231,16.166666666666668,9.093,0.031,0,Finishers / All-Rounders
2008,SD Chitnis,18.0,10.0,2.0,3,2.0,1.0,62.0,38.0,2.0,74.0,9.0,180.0,0.2,0.1,6.333333333333333,9.789,0.053,1,Finishers / All-Rounders
2008,B Lee,17.0,14.0,2.0,4,3.0,6.0,118.0,98.0,4.0,128.0,8.5,121.429,0.214,0.429,16.333333333333332,7.224,0.041,0,Finishers / All-Rounders
2008,CK Kapugedera,16.0,24.0,3.0,4,0.0,7.0,49.0,17.0,0.0,20.0,5.333,66.667,0.0,0.292,2.8333333333333335,17.294,0.0,0,Finishers / All-Rounders
2008,Joginder Sharma,16.0,11.0,2.0,8,2.0,3.0,241.0,157.0,8.0,242.0,8.0,145.455,0.182,0.273,26.166666666666668,9.21,0.051,0,Finishers / All-Rounders
2008,VY Mahesh,15.0,28.0,2.0,11,0.0,13.0,379.0,265.0,16.0,451.0,7.5,53.571,0.0,0.464,44.166666666666664,8.581,0.06,0,Finishers / All-Rounders
2008,A Kumble,13.0,17.0,1.0,10,1.0,7.0,313.0,235.0,7.0,225.0,13.0,76.471,0.059,0.412,39.166666666666664,7.991,0.03,0,Finishers / All-Rounders
2008,DT Patil,13.0,13.0,1.0,2,1.0,5.0,0.0,0.0,0.0,18.0,13.0,100.0,0.077,0.385,0.0,0.0,0.0,1,Finishers / All-Rounders
2008,BJ Hodge,12.0,18.0,2.0,3,2.0,11.0,0.0,0.0,0.0,18.0,6.0,66.667,0.111,0.611,0.0,0.0,0.0,1,Finishers / All-Rounders
2008,DNT Zoysa,11.0,9.0,1.0,3,1.0,1.0,100.0,69.0,2.0,70.0,11.0,122.222,0.111,0.111,11.5,8.696,0.029,0,Finishers / All-Rounders
2008,I Sharma,11.0,11.0,1.0,13,1.0,4.0,348.0,266.0,7.0,235.0,11.0,100.0,0.091,0.364,44.333333333333336,7.85,0.026,3,Finishers / All-Rounders
2008,M Ntini,11.0,19.0,1.0,9,2.0,14.0,256.0,212.0,7.0,220.0,11.0,57.895,0.105,0.737,35.333333333333336,7.245,0.033,0,Finishers / All-Rounders
2008,T Kohli,10.0,16.0,2.0,2,1.0,10.0,0.0,0.0,0.0,11.0,5.0,62.5,0.062,0.625,0.0,0.0,0.0,0,Finishers / All-Rounders
2008,AA Noffke,9.0,12.0,1.0,1,1.0,4.0,41.0,25.0,1.0,35.0,9.0,75.0,0.083,0.333,4.166666666666667,9.84,0.04,0,Finishers / All-Rounders
2008,AD Mascarenhas,9.0,8.0,1.0,1,1.0,4.0,31.0,25.0,2.0,60.0,9.0,112.5,0.125,0.5,4.166666666666667,7.44,0.08,0,Finishers / All-Rounders
2008,RR Raje,8.0,9.0,0.0,6,1.0,4.0,142.0,101.0,5.0,158.0,8.0,88.889,0.111,0.444,16.833333333333332,8.436,0.05,0,Finishers / All-Rounders
2008,TM Srivastava,8.0,10.0,1.0,2,0.0,4.0,0.0,0.0,0.0,12.0,8.0,80.0,0.0,0.4,0.0,0.0,0.0,1,Finishers / All-Rounders
2008,SB Joshi,6.0,16.0,2.0,4,0.0,8.0,82.0,55.0,1.0,39.0,3.0,37.5,0.0,0.5,9.166666666666666,8.945,0.018,0,Finishers / All-Rounders
2008,Pankaj Singh,5.0,8.0,0.0,5,0.0,4.0,129.0,76.0,0.0,25.0,5.0,62.5,0.0,0.5,12.666666666666666,10.184,0.0,0,Finishers / All-Rounders
2008,SK Trivedi,5.0,12.0,1.0,15,0.0,7.0,407.0,298.0,13.0,386.0,5.0,41.667,0.0,0.583,49.666666666666664,8.195,0.044,3,Finishers / All-Rounders
2008,AM Rahane,4.0,19.0,2.0,2,1.0,16.0,0.0,0.0,0.0,5.0,2.0,21.053,0.053,0.842,0.0,0.0,0.0,2,Power Hitters
2008,GD McGrath,4.0,5.0,1.0,14,1.0,4.0,366.0,327.0,12.0,357.0,4.0,80.0,0.2,0.8,54.5,6.716,0.037,0,Finishers / All-Rounders
2008,S Sohal,4.0,8.0,2.0,2,0.0,5.0,0.0,0.0,0.0,4.0,2.0,50.0,0.0,0.625,0.0,0.0,0.0,1,Finishers / All-Rounders
2008,VRV Singh,4.0,3.0,1.0,13,1.0,1.0,422.0,292.0,11.0,328.0,4.0,133.333,0.333,0.333,48.666666666666664,8.671,0.038,0,Finishers / All-Rounders
2008,A Nehra,3.0,13.0,0.0,14,0.0,9.0,357.0,278.0,12.0,359.0,3.0,23.077,0.0,0.692,46.333333333333336,7.705,0.043,3,Finishers / All-Rounders
2008,D Kalyankrishna,3.0,8.0,1.0,3,0.0,4.0,88.0,50.0,2.0,61.0,3.0,37.5,0.0,0.5,8.333333333333334,10.56,0.04,0,Finishers / All-Rounders
2008,MK Pandey,3.0,10.0,2.0,2,0.0,6.0,0.0,0.0,0.0,3.0,1.5,30.0,0.0,0.6,0.0,0.0,0.0,2,Power Hitters
2008,Mohammad Asif,3.0,6.0,2.0,8,0.0,3.0,306.0,198.0,8.0,227.0,1.5,50.0,0.0,0.5,33.0,9.273,0.04,0,Finishers / All-Rounders
2008,Younis Khan,3.0,7.0,1.0,1,0.0,4.0,0.0,0.0,0.0,3.0,3.0,42.857,0.0,0.571,0.0,0.0,0.0,0,Finishers / All-Rounders
2008,AB Dinda,2.0,4.0,1.0,13,0.0,1.0,266.0,243.0,9.0,275.0,2.0,50.0,0.0,0.25,40.5,6.568,0.037,3,Finishers / All-Rounders
2008,CRD Fernando,2.0,1.0,1.0,5,0.0,0.0,164.0,126.0,10.0,268.0,2.0,200.0,0.0,0.0,21.0,7.81,0.079,0,Finishers / All-Rounders
2008,DS Kulkarni,2.0,17.0,0.0,10,0.0,14.0,241.0,191.0,11.0,317.0,2.0,11.765,0.0,0.824,31.833333333333332,7.571,0.058,3,Finishers / All-Rounders
2008,DW Steyn,2.0,5.0,2.0,10,0.0,3.0,265.0,244.0,10.0,284.0,1.0,40.0,0.0,0.6,40.666666666666664,6.516,0.041,3,Finishers / All-Rounders
2008,H Das,2.0,5.0,1.0,1,0.0,3.0,0.0,0.0,0.0,2.0,2.0,40.0,0.0,0.6,0.0,0.0,0.0,0,Finishers / All-Rounders
2008,PJ Sangwan,2.0,5.0,2.0,7,0.0,3.0,220.0,153.0,5.0,147.0,1.0,40.0,0.0,0.6,25.5,8.627,0.033,0,Finishers / All-Rounders
2008,PP Ojha,2.0,4.0,1.0,12,0.0,1.0,299.0,236.0,11.0,321.0,2.0,50.0,0.0,0.25,39.333333333333336,7.602,0.047,3,Finishers / All-Rounders
2008,Shoaib Akhtar,2.0,8.0,1.0,3,0.0,5.0,54.0,46.0,5.0,135.0,2.0,25.0,0.0,0.625,7.666666666666667,7.043,0.109,0,Finishers / All-Rounders
2008,VS Yeligati,2.0,2.0,1.0,2,0.0,1.0,61.0,32.0,0.0,6.0,2.0,100.0,0.0,0.5,5.333333333333333,11.438,0.0,0,Finishers / All-Rounders
2008,DP Vijaykumar,1.0,1.0,0.0,9,0.0,0.0,205.0,159.0,4.0,137.0,1.0,100.0,0.0,0.0,26.5,7.736,0.025,0,Finishers / All-Rounders
2008,Iqbal Abdulla,1.0,2.0,0.0,1,0.0,1.0,22.0,17.0,0.0,5.0,1.0,50.0,0.0,0.5,2.8333333333333335,7.765,0.0,1,Finishers / All-Rounders
2008,PM Sarvesh Kumar,1.0,2.0,0.0,2,0.0,1.0,42.0,31.0,1.0,34.0,1.0,50.0,0.0,0.5,5.166666666666667,8.129,0.032,0,Finishers / All-Rounders
2008,S Anirudha,1.0,8.0,1.0,1,0.0,5.0,0.0,0.0,0.0,1.0,1.0,12.5,0.0,0.625,0.0,0.0,0.0,1,Finishers / All-Rounders
2008,A Mukund,0.0,1.0,1.0,1,0.0,1.0,0.0,0.0,0.0,0.0,0.0,0.0,0.0,1.0,0.0,0.0,0.0,1,Finishers / All-Rounders
2008,A Nel,0.0,0.0,0.0,1,0.0,0.0,31.0,18.0,1.0,29.0,0.0,0.0,0.0,0.0,3.0,10.333,0.056,0,Finishers / All-Rounders
2008,Abdur Razzak,0.0,2.0,0.0,1,0.0,2.0,29.0,14.0,0.0,4.0,0.0,0.0,0.0,1.0,2.3333333333333335,12.429,0.0,0,Finishers / All-Rounders
2008,B Geeves,0.0,0.0,0.0,2,0.0,0.0,91.0,48.0,1.0,33.0,0.0,0.0,0.0,0.0,8.0,11.375,0.021,0,Finishers / All-Rounders
2008,BAW Mendis,0.0,0.0,0.0,1,0.0,0.0,24.0,24.0,1.0,29.0,0.0,0.0,0.0,0.0,4.0,6.0,0.042,0,Finishers / All-Rounders
2008,DL Vettori,0.0,0.0,0.0,2,0.0,0.0,54.0,48.0,2.0,58.0,0.0,0.0,0.0,0.0,8.0,6.75,0.042,0,Finishers / All-Rounders
2008,Gagandeep Singh,0.0,0.0,0.0,4,0.0,0.0,142.0,84.0,3.0,91.0,0.0,0.0,0.0,0.0,14.0,10.143,0.036,0,Finishers / All-Rounders
2008,L Balaji,0.0,5.0,1.0,9,0.0,3.0,293.0,205.0,11.0,307.0,0.0,0.0,0.0,0.6,34.166666666666664,8.576,0.054,3,Finishers / All-Rounders
2008,M Muralitharan,0.0,3.0,1.0,15,0.0,3.0,416.0,369.0,11.0,331.0,0.0,0.0,0.0,1.0,61.5,6.764,0.03,3,Finishers / All-Rounders
2008,MM Patel,0.0,1.0,0.0,15,0.0,1.0,422.0,334.0,14.0,410.0,0.0,0.0,0.0,1.0,55.666666666666664,7.581,0.042,3,Finishers / All-Rounders
2008,P Amarnath,0.0,0.0,0.0,6,0.0,0.0,241.0,132.0,7.0,199.0,0.0,0.0,0.0,0.0,22.0,10.955,0.053,0,Finishers / All-Rounders
2008,S Sreesanth,0.0,3.0,1.0,15,0.0,2.0,451.0,332.0,19.0,531.0,0.0,0.0,0.0,0.667,55.333333333333336,8.151,0.057,0,Finishers / All-Rounders
2008,U Kaul,0.0,1.0,0.0,1,0.0,1.0,0.0,0.0,0.0,4.0,0.0,0.0,0.0,1.0,0.0,0.0,0.0,0,Finishers / All-Rounders
2009,ML Hayden,572.0,409.0,10.0,12,82.0,135.0,0.0,0.0,0.0,662.0,57.2,139.853,0.2,0.33,0.0,0.0,0.0,1,Finishers / All-Rounders
2009,AC Gilchrist,495.0,337.0,16.0,16,83.0,143.0,0.0,0.0,0.0,578.0,30.938,146.884,0.246,0.424,0.0,0.0,0.0,2,Power Hitters
2009,AB de Villiers,465.0,359.0,9.0,13,51.0,107.0,0.0,0.0,0.0,532.0,51.667,129.526,0.142,0.298,0.0,0.0,0.0,2,Power Hitters
2009,SK Raina,434.0,318.0,15.0,14,58.0,105.0,169.0,166.0,7.0,667.0,28.933,136.478,0.182,0.33,27.666666666666668,6.108,0.042,2,Power Hitters
2009,TM Dilshan,418.0,357.0,10.0,13,55.0,133.0,99.0,96.0,0.0,485.0,41.8,117.087,0.154,0.373,16.0,6.188,0.0,1,Finishers / All-Rounders
2009,JP Duminy,372.0,334.0,8.0,13,37.0,105.0,96.0,107.0,4.0,529.0,46.5,111.377,0.111,0.314,17.833333333333332,5.383,0.037,2,Power Hitters
2009,HH Gibbs,371.0,344.0,11.0,14,44.0,131.0,0.0,0.0,0.0,427.0,33.727,107.849,0.128,0.381,0.0,0.0,0.0,1,Finishers / All-Rounders
2009,BJ Hodge,365.0,317.0,10.0,12,43.0,115.0,167.0,123.0,7.0,591.0,36.5,115.142,0.136,0.363,20.5,8.146,0.057,1,Finishers / All-Rounders
2009,SR Tendulkar,364.0,315.0,11.0,13,49.0,117.0,59.0,37.0,0.0,421.0,33.091,115.556,0.156,0.371,6.166666666666667,9.568,0.0,2,Power Hitters
2009,RG Sharma,362.0,323.0,13.0,16,40.0,117.0,162.0,139.0,11.0,689.0,27.846,112.074,0.124,0.362,23.166666666666668,6.993,0.079,2,Power Hitters
2009,JH Kallis,361.0,349.0,13.0,15,45.0,145.0,361.0,288.0,6.0,564.0,27.769,103.438,0.129,0.415,48.0,7.521,0.021,2,Power Hitters
2009,Yuvraj Singh,340.0,317.0,12.0,14,41.0,119.0,142.0,121.0,6.0,539.0,28.333,107.256,0.129,0.375,20.166666666666668,7.041,0.05,2,Power Hitters
2009,KC Sangakkara,332.0,332.0,14.0,13,34.0,120.0,0.0,0.0,0.0,370.0,23.714,100.0,0.102,0.361,0.0,0.0,0.0,1,Finishers / All-Rounders
2009,MS Dhoni,332.0,270.0,8.0,13,31.0,64.0,0.0,0.0,0.0,383.0,41.5,122.963,0.115,0.237,0.0,0.0,0.0,2,Power Hitters
2009,RA Jadeja,295.0,276.0,12.0,13,27.0,89.0,156.0,144.0,6.0,480.0,24.583,106.884,0.098,0.322,24.0,6.5,0.042,3,Finishers / All-Rounders
2009,KD Karthik,288.0,224.0,8.0,13,29.0,57.0,0.0,0.0,0.0,337.0,36.0,128.571,0.129,0.254,0.0,0.0,0.0,2,Power Hitters
2009,BB McCullum,286.0,248.0,12.0,13,39.0,105.0,0.0,0.0,0.0,329.0,23.833,115.323,0.157,0.423,0.0,0.0,0.0,2,Power Hitters
2009,G Gambhir,286.0,283.0,13.0,15,34.0,120.0,0.0,0.0,0.0,328.0,22.0,101.06,0.12,0.424,0.0,0.0,0.0,2,Power Hitters
2009,LRPL Taylor,280.0,211.0,10.0,11,35.0,75.0,13.0,7.0,0.0,323.0,28.0,132.701,0.166,0.355,1.1666666666666667,11.143,0.0,1,Finishers / All-Rounders
2009,R Dravid,271.0,239.0,11.0,12,31.0,81.0,0.0,0.0,0.0,306.0,24.636,113.389,0.13,0.339,0.0,0.0,0.0,2,Power Hitters
2009,YK Pathan,261.0,192.0,12.0,13,39.0,82.0,248.0,221.0,7.0,479.0,21.75,135.938,0.203,0.427,36.833333333333336,6.733,0.032,2,Power Hitters
2009,A Symonds,249.0,171.0,8.0,8,26.0,46.0,162.0,145.0,7.0,454.0,31.125,145.614,0.152,0.269,24.166666666666668,6.703,0.048,1,Finishers / All-Rounders
2009,V Kohli,246.0,225.0,11.0,14,30.0,89.0,46.0,39.0,0.0,288.0,22.364,109.333,0.133,0.396,6.5,7.077,0.0,2,Power Hitters
2009,TL Suman,237.0,193.0,9.0,12,26.0,69.0,107.0,90.0,5.0,400.0,26.333,122.798,0.135,0.358,15.0,7.133,0.056,1,Finishers / All-Rounders
2009,ST Jayasuriya,221.0,205.0,12.0,12,30.0,93.0,164.0,118.0,7.0,426.0,18.417,107.805,0.146,0.454,19.666666666666668,8.339,0.059,1,Finishers / All-Rounders
2009,DPMD Jayawardene,219.0,172.0,7.0,10,24.0,44.0,0.0,0.0,0.0,259.0,31.286,127.326,0.14,0.256,0.0,0.0,0.0,1,Finishers / All-Rounders
2009,DJ Bravo,218.0,211.0,8.0,11,23.0,87.0,265.0,208.0,11.0,528.0,27.25,103.318,0.109,0.412,34.666666666666664,7.644,0.053,3,Finishers / All-Rounders
2009,DR Smith,215.0,134.0,8.0,8,27.0,36.0,128.0,85.0,1.0,267.0,26.875,160.448,0.201,0.269,14.166666666666666,9.035,0.012,2,Power Hitters
2009,GC Smith,212.0,222.0,11.0,12,28.0,96.0,0.0,0.0,0.0,244.0,19.273,95.495,0.126,0.432,0.0,0.0,0.0,1,Finishers / All-Rounders
2009,V Sehwag,198.0,146.0,10.0,11,31.0,52.0,25.0,7.0,0.0,233.0,19.8,135.616,0.212,0.356,1.1666666666666667,21.429,0.0,2,Power Hitters
2009,IK Pathan,196.0,164.0,11.0,14,23.0,55.0,395.0,311.0,17.0,660.0,17.818,119.512,0.14,0.335,51.833333333333336,7.621,0.055,3,Finishers / All-Rounders
2009,AM Nayar,193.0,155.0,10.0,11,21.0,49.0,84.0,77.0,4.0,318.0,19.3,124.516,0.135,0.316,12.833333333333334,6.545,0.052,1,Finishers / All-Rounders
2009,SC Ganguly,189.0,213.0,11.0,12,19.0,97.0,98.0,73.0,2.0,262.0,17.182,88.732,0.089,0.455,12.166666666666666,8.055,0.027,1,Finishers / All-Rounders
2009,CH Gayle,184.0,159.0,7.0,7,28.0,73.0,146.0,119.0,1.0,241.0,26.286,115.723,0.176,0.459,19.833333333333332,7.361,0.008,2,Power Hitters
2009,S Badrinath,177.0,166.0,9.0,11,24.0,72.0,0.0,0.0,0.0,209.0,19.667,106.627,0.145,0.434,0.0,0.0,0.0,1,Finishers / All-Rounders
2009,RV Uthappa,175.0,177.0,11.0,13,21.0,75.0,0.0,0.0,0.0,204.0,15.909,98.87,0.119,0.424,0.0,0.0,0.0,2,Power Hitters
2009,MK Pandey,168.0,120.0,2.0,4,21.0,38.0,0.0,0.0,0.0,197.0,84.0,140.0,0.175,0.317,0.0,0.0,0.0,2,Power Hitters
2009,NV Ojha,168.0,145.0,7.0,8,22.0,72.0,0.0,0.0,0.0,194.0,24.0,115.862,0.152,0.497,0.0,0.0,0.0,1,Finishers / All-Rounders
2009,MN van Wyk,167.0,135.0,3.0,5,20.0,37.0,0.0,0.0,0.0,195.0,55.667,123.704,0.148,0.274,0.0,0.0,0.0,1,Finishers / All-Rounders
2009,DA Warner,163.0,137.0,7.0,7,21.0,53.0,0.0,0.0,0.0,184.0,23.286,118.978,0.153,0.387,0.0,0.0,0.0,2,Power Hitters
2009,MV Boucher,150.0,121.0,5.0,9,14.0,37.0,0.0,0.0,0.0,180.0,30.0,123.967,0.116,0.306,0.0,0.0,0.0,1,Finishers / All-Rounders
2009,SM Katich,145.0,119.0,9.0,9,21.0,51.0,0.0,0.0,0.0,170.0,16.111,121.849,0.176,0.429,0.0,0.0,0.0,1,Finishers / All-Rounders
2009,AM Rahane,144.0,128.0,6.0,7,15.0,36.0,5.0,6.0,1.0,188.0,24.0,112.5,0.117,0.281,1.0,5.0,0.167,2,Power Hitters
2009,PA Patel,142.0,131.0,8.0,9,21.0,53.0,0.0,0.0,0.0,167.0,17.75,108.397,0.16,0.405,0.0,0.0,0.0,2,Power Hitters
2009,RS Bopara,138.0,124.0,6.0,5,15.0,42.0,5.0,8.0,0.0,153.0,23.0,111.29,0.121,0.339,1.3333333333333333,3.75,0.0,1,Finishers / All-Rounders
2009,K Goel,124.0,140.0,8.0,8,13.0,61.0,62.0,49.0,0.0,137.0,15.5,88.571,0.093,0.436,8.166666666666666,7.592,0.0,1,Finishers / All-Rounders
2009,Y Venugopal Rao,124.0,118.0,10.0,14,9.0,35.0,123.0,92.0,4.0,249.0,12.4,105.085,0.076,0.297,15.333333333333334,8.022,0.043,1,Finishers / All-Rounders
2009,RE van der Merwe,122.0,101.0,8.0,10,16.0,45.0,263.0,209.0,9.0,371.0,15.25,120.792,0.158,0.446,34.833333333333336,7.55,0.043,0,Finishers / All-Rounders
2009,S Sohal,115.0,102.0,7.0,8,17.0,49.0,0.0,0.0,0.0,136.0,16.429,112.745,0.167,0.48,0.0,0.0,0.0,1,Finishers / All-Rounders
2009,SK Warne,108.0,118.0,7.0,13,10.0,49.0,369.0,313.0,14.0,492.0,15.429,91.525,0.085,0.415,52.166666666666664,7.073,0.045,0,Finishers / All-Rounders
2009,RJ Quiney,103.0,105.0,7.0,7,15.0,49.0,0.0,0.0,0.0,118.0,14.714,98.095,0.143,0.467,0.0,0.0,0.0,1,Finishers / All-Rounders
2009,DJ Hussey,98.0,61.0,3.0,4,13.0,19.0,34.0,24.0,0.0,115.0,32.667,160.656,0.213,0.311,4.0,8.5,0.0,1,Finishers / All-Rounders
2009,SA Asnodkar,98.0,98.0,8.0,8,15.0,52.0,0.0,0.0,0.0,113.0,12.25,100.0,0.153,0.531,0.0,0.0,0.0,1,Finishers / All-Rounders
2009,JA Morkel,97.0,73.0,5.0,12,12.0,17.0,329.0,247.0,13.0,462.0,19.4,132.877,0.164,0.233,41.166666666666664,7.992,0.053,3,Finishers / All-Rounders
2009,KP Pietersen,93.0,89.0,6.0,6,10.0,36.0,88.0,79.0,4.0,203.0,15.5,104.494,0.112,0.404,13.166666666666666,6.684,0.051,1,Finishers / All-Rounders
2009,JDP Oram,88.0,94.0,6.0,8,9.0,40.0,139.0,93.0,5.0,230.0,14.667,93.617,0.096,0.426,15.5,8.968,0.054,0,Finishers / All-Rounders
2009,Harbhajan Singh,84.0,57.0,9.0,13,11.0,15.0,271.0,267.0,12.0,411.0,9.333,147.368,0.193,0.263,44.5,6.09,0.045,3,Finishers / All-Rounders
2009,LR Shukla,83.0,86.0,6.0,8,8.0,39.0,102.0,86.0,3.0,174.0,13.833,96.512,0.093,0.453,14.333333333333334,7.116,0.035,1,Finishers / All-Rounders
2009,LA Carseldine,81.0,71.0,3.0,5,11.0,26.0,6.0,7.0,1.0,125.0,27.0,114.085,0.155,0.366,1.1666666666666667,5.143,0.143,1,Finishers / All-Rounders
2009,AS Raut,78.0,65.0,5.0,8,8.0,21.0,37.0,24.0,0.0,102.0,15.6,120.0,0.123,0.323,4.0,9.25,0.0,1,Finishers / All-Rounders
2009,M Manhas,75.0,65.0,3.0,6,8.0,22.0,0.0,0.0,0.0,95.0,25.0,115.385,0.123,0.338,0.0,0.0,0.0,1,Finishers / All-Rounders
2009,WP Saha,72.0,41.0,3.0,7,7.0,5.0,0.0,0.0,0.0,95.0,24.0,175.61,0.171,0.122,0.0,0.0,0.0,2,Power Hitters
2009,AA Bilakhia,67.0,84.0,4.0,6,5.0,34.0,0.0,0.0,0.0,80.0,16.75,79.762,0.06,0.405,0.0,0.0,0.0,1,Finishers / All-Rounders
2009,AB Agarkar,66.0,58.0,2.0,11,6.0,18.0,292.0,197.0,6.0,258.0,33.0,113.793,0.103,0.31,32.833333333333336,8.893,0.03,0,Finishers / All-Rounders
2009,DB Ravi Teja,65.0,71.0,4.0,6,7.0,27.0,0.0,0.0,0.0,80.0,16.25,91.549,0.099,0.38,0.0,0.0,0.0,1,Finishers / All-Rounders
2009,P Kumar,65.0,46.0,5.0,13,7.0,19.0,400.0,309.0,13.0,429.0,13.0,141.304,0.152,0.413,51.5,7.767,0.042,3,Finishers / All-Rounders
2009,A Flintoff,62.0,57.0,2.0,3,7.0,17.0,106.0,66.0,2.0,123.0,31.0,108.772,0.123,0.298,11.0,9.636,0.03,1,Finishers / All-Rounders
2009,M Vijay,60.0,69.0,4.0,4,6.0,31.0,0.0,0.0,0.0,66.0,15.0,86.957,0.087,0.449,0.0,0.0,0.0,2,Power Hitters
2009,JD Ryder,56.0,49.0,5.0,5,9.0,25.0,121.0,102.0,3.0,140.0,11.2,114.286,0.184,0.51,17.0,7.118,0.029,1,Finishers / All-Rounders
2009,PR Shah,53.0,54.0,3.0,4,6.0,23.0,0.0,0.0,0.0,63.0,17.667,98.148,0.111,0.426,0.0,0.0,0.0,1,Finishers / All-Rounders
2009,SP Goswami,53.0,64.0,2.0,2,6.0,30.0,0.0,0.0,0.0,59.0,26.5,82.812,0.094,0.469,0.0,0.0,0.0,1,Finishers / All-Rounders
2009,J Botha,47.0,42.0,3.0,3,5.0,11.0,76.0,73.0,3.0,127.0,15.667,111.905,0.119,0.262,12.166666666666666,6.247,0.041,1,Finishers / All-Rounders
2009,R Vinay Kumar,47.0,44.0,4.0,11,5.0,19.0,273.0,199.0,9.0,305.0,11.75,106.818,0.114,0.432,33.166666666666664,8.231,0.045,3,Finishers / All-Rounders
2009,Yashpal Singh,47.0,67.0,4.0,4,5.0,37.0,0.0,0.0,0.0,52.0,11.75,70.149,0.075,0.552,0.0,0.0,0.0,1,Finishers / All-Rounders
2009,GJ Bailey,45.0,40.0,3.0,2,7.0,16.0,0.0,0.0,0.0,52.0,15.0,112.5,0.175,0.4,0.0,0.0,0.0,1,Finishers / All-Rounders
2009,LA Pomersbach,41.0,49.0,3.0,4,4.0,22.0,0.0,0.0,0.0,49.0,13.667,83.673,0.082,0.449,0.0,0.0,0.0,1,Finishers / All-Rounders
2009,S Dhawan,40.0,46.0,4.0,4,3.0,18.0,0.0,0.0,0.0,43.0,10.0,86.957,0.065,0.391,0.0,0.0,0.0,2,Power Hitters
2009,AD Mascarenhas,39.0,39.0,4.0,5,4.0,14.0,133.0,116.0,6.0,197.0,9.75,100.0,0.103,0.359,19.333333333333332,6.879,0.052,0,Finishers / All-Rounders
2009,MC Henriques,38.0,40.0,2.0,4,3.0,19.0,107.0,76.0,2.0,99.0,19.0,95.0,0.075,0.475,12.666666666666666,8.447,0.026,1,Finishers / All-Rounders
2009,DL Vettori,34.0,32.0,2.0,7,3.0,8.0,186.0,138.0,7.0,232.0,17.0,106.25,0.094,0.25,23.0,8.087,0.051,0,Finishers / All-Rounders
2009,MM Patel,33.0,26.0,3.0,11,5.0,8.0,245.0,216.0,16.0,470.0,11.0,126.923,0.192,0.308,36.0,6.806,0.074,3,Finishers / All-Rounders
2009,PP Chawla,31.0,39.0,3.0,14,3.0,14.0,319.0,273.0,12.0,378.0,10.333,79.487,0.077,0.359,45.5,7.011,0.044,3,Finishers / All-Rounders
2009,WA Mota,30.0,48.0,4.0,7,0.0,18.0,62.0,55.0,3.0,117.0,7.5,62.5,0.0,0.375,9.166666666666666,6.764,0.055,0,Finishers / All-Rounders
2009,WPUJC Vaas,30.0,21.0,1.0,2,2.0,3.0,71.0,51.0,4.0,136.0,30.0,142.857,0.095,0.143,8.5,8.353,0.078,0,Finishers / All-Rounders
2009,B Lee,28.0,35.0,2.0,5,3.0,16.0,113.0,132.0,5.0,168.0,14.0,80.0,0.086,0.457,22.0,5.136,0.038,0,Finishers / All-Rounders
2009,A Mishra,26.0,20.0,2.0,11,4.0,10.0,300.0,262.0,14.0,416.0,13.0,130.0,0.2,0.5,43.666666666666664,6.87,0.053,3,Finishers / All-Rounders
2009,RR Powar,23.0,22.0,0.0,8,2.0,7.0,138.0,131.0,5.0,182.0,23.0,104.545,0.091,0.318,21.833333333333332,6.321,0.038,1,Finishers / All-Rounders
2009,M Kartik,21.0,20.0,0.0,10,0.0,2.0,207.0,209.0,4.0,161.0,21.0,105.0,0.0,0.1,34.833333333333336,5.943,0.019,0,Finishers / All-Rounders
2009,MF Maharoof,21.0,21.0,1.0,3,0.0,7.0,67.0,66.0,4.0,129.0,21.0,100.0,0.0,0.333,11.0,6.091,0.061,0,Finishers / All-Rounders
2009,RJ Harris,21.0,18.0,1.0,8,0.0,5.0,235.0,192.0,6.0,199.0,21.0,116.667,0.0,0.278,32.0,7.344,0.031,0,Finishers / All-Rounders
2009,Joginder Sharma,20.0,18.0,1.0,4,1.0,6.0,57.0,43.0,2.0,83.0,20.0,111.111,0.056,0.333,7.166666666666667,7.953,0.047,0,Finishers / All-Rounders
2009,SB Jakati,20.0,16.0,2.0,8,3.0,5.0,225.0,175.0,13.0,372.0,10.0,125.0,0.188,0.312,29.166666666666668,7.714,0.074,0,Finishers / All-Rounders
2009,Y Nagar,20.0,22.0,1.0,1,1.0,7.0,20.0,13.0,2.0,71.0,20.0,90.909,0.045,0.318,2.1666666666666665,9.231,0.154,1,Finishers / All-Rounders
2009,R Bishnoi,19.0,17.0,3.0,3,3.0,11.0,0.0,0.0,0.0,22.0,6.333,111.765,0.176,0.647,0.0,0.0,0.0,1,Finishers / All-Rounders
2009,VVS Laxman,19.0,33.0,5.0,5,2.0,22.0,0.0,0.0,0.0,21.0,3.8,57.576,0.061,0.667,0.0,0.0,0.0,1,Finishers / All-Rounders
2009,NK Patel,18.0,41.0,2.0,2,1.0,25.0,0.0,0.0,0.0,19.0,9.0,43.902,0.024,0.61,0.0,0.0,0.0,1,Finishers / All-Rounders
2009,YV Takawale,18.0,22.0,1.0,1,2.0,12.0,0.0,0.0,0.0,20.0,18.0,81.818,0.091,0.545,0.0,0.0,0.0,1,Finishers / All-Rounders
2009,B Akhil,17.0,16.0,3.0,6,2.0,8.0,80.0,69.0,4.0,131.0,5.667,106.25,0.125,0.5,11.5,6.957,0.058,1,Finishers / All-Rounders
2009,A Kumble,16.0,20.0,1.0,16,2.0,9.0,353.0,357.0,21.0,603.0,16.0,80.0,0.1,0.45,59.5,5.933,0.059,0,Finishers / All-Rounders
2009,AD Mathews,16.0,14.0,1.0,1,2.0,3.0,32.0,15.0,0.0,18.0,16.0,114.286,0.143,0.214,2.5,12.8,0.0,1,Finishers / All-Rounders
2009,I Sharma,16.0,13.0,2.0,11,2.0,5.0,303.0,270.0,11.0,329.0,8.0,123.077,0.154,0.385,45.0,6.733,0.041,3,Finishers / All-Rounders
2009,M Rawat,16.0,20.0,0.0,3,1.0,5.0,0.0,0.0,0.0,29.0,16.0,80.0,0.05,0.25,0.0,0.0,0.0,1,Finishers / All-Rounders
2009,GR Napier,15.0,16.0,1.0,1,1.0,7.0,28.0,24.0,1.0,41.0,15.0,93.75,0.062,0.438,4.0,7.0,0.042,0,Finishers / All-Rounders
2009,W Jaffer,15.0,19.0,2.0,2,2.0,10.0,0.0,0.0,0.0,17.0,7.5,78.947,0.105,0.526,0.0,0.0,0.0,1,Finishers / All-Rounders
2009,SB Styris,14.0,8.0,1.0,2,1.0,1.0,64.0,49.0,5.0,144.0,14.0,175.0,0.125,0.125,8.166666666666666,7.837,0.102,1,Finishers / All-Rounders
2009,MS Gony,13.0,7.0,2.0,7,2.0,4.0,173.0,107.0,5.0,160.0,6.5,185.714,0.286,0.571,17.833333333333332,9.701,0.047,0,Finishers / All-Rounders
2009,SS Tiwary,13.0,12.0,1.0,3,0.0,3.0,0.0,0.0,0.0,21.0,13.0,108.333,0.0,0.25,0.0,0.0,0.0,1,Finishers / All-Rounders
2009,RR Raje,12.0,9.0,1.0,4,1.0,2.0,72.0,42.0,1.0,50.0,12.0,133.333,0.111,0.222,7.0,10.286,0.024,0,Finishers / All-Rounders
2009,A Chopra,11.0,20.0,1.0,1,2.0,13.0,0.0,0.0,0.0,13.0,11.0,55.0,0.1,0.65,0.0,0.0,0.0,1,Finishers / All-Rounders
2009,T Henderson,11.0,16.0,1.0,2,1.0,10.0,41.0,36.0,1.0,41.0,11.0,68.75,0.062,0.625,6.0,6.833,0.028,0,Finishers / All-Rounders
2009,D du Preez,10.0,13.0,1.0,2,0.0,5.0,56.0,43.0,4.0,114.0,10.0,76.923,0.0,0.385,7.166666666666667,7.814,0.093,0,Finishers / All-Rounders
2009,DS Kulkarni,9.0,18.0,2.0,8,0.0,7.0,209.0,160.0,5.0,158.0,4.5,50.0,0.0,0.389,26.666666666666668,7.837,0.031,3,Finishers / All-Rounders
2009,MK Tiwary,9.0,13.0,1.0,1,1.0,7.0,11.0,6.0,0.0,10.0,9.0,69.231,0.077,0.538,1.0,11.0,0.0,2,Power Hitters
2009,SK Trivedi,9.0,19.0,2.0,7,0.0,9.0,152.0,123.0,6.0,179.0,4.5,47.368,0.0,0.474,20.5,7.415,0.049,3,Finishers / All-Rounders
2009,SM Harwood,9.0,14.0,0.0,3,0.0,4.0,74.0,67.0,3.0,96.0,9.0,64.286,0.0,0.286,11.166666666666666,6.627,0.045,0,Finishers / All-Rounders
2009,M Morkel,8.0,9.0,1.0,2,1.0,4.0,40.0,43.0,0.0,13.0,8.0,88.889,0.111,0.444,7.166666666666667,5.581,0.0,3,Finishers / All-Rounders
2009,M Muralitharan,8.0,8.0,2.0,13,1.0,3.0,267.0,302.0,14.0,403.0,4.0,100.0,0.125,0.375,50.333333333333336,5.305,0.046,3,Finishers / All-Rounders
2009,R Ashwin,8.0,15.0,1.0,1,1.0,10.0,14.0,24.0,2.0,59.0,8.0,53.333,0.067,0.667,4.0,3.5,0.083,3,Finishers / All-Rounders
2009,R Bhatia,8.0,18.0,5.0,8,1.0,13.0,152.0,132.0,10.0,271.0,1.6,44.444,0.056,0.722,22.0,6.909,0.076,3,Finishers / All-Rounders
2009,RP Singh,8.0,17.0,4.0,16,0.0,9.0,429.0,379.0,23.0,631.0,2.0,47.059,0.0,0.529,63.166666666666664,6.792,0.061,3,Finishers / All-Rounders
2009,Z Khan,8.0,11.0,1.0,6,0.0,3.0,143.0,131.0,6.0,178.0,8.0,72.727,0.0,0.273,21.833333333333332,6.55,0.046,3,Finishers / All-Rounders
2009,AN Ghosh,7.0,8.0,2.0,2,1.0,5.0,0.0,0.0,0.0,8.0,3.5,87.5,0.125,0.625,0.0,0.0,0.0,1,Finishers / All-Rounders
2009,PC Valthaty,6.0,12.0,2.0,2,1.0,9.0,0.0,0.0,0.0,7.0,3.0,50.0,0.083,0.75,0.0,0.0,0.0,1,Finishers / All-Rounders
2009,PJ Sangwan,6.0,10.0,2.0,13,0.0,5.0,373.0,294.0,15.0,425.0,3.0,60.0,0.0,0.5,49.0,7.612,0.051,0,Finishers / All-Rounders
2009,SD Chitnis,6.0,9.0,1.0,1,1.0,5.0,0.0,0.0,0.0,7.0,6.0,66.667,0.111,0.556,0.0,0.0,0.0,1,Finishers / All-Rounders
2009,SS Shaikh,6.0,7.0,0.0,1,1.0,4.0,0.0,0.0,0.0,11.0,6.0,85.714,0.143,0.571,0.0,0.0,0.0,1,Finishers / All-Rounders
2009,S Sreesanth,5.0,19.0,0.0,7,1.0,15.0,196.0,145.0,6.0,184.0,5.0,26.316,0.053,0.789,24.166666666666668,8.11,0.041,0,Finishers / All-Rounders
2009,FH Edwards,4.0,5.0,1.0,6,0.0,3.0,160.0,149.0,5.0,149.0,4.0,80.0,0.0,0.6,24.833333333333332,6.443,0.034,0,Finishers / All-Rounders
2009,L Balaji,4.0,10.0,2.0,13,0.0,5.0,319.0,228.0,13.0,373.0,2.0,40.0,0.0,0.5,38.0,8.395,0.057,3,Finishers / All-Rounders
2009,AB McDonald,3.0,4.0,1.0,1,0.0,1.0,22.0,18.0,0.0,3.0,3.0,75.0,0.0,0.25,3.0,7.333,0.0,1,Finishers / All-Rounders
2009,Kamran Khan,3.0,5.0,1.0,5,0.0,3.0,147.0,118.0,7.0,194.0,3.0,60.0,0.0,0.6,19.666666666666668,7.475,0.059,0,Finishers / All-Rounders
2009,AB Dinda,2.0,3.0,2.0,8,0.0,2.0,195.0,148.0,4.0,126.0,1.0,66.667,0.0,0.667,24.666666666666668,7.905,0.027,3,Finishers / All-Rounders
2009,Mashrafe Mortaza,2.0,2.0,0.0,1,0.0,1.0,58.0,27.0,0.0,6.0,2.0,100.0,0.0,0.5,4.5,12.889,0.0,0,Finishers / All-Rounders
2009,Mohammad Ashraful,2.0,12.0,1.0,1,0.0,7.0,0.0,0.0,0.0,2.0,2.0,16.667,0.0,0.583,0.0,0.0,0.0,0,Finishers / All-Rounders
2009,SB Bangar,2.0,9.0,1.0,1,0.0,5.0,0.0,0.0,0.0,2.0,2.0,22.222,0.0,0.556,0.0,0.0,0.0,0,Finishers / All-Rounders
2009,T Thushara,2.0,8.0,1.0,2,0.0,5.0,61.0,50.0,3.0,81.0,2.0,25.0,0.0,0.625,8.333333333333334,7.32,0.06,0,Finishers / All-Rounders
2009,A Nehra,1.0,1.0,0.0,13,0.0,0.0,353.0,323.0,19.0,528.0,1.0,100.0,0.0,0.0,53.833333333333336,6.557,0.059,3,Finishers / All-Rounders
2009,A Singh,1.0,3.0,1.0,5,0.0,2.0,100.0,107.0,9.0,242.0,1.0,33.333,0.0,0.667,17.833333333333332,5.607,0.084,0,Finishers / All-Rounders
2009,KV Sharma,1.0,3.0,1.0,1,0.0,2.0,0.0,0.0,0.0,1.0,1.0,33.333,0.0,0.667,0.0,0.0,0.0,3,Finishers / All-Rounders
2009,PP Ojha,1.0,7.0,3.0,15,0.0,5.0,358.0,324.0,18.0,499.0,0.333,14.286,0.0,0.714,54.0,6.63,0.056,3,Finishers / All-Rounders
2009,Pankaj Singh,1.0,2.0,1.0,3,0.0,1.0,65.0,45.0,2.0,59.0,1.0,50.0,0.0,0.5,7.5,8.667,0.044,0,Finishers / All-Rounders
2009,Shoaib Ahmed,1.0,6.0,2.0,7,0.0,5.0,154.0,103.0,5.0,146.0,0.5,16.667,0.0,0.833,17.166666666666668,8.971,0.049,0,Finishers / All-Rounders
2009,T Kohli,1.0,4.0,1.0,1,0.0,3.0,0.0,0.0,0.0,1.0,1.0,25.0,0.0,0.75,0.0,0.0,0.0,0,Finishers / All-Rounders
2009,A Mithun,0.0,0.0,0.0,1,0.0,0.0,42.0,27.0,0.0,4.0,0.0,0.0,0.0,0.0,4.5,9.333,0.0,0,Finishers / All-Rounders
2009,AM Salvi,0.0,0.0,0.0,5,0.0,0.0,138.0,106.0,4.0,120.0,0.0,0.0,0.0,0.0,17.666666666666668,7.811,0.038,0,Finishers / All-Rounders
2009,Anureet Singh,0.0,0.0,0.0,2,0.0,0.0,47.0,34.0,2.0,58.0,0.0,0.0,0.0,0.0,5.666666666666667,8.294,0.059,0,Finishers / All-Rounders
2009,BAW Mendis,0.0,1.0,1.0,4,0.0,1.0,136.0,101.0,3.0,87.0,0.0,0.0,0.0,1.0,16.833333333333332,8.079,0.03,0,Finishers / All-Rounders
2009,C Nanda,0.0,1.0,1.0,3,0.0,1.0,58.0,50.0,2.0,58.0,0.0,0.0,0.0,1.0,8.333333333333334,6.96,0.04,0,Finishers / All-Rounders
2009,CK Langeveldt,0.0,0.0,0.0,1,0.0,0.0,15.0,25.0,3.0,79.0,0.0,0.0,0.0,0.0,4.166666666666667,3.6,0.12,0,Finishers / All-Rounders
2009,DP Nannes,0.0,0.0,0.0,13,0.0,0.0,383.0,315.0,15.0,427.0,0.0,0.0,0.0,0.0,52.5,7.295,0.048,0,Finishers / All-Rounders
2009,DW Steyn,0.0,3.0,1.0,3,0.0,3.0,61.0,58.0,2.0,58.0,0.0,0.0,0.0,1.0,9.666666666666666,6.31,0.034,3,Finishers / All-Rounders
2009,Harmeet Singh,0.0,0.0,0.0,7,0.0,0.0,198.0,141.0,3.0,103.0,0.0,0.0,0.0,0.0,23.5,8.426,0.021,0,Finishers / All-Rounders
2009,Jaskaran Singh,0.0,0.0,0.0,1,0.0,0.0,32.0,19.0,0.0,4.0,0.0,0.0,0.0,0.0,3.1666666666666665,10.105,0.0,0,Finishers / All-Rounders
2009,KP Appanna,0.0,1.0,0.0,5,0.0,0.0,91.0,72.0,2.0,70.0,0.0,0.0,0.0,0.0,12.0,7.583,0.028,0,Finishers / All-Rounders
2009,L Ronchi,0.0,3.0,1.0,1,0.0,2.0,0.0,0.0,0.0,0.0,0.0,0.0,0.0,0.667,0.0,0.0,0.0,1,Finishers / All-Rounders
2009,RA Shaikh,0.0,0.0,0.0,1,0.0,0.0,11.0,6.0,0.0,4.0,0.0,0.0,0.0,0.0,1.0,11.0,0.0,0,Finishers / All-Rounders
2009,RR Bose,0.0,0.0,0.0,1,0.0,0.0,24.0,12.0,0.0,4.0,0.0,0.0,0.0,0.0,2.0,12.0,0.0,0,Finishers / All-Rounders
2009,S Tyagi,0.0,0.0,0.0,8,0.0,0.0,143.0,118.0,5.0,157.0,0.0,0.0,0.0,0.0,19.666666666666668,7.271,0.042,0,Finishers / All-Rounders
2009,SL Malinga,0.0,1.0,1.0,13,0.0,1.0,331.0,323.0,18.0,498.0,0.0,0.0,0.0,1.0,53.833333333333336,6.149,0.056,3,Finishers / All-Rounders
2009,SS Sarkar,0.0,0.0,0.0,2,0.0,0.0,34.0,25.0,1.0,33.0,0.0,0.0,0.0,0.0,4.166666666666667,8.16,0.04,0,Finishers / All-Rounders
2009,TM Srivastava,0.0,1.0,0.0,1,0.0,1.0,0.0,0.0,0.0,4.0,0.0,0.0,0.0,1.0,0.0,0.0,0.0,1,Finishers / All-Rounders
2009,VRV Singh,0.0,0.0,0.0,4,0.0,0.0,83.0,54.0,1.0,41.0,0.0,0.0,0.0,0.0,9.0,9.222,0.019,0,Finishers / All-Rounders
2009,VS Malik,0.0,0.0,0.0,5,0.0,0.0,100.0,74.0,2.0,70.0,0.0,0.0,0.0,0.0,12.333333333333334,8.108,0.027,0,Finishers / All-Rounders
2009,VY Mahesh,0.0,0.0,0.0,1,0.0,0.0,25.0,13.0,1.0,29.0,0.0,0.0,0.0,0.0,2.1666666666666665,11.538,0.077,0,Finishers / All-Rounders
2009,YA Abdulla,0.0,0.0,0.0,9,0.0,0.0,244.0,180.0,14.0,386.0,0.0,0.0,0.0,0.0,30.0,8.133,0.078,0,Finishers / All-Rounders
2010,SR Tendulkar,618.0,489.0,13.0,15,89.0,149.0,0.0,0.0,0.0,715.0,47.538,126.38,0.182,0.305,0.0,0.0,0.0,2,Power Hitters
2010,JH Kallis,572.0,517.0,12.0,16,76.0,186.0,484.0,348.0,13.0,989.0,47.667,110.638,0.147,0.36,58.0,8.345,0.037,2,Power Hitters
2010,SK Raina,528.0,387.0,13.0,16,68.0,106.0,181.0,146.0,6.0,762.0,40.615,136.434,0.176,0.274,24.333333333333332,7.438,0.041,2,Power Hitters
2010,SC Ganguly,493.0,440.0,13.0,14,73.0,183.0,43.0,25.0,0.0,570.0,37.923,112.045,0.166,0.416,4.166666666666667,10.32,0.0,1,Finishers / All-Rounders
2010,M Vijay,458.0,305.0,12.0,15,62.0,102.0,0.0,0.0,0.0,532.0,38.167,150.164,0.203,0.334,0.0,0.0,0.0,2,Power Hitters
2010,DPMD Jayawardene,445.0,312.0,12.0,13,67.0,90.0,0.0,0.0,0.0,524.0,37.083,142.628,0.215,0.288,0.0,0.0,0.0,1,Finishers / All-Rounders
2010,A Symonds,429.0,356.0,13.0,16,53.0,125.0,384.0,324.0,12.0,794.0,33.0,120.506,0.149,0.351,54.0,7.111,0.037,1,Finishers / All-Rounders
2010,SS Tiwary,419.0,319.0,13.0,15,47.0,90.0,0.0,0.0,0.0,474.0,32.231,131.348,0.147,0.282,0.0,0.0,0.0,1,Finishers / All-Rounders
2010,RG Sharma,404.0,310.0,18.0,16,50.0,95.0,159.0,119.0,2.0,508.0,22.444,130.323,0.161,0.306,19.833333333333332,8.017,0.017,2,Power Hitters
2010,NV Ojha,377.0,294.0,12.0,14,57.0,115.0,0.0,0.0,0.0,446.0,31.417,128.231,0.194,0.391,0.0,0.0,0.0,1,Finishers / All-Rounders
2010,RV Uthappa,374.0,224.0,12.0,14,48.0,60.0,0.0,0.0,0.0,430.0,31.167,166.964,0.214,0.268,0.0,0.0,0.0,2,Power Hitters
2010,KC Sangakkara,357.0,260.0,12.0,12,52.0,81.0,0.0,0.0,0.0,409.0,29.75,137.308,0.2,0.312,0.0,0.0,0.0,1,Finishers / All-Rounders
2010,AT Rayudu,356.0,258.0,12.0,14,47.0,69.0,0.0,0.0,0.0,411.0,29.667,137.984,0.182,0.267,0.0,0.0,0.0,2,Power Hitters
2010,S Badrinath,356.0,310.0,12.0,15,46.0,100.0,0.0,0.0,0.0,418.0,29.667,114.839,0.148,0.323,0.0,0.0,0.0,1,Finishers / All-Rounders
2010,V Sehwag,356.0,227.0,14.0,14,61.0,75.0,23.0,34.0,3.0,492.0,25.429,156.828,0.269,0.33,5.666666666666667,4.059,0.088,2,Power Hitters
2010,ML Hayden,346.0,295.0,16.0,16,53.0,131.0,0.0,0.0,0.0,403.0,21.625,117.288,0.18,0.444,0.0,0.0,0.0,1,Finishers / All-Rounders
2010,YK Pathan,333.0,210.0,11.0,14,46.0,67.0,253.0,213.0,5.0,516.0,30.273,158.571,0.219,0.319,35.5,7.127,0.023,2,Power Hitters
2010,TL Suman,307.0,264.0,8.0,14,35.0,94.0,24.0,13.0,0.0,366.0,38.375,116.288,0.133,0.356,2.1666666666666665,11.077,0.0,1,Finishers / All-Rounders
2010,V Kohli,307.0,216.0,13.0,13,38.0,56.0,51.0,33.0,0.0,349.0,23.615,142.13,0.176,0.259,5.5,9.273,0.0,2,Power Hitters
2010,CH Gayle,292.0,197.0,9.0,9,46.0,62.0,153.0,102.0,4.0,438.0,32.444,148.223,0.234,0.315,17.0,9.0,0.039,2,Power Hitters
2010,AC Gilchrist,289.0,200.0,17.0,16,47.0,73.0,0.0,0.0,0.0,336.0,17.0,144.5,0.235,0.365,0.0,0.0,0.0,2,Power Hitters
2010,MS Dhoni,287.0,215.0,9.0,11,34.0,55.0,0.0,0.0,0.0,329.0,31.889,133.488,0.158,0.256,0.0,0.0,0.0,2,Power Hitters
2010,DA Warner,282.0,195.0,10.0,11,41.0,69.0,0.0,0.0,0.0,331.0,28.2,144.615,0.21,0.354,0.0,0.0,0.0,2,Power Hitters
2010,KD Karthik,278.0,242.0,12.0,14,32.0,75.0,0.0,0.0,0.0,318.0,23.167,114.876,0.132,0.31,0.0,0.0,0.0,2,Power Hitters
2010,MJ Lumb,278.0,196.0,9.0,11,51.0,81.0,0.0,0.0,0.0,337.0,30.889,141.837,0.26,0.413,0.0,0.0,0.0,1,Finishers / All-Rounders
2010,G Gambhir,277.0,223.0,10.0,10,34.0,71.0,0.0,0.0,0.0,319.0,27.7,124.215,0.152,0.318,0.0,0.0,0.0,2,Power Hitters
2010,IK Pathan,276.0,188.0,8.0,14,31.0,40.0,433.0,288.0,15.0,706.0,34.5,146.809,0.165,0.213,48.0,9.021,0.052,3,Finishers / All-Rounders
2010,KA Pollard,273.0,152.0,14.0,14,40.0,42.0,276.0,231.0,15.0,696.0,19.5,179.605,0.263,0.276,38.5,7.169,0.065,2,Power Hitters
2010,HH Gibbs,267.0,243.0,10.0,10,35.0,97.0,0.0,0.0,0.0,302.0,26.7,109.877,0.144,0.399,0.0,0.0,0.0,1,Finishers / All-Rounders
2010,Yuvraj Singh,259.0,206.0,12.0,14,35.0,80.0,155.0,138.0,5.0,427.0,21.583,125.728,0.17,0.388,23.0,6.739,0.036,2,Power Hitters
2010,R Dravid,256.0,203.0,9.0,11,37.0,66.0,0.0,0.0,0.0,301.0,28.444,126.108,0.182,0.325,0.0,0.0,0.0,2,Power Hitters
2010,MK Pandey,249.0,233.0,11.0,13,34.0,104.0,0.0,0.0,0.0,291.0,22.636,106.867,0.146,0.446,0.0,0.0,0.0,2,Power Hitters
2010,RS Bopara,248.0,223.0,8.0,10,28.0,74.0,132.0,82.0,5.0,413.0,31.0,111.211,0.126,0.332,13.666666666666666,9.659,0.061,1,Finishers / All-Rounders
2010,MK Tiwary,237.0,192.0,10.0,12,28.0,56.0,11.0,7.0,1.0,298.0,23.7,123.438,0.146,0.292,1.1666666666666667,9.429,0.143,2,Power Hitters
2010,KP Pietersen,236.0,159.0,4.0,7,31.0,42.0,77.0,60.0,3.0,354.0,59.0,148.428,0.195,0.264,10.0,7.7,0.05,1,Finishers / All-Rounders
2010,AD Mathews,233.0,197.0,6.0,12,26.0,61.0,317.0,230.0,8.0,483.0,38.833,118.274,0.132,0.31,38.333333333333336,8.27,0.035,1,Finishers / All-Rounders
2010,MS Bisla,218.0,189.0,9.0,10,33.0,82.0,0.0,0.0,0.0,255.0,24.222,115.344,0.175,0.434,0.0,0.0,0.0,1,Finishers / All-Rounders
2010,PD Collingwood,203.0,159.0,4.0,7,22.0,54.0,101.0,90.0,5.0,362.0,50.75,127.673,0.138,0.34,15.0,6.733,0.056,1,Finishers / All-Rounders
2010,JA Morkel,199.0,135.0,7.0,14,23.0,36.0,409.0,292.0,11.0,525.0,28.429,147.407,0.17,0.267,48.666666666666664,8.404,0.038,3,Finishers / All-Rounders
2010,S Dhawan,191.0,180.0,10.0,10,26.0,74.0,0.0,0.0,0.0,217.0,19.1,106.111,0.144,0.411,0.0,0.0,0.0,2,Power Hitters
2010,SR Watson,185.0,117.0,5.0,6,27.0,37.0,185.0,138.0,6.0,366.0,37.0,158.12,0.231,0.316,23.0,8.043,0.043,2,Power Hitters
2010,AA Jhunjhunwala,183.0,172.0,10.0,11,20.0,62.0,69.0,39.0,0.0,211.0,18.3,106.395,0.116,0.36,6.5,10.615,0.0,1,Finishers / All-Rounders
2010,AC Voges,181.0,143.0,6.0,8,18.0,38.0,76.0,55.0,0.0,211.0,30.167,126.573,0.126,0.266,9.166666666666666,8.291,0.0,1,Finishers / All-Rounders
2010,MD Mishra,166.0,149.0,10.0,11,24.0,67.0,0.0,0.0,0.0,194.0,16.6,111.409,0.161,0.45,0.0,0.0,0.0,1,Finishers / All-Rounders
2010,FY Fazal,164.0,160.0,8.0,10,20.0,53.0,19.0,11.0,0.0,192.0,20.5,102.5,0.125,0.331,1.8333333333333333,10.364,0.0,1,Finishers / All-Rounders
2010,JP Duminy,157.0,134.0,4.0,7,18.0,42.0,37.0,33.0,1.0,212.0,39.25,117.164,0.134,0.313,5.5,6.727,0.03,2,Power Hitters
2010,M Manhas,157.0,151.0,4.0,8,14.0,43.0,0.0,0.0,0.0,187.0,39.25,103.974,0.093,0.285,0.0,0.0,0.0,1,Finishers / All-Rounders
2010,SE Marsh,147.0,117.0,3.0,4,20.0,42.0,0.0,0.0,0.0,171.0,49.0,125.641,0.171,0.359,0.0,0.0,0.0,2,Power Hitters
2010,CA Pujara,122.0,119.0,4.0,6,17.0,50.0,0.0,0.0,0.0,147.0,30.5,102.521,0.143,0.42,0.0,0.0,0.0,1,Finishers / All-Rounders
2010,OA Shah,115.0,96.0,3.0,5,12.0,30.0,0.0,0.0,0.0,135.0,38.333,119.792,0.125,0.312,0.0,0.0,0.0,1,Finishers / All-Rounders
2010,BB McCullum,114.0,117.0,3.0,5,16.0,50.0,0.0,0.0,0.0,138.0,38.0,97.436,0.137,0.427,0.0,0.0,0.0,2,Power Hitters
2010,R Sathish,112.0,98.0,6.0,10,11.0,28.0,81.0,50.0,2.0,189.0,18.667,114.286,0.112,0.286,8.333333333333334,9.72,0.04,1,Finishers / All-Rounders
2010,AB de Villiers,111.0,123.0,7.0,7,7.0,41.0,0.0,0.0,0.0,122.0,15.857,90.244,0.057,0.333,0.0,0.0,0.0,2,Power Hitters
2010,P Dogra,107.0,108.0,6.0,8,9.0,45.0,0.0,0.0,0.0,124.0,17.833,99.074,0.083,0.417,0.0,0.0,0.0,1,Finishers / All-Rounders
2010,Harbhajan Singh,105.0,64.0,6.0,15,17.0,17.0,383.0,331.0,17.0,587.0,17.5,164.062,0.266,0.266,55.166666666666664,6.943,0.051,3,Finishers / All-Rounders
2010,BJ Hodge,99.0,95.0,4.0,4,12.0,35.0,41.0,30.0,2.0,161.0,24.75,104.211,0.126,0.368,5.0,8.2,0.067,1,Finishers / All-Rounders
2010,DJ Hussey,94.0,89.0,4.0,6,10.0,29.0,81.0,60.0,0.0,112.0,23.5,105.618,0.112,0.326,10.0,8.1,0.0,1,Finishers / All-Rounders
2010,LRPL Taylor,88.0,77.0,4.0,7,8.0,24.0,0.0,0.0,0.0,108.0,22.0,114.286,0.104,0.312,0.0,0.0,0.0,1,Finishers / All-Rounders
2010,KM Jadhav,76.0,60.0,4.0,5,9.0,17.0,0.0,0.0,0.0,89.0,19.0,126.667,0.15,0.283,0.0,0.0,0.0,1,Finishers / All-Rounders
2010,PA Patel,72.0,83.0,5.0,4,8.0,35.0,0.0,0.0,0.0,80.0,14.4,86.747,0.096,0.422,0.0,0.0,0.0,2,Power Hitters
2010,WP Saha,67.0,53.0,3.0,6,10.0,18.0,0.0,0.0,0.0,89.0,22.333,126.415,0.189,0.34,0.0,0.0,0.0,2,Power Hitters
2010,R McLaren,66.0,71.0,3.0,10,7.0,25.0,281.0,214.0,4.0,201.0,22.0,92.958,0.099,0.352,35.666666666666664,7.879,0.019,0,Finishers / All-Rounders
2010,AB McDonald,65.0,54.0,0.0,4,5.0,12.0,136.0,82.0,5.0,211.0,65.0,120.37,0.093,0.222,13.666666666666666,9.951,0.061,1,Finishers / All-Rounders
2010,VVS Laxman,64.0,62.0,4.0,6,8.0,24.0,0.0,0.0,0.0,80.0,16.0,103.226,0.129,0.387,0.0,0.0,0.0,1,Finishers / All-Rounders
2010,Anirudh Singh,63.0,69.0,4.0,4,7.0,31.0,0.0,0.0,0.0,70.0,15.75,91.304,0.101,0.449,0.0,0.0,0.0,1,Finishers / All-Rounders
2010,PP Chawla,62.0,63.0,5.0,14,7.0,22.0,371.0,295.0,12.0,405.0,12.4,98.413,0.111,0.349,49.166666666666664,7.546,0.041,3,Finishers / All-Rounders
2010,DJ Bravo,61.0,53.0,7.0,10,7.0,24.0,230.0,161.0,4.0,180.0,8.714,115.094,0.132,0.453,26.833333333333332,8.571,0.025,3,Finishers / All-Rounders
2010,AM Nayar,58.0,51.0,2.0,3,6.0,17.0,0.0,0.0,0.0,68.0,29.0,113.725,0.118,0.333,0.0,0.0,0.0,1,Finishers / All-Rounders
2010,AS Raut,56.0,48.0,2.0,5,6.0,19.0,0.0,0.0,0.0,74.0,28.0,116.667,0.125,0.396,0.0,0.0,0.0,1,Finishers / All-Rounders
2010,AP Tare,50.0,41.0,4.0,4,8.0,19.0,0.0,0.0,0.0,58.0,12.5,121.951,0.195,0.463,0.0,0.0,0.0,1,Finishers / All-Rounders
2010,CL White,48.0,33.0,2.0,5,6.0,11.0,19.0,7.0,0.0,66.0,24.0,145.455,0.182,0.333,1.1666666666666667,16.286,0.0,1,Finishers / All-Rounders
2010,RJ Harris,45.0,39.0,4.0,8,4.0,15.0,238.0,194.0,14.0,415.0,11.25,115.385,0.103,0.385,32.333333333333336,7.361,0.072,0,Finishers / All-Rounders
2010,GC Smith,44.0,40.0,3.0,2,7.0,19.0,0.0,0.0,0.0,51.0,14.667,110.0,0.175,0.475,0.0,0.0,0.0,1,Finishers / All-Rounders
2010,TM Dilshan,44.0,55.0,6.0,6,6.0,26.0,70.0,49.0,3.0,125.0,7.333,80.0,0.109,0.473,8.166666666666666,8.571,0.061,1,Finishers / All-Rounders
2010,AB Barath,42.0,43.0,2.0,3,6.0,20.0,0.0,0.0,0.0,52.0,21.0,97.674,0.14,0.465,0.0,0.0,0.0,1,Finishers / All-Rounders
2010,AB Agarkar,40.0,30.0,1.0,7,4.0,6.0,207.0,136.0,4.0,168.0,40.0,133.333,0.133,0.2,22.666666666666668,9.132,0.029,0,Finishers / All-Rounders
2010,A Mishra,39.0,54.0,4.0,14,1.0,15.0,370.0,326.0,17.0,505.0,9.75,72.222,0.019,0.278,54.333333333333336,6.81,0.052,3,Finishers / All-Rounders
2010,MEK Hussey,37.0,44.0,2.0,3,2.0,17.0,0.0,0.0,0.0,43.0,18.5,84.091,0.045,0.386,0.0,0.0,0.0,2,Power Hitters
2010,LR Shukla,36.0,27.0,2.0,4,5.0,9.0,108.0,72.0,3.0,124.0,18.0,133.333,0.185,0.333,12.0,9.0,0.042,1,Finishers / All-Rounders
2010,B Sumanth,35.0,38.0,1.0,4,3.0,14.0,0.0,0.0,0.0,50.0,35.0,92.105,0.079,0.368,0.0,0.0,0.0,1,Finishers / All-Rounders
2010,EJG Morgan,35.0,31.0,3.0,4,3.0,9.0,0.0,0.0,0.0,42.0,11.667,112.903,0.097,0.29,0.0,0.0,0.0,1,Finishers / All-Rounders
2010,AP Dole,34.0,23.0,2.0,3,4.0,6.0,114.0,73.0,5.0,167.0,17.0,147.826,0.174,0.261,12.166666666666666,9.37,0.068,0,Finishers / All-Rounders
2010,Y Venugopal Rao,34.0,44.0,4.0,5,4.0,23.0,10.0,6.0,0.0,42.0,8.5,77.273,0.091,0.523,1.0,10.0,0.0,1,Finishers / All-Rounders
2010,DL Vettori,33.0,28.0,1.0,3,4.0,5.0,97.0,71.0,2.0,95.0,33.0,117.857,0.143,0.179,11.833333333333334,8.197,0.028,0,Finishers / All-Rounders
2010,ST Jayasuriya,33.0,35.0,4.0,4,5.0,16.0,68.0,54.0,2.0,88.0,8.25,94.286,0.143,0.457,9.0,7.556,0.037,1,Finishers / All-Rounders
2010,MF Maharoof,31.0,24.0,3.0,7,4.0,8.0,209.0,147.0,8.0,251.0,10.333,129.167,0.167,0.333,24.5,8.531,0.054,0,Finishers / All-Rounders
2010,R Ashwin,30.0,40.0,3.0,12,2.0,15.0,308.0,296.0,13.0,393.0,10.0,75.0,0.05,0.375,49.333333333333336,6.243,0.044,3,Finishers / All-Rounders
2010,S Anirudha,30.0,19.0,1.0,2,4.0,5.0,0.0,0.0,0.0,38.0,30.0,157.895,0.211,0.263,0.0,0.0,0.0,1,Finishers / All-Rounders
2010,WPUJC Vaas,30.0,34.0,4.0,6,2.0,13.0,147.0,131.0,9.0,265.0,7.5,88.235,0.059,0.382,21.833333333333332,6.733,0.069,0,Finishers / All-Rounders
2010,R Sharma,29.0,26.0,3.0,6,4.0,15.0,170.0,125.0,5.0,170.0,9.667,111.538,0.154,0.577,20.833333333333332,8.16,0.04,0,Finishers / All-Rounders
2010,M Kaif,28.0,31.0,3.0,3,2.0,10.0,0.0,0.0,0.0,30.0,9.333,90.323,0.065,0.323,0.0,0.0,0.0,1,Finishers / All-Rounders
2010,MR Marsh,28.0,31.0,2.0,3,2.0,10.0,89.0,64.0,2.0,84.0,14.0,90.323,0.065,0.323,10.666666666666666,8.344,0.031,1,Finishers / All-Rounders
2010,R Vinay Kumar,27.0,35.0,3.0,14,1.0,11.0,404.0,281.0,16.0,472.0,9.0,77.143,0.029,0.314,46.833333333333336,8.626,0.057,3,Finishers / All-Rounders
2010,S Sreesanth,27.0,22.0,0.0,6,5.0,10.0,191.0,127.0,4.0,156.0,27.0,122.727,0.227,0.455,21.166666666666668,9.024,0.031,0,Finishers / All-Rounders
2010,S Sriram,27.0,31.0,1.0,1,3.0,11.0,24.0,12.0,0.0,30.0,27.0,87.097,0.097,0.355,2.0,12.0,0.0,0,Finishers / All-Rounders
2010,JM Kemp,26.0,25.0,2.0,5,2.0,10.0,58.0,47.0,3.0,115.0,13.0,104.0,0.08,0.4,7.833333333333333,7.404,0.064,0,Finishers / All-Rounders
2010,R Bhatia,24.0,17.0,3.0,5,3.0,6.0,136.0,98.0,3.0,110.0,8.0,141.176,0.176,0.353,16.333333333333332,8.327,0.031,3,Finishers / All-Rounders
2010,Z Khan,24.0,13.0,2.0,14,4.0,5.0,388.0,292.0,15.0,451.0,12.0,184.615,0.308,0.385,48.666666666666664,7.973,0.051,3,Finishers / All-Rounders
2010,A Nehra,23.0,20.0,1.0,4,3.0,8.0,102.0,85.0,6.0,188.0,23.0,115.0,0.15,0.4,14.166666666666666,7.2,0.071,3,Finishers / All-Rounders
2010,DR Smith,22.0,25.0,2.0,3,2.0,12.0,36.0,23.0,1.0,53.0,11.0,88.0,0.08,0.48,3.8333333333333335,9.391,0.043,2,Power Hitters
2010,M Kartik,22.0,22.0,1.0,10,2.0,9.0,260.0,237.0,9.0,285.0,22.0,100.0,0.091,0.409,39.5,6.582,0.038,0,Finishers / All-Rounders
2010,AJ Finch,21.0,21.0,1.0,1,1.0,7.0,5.0,7.0,0.0,22.0,21.0,100.0,0.048,0.333,1.1666666666666667,4.286,0.0,2,Power Hitters
2010,SK Trivedi,20.0,15.0,3.0,11,4.0,8.0,265.0,216.0,11.0,331.0,6.667,133.333,0.267,0.533,36.0,7.361,0.051,3,Finishers / All-Rounders
2010,DR Martyn,19.0,26.0,2.0,1,1.0,8.0,0.0,0.0,0.0,20.0,9.5,73.077,0.038,0.308,0.0,0.0,0.0,1,Finishers / All-Rounders
2010,DE Bollinger,18.0,17.0,0.0,8,2.0,6.0,212.0,192.0,12.0,352.0,18.0,105.882,0.118,0.353,32.0,6.625,0.062,0,Finishers / All-Rounders
2010,GJ Bailey,18.0,27.0,2.0,1,2.0,15.0,0.0,0.0,0.0,20.0,9.0,66.667,0.074,0.556,0.0,0.0,0.0,1,Finishers / All-Rounders
2010,K Goel,18.0,20.0,1.0,2,2.0,9.0,7.0,6.0,0.0,24.0,18.0,90.0,0.1,0.45,1.0,7.0,0.0,1,Finishers / All-Rounders
2010,L Balaji,18.0,20.0,2.0,7,2.0,10.0,214.0,144.0,7.0,215.0,9.0,90.0,0.1,0.5,24.0,8.917,0.049,3,Finishers / All-Rounders
2010,C Madan,15.0,21.0,1.0,1,3.0,12.0,0.0,0.0,0.0,18.0,15.0,71.429,0.143,0.571,0.0,0.0,0.0,1,Finishers / All-Rounders
2010,S Narwal,14.0,13.0,3.0,5,2.0,5.0,186.0,98.0,5.0,149.0,4.667,107.692,0.154,0.385,16.333333333333332,11.388,0.051,0,Finishers / All-Rounders
2010,DW Steyn,13.0,17.0,4.0,15,2.0,9.0,415.0,380.0,15.0,434.0,3.25,76.471,0.118,0.529,63.333333333333336,6.553,0.039,3,Finishers / All-Rounders
2010,MV Boucher,13.0,10.0,1.0,2,1.0,2.0,0.0,0.0,0.0,18.0,13.0,130.0,0.1,0.2,0.0,0.0,0.0,1,Finishers / All-Rounders
2010,AD Mascarenhas,12.0,11.0,2.0,2,0.0,1.0,66.0,48.0,4.0,112.0,6.0,109.091,0.0,0.091,8.0,8.25,0.083,0,Finishers / All-Rounders
2010,SW Tait,12.0,13.0,1.0,8,1.0,6.0,274.0,204.0,11.0,316.0,12.0,92.308,0.077,0.462,34.0,8.059,0.054,0,Finishers / All-Rounders
2010,B Lee,11.0,11.0,1.0,4,1.0,2.0,154.0,91.0,0.0,24.0,11.0,100.0,0.091,0.182,15.166666666666666,10.154,0.0,0,Finishers / All-Rounders
2010,MC Henriques,11.0,5.0,1.0,1,2.0,1.0,35.0,24.0,1.0,38.0,11.0,220.0,0.4,0.2,4.0,8.75,0.042,1,Finishers / All-Rounders
2010,KAJ Roach,10.0,9.0,1.0,2,1.0,3.0,80.0,52.0,0.0,15.0,10.0,111.111,0.111,0.333,8.666666666666666,9.231,0.0,0,Finishers / All-Rounders
2010,PJ Sangwan,10.0,15.0,0.0,8,0.0,5.0,260.0,199.0,9.0,267.0,10.0,66.667,0.0,0.333,33.166666666666664,7.839,0.045,0,Finishers / All-Rounders
2010,SK Warne,10.0,21.0,3.0,14,0.0,11.0,388.0,304.0,11.0,329.0,3.333,47.619,0.0,0.524,50.666666666666664,7.658,0.036,0,Finishers / All-Rounders
2010,T Thushara,10.0,11.0,1.0,4,0.0,4.0,102.0,92.0,5.0,147.0,10.0,90.909,0.0,0.364,15.333333333333334,6.652,0.054,0,Finishers / All-Rounders
2010,Bipul Sharma,9.0,7.0,0.0,4,1.0,1.0,94.0,59.0,3.0,101.0,9.0,128.571,0.143,0.143,9.833333333333334,9.559,0.051,1,Finishers / All-Rounders
2010,M Morkel,9.0,16.0,2.0,2,1.0,11.0,66.0,46.0,0.0,10.0,4.5,56.25,0.062,0.688,7.666666666666667,8.609,0.0,3,Finishers / All-Rounders
2010,RP Singh,9.0,20.0,2.0,12,0.0,11.0,385.0,265.0,13.0,374.0,4.5,45.0,0.0,0.55,44.166666666666664,8.717,0.049,3,Finishers / All-Rounders
2010,Jaskaran Singh,8.0,11.0,2.0,6,0.0,5.0,142.0,92.0,6.0,174.0,4.0,72.727,0.0,0.455,15.333333333333334,9.261,0.065,0,Finishers / All-Rounders
2010,SP Goswami,8.0,10.0,1.0,1,2.0,8.0,0.0,0.0,0.0,10.0,8.0,80.0,0.2,0.8,0.0,0.0,0.0,1,Finishers / All-Rounders
2010,STR Binny,8.0,5.0,1.0,1,1.0,1.0,9.0,6.0,0.0,9.0,8.0,160.0,0.2,0.2,1.0,9.0,0.0,1,Finishers / All-Rounders
2010,A Kumble,6.0,12.0,0.0,16,0.0,4.0,422.0,387.0,17.0,495.0,6.0,50.0,0.0,0.333,64.5,6.543,0.044,0,Finishers / All-Rounders
2010,I Sharma,6.0,17.0,2.0,7,0.0,11.0,242.0,160.0,7.0,201.0,3.0,35.294,0.0,0.647,26.666666666666668,9.075,0.044,3,Finishers / All-Rounders
2010,VS Malik,6.0,5.0,1.0,3,1.0,1.0,66.0,46.0,1.0,40.0,6.0,120.0,0.2,0.2,7.666666666666667,8.609,0.022,0,Finishers / All-Rounders
2010,A Mithun,5.0,4.0,1.0,1,1.0,2.0,39.0,20.0,1.0,31.0,5.0,125.0,0.25,0.5,3.3333333333333335,11.7,0.05,0,Finishers / All-Rounders
2010,RR Powar,5.0,8.0,1.0,7,0.0,5.0,163.0,143.0,3.0,104.0,5.0,62.5,0.0,0.625,23.833333333333332,6.839,0.021,1,Finishers / All-Rounders
2010,SA Asnodkar,5.0,4.0,1.0,1,1.0,2.0,0.0,0.0,0.0,6.0,5.0,125.0,0.25,0.5,0.0,0.0,0.0,1,Finishers / All-Rounders
2010,A Uniyal,4.0,7.0,1.0,2,0.0,3.0,67.0,37.0,2.0,58.0,4.0,57.143,0.0,0.429,6.166666666666667,10.865,0.054,0,Finishers / All-Rounders
2010,AN Ahmed,4.0,8.0,0.0,1,0.0,3.0,26.0,14.0,0.0,8.0,4.0,50.0,0.0,0.375,2.3333333333333335,11.143,0.0,1,Finishers / All-Rounders
2010,DP Nannes,4.0,13.0,1.0,9,0.0,9.0,233.0,214.0,7.0,211.0,4.0,30.769,0.0,0.692,35.666666666666664,6.533,0.033,0,Finishers / All-Rounders
2010,MM Patel,4.0,5.0,0.0,4,0.0,1.0,118.0,76.0,3.0,95.0,4.0,80.0,0.0,0.2,12.666666666666666,9.316,0.039,3,Finishers / All-Rounders
2010,Mandeep Singh,4.0,11.0,2.0,2,1.0,10.0,0.0,0.0,0.0,5.0,2.0,36.364,0.091,0.909,0.0,0.0,0.0,2,Power Hitters
2010,P Kumar,4.0,8.0,2.0,12,0.0,4.0,391.0,286.0,10.0,294.0,2.0,50.0,0.0,0.5,47.666666666666664,8.203,0.035,3,Finishers / All-Rounders
2010,RS Sodhi,4.0,2.0,0.0,1,1.0,1.0,0.0,0.0,0.0,9.0,4.0,200.0,0.5,0.5,0.0,0.0,0.0,1,Finishers / All-Rounders
2010,KB Arun Karthik,3.0,5.0,0.0,1,0.0,1.0,0.0,0.0,0.0,7.0,3.0,60.0,0.0,0.2,0.0,0.0,0.0,1,Finishers / All-Rounders
2010,PP Ojha,3.0,8.0,3.0,16,0.0,6.0,439.0,359.0,21.0,580.0,1.0,37.5,0.0,0.75,59.833333333333336,7.337,0.058,3,Finishers / All-Rounders
2010,S Tyagi,3.0,4.0,0.0,6,0.0,1.0,161.0,102.0,1.0,52.0,3.0,75.0,0.0,0.25,17.0,9.471,0.01,0,Finishers / All-Rounders
2010,UT Yadav,3.0,4.0,0.0,7,0.0,1.0,191.0,150.0,6.0,181.0,3.0,75.0,0.0,0.25,25.0,7.64,0.04,3,Finishers / All-Rounders
2010,AA Bilakhia,2.0,4.0,1.0,1,0.0,2.0,0.0,0.0,0.0,2.0,2.0,50.0,0.0,0.5,0.0,0.0,0.0,1,Finishers / All-Rounders
2010,CRD Fernando,2.0,2.0,0.0,5,0.0,0.0,142.0,121.0,7.0,197.0,2.0,100.0,0.0,0.0,20.166666666666668,7.041,0.058,0,Finishers / All-Rounders
2010,J Theron,2.0,6.0,2.0,7,0.0,3.0,204.0,157.0,8.0,222.0,1.0,33.333,0.0,0.5,26.166666666666668,7.796,0.051,0,Finishers / All-Rounders
2010,KP Appanna,2.0,3.0,1.0,2,0.0,1.0,50.0,41.0,1.0,31.0,2.0,66.667,0.0,0.333,6.833333333333333,7.317,0.024,0,Finishers / All-Rounders
2010,MS Gony,2.0,7.0,1.0,3,0.0,4.0,92.0,51.0,1.0,35.0,2.0,28.571,0.0,0.571,8.5,10.824,0.02,0,Finishers / All-Rounders
2010,RS Gavaskar,2.0,8.0,1.0,2,0.0,6.0,8.0,6.0,0.0,6.0,2.0,25.0,0.0,0.75,1.0,8.0,0.0,0,Finishers / All-Rounders
2010,BAW Mendis,1.0,1.0,0.0,2,0.0,0.0,68.0,50.0,2.0,59.0,1.0,100.0,0.0,0.0,8.333333333333334,8.16,0.04,0,Finishers / All-Rounders
2010,M Muralitharan,1.0,2.0,1.0,12,0.0,1.0,356.0,306.0,16.0,445.0,1.0,50.0,0.0,0.5,51.0,6.98,0.052,3,Finishers / All-Rounders
2010,Pankaj Singh,1.0,2.0,1.0,2,0.0,1.0,83.0,51.0,2.0,55.0,1.0,50.0,0.0,0.5,8.5,9.765,0.039,0,Finishers / All-Rounders
2010,RE van der Merwe,1.0,2.0,1.0,1,0.0,1.0,27.0,27.0,2.0,51.0,1.0,50.0,0.0,0.5,4.5,6.0,0.074,0,Finishers / All-Rounders
2010,SE Bond,1.0,2.0,1.0,8,0.0,1.0,225.0,191.0,9.0,254.0,1.0,50.0,0.0,0.5,31.833333333333332,7.068,0.047,0,Finishers / All-Rounders
2010,SJ Srivastava,1.0,2.0,1.0,8,0.0,1.0,257.0,178.0,6.0,179.0,1.0,50.0,0.0,0.5,29.666666666666668,8.663,0.034,0,Finishers / All-Rounders
2010,SL Malinga,1.0,1.0,0.0,13,0.0,0.0,360.0,308.0,15.0,428.0,1.0,100.0,0.0,0.0,51.333333333333336,7.013,0.049,3,Finishers / All-Rounders
2010,Y Nagar,1.0,7.0,1.0,1,0.0,3.0,28.0,18.0,1.0,26.0,1.0,14.286,0.0,0.429,3.0,9.333,0.056,1,Finishers / All-Rounders
2010,AB Dinda,0.0,1.0,1.0,7,0.0,1.0,154.0,141.0,9.0,249.0,0.0,0.0,0.0,1.0,23.5,6.553,0.064,3,Finishers / All-Rounders
2010,AG Murtaza,0.0,0.0,0.0,3,0.0,0.0,92.0,72.0,3.0,87.0,0.0,0.0,0.0,0.0,12.0,7.667,0.042,0,Finishers / All-Rounders
2010,AG Paunikar,0.0,1.0,1.0,1,0.0,1.0,0.0,0.0,0.0,0.0,0.0,0.0,0.0,1.0,0.0,0.0,0.0,1,Finishers / All-Rounders
2010,B Akhil,0.0,0.0,0.0,1,0.0,0.0,6.0,6.0,0.0,4.0,0.0,0.0,0.0,0.0,1.0,6.0,0.0,1,Finishers / All-Rounders
2010,C Ganapathy,0.0,0.0,0.0,1,0.0,0.0,13.0,6.0,0.0,4.0,0.0,0.0,0.0,0.0,1.0,13.0,0.0,0,Finishers / All-Rounders
2010,CK Langeveldt,0.0,1.0,1.0,3,0.0,1.0,92.0,70.0,5.0,133.0,0.0,0.0,0.0,1.0,11.666666666666666,7.886,0.071,0,Finishers / All-Rounders
2010,DS Kulkarni,0.0,0.0,0.0,1,0.0,0.0,40.0,25.0,1.0,29.0,0.0,0.0,0.0,0.0,4.166666666666667,9.6,0.04,3,Finishers / All-Rounders
2010,Harmeet Singh,0.0,1.0,1.0,8,0.0,1.0,176.0,149.0,8.0,228.0,0.0,0.0,0.0,1.0,24.833333333333332,7.087,0.054,0,Finishers / All-Rounders
2010,Iqbal Abdulla,0.0,1.0,0.0,3,0.0,0.0,62.0,50.0,1.0,37.0,0.0,0.0,0.0,0.0,8.333333333333334,7.44,0.02,1,Finishers / All-Rounders
2010,JD Unadkat,0.0,0.0,0.0,3,0.0,0.0,85.0,62.0,4.0,112.0,0.0,0.0,0.0,0.0,10.333333333333334,8.226,0.065,3,Finishers / All-Rounders
2010,Joginder Sharma,0.0,0.0,0.0,3,0.0,0.0,89.0,51.0,2.0,62.0,0.0,0.0,0.0,0.0,8.5,10.471,0.039,0,Finishers / All-Rounders
2010,Kamran Khan,0.0,0.0,0.0,3,0.0,0.0,53.0,37.0,3.0,87.0,0.0,0.0,0.0,0.0,6.166666666666667,8.595,0.081,0,Finishers / All-Rounders
2010,L Ablish,0.0,0.0,0.0,2,0.0,0.0,37.0,25.0,3.0,83.0,0.0,0.0,0.0,0.0,4.166666666666667,8.88,0.12,0,Finishers / All-Rounders
2010,MB Parmar,0.0,0.0,0.0,1,0.0,0.0,33.0,19.0,0.0,4.0,0.0,0.0,0.0,0.0,3.1666666666666665,10.421,0.0,0,Finishers / All-Rounders
2010,ND Doshi,0.0,0.0,0.0,1,0.0,0.0,17.0,25.0,1.0,29.0,0.0,0.0,0.0,0.0,4.166666666666667,4.08,0.04,0,Finishers / All-Rounders
2010,NLTC Perera,0.0,0.0,0.0,1,0.0,0.0,19.0,6.0,0.0,4.0,0.0,0.0,0.0,0.0,1.0,19.0,0.0,1,Finishers / All-Rounders
2010,S Ladda,0.0,10.0,2.0,5,0.0,9.0,144.0,92.0,4.0,112.0,0.0,0.0,0.0,0.9,15.333333333333334,9.391,0.043,0,Finishers / All-Rounders
2010,SB Jakati,0.0,0.0,0.0,11,0.0,0.0,300.0,230.0,13.0,369.0,0.0,0.0,0.0,0.0,38.333333333333336,7.826,0.057,0,Finishers / All-Rounders
2010,SB Wagh,0.0,0.0,0.0,1,0.0,0.0,16.0,6.0,1.0,29.0,0.0,0.0,0.0,0.0,1.0,16.0,0.167,0,Finishers / All-Rounders
2010,VRV Singh,0.0,0.0,0.0,1,0.0,0.0,41.0,21.0,0.0,4.0,0.0,0.0,0.0,0.0,3.5,11.714,0.0,0,Finishers / All-Rounders
2010,VY Mahesh,0.0,0.0,0.0,1,0.0,0.0,23.0,19.0,1.0,29.0,0.0,0.0,0.0,0.0,3.1666666666666665,7.263,0.053,0,Finishers / All-Rounders
2010,YA Abdulla,0.0,1.0,0.0,2,0.0,0.0,67.0,42.0,1.0,33.0,0.0,0.0,0.0,0.0,7.0,9.571,0.024,0,Finishers / All-Rounders
2011,CH Gayle,608.0,342.0,9.0,12,101.0,115.0,262.0,224.0,8.0,921.0,67.556,177.778,0.295,0.336,37.333333333333336,7.018,0.036,2,Power Hitters
2011,V Kohli,557.0,473.0,13.0,16,71.0,171.0,140.0,106.0,2.0,694.0,42.846,117.759,0.15,0.362,17.666666666666668,7.925,0.019,2,Power Hitters
2011,SR Tendulkar,553.0,511.0,15.0,16,72.0,173.0,0.0,0.0,0.0,633.0,36.867,108.219,0.141,0.339,0.0,0.0,0.0,2,Power Hitters
2011,SE Marsh,504.0,349.0,12.0,13,72.0,105.0,0.0,0.0,0.0,580.0,42.0,144.413,0.206,0.301,0.0,0.0,0.0,2,Power Hitters
2011,MEK Hussey,492.0,423.0,12.0,14,59.0,130.0,0.0,0.0,0.0,559.0,41.0,116.312,0.139,0.307,0.0,0.0,0.0,2,Power Hitters
2011,PC Valthaty,463.0,351.0,13.0,14,76.0,155.0,191.0,147.0,7.0,718.0,35.615,131.909,0.217,0.442,24.5,7.796,0.048,1,Finishers / All-Rounders
2011,SK Raina,438.0,335.0,14.0,16,53.0,107.0,208.0,172.0,4.0,599.0,31.286,130.746,0.158,0.319,28.666666666666668,7.256,0.023,2,Power Hitters
2011,M Vijay,434.0,349.0,16.0,16,54.0,144.0,0.0,0.0,0.0,488.0,27.125,124.355,0.155,0.413,0.0,0.0,0.0,2,Power Hitters
2011,JH Kallis,424.0,386.0,15.0,15,52.0,144.0,169.0,148.0,7.0,659.0,28.267,109.845,0.135,0.373,24.666666666666668,6.851,0.047,2,Power Hitters
2011,V Sehwag,424.0,247.0,9.0,11,69.0,76.0,0.0,0.0,0.0,501.0,47.111,171.66,0.279,0.308,0.0,0.0,0.0,2,Power Hitters
2011,S Dhawan,400.0,315.0,12.0,14,54.0,98.0,12.0,12.0,1.0,491.0,33.333,126.984,0.171,0.311,2.0,6.0,0.083,2,Power Hitters
2011,S Badrinath,396.0,320.0,6.0,12,47.0,95.0,0.0,0.0,0.0,467.0,66.0,123.75,0.147,0.297,0.0,0.0,0.0,1,Finishers / All-Rounders
2011,AT Rayudu,395.0,355.0,14.0,16,53.0,137.0,0.0,0.0,0.0,460.0,28.214,111.268,0.149,0.386,0.0,0.0,0.0,2,Power Hitters
2011,MS Dhoni,392.0,247.0,11.0,13,48.0,65.0,0.0,0.0,0.0,452.0,35.636,158.704,0.194,0.263,0.0,0.0,0.0,2,Power Hitters
2011,AC Gilchrist,383.0,309.0,14.0,14,59.0,123.0,0.0,0.0,0.0,442.0,27.357,123.948,0.191,0.398,0.0,0.0,0.0,2,Power Hitters
2011,G Gambhir,378.0,332.0,11.0,15,47.0,103.0,0.0,0.0,0.0,441.0,34.364,113.855,0.142,0.31,0.0,0.0,0.0,2,Power Hitters
2011,RG Sharma,372.0,304.0,10.0,13,45.0,101.0,53.0,25.0,0.0,429.0,37.2,122.368,0.148,0.332,4.166666666666667,12.72,0.0,2,Power Hitters
2011,MK Tiwary,359.0,336.0,9.0,14,40.0,134.0,23.0,13.0,0.0,423.0,39.889,106.845,0.119,0.399,2.1666666666666665,10.615,0.0,2,Power Hitters
2011,KC Sangakkara,358.0,298.0,13.0,13,49.0,100.0,0.0,0.0,0.0,407.0,27.538,120.134,0.164,0.336,0.0,0.0,0.0,1,Finishers / All-Rounders
2011,BB McCullum,357.0,292.0,13.0,13,51.0,107.0,0.0,0.0,0.0,408.0,27.462,122.26,0.175,0.366,0.0,0.0,0.0,2,Power Hitters
2011,R Dravid,343.0,320.0,11.0,12,47.0,130.0,0.0,0.0,0.0,394.0,31.182,107.188,0.147,0.406,0.0,0.0,0.0,2,Power Hitters
2011,Yuvraj Singh,343.0,269.0,9.0,14,42.0,104.0,193.0,175.0,9.0,630.0,38.111,127.509,0.156,0.387,29.166666666666668,6.617,0.051,2,Power Hitters
2011,Y Venugopal Rao,336.0,292.0,12.0,14,43.0,108.0,26.0,12.0,0.0,387.0,28.0,115.068,0.147,0.37,2.0,13.0,0.0,1,Finishers / All-Rounders
2011,SR Watson,330.0,256.0,10.0,11,48.0,114.0,248.0,224.0,6.0,532.0,33.0,128.906,0.188,0.445,37.333333333333336,6.643,0.027,2,Power Hitters
2011,DA Warner,324.0,281.0,13.0,13,45.0,118.0,0.0,0.0,0.0,369.0,24.923,115.302,0.16,0.42,0.0,0.0,0.0,2,Power Hitters
2011,AB de Villiers,312.0,248.0,8.0,13,35.0,77.0,0.0,0.0,0.0,367.0,39.0,125.806,0.141,0.31,0.0,0.0,0.0,2,Power Hitters
2011,DPMD Jayawardene,299.0,272.0,12.0,13,40.0,97.0,0.0,0.0,0.0,347.0,24.917,109.926,0.147,0.357,0.0,0.0,0.0,1,Finishers / All-Rounders
2011,JD Ryder,292.0,201.0,13.0,13,48.0,81.0,119.0,93.0,4.0,440.0,22.462,145.274,0.239,0.403,15.5,7.677,0.043,1,Finishers / All-Rounders
2011,BJ Hodge,285.0,245.0,11.0,14,35.0,88.0,77.0,66.0,7.0,511.0,25.909,116.327,0.143,0.359,11.0,7.0,0.106,1,Finishers / All-Rounders
2011,RA Jadeja,283.0,234.0,9.0,14,34.0,84.0,306.0,260.0,8.0,537.0,31.444,120.94,0.145,0.359,43.333333333333336,7.062,0.031,3,Finishers / All-Rounders
2011,YK Pathan,283.0,205.0,9.0,15,37.0,65.0,244.0,241.0,13.0,669.0,31.444,138.049,0.18,0.317,40.166666666666664,6.075,0.054,2,Power Hitters
2011,KD Karthik,282.0,225.0,12.0,13,39.0,76.0,0.0,0.0,0.0,329.0,23.5,125.333,0.173,0.338,0.0,0.0,0.0,2,Power Hitters
2011,RV Uthappa,264.0,215.0,10.0,13,37.0,82.0,0.0,0.0,0.0,313.0,26.4,122.791,0.172,0.381,0.0,0.0,0.0,2,Power Hitters
2011,S Sohal,249.0,201.0,9.0,10,35.0,76.0,0.0,0.0,0.0,288.0,27.667,123.881,0.174,0.378,0.0,0.0,0.0,1,Finishers / All-Rounders
2011,MK Pandey,246.0,233.0,10.0,9,34.0,101.0,0.0,0.0,0.0,280.0,24.6,105.579,0.146,0.433,0.0,0.0,0.0,2,Power Hitters
2011,J Botha,230.0,200.0,6.0,10,22.0,61.0,242.0,219.0,7.0,447.0,38.333,115.0,0.11,0.305,36.5,6.63,0.032,1,Finishers / All-Rounders
2011,TM Dilshan,226.0,185.0,8.0,10,36.0,69.0,108.0,74.0,1.0,295.0,28.25,122.162,0.195,0.373,12.333333333333334,8.757,0.014,1,Finishers / All-Rounders
2011,B Chipli,207.0,172.0,9.0,13,25.0,58.0,20.0,6.0,0.0,252.0,23.0,120.349,0.145,0.337,1.0,20.0,0.0,0,Finishers / All-Rounders
2011,JP Duminy,205.0,176.0,10.0,10,17.0,48.0,149.0,111.0,4.0,322.0,20.5,116.477,0.097,0.273,18.5,8.054,0.036,2,Power Hitters
2011,PA Patel,202.0,189.0,9.0,13,27.0,76.0,0.0,0.0,0.0,245.0,22.444,106.878,0.143,0.402,0.0,0.0,0.0,2,Power Hitters
2011,JR Hopes,196.0,162.0,6.0,9,25.0,53.0,277.0,198.0,7.0,412.0,32.667,120.988,0.154,0.327,33.0,8.394,0.035,1,Finishers / All-Rounders
2011,DT Christian,190.0,161.0,10.0,14,16.0,47.0,357.0,291.0,11.0,497.0,19.0,118.012,0.099,0.292,48.5,7.361,0.038,0,Finishers / All-Rounders
2011,SS Tiwary,187.0,196.0,8.0,13,18.0,75.0,0.0,0.0,0.0,225.0,23.375,95.408,0.092,0.383,0.0,0.0,0.0,1,Finishers / All-Rounders
2011,DB Ravi Teja,183.0,147.0,7.0,9,21.0,43.0,9.0,6.0,0.0,212.0,26.143,124.49,0.143,0.293,1.0,9.0,0.0,1,Finishers / All-Rounders
2011,LRPL Taylor,181.0,158.0,5.0,11,18.0,51.0,11.0,6.0,0.0,223.0,36.2,114.557,0.114,0.323,1.0,11.0,0.0,1,Finishers / All-Rounders
2011,AL Menaria,180.0,158.0,10.0,12,20.0,60.0,121.0,93.0,2.0,262.0,18.0,113.924,0.127,0.38,15.5,7.806,0.022,1,Finishers / All-Rounders
2011,NV Ojha,160.0,169.0,13.0,14,22.0,92.0,0.0,0.0,0.0,186.0,12.308,94.675,0.13,0.544,0.0,0.0,0.0,1,Finishers / All-Rounders
2011,IK Pathan,150.0,146.0,7.0,13,18.0,52.0,352.0,286.0,11.0,467.0,21.429,102.74,0.123,0.356,47.666666666666664,7.385,0.038,3,Finishers / All-Rounders
2011,KA Pollard,146.0,141.0,10.0,16,18.0,53.0,367.0,267.0,10.0,438.0,14.6,103.546,0.128,0.376,44.5,8.247,0.037,2,Power Hitters
2011,MA Agarwal,141.0,129.0,7.0,7,20.0,50.0,0.0,0.0,0.0,161.0,20.143,109.302,0.155,0.388,0.0,0.0,0.0,2,Power Hitters
2011,JA Morkel,138.0,108.0,5.0,15,16.0,33.0,390.0,279.0,15.0,569.0,27.6,127.778,0.148,0.306,46.5,8.387,0.054,3,Finishers / All-Rounders
2011,EJG Morgan,137.0,123.0,8.0,9,20.0,52.0,0.0,0.0,0.0,161.0,17.125,111.382,0.163,0.423,0.0,0.0,0.0,1,Finishers / All-Rounders
2011,A Symonds,135.0,143.0,3.0,9,12.0,52.0,41.0,24.0,1.0,196.0,45.0,94.406,0.084,0.364,4.0,10.25,0.042,1,Finishers / All-Rounders
2011,AC Blizzard,120.0,88.0,6.0,6,23.0,42.0,0.0,0.0,0.0,143.0,20.0,136.364,0.261,0.477,0.0,0.0,0.0,1,Finishers / All-Rounders
2011,AM Rahane,120.0,99.0,5.0,7,14.0,33.0,0.0,0.0,0.0,142.0,24.0,121.212,0.141,0.333,0.0,0.0,0.0,2,Power Hitters
2011,M Manhas,114.0,128.0,10.0,10,12.0,62.0,42.0,42.0,0.0,126.0,11.4,89.062,0.094,0.484,7.0,6.0,0.0,1,Finishers / All-Rounders
2011,Y Nagar,111.0,108.0,8.0,10,12.0,40.0,67.0,34.0,1.0,160.0,13.875,102.778,0.111,0.37,5.666666666666667,11.824,0.029,1,Finishers / All-Rounders
2011,JEC Franklin,107.0,80.0,2.0,7,12.0,20.0,99.0,63.0,3.0,214.0,53.5,133.75,0.15,0.25,10.5,9.429,0.048,1,Finishers / All-Rounders
2011,RN ten Doeschate,107.0,76.0,3.0,4,14.0,22.0,7.0,7.0,0.0,125.0,35.667,140.789,0.184,0.289,1.1666666666666667,6.0,0.0,1,Finishers / All-Rounders
2011,CL White,104.0,109.0,4.0,6,8.0,42.0,0.0,0.0,0.0,120.0,26.0,95.413,0.073,0.385,0.0,0.0,0.0,1,Finishers / All-Rounders
2011,Harbhajan Singh,103.0,74.0,4.0,15,15.0,29.0,373.0,326.0,14.0,512.0,25.75,139.189,0.203,0.392,54.333333333333336,6.865,0.043,3,Finishers / All-Rounders
2011,DJ Jacobs,92.0,91.0,6.0,6,14.0,44.0,0.0,0.0,0.0,106.0,15.333,101.099,0.154,0.484,0.0,0.0,0.0,1,Finishers / All-Rounders
2011,R McLaren,90.0,101.0,3.0,6,8.0,36.0,182.0,111.0,5.0,235.0,30.0,89.109,0.079,0.356,18.5,9.838,0.045,0,Finishers / All-Rounders
2011,S Anirudha,83.0,78.0,4.0,5,9.0,27.0,0.0,0.0,0.0,96.0,20.75,106.41,0.115,0.346,0.0,0.0,0.0,1,Finishers / All-Rounders
2011,TR Birt,75.0,59.0,5.0,5,11.0,24.0,0.0,0.0,0.0,86.0,15.0,127.119,0.186,0.407,0.0,0.0,0.0,1,Finishers / All-Rounders
2011,M Klinger,73.0,78.0,4.0,4,9.0,33.0,0.0,0.0,0.0,82.0,18.25,93.59,0.115,0.423,0.0,0.0,0.0,1,Finishers / All-Rounders
2011,MS Bisla,72.0,90.0,4.0,5,8.0,40.0,0.0,0.0,0.0,84.0,18.0,80.0,0.089,0.444,0.0,0.0,0.0,1,Finishers / All-Rounders
2011,A Mishra,68.0,52.0,6.0,14,10.0,14.0,369.0,324.0,19.0,589.0,11.333,130.769,0.192,0.269,54.0,6.833,0.059,3,Finishers / All-Rounders
2011,WP Saha,68.0,67.0,1.0,2,6.0,22.0,0.0,0.0,0.0,78.0,68.0,101.493,0.09,0.328,0.0,0.0,0.0,2,Power Hitters
2011,MD Mishra,67.0,60.0,4.0,5,7.0,23.0,0.0,0.0,0.0,78.0,16.75,111.667,0.117,0.383,0.0,0.0,0.0,1,Finishers / All-Rounders
2011,TL Suman,65.0,53.0,6.0,7,10.0,25.0,50.0,36.0,0.0,79.0,10.833,122.642,0.189,0.472,6.0,8.333,0.0,1,Finishers / All-Rounders
2011,DJ Hussey,64.0,65.0,6.0,8,6.0,24.0,38.0,18.0,1.0,103.0,10.667,98.462,0.092,0.369,3.0,12.667,0.056,1,Finishers / All-Rounders
2011,AM Nayar,61.0,67.0,6.0,9,9.0,32.0,95.0,63.0,2.0,132.0,10.167,91.045,0.134,0.478,10.5,9.048,0.032,1,Finishers / All-Rounders
2011,AS Raut,60.0,59.0,4.0,4,6.0,22.0,8.0,6.0,0.0,70.0,15.0,101.695,0.102,0.373,1.0,8.0,0.0,1,Finishers / All-Rounders
2011,LA Pomersbach,51.0,41.0,4.0,4,6.0,14.0,0.0,0.0,0.0,57.0,12.75,124.39,0.146,0.341,0.0,0.0,0.0,1,Finishers / All-Rounders
2011,MR Marsh,50.0,50.0,2.0,5,5.0,23.0,102.0,86.0,7.0,242.0,25.0,100.0,0.1,0.46,14.333333333333334,7.116,0.081,1,Finishers / All-Rounders
2011,R Vinay Kumar,50.0,48.0,6.0,13,5.0,16.0,342.0,273.0,12.0,383.0,8.333,104.167,0.104,0.333,45.5,7.516,0.044,3,Finishers / All-Rounders
2011,SC Ganguly,50.0,61.0,2.0,3,5.0,29.0,0.0,0.0,0.0,59.0,25.0,81.967,0.082,0.475,0.0,0.0,0.0,1,Finishers / All-Rounders
2011,AG Paunikar,49.0,60.0,4.0,4,9.0,34.0,0.0,0.0,0.0,58.0,12.25,81.667,0.15,0.567,0.0,0.0,0.0,1,Finishers / All-Rounders
2011,CJ Ferguson,48.0,56.0,2.0,4,6.0,26.0,0.0,0.0,0.0,62.0,24.0,85.714,0.107,0.464,0.0,0.0,0.0,1,Finishers / All-Rounders
2011,PP Chawla,48.0,55.0,4.0,12,4.0,24.0,340.0,253.0,16.0,484.0,12.0,87.273,0.073,0.436,42.166666666666664,8.063,0.063,3,Finishers / All-Rounders
2011,AJ Finch,47.0,51.0,7.0,6,6.0,24.0,13.0,13.0,0.0,53.0,6.714,92.157,0.118,0.471,2.1666666666666665,6.0,0.0,2,Power Hitters
2011,Mandeep Singh,47.0,42.0,4.0,5,5.0,14.0,0.0,0.0,0.0,56.0,11.75,111.905,0.119,0.333,0.0,0.0,0.0,2,Power Hitters
2011,RV Gomez,46.0,52.0,7.0,11,5.0,22.0,125.0,91.0,5.0,196.0,6.571,88.462,0.096,0.423,15.166666666666666,8.242,0.055,0,Finishers / All-Rounders
2011,VVS Laxman,44.0,42.0,2.0,3,5.0,18.0,0.0,0.0,0.0,53.0,22.0,104.762,0.119,0.429,0.0,0.0,0.0,1,Finishers / All-Rounders
2011,Sunny Singh,43.0,31.0,4.0,5,7.0,11.0,0.0,0.0,0.0,54.0,10.75,138.71,0.226,0.355,0.0,0.0,0.0,1,Finishers / All-Rounders
2011,GC Smith,42.0,54.0,4.0,4,6.0,31.0,0.0,0.0,0.0,48.0,10.5,77.778,0.111,0.574,0.0,0.0,0.0,1,Finishers / All-Rounders
2011,M Kaif,41.0,35.0,3.0,4,5.0,15.0,0.0,0.0,0.0,50.0,13.667,117.143,0.143,0.429,0.0,0.0,0.0,1,Finishers / All-Rounders
2011,M Morkel,40.0,25.0,2.0,11,5.0,8.0,335.0,273.0,13.0,406.0,20.0,160.0,0.2,0.32,45.5,7.363,0.048,3,Finishers / All-Rounders
2011,STR Binny,37.0,31.0,1.0,3,3.0,10.0,44.0,25.0,0.0,48.0,37.0,119.355,0.097,0.323,4.166666666666667,10.56,0.0,1,Finishers / All-Rounders
2011,WD Parnell,37.0,42.0,3.0,8,3.0,16.0,221.0,183.0,9.0,285.0,12.333,88.095,0.071,0.381,30.5,7.246,0.049,0,Finishers / All-Rounders
2011,DW Steyn,36.0,37.0,3.0,12,3.0,12.0,304.0,286.0,14.0,425.0,12.0,97.297,0.081,0.324,47.666666666666664,6.378,0.049,3,Finishers / All-Rounders
2011,CA Pujara,34.0,32.0,3.0,3,4.0,10.0,0.0,0.0,0.0,38.0,11.333,106.25,0.125,0.312,0.0,0.0,0.0,1,Finishers / All-Rounders
2011,AUK Pathan,33.0,18.0,4.0,5,7.0,8.0,49.0,35.0,0.0,44.0,8.25,183.333,0.389,0.444,5.833333333333333,8.4,0.0,1,Finishers / All-Rounders
2011,RJ Harris,31.0,39.0,5.0,13,3.0,19.0,400.0,294.0,16.0,466.0,6.2,79.487,0.077,0.487,49.0,8.163,0.054,0,Finishers / All-Rounders
2011,SP Goswami,29.0,31.0,3.0,4,5.0,16.0,0.0,0.0,0.0,38.0,9.667,93.548,0.161,0.516,0.0,0.0,0.0,1,Finishers / All-Rounders
2011,Shakib Al Hasan,29.0,23.0,2.0,7,4.0,6.0,177.0,158.0,11.0,328.0,14.5,126.087,0.174,0.261,26.333333333333332,6.722,0.07,3,Finishers / All-Rounders
2011,IR Jaggi,28.0,38.0,2.0,2,3.0,21.0,0.0,0.0,0.0,31.0,14.0,73.684,0.079,0.553,0.0,0.0,0.0,1,Finishers / All-Rounders
2011,A Mithun,27.0,20.0,3.0,12,4.0,6.0,325.0,220.0,5.0,192.0,9.0,135.0,0.2,0.3,36.666666666666664,8.864,0.023,0,Finishers / All-Rounders
2011,P Kumar,27.0,33.0,3.0,13,3.0,16.0,353.0,283.0,10.0,320.0,9.0,81.818,0.091,0.485,47.166666666666664,7.484,0.035,3,Finishers / All-Rounders
2011,NL McCullum,26.0,23.0,3.0,2,1.0,6.0,35.0,30.0,0.0,31.0,8.667,113.043,0.043,0.261,5.0,7.0,0.0,1,Finishers / All-Rounders
2011,OA Shah,26.0,16.0,1.0,2,3.0,2.0,0.0,0.0,0.0,33.0,26.0,162.5,0.188,0.125,0.0,0.0,0.0,1,Finishers / All-Rounders
2011,R Bhatia,25.0,23.0,2.0,13,3.0,5.0,213.0,192.0,8.0,272.0,12.5,108.696,0.13,0.217,32.0,6.656,0.042,3,Finishers / All-Rounders
2011,R Sathish,25.0,35.0,2.0,5,1.0,16.0,41.0,31.0,0.0,38.0,12.5,71.429,0.029,0.457,5.166666666666667,7.935,0.0,1,Finishers / All-Rounders
2011,R Sharma,24.0,23.0,2.0,14,3.0,11.0,277.0,301.0,16.0,475.0,12.0,104.348,0.13,0.478,50.166666666666664,5.522,0.053,0,Finishers / All-Rounders
2011,Bipul Sharma,23.0,18.0,1.0,4,1.0,3.0,79.0,77.0,4.0,136.0,23.0,127.778,0.056,0.167,12.833333333333334,6.156,0.052,1,Finishers / All-Rounders
2011,DL Vettori,23.0,30.0,1.0,13,2.0,10.0,315.0,311.0,12.0,373.0,23.0,76.667,0.067,0.333,51.833333333333336,6.077,0.039,0,Finishers / All-Rounders
2011,NLTC Perera,23.0,29.0,2.0,4,4.0,17.0,113.0,83.0,2.0,85.0,11.5,79.31,0.138,0.586,13.833333333333334,8.169,0.024,1,Finishers / All-Rounders
2011,MS Wade,22.0,33.0,3.0,3,0.0,14.0,0.0,0.0,0.0,22.0,7.333,66.667,0.0,0.424,0.0,0.0,0.0,1,Finishers / All-Rounders
2011,CA Ingram,21.0,26.0,2.0,3,2.0,9.0,0.0,0.0,0.0,27.0,10.5,80.769,0.077,0.346,0.0,0.0,0.0,1,Finishers / All-Rounders
2011,Z Khan,21.0,24.0,2.0,15,2.0,12.0,465.0,372.0,14.0,425.0,10.5,87.5,0.083,0.5,62.0,7.5,0.038,3,Finishers / All-Rounders
2011,FY Fazal,19.0,19.0,1.0,2,3.0,9.0,0.0,0.0,0.0,26.0,19.0,100.0,0.158,0.474,0.0,0.0,0.0,1,Finishers / All-Rounders
2011,Y Gnaneswara Rao,19.0,18.0,1.0,2,3.0,8.0,7.0,6.0,0.0,26.0,19.0,105.556,0.167,0.444,1.0,7.0,0.0,1,Finishers / All-Rounders
2011,AN Ahmed,18.0,13.0,0.0,6,2.0,5.0,178.0,126.0,5.0,169.0,18.0,138.462,0.154,0.385,21.0,8.476,0.04,1,Finishers / All-Rounders
2011,BJ Haddin,18.0,11.0,1.0,1,3.0,5.0,0.0,0.0,0.0,21.0,18.0,163.636,0.273,0.455,0.0,0.0,0.0,1,Finishers / All-Rounders
2011,JJ van der Wath,18.0,17.0,2.0,3,2.0,7.0,134.0,76.0,3.0,99.0,9.0,105.882,0.118,0.412,12.666666666666666,10.579,0.039,0,Finishers / All-Rounders
2011,KM Jadhav,18.0,23.0,3.0,4,1.0,9.0,0.0,0.0,0.0,23.0,6.0,78.261,0.043,0.391,0.0,0.0,0.0,1,Finishers / All-Rounders
2011,S Rana,18.0,16.0,1.0,1,2.0,4.0,2.0,4.0,0.0,20.0,18.0,112.5,0.125,0.25,0.6666666666666666,3.0,0.0,1,Finishers / All-Rounders
2011,DH Yagnik,16.0,23.0,1.0,4,1.0,9.0,0.0,0.0,0.0,29.0,16.0,69.565,0.043,0.391,0.0,0.0,0.0,1,Finishers / All-Rounders
2011,Iqbal Abdulla,15.0,12.0,0.0,15,1.0,3.0,313.0,303.0,16.0,476.0,15.0,125.0,0.083,0.25,50.5,6.198,0.053,1,Finishers / All-Rounders
2011,J Syed Mohammad,15.0,13.0,0.0,5,2.0,3.0,128.0,91.0,5.0,162.0,15.0,115.385,0.154,0.231,15.166666666666666,8.44,0.055,0,Finishers / All-Rounders
2011,Harpreet Singh,14.0,20.0,1.0,2,0.0,7.0,0.0,0.0,0.0,18.0,14.0,70.0,0.0,0.35,0.0,0.0,0.0,1,Finishers / All-Rounders
2011,LR Shukla,14.0,10.0,1.0,1,2.0,3.0,0.0,0.0,0.0,16.0,14.0,140.0,0.2,0.3,0.0,0.0,0.0,1,Finishers / All-Rounders
2011,RE van der Merwe,14.0,16.0,1.0,4,1.0,5.0,94.0,90.0,5.0,152.0,14.0,87.5,0.062,0.312,15.0,6.267,0.056,0,Finishers / All-Rounders
2011,B Akhil,13.0,9.0,1.0,1,1.0,3.0,22.0,13.0,0.0,14.0,13.0,144.444,0.111,0.333,2.1666666666666665,10.154,0.0,1,Finishers / All-Rounders
2011,S Aravind,13.0,10.0,0.0,13,2.0,1.0,377.0,287.0,21.0,592.0,13.0,130.0,0.2,0.1,47.833333333333336,7.882,0.073,0,Finishers / All-Rounders
2011,M Kartik,12.0,15.0,1.0,6,1.0,5.0,170.0,129.0,1.0,58.0,12.0,80.0,0.067,0.333,21.5,7.907,0.008,0,Finishers / All-Rounders
2011,DJ Bravo,11.0,6.0,1.0,6,2.0,3.0,159.0,129.0,6.0,183.0,11.0,183.333,0.333,0.5,21.5,7.395,0.047,3,Finishers / All-Rounders
2011,RR Powar,11.0,13.0,2.0,5,0.0,5.0,112.0,72.0,2.0,73.0,5.5,84.615,0.0,0.385,12.0,9.333,0.028,1,Finishers / All-Rounders
2011,AA Jhunjhunwala,10.0,19.0,2.0,3,2.0,12.0,22.0,13.0,0.0,16.0,5.0,52.632,0.105,0.632,2.1666666666666665,10.154,0.0,1,Finishers / All-Rounders
2011,SK Warne,10.0,20.0,2.0,13,1.0,13.0,298.0,285.0,13.0,380.0,5.0,50.0,0.05,0.65,47.5,6.274,0.046,0,Finishers / All-Rounders
2011,SW Tait,10.0,10.0,1.0,4,1.0,3.0,137.0,102.0,6.0,173.0,10.0,100.0,0.1,0.3,17.0,8.059,0.059,0,Finishers / All-Rounders
2011,TD Paine,10.0,29.0,2.0,2,0.0,14.0,0.0,0.0,0.0,10.0,5.0,34.483,0.0,0.483,0.0,0.0,0.0,0,Finishers / All-Rounders
2011,SA Asnodkar,9.0,9.0,1.0,1,1.0,4.0,0.0,0.0,0.0,10.0,9.0,100.0,0.111,0.444,0.0,0.0,0.0,1,Finishers / All-Rounders
2011,SD Chitnis,9.0,9.0,1.0,1,1.0,3.0,0.0,0.0,0.0,10.0,9.0,100.0,0.111,0.333,0.0,0.0,0.0,1,Finishers / All-Rounders
2011,AB McDonald,8.0,7.0,1.0,1,0.0,2.0,23.0,12.0,0.0,8.0,8.0,114.286,0.0,0.286,2.0,11.5,0.0,1,Finishers / All-Rounders
2011,CK Langeveldt,8.0,8.0,1.0,3,1.0,5.0,92.0,70.0,5.0,142.0,8.0,100.0,0.125,0.625,11.666666666666666,7.886,0.071,0,Finishers / All-Rounders
2011,SL Malinga,8.0,9.0,2.0,16,1.0,6.0,393.0,395.0,28.0,765.0,4.0,88.889,0.111,0.667,65.83333333333333,5.97,0.071,3,Finishers / All-Rounders
2011,AB Agarkar,7.0,7.0,0.0,7,1.0,1.0,235.0,163.0,8.0,236.0,7.0,100.0,0.143,0.143,27.166666666666668,8.65,0.049,0,Finishers / All-Rounders
2011,I Malhotra,7.0,4.0,0.0,1,1.0,0.0,23.0,6.0,0.0,12.0,7.0,175.0,0.25,0.0,1.0,23.0,0.0,0,Finishers / All-Rounders
2011,KB Arun Karthik,7.0,8.0,2.0,2,1.0,3.0,0.0,0.0,0.0,8.0,3.5,87.5,0.125,0.375,0.0,0.0,0.0,1,Finishers / All-Rounders
2011,MV Boucher,6.0,6.0,1.0,2,0.0,1.0,0.0,0.0,0.0,10.0,6.0,100.0,0.0,0.167,0.0,0.0,0.0,1,Finishers / All-Rounders
2011,B Lee,5.0,9.0,2.0,12,0.0,4.0,348.0,281.0,5.0,170.0,2.5,55.556,0.0,0.444,46.833333333333336,7.431,0.018,0,Finishers / All-Rounders
2011,M Muralitharan,5.0,8.0,0.0,5,0.0,2.0,145.0,117.0,2.0,75.0,5.0,62.5,0.0,0.25,19.5,7.436,0.017,3,Finishers / All-Rounders
2011,PR Shah,5.0,5.0,1.0,1,1.0,3.0,0.0,0.0,0.0,6.0,5.0,100.0,0.2,0.6,0.0,0.0,0.0,1,Finishers / All-Rounders
2011,SB Styris,5.0,2.0,0.0,2,1.0,0.0,13.0,6.0,0.0,14.0,5.0,250.0,0.5,0.0,1.0,13.0,0.0,1,Finishers / All-Rounders
2011,I Sharma,4.0,5.0,0.0,12,0.0,1.0,324.0,275.0,11.0,327.0,4.0,80.0,0.0,0.2,45.833333333333336,7.069,0.04,3,Finishers / All-Rounders
2011,L Balaji,4.0,2.0,0.0,14,0.0,0.0,382.0,279.0,10.0,310.0,4.0,200.0,0.0,0.0,46.5,8.215,0.036,3,Finishers / All-Rounders
2011,S Sriram,4.0,7.0,1.0,1,0.0,4.0,25.0,6.0,0.0,4.0,4.0,57.143,0.0,0.571,1.0,25.0,0.0,0,Finishers / All-Rounders
2011,SJ Srivastava,4.0,3.0,0.0,6,0.0,0.0,186.0,127.0,8.0,228.0,4.0,133.333,0.0,0.0,21.166666666666668,8.787,0.063,0,Finishers / All-Rounders
2011,JE Taylor,3.0,4.0,0.0,5,0.0,1.0,167.0,122.0,6.0,173.0,3.0,75.0,0.0,0.25,20.333333333333332,8.213,0.049,0,Finishers / All-Rounders
2011,R Ninan,3.0,6.0,1.0,2,0.0,2.0,65.0,36.0,3.0,82.0,3.0,50.0,0.0,0.333,6.0,10.833,0.083,0,Finishers / All-Rounders
2011,AG Murtaza,2.0,5.0,0.0,5,0.0,3.0,122.0,120.0,3.0,97.0,2.0,40.0,0.0,0.6,20.0,6.1,0.025,0,Finishers / All-Rounders
2011,DS Kulkarni,2.0,4.0,1.0,6,0.0,2.0,155.0,125.0,5.0,147.0,2.0,50.0,0.0,0.5,20.833333333333332,7.44,0.04,3,Finishers / All-Rounders
2011,R Ashwin,2.0,6.0,2.0,16,0.0,4.0,397.0,384.0,20.0,558.0,1.0,33.333,0.0,0.667,64.0,6.203,0.052,3,Finishers / All-Rounders
2011,RP Singh,2.0,4.0,2.0,14,0.0,1.0,364.0,312.0,13.0,375.0,1.0,50.0,0.0,0.25,52.0,7.0,0.042,3,Finishers / All-Rounders
2011,S Randiv,2.0,4.0,1.0,8,0.0,3.0,222.0,178.0,6.0,180.0,2.0,50.0,0.0,0.75,29.666666666666668,7.483,0.034,0,Finishers / All-Rounders
2011,SB Wagh,2.0,3.0,2.0,7,0.0,2.0,131.0,102.0,4.0,122.0,1.0,66.667,0.0,0.667,17.0,7.706,0.039,0,Finishers / All-Rounders
2011,UBT Chand,2.0,12.0,2.0,2,0.0,9.0,0.0,0.0,0.0,2.0,1.0,16.667,0.0,0.75,0.0,0.0,0.0,1,Finishers / All-Rounders
2011,A Singh,1.0,4.0,2.0,9,0.0,3.0,222.0,174.0,9.0,254.0,0.5,25.0,0.0,0.75,29.0,7.655,0.052,0,Finishers / All-Rounders
2011,AA Chavan,1.0,3.0,0.0,2,0.0,2.0,31.0,30.0,0.0,9.0,1.0,33.333,0.0,0.667,5.0,6.2,0.0,0,Finishers / All-Rounders
2011,AC Thomas,1.0,4.0,0.0,11,0.0,3.0,300.0,240.0,11.0,320.0,1.0,25.0,0.0,0.75,40.0,7.5,0.046,0,Finishers / All-Rounders
2011,B Kumar,1.0,1.0,0.0,4,0.0,0.0,68.0,67.0,3.0,92.0,1.0,100.0,0.0,0.0,11.166666666666666,6.09,0.045,3,Finishers / All-Rounders
2011,NJ Rimmington,1.0,1.0,0.0,1,0.0,0.0,20.0,18.0,0.0,5.0,1.0,100.0,0.0,0.0,3.0,6.667,0.0,0,Finishers / All-Rounders
2011,P Parameswaran,1.0,1.0,0.0,5,0.0,0.0,137.0,97.0,4.0,121.0,1.0,100.0,0.0,0.0,16.166666666666668,8.474,0.041,0,Finishers / All-Rounders
2011,S Sreesanth,1.0,9.0,1.0,9,0.0,7.0,212.0,206.0,7.0,208.0,1.0,11.111,0.0,0.778,34.333333333333336,6.175,0.034,0,Finishers / All-Rounders
2011,UT Yadav,1.0,6.0,1.0,6,0.0,4.0,171.0,112.0,2.0,71.0,1.0,16.667,0.0,0.667,18.666666666666668,9.161,0.018,3,Finishers / All-Rounders
2011,AA Kazi,0.0,0.0,0.0,1,0.0,0.0,21.0,12.0,0.0,4.0,0.0,0.0,0.0,0.0,2.0,10.5,0.0,0,Finishers / All-Rounders
2011,AB Dinda,0.0,5.0,1.0,5,0.0,5.0,159.0,107.0,5.0,141.0,0.0,0.0,0.0,1.0,17.833333333333332,8.916,0.047,3,Finishers / All-Rounders
2011,AM Salvi,0.0,0.0,0.0,2,0.0,0.0,67.0,50.0,3.0,83.0,0.0,0.0,0.0,0.0,8.333333333333334,8.04,0.06,0,Finishers / All-Rounders
2011,Anand Rajan,0.0,0.0,0.0,2,0.0,0.0,49.0,33.0,3.0,83.0,0.0,0.0,0.0,0.0,5.5,8.909,0.091,0,Finishers / All-Rounders
2011,BA Bhatt,0.0,5.0,0.0,8,0.0,5.0,233.0,172.0,9.0,257.0,0.0,0.0,0.0,1.0,28.666666666666668,8.128,0.052,0,Finishers / All-Rounders
2011,DE Bollinger,0.0,1.0,0.0,13,0.0,1.0,342.0,291.0,17.0,477.0,0.0,0.0,0.0,1.0,48.5,7.052,0.058,0,Finishers / All-Rounders
2011,DP Nannes,0.0,0.0,0.0,2,0.0,0.0,31.0,25.0,2.0,58.0,0.0,0.0,0.0,0.0,4.166666666666667,7.44,0.08,0,Finishers / All-Rounders
2011,Harmeet Singh,0.0,0.0,0.0,2,0.0,0.0,53.0,44.0,3.0,83.0,0.0,0.0,0.0,0.0,7.333333333333333,7.227,0.068,0,Finishers / All-Rounders
2011,JD Unadkat,0.0,0.0,0.0,6,0.0,0.0,151.0,111.0,6.0,174.0,0.0,0.0,0.0,0.0,18.5,8.162,0.054,3,Finishers / All-Rounders
2011,JDP Oram,0.0,3.0,1.0,2,0.0,3.0,46.0,24.0,1.0,29.0,0.0,0.0,0.0,1.0,4.0,11.5,0.042,0,Finishers / All-Rounders
2011,JP Faulkner,0.0,0.0,0.0,1,0.0,0.0,10.0,12.0,1.0,29.0,0.0,0.0,0.0,0.0,2.0,5.0,0.083,3,Finishers / All-Rounders
2011,Joginder Sharma,0.0,1.0,1.0,1,0.0,1.0,34.0,20.0,0.0,0.0,0.0,0.0,0.0,1.0,3.3333333333333335,10.2,0.0,0,Finishers / All-Rounders
2011,KMDN Kulasekara,0.0,0.0,0.0,1,0.0,0.0,26.0,19.0,1.0,29.0,0.0,0.0,0.0,0.0,3.1666666666666665,8.211,0.053,0,Finishers / All-Rounders
2011,Kamran Khan,0.0,0.0,0.0,1,0.0,0.0,47.0,18.0,0.0,4.0,0.0,0.0,0.0,0.0,3.0,15.667,0.0,0,Finishers / All-Rounders
2011,L Ablish,0.0,2.0,0.0,1,0.0,2.0,39.0,18.0,0.0,4.0,0.0,0.0,0.0,1.0,3.0,13.0,0.0,0,Finishers / All-Rounders
2011,MJ Lumb,0.0,2.0,1.0,1,0.0,2.0,0.0,0.0,0.0,0.0,0.0,0.0,0.0,1.0,0.0,0.0,0.0,1,Finishers / All-Rounders
2011,MM Patel,0.0,1.0,1.0,15,0.0,1.0,377.0,329.0,22.0,606.0,0.0,0.0,0.0,1.0,54.833333333333336,6.875,0.067,3,Finishers / All-Rounders
2011,MS Gony,0.0,2.0,1.0,3,0.0,1.0,86.0,55.0,4.0,108.0,0.0,0.0,0.0,0.5,9.166666666666666,9.382,0.073,0,Finishers / All-Rounders
2011,ND Doshi,0.0,13.0,1.0,3,0.0,13.0,62.0,32.0,1.0,33.0,0.0,0.0,0.0,1.0,5.333333333333333,11.625,0.031,0,Finishers / All-Rounders
2011,P Prasanth,0.0,0.0,0.0,1,0.0,0.0,18.0,6.0,0.0,4.0,0.0,0.0,0.0,0.0,1.0,18.0,0.0,0,Finishers / All-Rounders
2011,PP Ojha,0.0,0.0,0.0,10,0.0,0.0,279.0,222.0,10.0,290.0,0.0,0.0,0.0,0.0,37.0,7.541,0.045,3,Finishers / All-Rounders
2011,Pankaj Singh,0.0,0.0,0.0,1,0.0,0.0,24.0,12.0,0.0,4.0,0.0,0.0,0.0,0.0,2.0,12.0,0.0,0,Finishers / All-Rounders
2011,RW Price,0.0,0.0,0.0,1,0.0,0.0,33.0,18.0,0.0,4.0,0.0,0.0,0.0,0.0,3.0,11.0,0.0,0,Finishers / All-Rounders
2011,S Ladda,0.0,0.0,0.0,2,0.0,0.0,42.0,25.0,0.0,8.0,0.0,0.0,0.0,0.0,4.166666666666667,10.08,0.0,0,Finishers / All-Rounders
2011,S Nadeem,0.0,1.0,1.0,5,0.0,1.0,145.0,115.0,4.0,116.0,0.0,0.0,0.0,1.0,19.166666666666668,7.565,0.035,3,Finishers / All-Rounders
2011,SB Jakati,0.0,0.0,0.0,14,0.0,0.0,338.0,269.0,10.0,306.0,0.0,0.0,0.0,0.0,44.833333333333336,7.539,0.037,0,Finishers / All-Rounders
2011,SK Trivedi,0.0,2.0,1.0,12,0.0,2.0,306.0,221.0,10.0,294.0,0.0,0.0,0.0,1.0,36.833333333333336,8.308,0.045,3,Finishers / All-Rounders
2011,SS Mundhe,0.0,0.0,0.0,1,0.0,0.0,6.0,7.0,1.0,29.0,0.0,0.0,0.0,0.0,1.1666666666666667,5.143,0.143,0,Finishers / All-Rounders
2011,TG Southee,0.0,0.0,0.0,5,0.0,0.0,167.0,119.0,4.0,120.0,0.0,0.0,0.0,0.0,19.833333333333332,8.42,0.034,3,Finishers / All-Rounders
2011,VR Aaron,0.0,5.0,0.0,3,0.0,5.0,83.0,77.0,2.0,62.0,0.0,0.0,0.0,1.0,12.833333333333334,6.468,0.026,0,Finishers / All-Rounders
2011,VS Malik,0.0,0.0,0.0,1,0.0,0.0,14.0,12.0,0.0,4.0,0.0,0.0,0.0,0.0,2.0,7.0,0.0,0,Finishers / All-Rounders
2012,CH Gayle,733.0,472.0,12.0,14,105.0,168.0,67.0,30.0,0.0,846.0,61.083,155.297,0.222,0.356,5.0,13.4,0.0,2,Power Hitters
2012,G Gambhir,590.0,429.0,14.0,17,81.0,126.0,0.0,0.0,0.0,683.0,42.143,137.529,0.189,0.294,0.0,0.0,0.0,2,Power Hitters
2012,S Dhawan,569.0,448.0,13.0,15,76.0,159.0,60.0,37.0,3.0,728.0,43.769,127.009,0.17,0.355,6.166666666666667,9.73,0.081,2,Power Hitters
2012,AM Rahane,560.0,448.0,14.0,16,83.0,156.0,0.0,0.0,0.0,651.0,40.0,125.0,0.185,0.348,0.0,0.0,0.0,2,Power Hitters
2012,V Sehwag,495.0,317.0,16.0,16,76.0,89.0,45.0,24.0,0.0,571.0,30.938,156.151,0.24,0.281,4.0,11.25,0.0,2,Power Hitters
2012,CL White,479.0,327.0,12.0,13,61.0,87.0,27.0,20.0,0.0,548.0,39.917,146.483,0.187,0.266,3.3333333333333335,8.1,0.0,1,Finishers / All-Rounders
2012,R Dravid,462.0,424.0,16.0,16,67.0,179.0,0.0,0.0,0.0,529.0,28.875,108.962,0.158,0.422,0.0,0.0,0.0,2,Power Hitters
2012,SK Raina,441.0,335.0,17.0,18,55.0,109.0,106.0,85.0,2.0,550.0,25.941,131.642,0.164,0.325,14.166666666666666,7.482,0.024,2,Power Hitters
2012,RG Sharma,433.0,350.0,14.0,16,57.0,125.0,16.0,6.0,0.0,498.0,30.929,123.714,0.163,0.357,1.0,16.0,0.0,2,Power Hitters
2012,Mandeep Singh,432.0,349.0,18.0,16,60.0,128.0,0.0,0.0,0.0,492.0,24.0,123.782,0.172,0.367,0.0,0.0,0.0,2,Power Hitters
2012,JH Kallis,409.0,393.0,17.0,17,44.0,138.0,410.0,335.0,15.0,832.0,24.059,104.071,0.112,0.351,55.833333333333336,7.343,0.045,2,Power Hitters
2012,RV Uthappa,405.0,357.0,14.0,16,48.0,126.0,0.0,0.0,0.0,461.0,28.929,113.445,0.134,0.353,0.0,0.0,0.0,2,Power Hitters
2012,F du Plessis,398.0,310.0,11.0,12,46.0,104.0,16.0,6.0,0.0,452.0,36.182,128.387,0.148,0.335,1.0,16.0,0.0,2,Power Hitters
2012,DJ Hussey,396.0,313.0,12.0,15,45.0,101.0,67.0,55.0,3.0,532.0,33.0,126.518,0.144,0.323,9.166666666666666,7.309,0.055,1,Finishers / All-Rounders
2012,DJ Bravo,371.0,271.0,8.0,18,40.0,82.0,470.0,358.0,15.0,826.0,46.375,136.9,0.148,0.303,59.666666666666664,7.877,0.042,3,Finishers / All-Rounders
2012,V Kohli,364.0,333.0,12.0,15,43.0,126.0,49.0,18.0,0.0,419.0,30.333,109.309,0.129,0.378,3.0,16.333,0.0,2,Power Hitters
2012,SPD Smith,362.0,272.0,10.0,14,38.0,64.0,5.0,2.0,0.0,416.0,36.2,133.088,0.14,0.235,0.3333333333333333,15.0,0.0,2,Power Hitters
2012,MS Dhoni,358.0,283.0,11.0,17,35.0,78.0,0.0,0.0,0.0,417.0,32.545,126.502,0.124,0.276,0.0,0.0,0.0,2,Power Hitters
2012,OA Shah,340.0,269.0,7.0,13,40.0,84.0,0.0,0.0,0.0,404.0,48.571,126.394,0.149,0.312,0.0,0.0,0.0,1,Finishers / All-Rounders
2012,M Vijay,336.0,273.0,14.0,13,49.0,116.0,0.0,0.0,0.0,389.0,24.0,123.077,0.179,0.425,0.0,0.0,0.0,2,Power Hitters
2012,SE Marsh,336.0,288.0,10.0,13,46.0,108.0,0.0,0.0,0.0,394.0,33.6,116.667,0.16,0.375,0.0,0.0,0.0,2,Power Hitters
2012,DPMD Jayawardene,335.0,306.0,10.0,15,42.0,110.0,0.0,0.0,0.0,397.0,33.5,109.477,0.137,0.359,0.0,0.0,0.0,1,Finishers / All-Rounders
2012,AT Rayudu,333.0,261.0,9.0,15,35.0,72.0,0.0,0.0,0.0,392.0,37.0,127.586,0.134,0.276,0.0,0.0,0.0,2,Power Hitters
2012,SR Tendulkar,324.0,297.0,12.0,13,43.0,111.0,0.0,0.0,0.0,371.0,27.0,109.091,0.145,0.374,0.0,0.0,0.0,2,Power Hitters
2012,AB de Villiers,319.0,203.0,8.0,13,41.0,49.0,0.0,0.0,0.0,380.0,39.875,157.143,0.202,0.241,0.0,0.0,0.0,2,Power Hitters
2012,KP Pietersen,305.0,210.0,6.0,8,42.0,77.0,53.0,39.0,0.0,355.0,50.833,145.238,0.2,0.367,6.5,8.154,0.0,1,Finishers / All-Rounders
2012,BB McCullum,289.0,287.0,13.0,12,40.0,126.0,0.0,0.0,0.0,329.0,22.231,100.697,0.139,0.439,0.0,0.0,0.0,2,Power Hitters
2012,TM Dilshan,285.0,274.0,8.0,9,38.0,105.0,78.0,44.0,0.0,331.0,35.625,104.015,0.139,0.383,7.333333333333333,10.636,0.0,1,Finishers / All-Rounders
2012,SC Ganguly,268.0,288.0,14.0,15,34.0,116.0,96.0,60.0,2.0,356.0,19.143,93.056,0.118,0.403,10.0,9.6,0.033,1,Finishers / All-Rounders
2012,MEK Hussey,261.0,241.0,8.0,8,36.0,108.0,0.0,0.0,0.0,297.0,32.625,108.299,0.149,0.448,0.0,0.0,0.0,2,Power Hitters
2012,MK Tiwary,260.0,251.0,10.0,15,24.0,84.0,0.0,0.0,0.0,304.0,26.0,103.586,0.096,0.335,0.0,0.0,0.0,2,Power Hitters
2012,DA Warner,256.0,161.0,7.0,8,42.0,64.0,0.0,0.0,0.0,302.0,36.571,159.006,0.261,0.398,0.0,0.0,0.0,2,Power Hitters
2012,JD Ryder,256.0,216.0,11.0,11,31.0,74.0,74.0,43.0,1.0,316.0,23.273,118.519,0.144,0.343,7.166666666666667,10.326,0.023,1,Finishers / All-Rounders
2012,NV Ojha,255.0,230.0,11.0,16,34.0,106.0,0.0,0.0,0.0,309.0,23.182,110.87,0.148,0.461,0.0,0.0,0.0,1,Finishers / All-Rounders
2012,SR Watson,255.0,171.0,6.0,7,40.0,65.0,165.0,144.0,6.0,449.0,42.5,149.123,0.234,0.38,24.0,6.875,0.042,2,Power Hitters
2012,BJ Hodge,245.0,180.0,8.0,12,27.0,47.0,22.0,12.0,1.0,313.0,30.625,136.111,0.15,0.261,2.0,11.0,0.083,1,Finishers / All-Rounders
2012,JP Duminy,244.0,195.0,3.0,9,24.0,55.0,104.0,78.0,1.0,317.0,81.333,125.128,0.123,0.282,13.0,8.0,0.013,2,Power Hitters
2012,KD Karthik,238.0,217.0,15.0,14,32.0,84.0,0.0,0.0,0.0,270.0,15.867,109.677,0.147,0.387,0.0,0.0,0.0,2,Power Hitters
2012,MA Agarwal,225.0,164.0,11.0,12,34.0,68.0,0.0,0.0,0.0,263.0,20.455,137.195,0.207,0.415,0.0,0.0,0.0,2,Power Hitters
2012,AL Menaria,220.0,207.0,11.0,12,22.0,77.0,23.0,20.0,1.0,271.0,20.0,106.28,0.106,0.372,3.3333333333333335,6.9,0.05,1,Finishers / All-Rounders
2012,JEC Franklin,220.0,229.0,9.0,12,22.0,89.0,126.0,92.0,6.0,404.0,24.444,96.07,0.096,0.389,15.333333333333334,8.217,0.065,1,Finishers / All-Rounders
2012,KA Pollard,220.0,163.0,9.0,14,29.0,55.0,352.0,284.0,16.0,669.0,24.444,134.969,0.178,0.337,47.333333333333336,7.437,0.056,2,Power Hitters
2012,MS Bisla,213.0,171.0,7.0,7,26.0,53.0,0.0,0.0,0.0,239.0,30.429,124.561,0.152,0.31,0.0,0.0,0.0,1,Finishers / All-Rounders
2012,KC Sangakkara,200.0,190.0,11.0,12,25.0,68.0,0.0,0.0,0.0,229.0,18.182,105.263,0.132,0.358,0.0,0.0,0.0,1,Finishers / All-Rounders
2012,LRPL Taylor,197.0,177.0,11.0,12,19.0,57.0,0.0,0.0,0.0,228.0,17.909,111.299,0.107,0.322,0.0,0.0,0.0,1,Finishers / All-Rounders
2012,S Badrinath,196.0,188.0,8.0,9,25.0,74.0,0.0,0.0,0.0,229.0,24.5,104.255,0.133,0.394,0.0,0.0,0.0,1,Finishers / All-Rounders
2012,PA Patel,194.0,166.0,12.0,12,23.0,53.0,0.0,0.0,0.0,221.0,16.167,116.867,0.139,0.319,0.0,0.0,0.0,2,Power Hitters
2012,YK Pathan,194.0,179.0,11.0,17,17.0,50.0,184.0,136.0,3.0,310.0,17.636,108.38,0.095,0.279,22.666666666666668,8.118,0.022,2,Power Hitters
2012,RA Jadeja,191.0,153.0,12.0,16,22.0,49.0,278.0,216.0,12.0,529.0,15.917,124.837,0.144,0.32,36.0,7.722,0.056,3,Finishers / All-Rounders
2012,SS Tiwary,191.0,173.0,9.0,11,17.0,58.0,0.0,0.0,0.0,216.0,21.222,110.405,0.098,0.335,0.0,0.0,0.0,1,Finishers / All-Rounders
2012,Azhar Mahmood,186.0,145.0,8.0,11,24.0,50.0,331.0,265.0,14.0,572.0,23.25,128.276,0.166,0.345,44.166666666666664,7.494,0.053,1,Finishers / All-Rounders
2012,IK Pathan,176.0,133.0,7.0,17,20.0,30.0,476.0,364.0,8.0,436.0,25.143,132.331,0.15,0.226,60.666666666666664,7.846,0.022,3,Finishers / All-Rounders
2012,AC Gilchrist,172.0,147.0,4.0,7,25.0,59.0,0.0,0.0,0.0,209.0,43.0,117.007,0.17,0.401,0.0,0.0,0.0,2,Power Hitters
2012,DR Smith,157.0,102.0,4.0,7,25.0,34.0,98.0,78.0,2.0,244.0,39.25,153.922,0.245,0.333,13.0,7.538,0.026,2,Power Hitters
2012,Y Nagar,153.0,134.0,5.0,8,16.0,41.0,10.0,7.0,0.0,181.0,30.6,114.179,0.119,0.306,1.1666666666666667,8.571,0.0,1,Finishers / All-Rounders
2012,DT Christian,145.0,122.0,5.0,7,14.0,31.0,240.0,168.0,8.0,367.0,29.0,118.852,0.115,0.254,28.0,8.571,0.048,0,Finishers / All-Rounders
2012,MK Pandey,143.0,115.0,7.0,9,18.0,43.0,0.0,0.0,0.0,169.0,20.429,124.348,0.157,0.374,0.0,0.0,0.0,2,Power Hitters
2012,N Saini,140.0,143.0,11.0,10,16.0,63.0,0.0,0.0,0.0,156.0,12.727,97.902,0.112,0.441,0.0,0.0,0.0,1,Finishers / All-Rounders
2012,Y Venugopal Rao,132.0,129.0,5.0,7,13.0,47.0,26.0,12.0,0.0,153.0,26.4,102.326,0.101,0.364,2.0,13.0,0.0,1,Finishers / All-Rounders
2012,AD Mathews,127.0,110.0,7.0,9,9.0,28.0,195.0,158.0,7.0,323.0,18.143,115.455,0.082,0.255,26.333333333333332,7.405,0.044,1,Finishers / All-Rounders
2012,DB Das,126.0,96.0,1.0,10,15.0,28.0,0.0,0.0,0.0,177.0,126.0,131.25,0.156,0.292,0.0,0.0,0.0,1,Finishers / All-Rounders
2012,MN Samuels,124.0,124.0,7.0,8,12.0,45.0,217.0,175.0,8.0,344.0,17.714,100.0,0.097,0.363,29.166666666666668,7.44,0.046,0,Finishers / All-Rounders
2012,M Manhas,120.0,99.0,4.0,7,14.0,32.0,0.0,0.0,0.0,146.0,30.0,121.212,0.141,0.323,0.0,0.0,0.0,1,Finishers / All-Rounders
2012,DJ Harris,111.0,103.0,3.0,4,16.0,48.0,26.0,18.0,0.0,131.0,37.0,107.767,0.155,0.466,3.0,8.667,0.0,1,Finishers / All-Rounders
2012,Harbhajan Singh,108.0,82.0,9.0,17,17.0,30.0,389.0,335.0,6.0,307.0,12.0,131.707,0.207,0.366,55.833333333333336,6.967,0.018,3,Finishers / All-Rounders
2012,JA Morkel,107.0,71.0,7.0,15,11.0,15.0,392.0,315.0,13.0,475.0,15.286,150.704,0.155,0.211,52.5,7.467,0.041,3,Finishers / All-Rounders
2012,PP Chawla,106.0,88.0,8.0,16,13.0,32.0,423.0,344.0,16.0,551.0,13.25,120.455,0.148,0.364,57.333333333333336,7.378,0.047,3,Finishers / All-Rounders
2012,DA Miller,98.0,76.0,2.0,6,10.0,19.0,0.0,0.0,0.0,124.0,49.0,128.947,0.132,0.25,0.0,0.0,0.0,2,Power Hitters
2012,MJ Clarke,98.0,96.0,6.0,6,12.0,38.0,72.0,65.0,2.0,160.0,16.333,102.083,0.125,0.396,10.833333333333334,6.646,0.031,1,Finishers / All-Rounders
2012,Shakib Al Hasan,91.0,77.0,6.0,8,9.0,19.0,203.0,185.0,12.0,408.0,15.167,118.182,0.117,0.247,30.833333333333332,6.584,0.065,3,Finishers / All-Rounders
2012,STR Binny,90.0,70.0,4.0,8,12.0,24.0,78.0,60.0,3.0,193.0,22.5,128.571,0.171,0.343,10.0,7.8,0.05,1,Finishers / All-Rounders
2012,AP Majumdar,87.0,77.0,4.0,4,9.0,25.0,0.0,0.0,0.0,96.0,21.75,112.987,0.117,0.325,0.0,0.0,0.0,1,Finishers / All-Rounders
2012,Gurkeerat Singh,86.0,54.0,3.0,4,14.0,13.0,0.0,0.0,0.0,104.0,28.667,159.259,0.259,0.241,0.0,0.0,0.0,1,Finishers / All-Rounders
2012,RE Levi,83.0,74.0,6.0,6,14.0,36.0,0.0,0.0,0.0,97.0,13.833,112.162,0.189,0.486,0.0,0.0,0.0,1,Finishers / All-Rounders
2012,HH Gibbs,81.0,91.0,2.0,3,10.0,46.0,0.0,0.0,0.0,95.0,40.5,89.011,0.11,0.505,0.0,0.0,0.0,1,Finishers / All-Rounders
2012,LR Shukla,75.0,57.0,7.0,9,9.0,23.0,12.0,12.0,1.0,121.0,10.714,131.579,0.158,0.404,2.0,6.0,0.083,1,Finishers / All-Rounders
2012,PA Reddy,73.0,63.0,3.0,3,8.0,21.0,0.0,0.0,0.0,81.0,24.333,115.873,0.127,0.333,0.0,0.0,0.0,1,Finishers / All-Rounders
2012,Bipul Sharma,72.0,47.0,2.0,4,9.0,12.0,82.0,48.0,0.0,89.0,36.0,153.191,0.191,0.255,8.0,10.25,0.0,1,Finishers / All-Rounders
2012,SP Goswami,69.0,69.0,6.0,6,5.0,19.0,0.0,0.0,0.0,78.0,11.5,100.0,0.072,0.275,0.0,0.0,0.0,1,Finishers / All-Rounders
2012,R Vinay Kumar,68.0,65.0,5.0,14,5.0,19.0,486.0,344.0,19.0,584.0,13.6,104.615,0.077,0.292,57.333333333333336,8.477,0.055,3,Finishers / All-Rounders
2012,SD Chitnis,66.0,64.0,3.0,4,8.0,25.0,0.0,0.0,0.0,78.0,22.0,103.125,0.125,0.391,0.0,0.0,0.0,1,Finishers / All-Rounders
2012,J Botha,58.0,55.0,4.0,11,5.0,18.0,304.0,251.0,9.0,316.0,14.5,105.455,0.091,0.327,41.833333333333336,7.267,0.036,1,Finishers / All-Rounders
2012,AJ Finch,55.0,52.0,2.0,2,8.0,21.0,0.0,0.0,0.0,63.0,27.5,105.769,0.154,0.404,0.0,0.0,0.0,2,Power Hitters
2012,SL Malinga,55.0,55.0,5.0,14,7.0,23.0,354.0,348.0,22.0,648.0,11.0,100.0,0.127,0.418,58.0,6.103,0.063,3,Finishers / All-Rounders
2012,CJ Ferguson,50.0,63.0,4.0,4,3.0,29.0,0.0,0.0,0.0,53.0,12.5,79.365,0.048,0.46,0.0,0.0,0.0,1,Finishers / All-Rounders
2012,AB McDonald,47.0,36.0,2.0,3,8.0,14.0,63.0,61.0,5.0,184.0,23.5,130.556,0.222,0.389,10.166666666666666,6.197,0.082,1,Finishers / All-Rounders
2012,AD Russell,47.0,27.0,2.0,4,6.0,5.0,162.0,98.0,1.0,86.0,23.5,174.074,0.222,0.185,16.333333333333332,9.918,0.01,3,Finishers / All-Rounders
2012,AM Nayar,45.0,49.0,2.0,4,3.0,15.0,16.0,6.0,0.0,56.0,22.5,91.837,0.061,0.306,1.0,16.0,0.0,1,Finishers / All-Rounders
2012,B Lee,42.0,21.0,2.0,10,6.0,5.0,303.0,234.0,7.0,255.0,21.0,200.0,0.286,0.238,39.0,7.769,0.03,0,Finishers / All-Rounders
2012,B Kumar,40.0,41.0,3.0,11,4.0,15.0,293.0,239.0,8.0,276.0,13.333,97.561,0.098,0.366,39.833333333333336,7.356,0.033,3,Finishers / All-Rounders
2012,KK Cooper,38.0,20.0,2.0,6,6.0,7.0,187.0,149.0,10.0,310.0,19.0,190.0,0.3,0.35,24.833333333333332,7.53,0.067,0,Finishers / All-Rounders
2012,B Chipli,37.0,35.0,3.0,4,5.0,18.0,0.0,0.0,0.0,46.0,12.333,105.714,0.143,0.514,0.0,0.0,0.0,0,Finishers / All-Rounders
2012,P Negi,36.0,30.0,2.0,7,5.0,11.0,153.0,133.0,7.0,236.0,18.0,120.0,0.167,0.367,22.166666666666668,6.902,0.053,0,Finishers / All-Rounders
2012,UBT Chand,36.0,35.0,2.0,2,5.0,20.0,0.0,0.0,0.0,41.0,18.0,102.857,0.143,0.571,0.0,0.0,0.0,1,Finishers / All-Rounders
2012,A Ashish Reddy,35.0,30.0,4.0,9,4.0,11.0,238.0,169.0,11.0,334.0,8.75,116.667,0.133,0.367,28.166666666666668,8.45,0.065,1,Finishers / All-Rounders
2012,P Kumar,35.0,32.0,2.0,16,3.0,11.0,445.0,392.0,9.0,319.0,17.5,109.375,0.094,0.344,65.33333333333333,6.811,0.023,3,Finishers / All-Rounders
2012,R Bhatia,35.0,30.0,3.0,17,4.0,7.0,398.0,319.0,13.0,420.0,11.667,116.667,0.133,0.233,53.166666666666664,7.486,0.041,3,Finishers / All-Rounders
2012,RJ Peterson,32.0,32.0,3.0,5,4.0,11.0,70.0,48.0,3.0,119.0,10.667,100.0,0.125,0.344,8.0,8.75,0.062,0,Finishers / All-Rounders
2012,DL Vettori,31.0,28.0,3.0,9,4.0,8.0,240.0,211.0,5.0,184.0,10.333,110.714,0.143,0.286,35.166666666666664,6.825,0.024,0,Finishers / All-Rounders
2012,PC Valthaty,30.0,52.0,6.0,6,4.0,34.0,16.0,6.0,0.0,34.0,5.0,57.692,0.077,0.654,1.0,16.0,0.0,1,Finishers / All-Rounders
2012,M Kartik,26.0,21.0,1.0,11,2.0,4.0,267.0,225.0,4.0,168.0,26.0,123.81,0.095,0.19,37.5,7.12,0.018,0,Finishers / All-Rounders
2012,DH Yagnik,25.0,14.0,1.0,3,5.0,4.0,0.0,0.0,0.0,38.0,25.0,178.571,0.357,0.286,0.0,0.0,0.0,1,Finishers / All-Rounders
2012,AA Jhunjhunwala,24.0,27.0,2.0,4,2.0,12.0,39.0,36.0,1.0,59.0,12.0,88.889,0.074,0.444,6.0,6.5,0.028,1,Finishers / All-Rounders
2012,RN ten Doeschate,21.0,21.0,2.0,3,2.0,8.0,24.0,21.0,1.0,52.0,10.5,100.0,0.095,0.381,3.5,6.857,0.048,1,Finishers / All-Rounders
2012,AC Thomas,19.0,15.0,2.0,4,2.0,5.0,116.0,85.0,3.0,104.0,9.5,126.667,0.133,0.333,14.166666666666666,8.188,0.035,0,Finishers / All-Rounders
2012,DW Steyn,19.0,21.0,5.0,12,1.0,11.0,290.0,289.0,18.0,498.0,3.8,90.476,0.048,0.524,48.166666666666664,6.021,0.062,3,Finishers / All-Rounders
2012,S Anirudha,19.0,9.0,0.0,2,3.0,0.0,0.0,0.0,0.0,30.0,19.0,211.111,0.333,0.0,0.0,0.0,0.0,1,Finishers / All-Rounders
2012,WD Parnell,19.0,29.0,4.0,6,2.0,12.0,132.0,128.0,5.0,154.0,4.75,65.517,0.069,0.414,21.333333333333332,6.188,0.039,0,Finishers / All-Rounders
2012,Ankit Sharma,18.0,13.0,3.0,9,2.0,5.0,167.0,147.0,4.0,144.0,6.0,138.462,0.154,0.385,24.5,6.816,0.027,0,Finishers / All-Rounders
2012,R Ashwin,18.0,15.0,3.0,18,2.0,4.0,437.0,397.0,14.0,430.0,6.0,120.0,0.133,0.267,66.16666666666667,6.605,0.035,3,Finishers / All-Rounders
2012,RJ Harris,18.0,11.0,1.0,5,2.0,3.0,136.0,109.0,8.0,236.0,18.0,163.636,0.182,0.273,18.166666666666668,7.486,0.073,0,Finishers / All-Rounders
2012,CA Pujara,17.0,23.0,3.0,3,2.0,15.0,0.0,0.0,0.0,19.0,5.667,73.913,0.087,0.652,0.0,0.0,0.0,1,Finishers / All-Rounders
2012,A Mishra,16.0,21.0,3.0,14,1.0,8.0,381.0,289.0,13.0,386.0,5.333,76.19,0.048,0.381,48.166666666666664,7.91,0.045,3,Finishers / All-Rounders
2012,GB Hogg,15.0,16.0,2.0,9,1.0,5.0,262.0,220.0,10.0,294.0,7.5,93.75,0.062,0.312,36.666666666666664,7.145,0.045,0,Finishers / All-Rounders
2012,HV Patel,15.0,17.0,2.0,11,1.0,3.0,352.0,249.0,9.0,277.0,7.5,88.235,0.059,0.176,41.5,8.482,0.036,3,Finishers / All-Rounders
2012,Harmeet Singh,15.0,7.0,1.0,7,3.0,2.0,196.0,141.0,7.0,217.0,15.0,214.286,0.429,0.286,23.5,8.34,0.05,0,Finishers / All-Rounders
2012,IR Jaggi,15.0,22.0,2.0,3,0.0,9.0,0.0,0.0,0.0,19.0,7.5,68.182,0.0,0.409,0.0,0.0,0.0,1,Finishers / All-Rounders
2012,P Dogra,15.0,25.0,5.0,3,0.0,11.0,0.0,0.0,0.0,15.0,3.0,60.0,0.0,0.44,0.0,0.0,0.0,1,Finishers / All-Rounders
2012,TL Suman,15.0,19.0,2.0,2,2.0,11.0,0.0,0.0,0.0,17.0,7.5,78.947,0.105,0.579,0.0,0.0,0.0,1,Finishers / All-Rounders
2012,AD Mascarenhas,14.0,16.0,3.0,4,1.0,7.0,110.0,97.0,7.0,194.0,4.667,87.5,0.062,0.438,16.166666666666668,6.804,0.072,0,Finishers / All-Rounders
2012,JP Faulkner,14.0,14.0,1.0,2,0.0,2.0,74.0,49.0,3.0,93.0,14.0,100.0,0.0,0.143,8.166666666666666,9.061,0.061,3,Finishers / All-Rounders
2012,M Kaif,14.0,16.0,1.0,1,1.0,5.0,0.0,0.0,0.0,15.0,14.0,87.5,0.062,0.312,0.0,0.0,0.0,1,Finishers / All-Rounders
2012,S Aravind,14.0,8.0,0.0,1,3.0,3.0,48.0,18.0,0.0,21.0,14.0,175.0,0.375,0.375,3.0,16.0,0.0,0,Finishers / All-Rounders
2012,DAJ Bracewell,12.0,9.0,0.0,1,1.0,1.0,32.0,25.0,3.0,92.0,12.0,133.333,0.111,0.111,4.166666666666667,7.68,0.12,0,Finishers / All-Rounders
2012,Z Khan,12.0,17.0,2.0,15,1.0,9.0,466.0,366.0,17.0,490.0,6.0,70.588,0.059,0.529,61.0,7.639,0.046,3,Finishers / All-Rounders
2012,A Nehra,11.0,13.0,1.0,13,1.0,4.0,411.0,290.0,11.0,335.0,11.0,84.615,0.077,0.308,48.333333333333336,8.503,0.038,3,Finishers / All-Rounders
2012,AA Chavan,11.0,8.0,1.0,8,2.0,3.0,245.0,169.0,7.0,216.0,11.0,137.5,0.25,0.375,28.166666666666668,8.698,0.041,0,Finishers / All-Rounders
2012,K Upadhyay,11.0,8.0,0.0,1,1.0,3.0,33.0,24.0,0.0,16.0,11.0,137.5,0.125,0.375,4.0,8.25,0.0,1,Finishers / All-Rounders
2012,DS Kulkarni,10.0,5.0,0.0,2,2.0,1.0,64.0,53.0,6.0,170.0,10.0,200.0,0.4,0.2,8.833333333333334,7.245,0.113,3,Finishers / All-Rounders
2012,SP Narine,9.0,8.0,1.0,15,2.0,4.0,331.0,352.0,24.0,667.0,9.0,112.5,0.25,0.5,58.666666666666664,5.642,0.068,3,Finishers / All-Rounders
2012,CJ McKay,8.0,15.0,1.0,2,0.0,8.0,60.0,42.0,1.0,37.0,8.0,53.333,0.0,0.533,7.0,8.571,0.024,0,Finishers / All-Rounders
2012,J Theron,7.0,6.0,0.0,2,1.0,2.0,66.0,50.0,2.0,66.0,7.0,116.667,0.167,0.333,8.333333333333334,7.92,0.04,0,Finishers / All-Rounders
2012,SB Jakati,7.0,12.0,0.0,15,0.0,5.0,337.0,247.0,9.0,292.0,7.0,58.333,0.0,0.417,41.166666666666664,8.186,0.036,0,Finishers / All-Rounders
2012,AUK Pathan,6.0,8.0,1.0,2,0.0,3.0,14.0,6.0,0.0,10.0,6.0,75.0,0.0,0.375,1.0,14.0,0.0,1,Finishers / All-Rounders
2012,BA Bhatt,6.0,2.0,0.0,5,1.0,1.0,143.0,99.0,2.0,77.0,6.0,300.0,0.5,0.5,16.5,8.667,0.02,0,Finishers / All-Rounders
2012,CA Lynn,6.0,10.0,1.0,1,1.0,6.0,0.0,0.0,0.0,7.0,6.0,60.0,0.1,0.6,0.0,0.0,0.0,1,Finishers / All-Rounders
2012,GJ Maxwell,6.0,11.0,1.0,2,0.0,4.0,22.0,18.0,1.0,35.0,6.0,54.545,0.0,0.364,3.0,7.333,0.056,2,Power Hitters
2012,Harpreet Singh,6.0,6.0,1.0,1,0.0,1.0,0.0,0.0,0.0,6.0,6.0,100.0,0.0,0.167,0.0,0.0,0.0,1,Finishers / All-Rounders
2012,M Muralitharan,6.0,9.0,2.0,10,0.0,6.0,264.0,245.0,15.0,413.0,3.0,66.667,0.0,0.667,40.833333333333336,6.465,0.061,3,Finishers / All-Rounders
2012,RP Singh,6.0,12.0,2.0,11,0.0,6.0,327.0,259.0,10.0,292.0,3.0,50.0,0.0,0.5,43.166666666666664,7.575,0.039,3,Finishers / All-Rounders
2012,WP Saha,6.0,14.0,1.0,1,0.0,7.0,0.0,0.0,0.0,6.0,6.0,42.857,0.0,0.5,0.0,0.0,0.0,2,Power Hitters
2012,KMDN Kulasekara,5.0,3.0,0.0,4,1.0,0.0,95.0,87.0,4.0,122.0,5.0,166.667,0.333,0.0,14.5,6.552,0.046,0,Finishers / All-Rounders
2012,SK Trivedi,5.0,6.0,0.0,14,0.0,3.0,386.0,323.0,13.0,386.0,5.0,83.333,0.0,0.5,53.833333333333336,7.17,0.04,3,Finishers / All-Rounders
2012,DB Ravi Teja,4.0,4.0,2.0,2,1.0,3.0,0.0,0.0,0.0,5.0,2.0,100.0,0.25,0.75,0.0,0.0,0.0,1,Finishers / All-Rounders
2012,J Syed Mohammad,4.0,1.0,0.0,2,1.0,0.0,66.0,42.0,0.0,13.0,4.0,400.0,1.0,0.0,7.0,9.429,0.0,0,Finishers / All-Rounders
2012,MD Mishra,4.0,4.0,1.0,1,1.0,3.0,0.0,0.0,0.0,5.0,4.0,100.0,0.25,0.75,0.0,0.0,0.0,1,Finishers / All-Rounders
2012,MS Gony,4.0,8.0,1.0,6,0.0,4.0,217.0,150.0,3.0,99.0,4.0,50.0,0.0,0.5,25.0,8.68,0.02,0,Finishers / All-Rounders
2012,NLTC Perera,4.0,12.0,1.0,2,0.0,5.0,27.0,15.0,0.0,8.0,4.0,33.333,0.0,0.417,2.5,10.8,0.0,1,Finishers / All-Rounders
2012,P Awana,4.0,5.0,0.0,12,0.0,1.0,382.0,295.0,17.0,477.0,4.0,80.0,0.0,0.2,49.166666666666664,7.769,0.058,0,Finishers / All-Rounders
2012,PP Ojha,4.0,14.0,1.0,9,0.0,9.0,222.0,185.0,9.0,261.0,4.0,28.571,0.0,0.643,30.833333333333332,7.2,0.049,3,Finishers / All-Rounders
2012,AG Murtaza,3.0,5.0,0.0,1,0.0,2.0,11.0,12.0,0.0,7.0,3.0,60.0,0.0,0.4,2.0,5.5,0.0,0,Finishers / All-Rounders
2012,DE Bollinger,3.0,5.0,1.0,6,0.0,2.0,160.0,112.0,9.0,248.0,3.0,60.0,0.0,0.4,18.666666666666668,8.571,0.08,0,Finishers / All-Rounders
2012,M Morkel,3.0,5.0,1.0,16,0.0,2.0,462.0,384.0,25.0,688.0,3.0,60.0,0.0,0.4,64.0,7.219,0.065,3,Finishers / All-Rounders
2012,AB Dinda,2.0,5.0,0.0,7,0.0,2.0,171.0,153.0,9.0,255.0,2.0,40.0,0.0,0.4,25.5,6.706,0.059,3,Finishers / All-Rounders
2012,BB Samantray,2.0,2.0,0.0,1,0.0,0.0,0.0,0.0,0.0,6.0,2.0,100.0,0.0,0.0,0.0,0.0,0.0,1,Finishers / All-Rounders
2012,Iqbal Abdulla,2.0,3.0,0.0,8,0.0,1.0,147.0,134.0,4.0,134.0,2.0,66.667,0.0,0.333,22.333333333333332,6.582,0.03,1,Finishers / All-Rounders
2012,MM Patel,2.0,7.0,0.0,12,0.0,5.0,373.0,286.0,15.0,425.0,2.0,28.571,0.0,0.714,47.666666666666664,7.825,0.052,3,Finishers / All-Rounders
2012,R Sharma,2.0,11.0,3.0,11,0.0,8.0,305.0,224.0,9.0,259.0,0.667,18.182,0.0,0.727,37.333333333333336,8.17,0.04,0,Finishers / All-Rounders
2012,UT Yadav,2.0,7.0,2.0,17,0.0,5.0,458.0,380.0,19.0,537.0,1.0,28.571,0.0,0.714,63.333333333333336,7.232,0.05,3,Finishers / All-Rounders
2012,VR Aaron,1.0,3.0,1.0,8,0.0,2.0,279.0,191.0,8.0,229.0,1.0,33.333,0.0,0.667,31.833333333333332,8.764,0.042,0,Finishers / All-Rounders
2012,A Chandila,0.0,1.0,1.0,4,0.0,1.0,87.0,84.0,5.0,137.0,0.0,0.0,0.0,1.0,14.0,6.214,0.06,0,Finishers / All-Rounders
2012,A Mithun,0.0,0.0,0.0,1,0.0,0.0,34.0,19.0,0.0,4.0,0.0,0.0,0.0,0.0,3.1666666666666665,10.737,0.0,0,Finishers / All-Rounders
2012,A Singh,0.0,3.0,1.0,9,0.0,2.0,316.0,202.0,10.0,282.0,0.0,0.0,0.0,0.667,33.666666666666664,9.386,0.05,0,Finishers / All-Rounders
2012,AB Agarkar,0.0,0.0,0.0,4,0.0,0.0,134.0,89.0,3.0,91.0,0.0,0.0,0.0,0.0,14.833333333333334,9.034,0.034,0,Finishers / All-Rounders
2012,AC Blizzard,0.0,3.0,1.0,1,0.0,3.0,0.0,0.0,0.0,0.0,0.0,0.0,0.0,1.0,0.0,0.0,0.0,1,Finishers / All-Rounders
2012,AN Ahmed,0.0,0.0,0.0,1,0.0,0.0,17.0,13.0,0.0,4.0,0.0,0.0,0.0,0.0,2.1666666666666665,7.846,0.0,1,Finishers / All-Rounders
2012,Anand Rajan,0.0,0.0,0.0,4,0.0,0.0,113.0,76.0,3.0,91.0,0.0,0.0,0.0,0.0,12.666666666666666,8.921,0.039,0,Finishers / All-Rounders
2012,BW Hilfenhaus,0.0,0.0,0.0,9,0.0,0.0,242.0,215.0,14.0,386.0,0.0,0.0,0.0,0.0,35.833333333333336,6.753,0.065,0,Finishers / All-Rounders
2012,DJ Jacobs,0.0,10.0,1.0,1,0.0,9.0,0.0,0.0,0.0,0.0,0.0,0.0,0.0,0.9,0.0,0.0,0.0,1,Finishers / All-Rounders
2012,JD Unadkat,0.0,0.0,0.0,1,0.0,0.0,32.0,18.0,0.0,4.0,0.0,0.0,0.0,0.0,3.0,10.667,0.0,3,Finishers / All-Rounders
2012,KP Appanna,0.0,0.0,0.0,6,0.0,0.0,149.0,107.0,6.0,174.0,0.0,0.0,0.0,0.0,17.833333333333332,8.355,0.056,0,Finishers / All-Rounders
2012,L Balaji,0.0,0.0,0.0,8,0.0,0.0,168.0,188.0,11.0,307.0,0.0,0.0,0.0,0.0,31.333333333333332,5.362,0.059,3,Finishers / All-Rounders
2012,LJ Wright,0.0,0.0,0.0,1,0.0,0.0,24.0,12.0,0.0,4.0,0.0,0.0,0.0,0.0,2.0,12.0,0.0,1,Finishers / All-Rounders
2012,M de Lange,0.0,0.0,0.0,3,0.0,0.0,108.0,64.0,3.0,87.0,0.0,0.0,0.0,0.0,10.666666666666666,10.125,0.047,0,Finishers / All-Rounders
2012,P Parameswaran,0.0,2.0,0.0,3,0.0,1.0,89.0,62.0,5.0,137.0,0.0,0.0,0.0,0.5,10.333333333333334,8.613,0.081,0,Finishers / All-Rounders
2012,PJ Sangwan,0.0,0.0,0.0,1,0.0,0.0,42.0,25.0,1.0,29.0,0.0,0.0,0.0,0.0,4.166666666666667,10.08,0.04,0,Finishers / All-Rounders
2012,Pankaj Singh,0.0,0.0,0.0,6,0.0,0.0,171.0,127.0,7.0,199.0,0.0,0.0,0.0,0.0,21.166666666666668,8.079,0.055,0,Finishers / All-Rounders
2012,R Shukla,0.0,0.0,0.0,1,0.0,0.0,32.0,19.0,0.0,4.0,0.0,0.0,0.0,0.0,3.1666666666666665,10.105,0.0,0,Finishers / All-Rounders
2012,RE van der Merwe,0.0,0.0,0.0,3,0.0,0.0,59.0,59.0,2.0,62.0,0.0,0.0,0.0,0.0,9.833333333333334,6.0,0.034,0,Finishers / All-Rounders
2012,RR Bhatkal,0.0,2.0,2.0,1,0.0,2.0,35.0,12.0,0.0,0.0,0.0,0.0,0.0,1.0,2.0,17.5,0.0,0,Finishers / All-Rounders
2012,RR Powar,0.0,0.0,0.0,1,0.0,0.0,32.0,18.0,0.0,4.0,0.0,0.0,0.0,0.0,3.0,10.667,0.0,1,Finishers / All-Rounders
2012,S Nadeem,0.0,2.0,2.0,12,0.0,2.0,320.0,275.0,8.0,244.0,0.0,0.0,0.0,1.0,45.833333333333336,6.982,0.029,3,Finishers / All-Rounders
2012,SA Yadav,0.0,4.0,1.0,1,0.0,4.0,0.0,0.0,0.0,0.0,0.0,0.0,0.0,1.0,0.0,0.0,0.0,2,Power Hitters
2012,SW Tait,0.0,0.0,0.0,6,0.0,0.0,154.0,156.0,6.0,174.0,0.0,0.0,0.0,0.0,26.0,5.923,0.038,0,Finishers / All-Rounders
2012,Sunny Gupta,0.0,1.0,1.0,1,0.0,1.0,47.0,19.0,0.0,0.0,0.0,0.0,0.0,1.0,3.1666666666666665,14.842,0.0,0,Finishers / All-Rounders
2012,TP Sudhindra,0.0,0.0,0.0,3,0.0,0.0,137.0,74.0,1.0,37.0,0.0,0.0,0.0,0.0,12.333333333333334,11.108,0.014,0,Finishers / All-Rounders
2012,V Pratap Singh,0.0,1.0,1.0,9,0.0,1.0,299.0,209.0,10.0,282.0,0.0,0.0,0.0,1.0,34.833333333333336,8.584,0.048,0,Finishers / All-Rounders
2012,VY Mahesh,0.0,0.0,0.0,4,0.0,0.0,83.0,61.0,3.0,91.0,0.0,0.0,0.0,0.0,10.166666666666666,8.164,0.049,0,Finishers / All-Rounders
2013,MEK Hussey,733.0,580.0,15.0,17,98.0,191.0,0.0,0.0,0.0,847.0,48.867,126.379,0.169,0.329,0.0,0.0,0.0,2,Power Hitters
2013,CH Gayle,720.0,484.0,12.0,16,109.0,176.0,41.0,25.0,3.0,920.0,60.0,148.76,0.225,0.364,4.166666666666667,9.84,0.12,2,Power Hitters
2013,V Kohli,639.0,471.0,14.0,16,87.0,158.0,0.0,0.0,0.0,734.0,45.643,135.669,0.185,0.335,0.0,0.0,0.0,2,Power Hitters
2013,SK Raina,548.0,370.0,12.0,17,68.0,88.0,23.0,12.0,1.0,661.0,45.667,148.108,0.184,0.238,2.0,11.5,0.083,2,Power Hitters
2013,SR Watson,543.0,393.0,14.0,16,81.0,134.0,317.0,253.0,13.0,957.0,38.786,138.168,0.206,0.341,42.166666666666664,7.518,0.051,2,Power Hitters
2013,RG Sharma,538.0,415.0,14.0,19,63.0,132.0,6.0,9.0,0.0,621.0,38.429,129.639,0.152,0.318,1.5,4.0,0.0,2,Power Hitters
2013,KD Karthik,510.0,422.0,20.0,19,68.0,152.0,0.0,0.0,0.0,582.0,25.5,120.853,0.161,0.36,0.0,0.0,0.0,2,Power Hitters
2013,AM Rahane,488.0,472.0,15.0,18,53.0,176.0,0.0,0.0,0.0,553.0,32.533,103.39,0.112,0.373,0.0,0.0,0.0,2,Power Hitters
2013,R Dravid,471.0,433.0,16.0,17,69.0,190.0,0.0,0.0,0.0,544.0,29.438,108.776,0.159,0.439,0.0,0.0,0.0,2,Power Hitters
2013,MS Dhoni,461.0,298.0,12.0,16,57.0,76.0,0.0,0.0,0.0,538.0,38.417,154.698,0.191,0.255,0.0,0.0,0.0,2,Power Hitters
2013,AJ Finch,456.0,344.0,14.0,14,70.0,137.0,49.0,24.0,1.0,551.0,32.571,132.558,0.203,0.398,4.0,12.25,0.042,2,Power Hitters
2013,RV Uthappa,434.0,385.0,16.0,16,54.0,149.0,0.0,0.0,0.0,492.0,27.125,112.727,0.14,0.387,0.0,0.0,0.0,2,Power Hitters
2013,KA Pollard,420.0,290.0,11.0,18,56.0,95.0,292.0,197.0,10.0,758.0,38.182,144.828,0.193,0.328,32.833333333333336,8.893,0.051,2,Power Hitters
2013,DA Miller,418.0,257.0,8.0,12,52.0,59.0,0.0,0.0,0.0,486.0,52.25,162.646,0.202,0.23,0.0,0.0,0.0,2,Power Hitters
2013,DR Smith,418.0,351.0,13.0,13,59.0,153.0,59.0,32.0,2.0,527.0,32.154,119.088,0.168,0.436,5.333333333333333,11.062,0.062,2,Power Hitters
2013,DA Warner,410.0,333.0,14.0,16,55.0,120.0,0.0,0.0,0.0,477.0,29.286,123.123,0.165,0.36,0.0,0.0,0.0,2,Power Hitters
2013,G Gambhir,406.0,354.0,15.0,15,56.0,134.0,0.0,0.0,0.0,462.0,27.067,114.689,0.158,0.379,0.0,0.0,0.0,2,Power Hitters
2013,AB de Villiers,373.0,226.0,10.0,14,51.0,56.0,0.0,0.0,0.0,440.0,37.3,165.044,0.226,0.248,0.0,0.0,0.0,2,Power Hitters
2013,YK Pathan,332.0,247.0,12.0,16,45.0,85.0,74.0,55.0,1.0,422.0,27.667,134.413,0.182,0.344,9.166666666666666,8.073,0.018,2,Power Hitters
2013,DPMD Jayawardene,331.0,322.0,14.0,15,45.0,145.0,0.0,0.0,0.0,380.0,23.643,102.795,0.14,0.45,0.0,0.0,0.0,1,Finishers / All-Rounders
2013,M Vijay,312.0,293.0,12.0,15,35.0,125.0,0.0,0.0,0.0,359.0,26.0,106.485,0.119,0.427,0.0,0.0,0.0,2,Power Hitters
2013,JH Kallis,311.0,327.0,15.0,16,38.0,144.0,406.0,326.0,16.0,757.0,20.733,95.107,0.116,0.44,54.333333333333336,7.472,0.049,2,Power Hitters
2013,S Dhawan,311.0,262.0,8.0,10,42.0,94.0,0.0,0.0,0.0,361.0,38.875,118.702,0.16,0.359,0.0,0.0,0.0,2,Power Hitters
2013,EJG Morgan,307.0,250.0,10.0,13,41.0,90.0,0.0,0.0,0.0,360.0,30.7,122.8,0.164,0.36,0.0,0.0,0.0,1,Finishers / All-Rounders
2013,SE Marsh,300.0,256.0,8.0,8,43.0,90.0,0.0,0.0,0.0,343.0,37.5,117.188,0.168,0.352,0.0,0.0,0.0,2,Power Hitters
2013,V Sehwag,295.0,244.0,12.0,13,47.0,95.0,9.0,6.0,0.0,346.0,24.583,120.902,0.193,0.389,1.0,9.0,0.0,2,Power Hitters
2013,AC Gilchrist,294.0,234.0,12.0,13,47.0,96.0,0.0,1.0,1.0,370.0,24.5,125.641,0.201,0.41,0.16666666666666666,0.0,1.0,2,Power Hitters
2013,PA Patel,294.0,261.0,13.0,13,41.0,101.0,0.0,0.0,0.0,339.0,22.615,112.644,0.157,0.387,0.0,0.0,0.0,2,Power Hitters
2013,BJ Hodge,293.0,224.0,8.0,14,36.0,65.0,3.0,6.0,0.0,353.0,36.625,130.804,0.161,0.29,1.0,3.0,0.0,1,Finishers / All-Rounders
2013,STR Binny,293.0,204.0,8.0,17,37.0,60.0,163.0,148.0,6.0,516.0,36.625,143.627,0.181,0.294,24.666666666666668,6.608,0.041,1,Finishers / All-Rounders
2013,SR Tendulkar,287.0,243.0,14.0,14,44.0,96.0,0.0,0.0,0.0,335.0,20.5,118.107,0.181,0.395,0.0,0.0,0.0,2,Power Hitters
2013,AT Rayudu,265.0,235.0,13.0,15,26.0,67.0,0.0,0.0,0.0,303.0,20.385,112.766,0.111,0.285,0.0,0.0,0.0,2,Power Hitters
2013,Mandeep Singh,260.0,228.0,12.0,14,36.0,84.0,0.0,0.0,0.0,304.0,21.667,114.035,0.158,0.368,0.0,0.0,0.0,2,Power Hitters
2013,MS Bisla,255.0,248.0,14.0,14,42.0,116.0,0.0,0.0,0.0,301.0,18.214,102.823,0.169,0.468,0.0,0.0,0.0,1,Finishers / All-Rounders
2013,GH Vihari,241.0,287.0,14.0,17,18.0,114.0,39.0,37.0,1.0,296.0,17.214,83.972,0.063,0.397,6.166666666666667,6.324,0.027,1,Finishers / All-Rounders
2013,Yuvraj Singh,238.0,193.0,12.0,13,29.0,84.0,152.0,133.0,6.0,421.0,19.833,123.316,0.15,0.435,22.166666666666668,6.857,0.045,2,Power Hitters
2013,DJ Hussey,235.0,210.0,11.0,11,26.0,76.0,93.0,68.0,0.0,265.0,21.364,111.905,0.124,0.362,11.333333333333334,8.206,0.0,1,Finishers / All-Rounders
2013,NLTC Perera,235.0,173.0,12.0,16,26.0,47.0,490.0,367.0,19.0,752.0,19.583,135.838,0.15,0.272,61.166666666666664,8.011,0.052,1,Finishers / All-Rounders
2013,CL White,226.0,200.0,12.0,13,27.0,75.0,16.0,12.0,1.0,282.0,18.833,113.0,0.135,0.375,2.0,8.0,0.083,1,Finishers / All-Rounders
2013,SV Samson,206.0,179.0,8.0,10,24.0,65.0,0.0,0.0,0.0,238.0,25.75,115.084,0.134,0.363,0.0,0.0,0.0,2,Power Hitters
2013,RA Jadeja,201.0,139.0,9.0,18,23.0,34.0,325.0,260.0,13.0,585.0,22.333,144.604,0.165,0.245,43.333333333333336,7.5,0.05,3,Finishers / All-Rounders
2013,Azhar Mahmood,196.0,158.0,10.0,11,27.0,52.0,334.0,266.0,15.0,602.0,19.6,124.051,0.171,0.329,44.333333333333336,7.534,0.056,1,Finishers / All-Rounders
2013,BJ Rohrer,193.0,146.0,7.0,8,26.0,48.0,12.0,7.0,0.0,227.0,27.571,132.192,0.178,0.329,1.1666666666666667,10.286,0.0,1,Finishers / All-Rounders
2013,DJG Sammy,174.0,136.0,6.0,10,21.0,47.0,167.0,135.0,8.0,411.0,29.0,127.941,0.154,0.346,22.5,7.422,0.059,1,Finishers / All-Rounders
2013,AD Mathews,172.0,141.0,8.0,11,15.0,43.0,244.0,187.0,5.0,324.0,21.5,121.986,0.106,0.305,31.166666666666668,7.829,0.027,1,Finishers / All-Rounders
2013,MC Henriques,165.0,127.0,4.0,10,23.0,43.0,186.0,131.0,7.0,387.0,41.25,129.921,0.181,0.339,21.833333333333332,8.519,0.053,1,Finishers / All-Rounders
2013,M Vohra,161.0,117.0,7.0,10,24.0,43.0,0.0,0.0,0.0,197.0,23.0,137.607,0.205,0.368,0.0,0.0,0.0,1,Finishers / All-Rounders
2013,SPD Smith,159.0,134.0,5.0,7,19.0,47.0,0.0,0.0,0.0,190.0,31.8,118.657,0.142,0.351,0.0,0.0,0.0,2,Power Hitters
2013,UBT Chand,158.0,163.0,9.0,9,21.0,76.0,0.0,0.0,0.0,179.0,17.556,96.933,0.129,0.466,0.0,0.0,0.0,1,Finishers / All-Rounders
2013,IK Pathan,153.0,159.0,8.0,15,14.0,60.0,391.0,314.0,10.0,445.0,19.125,96.226,0.088,0.377,52.333333333333336,7.471,0.032,3,Finishers / All-Rounders
2013,KM Jadhav,152.0,127.0,8.0,10,13.0,34.0,0.0,0.0,0.0,173.0,19.0,119.685,0.102,0.268,0.0,0.0,0.0,1,Finishers / All-Rounders
2013,MK Tiwary,146.0,142.0,8.0,9,13.0,51.0,0.0,0.0,0.0,163.0,18.25,102.817,0.092,0.359,0.0,0.0,0.0,2,Power Hitters
2013,MR Marsh,140.0,109.0,7.0,9,16.0,37.0,184.0,122.0,7.0,339.0,20.0,128.44,0.147,0.339,20.333333333333332,9.049,0.057,1,Finishers / All-Rounders
2013,MK Pandey,136.0,139.0,6.0,7,14.0,55.0,0.0,0.0,0.0,154.0,22.667,97.842,0.101,0.396,0.0,0.0,0.0,2,Power Hitters
2013,A Ashish Reddy,125.0,90.0,6.0,10,13.0,24.0,71.0,41.0,3.0,229.0,20.833,138.889,0.144,0.267,6.833333333333333,10.39,0.073,1,Finishers / All-Rounders
2013,DH Yagnik,125.0,99.0,7.0,9,19.0,34.0,0.0,0.0,0.0,152.0,17.857,126.263,0.192,0.343,0.0,0.0,0.0,1,Finishers / All-Rounders
2013,MC Juneja,125.0,134.0,7.0,7,12.0,45.0,0.0,0.0,0.0,137.0,17.857,93.284,0.09,0.336,0.0,0.0,0.0,1,Finishers / All-Rounders
2013,S Badrinath,124.0,123.0,7.0,7,11.0,41.0,0.0,0.0,0.0,135.0,17.714,100.813,0.089,0.333,0.0,0.0,0.0,1,Finishers / All-Rounders
2013,AP Tare,123.0,84.0,5.0,5,19.0,34.0,0.0,0.0,0.0,142.0,24.6,146.429,0.226,0.405,0.0,0.0,0.0,1,Finishers / All-Rounders
2013,BB Samantray,123.0,114.0,5.0,7,15.0,42.0,0.0,0.0,0.0,146.0,24.6,107.895,0.132,0.368,0.0,0.0,0.0,1,Finishers / All-Rounders
2013,DJ Bravo,121.0,112.0,8.0,18,14.0,43.0,504.0,390.0,32.0,975.0,15.125,108.036,0.125,0.384,65.0,7.754,0.082,3,Finishers / All-Rounders
2013,KC Sangakkara,120.0,137.0,9.0,9,13.0,59.0,0.0,0.0,0.0,133.0,13.333,87.591,0.095,0.431,0.0,0.0,0.0,1,Finishers / All-Rounders
2013,Harbhajan Singh,116.0,82.0,5.0,19,17.0,27.0,466.0,429.0,24.0,789.0,23.2,141.463,0.207,0.329,71.5,6.517,0.056,3,Finishers / All-Rounders
2013,R Sathish,109.0,79.0,5.0,8,14.0,26.0,51.0,23.0,0.0,135.0,21.8,137.975,0.177,0.329,3.8333333333333335,13.304,0.0,1,Finishers / All-Rounders
2013,SS Tiwary,109.0,113.0,4.0,6,8.0,39.0,0.0,0.0,0.0,125.0,27.25,96.46,0.071,0.345,0.0,0.0,0.0,1,Finishers / All-Rounders
2013,Gurkeerat Singh,108.0,98.0,9.0,9,13.0,35.0,0.0,0.0,0.0,125.0,12.0,110.204,0.133,0.357,0.0,0.0,0.0,1,Finishers / All-Rounders
2013,LJ Wright,106.0,63.0,4.0,6,19.0,19.0,101.0,63.0,2.0,183.0,26.5,168.254,0.302,0.302,10.5,9.619,0.032,1,Finishers / All-Rounders
2013,R Bhatia,99.0,81.0,6.0,15,11.0,32.0,334.0,266.0,11.0,421.0,16.5,122.222,0.136,0.395,44.333333333333336,7.534,0.041,3,Finishers / All-Rounders
2013,CA Pujara,92.0,100.0,4.0,4,14.0,51.0,0.0,0.0,0.0,106.0,23.0,92.0,0.14,0.51,0.0,0.0,0.0,1,Finishers / All-Rounders
2013,PA Reddy,91.0,104.0,7.0,7,9.0,44.0,0.0,0.0,0.0,100.0,13.0,87.5,0.087,0.423,0.0,0.0,0.0,1,Finishers / All-Rounders
2013,A Mishra,89.0,103.0,3.0,17,9.0,40.0,394.0,373.0,21.0,679.0,29.667,86.408,0.087,0.388,62.166666666666664,6.338,0.056,3,Finishers / All-Rounders
2013,KV Sharma,85.0,89.0,5.0,13,8.0,37.0,235.0,211.0,12.0,425.0,17.0,95.506,0.09,0.416,35.166666666666664,6.682,0.057,3,Finishers / All-Rounders
2013,RN ten Doeschate,85.0,63.0,3.0,4,11.0,17.0,24.0,18.0,0.0,100.0,28.333,134.921,0.175,0.27,3.0,8.0,0.0,1,Finishers / All-Rounders
2013,TM Dilshan,76.0,97.0,5.0,5,12.0,55.0,10.0,6.0,0.0,88.0,15.2,78.351,0.124,0.567,1.0,10.0,0.0,1,Finishers / All-Rounders
2013,DB Das,75.0,76.0,5.0,6,10.0,37.0,0.0,0.0,0.0,89.0,15.0,98.684,0.132,0.487,0.0,0.0,0.0,1,Finishers / All-Rounders
2013,R Vinay Kumar,70.0,44.0,1.0,16,9.0,14.0,521.0,373.0,23.0,714.0,70.0,159.091,0.205,0.318,62.166666666666664,8.381,0.062,3,Finishers / All-Rounders
2013,WP Saha,70.0,57.0,3.0,3,10.0,25.0,0.0,0.0,0.0,80.0,23.333,122.807,0.175,0.439,0.0,0.0,0.0,2,Power Hitters
2013,MA Agarwal,67.0,64.0,5.0,5,9.0,31.0,0.0,0.0,0.0,76.0,13.4,104.688,0.141,0.484,0.0,0.0,0.0,2,Power Hitters
2013,AM Nayar,66.0,74.0,7.0,10,5.0,25.0,59.0,50.0,2.0,133.0,9.429,89.189,0.068,0.338,8.333333333333334,7.08,0.04,1,Finishers / All-Rounders
2013,PP Chawla,64.0,60.0,6.0,16,8.0,23.0,433.0,352.0,11.0,387.0,10.667,106.667,0.133,0.383,58.666666666666664,7.381,0.031,3,Finishers / All-Rounders
2013,LRPL Taylor,63.0,77.0,4.0,5,3.0,33.0,0.0,0.0,0.0,70.0,15.75,81.818,0.039,0.429,0.0,0.0,0.0,1,Finishers / All-Rounders
2013,LA Pomersbach,58.0,60.0,3.0,3,6.0,28.0,0.0,0.0,0.0,64.0,19.333,96.667,0.1,0.467,0.0,0.0,0.0,1,Finishers / All-Rounders
2013,JP Faulkner,57.0,57.0,5.0,16,7.0,28.0,434.0,390.0,28.0,808.0,11.4,100.0,0.123,0.491,65.0,6.677,0.072,3,Finishers / All-Rounders
2013,M Morkel,57.0,30.0,5.0,10,9.0,7.0,339.0,246.0,7.0,261.0,11.4,190.0,0.3,0.233,41.0,8.268,0.028,3,Finishers / All-Rounders
2013,DW Steyn,53.0,37.0,2.0,17,7.0,13.0,410.0,424.0,19.0,595.0,26.5,143.243,0.189,0.351,70.66666666666667,5.802,0.045,3,Finishers / All-Rounders
2013,B Kumar,52.0,72.0,7.0,16,4.0,39.0,381.0,359.0,13.0,417.0,7.429,72.222,0.056,0.542,59.833333333333336,6.368,0.036,3,Finishers / All-Rounders
2013,RT Ponting,52.0,76.0,5.0,5,4.0,39.0,0.0,0.0,0.0,56.0,10.4,68.421,0.053,0.513,0.0,0.0,0.0,1,Finishers / All-Rounders
2013,TL Suman,52.0,58.0,5.0,5,8.0,31.0,16.0,12.0,1.0,85.0,10.4,89.655,0.138,0.534,2.0,8.0,0.083,1,Finishers / All-Rounders
2013,P Kumar,47.0,41.0,5.0,15,6.0,18.0,394.0,353.0,12.0,393.0,9.4,114.634,0.146,0.439,58.833333333333336,6.697,0.034,3,Finishers / All-Rounders
2013,JA Morkel,46.0,37.0,3.0,8,5.0,14.0,167.0,148.0,7.0,246.0,15.333,124.324,0.135,0.378,24.666666666666668,6.77,0.047,3,Finishers / All-Rounders
2013,MS Gony,45.0,27.0,3.0,8,7.0,10.0,261.0,175.0,7.0,247.0,15.0,166.667,0.259,0.37,29.166666666666668,8.949,0.04,0,Finishers / All-Rounders
2013,CM Gautam,44.0,37.0,2.0,3,5.0,11.0,0.0,0.0,0.0,53.0,22.0,118.919,0.135,0.297,0.0,0.0,0.0,1,Finishers / All-Rounders
2013,J Botha,43.0,52.0,6.0,6,6.0,33.0,114.0,102.0,5.0,174.0,7.167,82.692,0.115,0.635,17.0,6.706,0.049,1,Finishers / All-Rounders
2013,KB Arun Karthik,41.0,40.0,3.0,5,4.0,13.0,0.0,0.0,0.0,53.0,13.667,102.5,0.1,0.325,0.0,0.0,0.0,1,Finishers / All-Rounders
2013,KK Cooper,39.0,22.0,4.0,14,6.0,9.0,454.0,338.0,19.0,560.0,9.75,177.273,0.273,0.409,56.333333333333336,8.059,0.056,0,Finishers / All-Rounders
2013,MG Johnson,39.0,37.0,4.0,17,4.0,15.0,471.0,403.0,24.0,695.0,9.75,105.405,0.108,0.405,67.16666666666667,7.012,0.06,3,Finishers / All-Rounders
2013,R Rampaul,38.0,39.0,4.0,10,4.0,16.0,282.0,241.0,15.0,441.0,9.5,97.436,0.103,0.41,40.166666666666664,7.021,0.062,0,Finishers / All-Rounders
2013,UT Yadav,38.0,39.0,1.0,16,4.0,16.0,531.0,365.0,16.0,502.0,38.0,97.436,0.103,0.41,60.833333333333336,8.729,0.044,3,Finishers / All-Rounders
2013,GJ Maxwell,36.0,27.0,2.0,3,5.0,15.0,24.0,12.0,0.0,45.0,18.0,133.333,0.185,0.556,2.0,12.0,0.0,2,Power Hitters
2013,R Ashwin,35.0,50.0,4.0,18,4.0,26.0,397.0,353.0,15.0,470.0,8.75,70.0,0.08,0.52,58.833333333333336,6.748,0.042,3,Finishers / All-Rounders
2013,KW Richardson,34.0,36.0,2.0,3,3.0,16.0,103.0,73.0,2.0,91.0,17.0,94.444,0.083,0.444,12.166666666666666,8.466,0.027,0,Finishers / All-Rounders
2013,OA Shah,25.0,24.0,2.0,2,2.0,5.0,0.0,0.0,0.0,27.0,12.5,104.167,0.083,0.208,0.0,0.0,0.0,1,Finishers / All-Rounders
2013,BMAJ Mendis,23.0,27.0,3.0,3,0.0,8.0,36.0,30.0,1.0,48.0,7.667,85.185,0.0,0.296,5.0,7.2,0.033,0,Finishers / All-Rounders
2013,S Narwal,23.0,16.0,1.0,2,4.0,5.0,17.0,14.0,0.0,31.0,23.0,143.75,0.25,0.312,2.3333333333333335,7.286,0.0,0,Finishers / All-Rounders
2013,RE van der Merwe,22.0,25.0,2.0,3,2.0,10.0,71.0,66.0,3.0,103.0,11.0,88.0,0.08,0.4,11.0,6.455,0.045,0,Finishers / All-Rounders
2013,B Lee,21.0,12.0,1.0,3,3.0,5.0,89.0,75.0,4.0,132.0,21.0,175.0,0.25,0.417,12.5,7.12,0.053,0,Finishers / All-Rounders
2013,R Dhawan,21.0,21.0,3.0,5,3.0,9.0,115.0,95.0,2.0,82.0,7.0,100.0,0.143,0.429,15.833333333333334,7.263,0.021,1,Finishers / All-Rounders
2013,SP Narine,21.0,20.0,3.0,16,2.0,7.0,353.0,383.0,22.0,625.0,7.0,105.0,0.1,0.35,63.833333333333336,5.53,0.057,3,Finishers / All-Rounders
2013,KL Rahul,20.0,16.0,2.0,2,4.0,9.0,0.0,0.0,0.0,24.0,10.0,125.0,0.25,0.562,0.0,0.0,0.0,2,Power Hitters
2013,A Mukund,19.0,22.0,1.0,1,1.0,7.0,0.0,0.0,0.0,20.0,19.0,86.364,0.045,0.318,0.0,0.0,0.0,1,Finishers / All-Rounders
2013,B Chipli,16.0,19.0,1.0,1,2.0,8.0,0.0,0.0,0.0,18.0,16.0,84.211,0.105,0.421,0.0,0.0,0.0,0,Finishers / All-Rounders
2013,CH Morris,14.0,17.0,2.0,16,0.0,6.0,408.0,307.0,15.0,445.0,7.0,82.353,0.0,0.353,51.166666666666664,7.974,0.049,3,Finishers / All-Rounders
2013,DB Ravi Teja,14.0,18.0,1.0,2,0.0,3.0,0.0,0.0,0.0,18.0,14.0,77.778,0.0,0.167,0.0,0.0,0.0,1,Finishers / All-Rounders
2013,MDKJ Perera,14.0,13.0,2.0,2,3.0,7.0,0.0,0.0,0.0,17.0,7.0,107.692,0.231,0.538,0.0,0.0,0.0,1,Finishers / All-Rounders
2013,S Nadeem,14.0,27.0,5.0,12,1.0,19.0,264.0,267.0,9.0,268.0,2.8,51.852,0.037,0.704,44.5,5.933,0.034,3,Finishers / All-Rounders
2013,M Manhas,13.0,17.0,0.0,2,1.0,8.0,0.0,0.0,0.0,22.0,13.0,76.471,0.059,0.471,0.0,0.0,0.0,1,Finishers / All-Rounders
2013,AB Agarkar,12.0,16.0,1.0,4,0.0,5.0,93.0,63.0,0.0,24.0,12.0,75.0,0.0,0.312,10.5,8.857,0.0,0,Finishers / All-Rounders
2013,AD Russell,11.0,15.0,2.0,3,0.0,6.0,68.0,44.0,0.0,15.0,5.5,73.333,0.0,0.4,7.333333333333333,9.273,0.0,3,Finishers / All-Rounders
2013,R Sharma,11.0,17.0,3.0,11,1.0,9.0,282.0,247.0,9.0,269.0,3.667,64.706,0.059,0.529,41.166666666666664,6.85,0.036,0,Finishers / All-Rounders
2013,J Syed Mohammad,10.0,13.0,2.0,4,1.0,7.0,91.0,61.0,3.0,94.0,5.0,76.923,0.077,0.538,10.166666666666666,8.951,0.049,0,Finishers / All-Rounders
2013,SMSM Senanayake,10.0,17.0,1.0,8,0.0,7.0,211.0,195.0,9.0,263.0,10.0,58.824,0.0,0.412,32.5,6.492,0.046,0,Finishers / All-Rounders
2013,X Thalaivan Sargunam,10.0,17.0,1.0,1,0.0,9.0,0.0,0.0,0.0,10.0,10.0,58.824,0.0,0.529,0.0,0.0,0.0,1,Finishers / All-Rounders
2013,AB Dinda,9.0,11.0,2.0,13,1.0,5.0,465.0,302.0,16.0,454.0,4.5,81.818,0.091,0.455,50.333333333333336,9.238,0.053,3,Finishers / All-Rounders
2013,KK Nair,9.0,12.0,2.0,2,0.0,8.0,0.0,0.0,0.0,9.0,4.5,75.0,0.0,0.667,0.0,0.0,0.0,1,Finishers / All-Rounders
2013,L Balaji,9.0,10.0,1.0,13,1.0,5.0,398.0,310.0,12.0,358.0,9.0,90.0,0.1,0.5,51.666666666666664,7.703,0.039,3,Finishers / All-Rounders
2013,NM Coulter-Nile,9.0,6.0,1.0,1,1.0,2.0,29.0,25.0,1.0,35.0,9.0,150.0,0.167,0.333,4.166666666666667,6.96,0.04,3,Finishers / All-Rounders
2013,NV Ojha,9.0,10.0,1.0,2,1.0,4.0,0.0,0.0,0.0,14.0,9.0,90.0,0.1,0.4,0.0,0.0,0.0,1,Finishers / All-Rounders
2013,SL Malinga,9.0,19.0,3.0,17,1.0,13.0,483.0,399.0,20.0,566.0,3.0,47.368,0.053,0.684,66.5,7.263,0.05,3,Finishers / All-Rounders
2013,Iqbal Abdulla,8.0,14.0,0.0,5,0.0,5.0,142.0,113.0,7.0,203.0,8.0,57.143,0.0,0.357,18.833333333333332,7.54,0.062,1,Finishers / All-Rounders
2013,MN Samuels,8.0,18.0,2.0,2,1.0,13.0,34.0,25.0,1.0,34.0,4.0,44.444,0.056,0.722,4.166666666666667,8.16,0.04,0,Finishers / All-Rounders
2013,S Kaul,7.0,9.0,0.0,6,0.0,5.0,172.0,132.0,4.0,131.0,7.0,77.778,0.0,0.556,22.0,7.818,0.03,3,Finishers / All-Rounders
2013,UA Birla,7.0,15.0,1.0,1,1.0,10.0,0.0,0.0,0.0,8.0,7.0,46.667,0.067,0.667,0.0,0.0,0.0,1,Finishers / All-Rounders
2013,BB McCullum,6.0,7.0,1.0,1,1.0,4.0,0.0,0.0,0.0,7.0,6.0,85.714,0.143,0.571,0.0,0.0,0.0,2,Power Hitters
2013,DT Christian,6.0,16.0,2.0,2,0.0,10.0,56.0,38.0,0.0,6.0,3.0,37.5,0.0,0.625,6.333333333333333,8.842,0.0,0,Finishers / All-Rounders
2013,PC Valthaty,6.0,17.0,1.0,1,0.0,11.0,0.0,0.0,0.0,6.0,6.0,35.294,0.0,0.647,0.0,0.0,0.0,1,Finishers / All-Rounders
2013,Q de Kock,6.0,16.0,3.0,3,1.0,12.0,0.0,0.0,0.0,7.0,2.0,37.5,0.062,0.75,0.0,0.0,0.0,2,Power Hitters
2013,AD Mascarenhas,5.0,5.0,0.0,1,0.0,1.0,25.0,24.0,0.0,9.0,5.0,100.0,0.0,0.2,4.0,6.25,0.0,0,Finishers / All-Rounders
2013,AG Murtaza,5.0,4.0,1.0,3,1.0,2.0,96.0,62.0,3.0,89.0,5.0,125.0,0.25,0.5,10.333333333333334,9.29,0.048,0,Finishers / All-Rounders
2013,M Rawat,5.0,11.0,1.0,1,0.0,6.0,0.0,0.0,0.0,5.0,5.0,45.455,0.0,0.545,0.0,0.0,0.0,1,Finishers / All-Rounders
2013,Mohammed Shami,5.0,10.0,1.0,3,0.0,6.0,79.0,57.0,1.0,38.0,5.0,50.0,0.0,0.6,9.5,8.316,0.018,3,Finishers / All-Rounders
2013,P Dogra,5.0,8.0,1.0,1,0.0,3.0,0.0,0.0,0.0,5.0,5.0,62.5,0.0,0.375,0.0,0.0,0.0,1,Finishers / All-Rounders
2013,Parvez Rasool,5.0,9.0,1.0,2,0.0,3.0,29.0,30.0,1.0,34.0,5.0,55.556,0.0,0.333,5.0,5.8,0.033,0,Finishers / All-Rounders
2013,WD Parnell,5.0,7.0,1.0,4,0.0,2.0,141.0,97.0,7.0,192.0,5.0,71.429,0.0,0.286,16.166666666666668,8.722,0.072,0,Finishers / All-Rounders
2013,A Chandila,4.0,6.0,0.0,8,0.0,2.0,158.0,150.0,6.0,186.0,4.0,66.667,0.0,0.333,25.0,6.32,0.04,0,Finishers / All-Rounders
2013,B Laughlin,4.0,9.0,1.0,2,0.0,5.0,72.0,45.0,1.0,33.0,4.0,44.444,0.0,0.556,7.5,9.6,0.022,0,Finishers / All-Rounders
2013,PJ Sangwan,4.0,2.0,0.0,2,1.0,1.0,52.0,26.0,0.0,13.0,4.0,200.0,0.5,0.5,4.333333333333333,12.0,0.0,0,Finishers / All-Rounders
2013,RV Gomez,4.0,1.0,0.0,2,1.0,0.0,5.0,5.0,0.0,13.0,4.0,400.0,1.0,0.0,0.8333333333333334,6.0,0.0,0,Finishers / All-Rounders
2013,Harmeet Singh,3.0,4.0,0.0,4,0.0,2.0,122.0,95.0,6.0,169.0,3.0,75.0,0.0,0.5,15.833333333333334,7.705,0.063,0,Finishers / All-Rounders
2013,LR Shukla,3.0,13.0,2.0,3,0.0,9.0,22.0,18.0,1.0,32.0,1.5,23.077,0.0,0.692,3.0,7.333,0.056,1,Finishers / All-Rounders
2013,PV Tambe,3.0,6.0,0.0,3,0.0,2.0,91.0,69.0,1.0,40.0,3.0,50.0,0.0,0.333,11.5,7.913,0.014,0,Finishers / All-Rounders
2013,R McLaren,3.0,6.0,2.0,2,0.0,4.0,94.0,45.0,3.0,78.0,1.5,50.0,0.0,0.667,7.5,12.533,0.067,0,Finishers / All-Rounders
2013,SK Trivedi,3.0,7.0,1.0,17,0.0,5.0,425.0,368.0,12.0,367.0,3.0,42.857,0.0,0.714,61.333333333333336,6.929,0.033,3,Finishers / All-Rounders
2013,Sachin Baby,3.0,7.0,1.0,1,0.0,4.0,0.0,0.0,0.0,3.0,3.0,42.857,0.0,0.571,0.0,0.0,0.0,1,Finishers / All-Rounders
2013,A Mithun,2.0,2.0,1.0,1,0.0,1.0,37.0,25.0,1.0,27.0,2.0,100.0,0.0,0.5,4.166666666666667,8.88,0.04,0,Finishers / All-Rounders
2013,AS Rajpoot,2.0,6.0,0.0,2,0.0,5.0,37.0,25.0,1.0,35.0,2.0,33.333,0.0,0.833,4.166666666666667,8.88,0.04,0,Finishers / All-Rounders
2013,BAW Mendis,2.0,4.0,1.0,3,0.0,2.0,78.0,72.0,2.0,60.0,2.0,50.0,0.0,0.5,12.0,6.5,0.028,0,Finishers / All-Rounders
2013,JD Unadkat,2.0,2.0,0.0,13,0.0,0.0,373.0,299.0,13.0,379.0,2.0,100.0,0.0,0.0,49.833333333333336,7.485,0.043,3,Finishers / All-Rounders
2013,M Kartik,2.0,3.0,1.0,11,0.0,1.0,288.0,239.0,9.0,267.0,2.0,66.667,0.0,0.333,39.833333333333336,7.23,0.038,0,Finishers / All-Rounders
2013,PP Ojha,2.0,4.0,1.0,15,0.0,2.0,390.0,316.0,16.0,458.0,2.0,50.0,0.0,0.5,52.666666666666664,7.405,0.051,3,Finishers / All-Rounders
2013,RJ Harris,2.0,5.0,1.0,3,0.0,3.0,74.0,74.0,1.0,35.0,2.0,40.0,0.0,0.6,12.333333333333334,6.0,0.014,0,Finishers / All-Rounders
2013,A Nehra,1.0,8.0,4.0,10,0.0,7.0,319.0,219.0,11.0,300.0,0.25,12.5,0.0,0.875,36.5,8.74,0.05,3,Finishers / All-Rounders
2013,AL Menaria,1.0,2.0,1.0,1,0.0,1.0,0.0,0.0,0.0,1.0,1.0,50.0,0.0,0.5,0.0,0.0,0.0,1,Finishers / All-Rounders
2013,K Upadhyay,1.0,1.0,0.0,2,0.0,0.0,48.0,32.0,0.0,9.0,1.0,100.0,0.0,0.0,5.333333333333333,9.0,0.0,1,Finishers / All-Rounders
2013,P Awana,1.0,9.0,3.0,14,0.0,8.0,415.0,331.0,15.0,420.0,0.333,11.111,0.0,0.889,55.166666666666664,7.523,0.045,0,Finishers / All-Rounders
2013,R Shukla,1.0,2.0,0.0,3,0.0,1.0,80.0,52.0,3.0,88.0,1.0,50.0,0.0,0.5,8.666666666666666,9.231,0.058,0,Finishers / All-Rounders
2013,S Sreesanth,1.0,4.0,1.0,7,0.0,2.0,171.0,135.0,5.0,150.0,1.0,25.0,0.0,0.5,22.5,7.6,0.037,0,Finishers / All-Rounders
2013,SW Tait,1.0,3.0,1.0,3,0.0,2.0,103.0,70.0,1.0,34.0,1.0,33.333,0.0,0.667,11.666666666666666,8.829,0.014,0,Finishers / All-Rounders
2013,AA Chavan,0.0,0.0,0.0,3,0.0,0.0,63.0,56.0,1.0,37.0,0.0,0.0,0.0,0.0,9.333333333333334,6.75,0.018,0,Finishers / All-Rounders
2013,AB McDonald,0.0,2.0,1.0,1,0.0,2.0,17.0,12.0,1.0,25.0,0.0,0.0,0.0,1.0,2.0,8.5,0.083,1,Finishers / All-Rounders
2013,AN Ahmed,0.0,0.0,0.0,2,0.0,0.0,45.0,42.0,3.0,83.0,0.0,0.0,0.0,0.0,7.0,6.429,0.071,1,Finishers / All-Rounders
2013,Anand Rajan,0.0,0.0,0.0,2,0.0,0.0,43.0,51.0,2.0,58.0,0.0,0.0,0.0,0.0,8.5,5.059,0.039,0,Finishers / All-Rounders
2013,Ankit Sharma,0.0,0.0,0.0,1,0.0,0.0,17.0,12.0,0.0,4.0,0.0,0.0,0.0,0.0,2.0,8.5,0.0,0,Finishers / All-Rounders
2013,BA Bhatt,0.0,0.0,0.0,2,0.0,0.0,32.0,31.0,1.0,33.0,0.0,0.0,0.0,0.0,5.166666666666667,6.194,0.032,0,Finishers / All-Rounders
2013,Bipul Sharma,0.0,0.0,0.0,1,0.0,0.0,21.0,24.0,1.0,29.0,0.0,0.0,0.0,0.0,4.0,5.25,0.042,1,Finishers / All-Rounders
2013,DP Nannes,0.0,0.0,0.0,5,0.0,0.0,165.0,125.0,4.0,120.0,0.0,0.0,0.0,0.0,20.833333333333332,7.92,0.032,0,Finishers / All-Rounders
2013,DS Kulkarni,0.0,0.0,0.0,6,0.0,0.0,153.0,119.0,8.0,224.0,0.0,0.0,0.0,0.0,19.833333333333332,7.714,0.067,3,Finishers / All-Rounders
2013,GB Hogg,0.0,0.0,0.0,1,0.0,0.0,31.0,21.0,0.0,4.0,0.0,0.0,0.0,0.0,3.5,8.857,0.0,0,Finishers / All-Rounders
2013,I Sharma,0.0,0.0,0.0,16,0.0,0.0,470.0,373.0,15.0,439.0,0.0,0.0,0.0,0.0,62.166666666666664,7.56,0.04,3,Finishers / All-Rounders
2013,IC Pandey,0.0,2.0,1.0,2,0.0,2.0,50.0,25.0,1.0,29.0,0.0,0.0,0.0,1.0,4.166666666666667,12.0,0.04,0,Finishers / All-Rounders
2013,JDP Oram,0.0,0.0,0.0,1,0.0,0.0,28.0,26.0,0.0,4.0,0.0,0.0,0.0,0.0,4.333333333333333,6.462,0.0,0,Finishers / All-Rounders
2013,JJ Bumrah,0.0,0.0,0.0,2,0.0,0.0,74.0,45.0,3.0,83.0,0.0,0.0,0.0,0.0,7.5,9.867,0.067,3,Finishers / All-Rounders
2013,JO Holder,0.0,0.0,0.0,6,0.0,0.0,173.0,123.0,2.0,74.0,0.0,0.0,0.0,0.0,20.5,8.439,0.016,3,Finishers / All-Rounders
2013,M Muralitharan,0.0,0.0,0.0,6,0.0,0.0,192.0,141.0,3.0,99.0,0.0,0.0,0.0,0.0,23.5,8.17,0.021,3,Finishers / All-Rounders
2013,MG Neser,0.0,0.0,0.0,1,0.0,0.0,62.0,25.0,0.0,4.0,0.0,0.0,0.0,0.0,4.166666666666667,14.88,0.0,0,Finishers / All-Rounders
2013,MM Patel,0.0,0.0,0.0,4,0.0,0.0,138.0,91.0,3.0,91.0,0.0,0.0,0.0,0.0,15.166666666666666,9.099,0.033,3,Finishers / All-Rounders
2013,MM Sharma,0.0,5.0,1.0,15,0.0,5.0,327.0,310.0,20.0,556.0,0.0,0.0,0.0,1.0,51.666666666666664,6.329,0.065,3,Finishers / All-Rounders
2013,P Negi,0.0,0.0,0.0,1,0.0,0.0,28.0,26.0,0.0,4.0,0.0,0.0,0.0,0.0,4.333333333333333,6.462,0.0,0,Finishers / All-Rounders
2013,P Suyal,0.0,0.0,0.0,1,0.0,0.0,22.0,19.0,1.0,29.0,0.0,0.0,0.0,0.0,3.1666666666666665,6.947,0.053,0,Finishers / All-Rounders
2013,RP Singh,0.0,0.0,0.0,11,0.0,0.0,336.0,250.0,13.0,369.0,0.0,0.0,0.0,0.0,41.666666666666664,8.064,0.052,3,Finishers / All-Rounders
2013,S Anirudha,0.0,2.0,1.0,1,0.0,2.0,0.0,0.0,0.0,0.0,0.0,0.0,0.0,1.0,0.0,0.0,0.0,1,Finishers / All-Rounders
2013,S Badree,0.0,0.0,0.0,1,0.0,0.0,35.0,25.0,0.0,4.0,0.0,0.0,0.0,0.0,4.166666666666667,8.4,0.0,0,Finishers / All-Rounders
2013,S Ladda,0.0,0.0,0.0,1,0.0,0.0,18.0,12.0,1.0,29.0,0.0,0.0,0.0,0.0,2.0,9.0,0.083,0,Finishers / All-Rounders
2013,Sandeep Sharma,0.0,1.0,0.0,4,0.0,1.0,130.0,98.0,8.0,216.0,0.0,0.0,0.0,1.0,16.333333333333332,7.959,0.082,3,Finishers / All-Rounders
2013,VS Malik,0.0,0.0,0.0,3,0.0,0.0,59.0,61.0,2.0,62.0,0.0,0.0,0.0,0.0,10.166666666666666,5.803,0.033,0,Finishers / All-Rounders
2013,YS Chahal,0.0,0.0,0.0,1,0.0,0.0,35.0,24.0,0.0,4.0,0.0,0.0,0.0,0.0,4.0,8.75,0.0,3,Finishers / All-Rounders
2013,Z Khan,0.0,0.0,0.0,2,0.0,0.0,47.0,38.0,5.0,133.0,0.0,0.0,0.0,0.0,6.333333333333333,7.421,0.132,3,Finishers / All-Rounders
2014,RV Uthappa,660.0,485.0,16.0,16,92.0,155.0,0.0,0.0,0.0,756.0,41.25,136.082,0.19,0.32,0.0,0.0,0.0,2,Power Hitters
2014,DR Smith,566.0,425.0,17.0,16,84.0,170.0,99.0,62.0,4.0,750.0,33.294,133.176,0.198,0.4,10.333333333333334,9.581,0.065,2,Power Hitters
2014,GJ Maxwell,552.0,312.0,17.0,16,84.0,76.0,133.0,70.0,1.0,661.0,32.471,176.923,0.269,0.244,11.666666666666666,11.4,0.014,2,Power Hitters
2014,DA Warner,528.0,386.0,12.0,14,63.0,110.0,0.0,0.0,0.0,603.0,44.0,136.788,0.163,0.285,0.0,0.0,0.0,2,Power Hitters
2014,SK Raina,523.0,370.0,12.0,16,70.0,117.0,135.0,109.0,1.0,634.0,43.583,141.351,0.189,0.316,18.166666666666668,7.431,0.009,2,Power Hitters
2014,V Sehwag,455.0,334.0,18.0,17,74.0,121.0,0.0,0.0,0.0,529.0,25.278,136.228,0.222,0.362,0.0,0.0,0.0,2,Power Hitters
2014,DA Miller,446.0,307.0,9.0,16,55.0,84.0,0.0,0.0,0.0,529.0,49.556,145.277,0.179,0.274,0.0,0.0,0.0,2,Power Hitters
2014,JP Duminy,410.0,311.0,8.0,14,42.0,80.0,242.0,204.0,3.0,551.0,51.25,131.833,0.135,0.257,34.0,7.118,0.015,2,Power Hitters
2014,MK Pandey,409.0,359.0,13.0,16,46.0,121.0,0.0,0.0,0.0,467.0,31.462,113.928,0.128,0.337,0.0,0.0,0.0,2,Power Hitters
2014,BB McCullum,405.0,341.0,13.0,14,51.0,130.0,0.0,0.0,0.0,464.0,31.154,118.768,0.15,0.381,0.0,0.0,0.0,2,Power Hitters
2014,AB de Villiers,395.0,255.0,11.0,13,50.0,70.0,0.0,0.0,0.0,453.0,35.909,154.902,0.196,0.275,0.0,0.0,0.0,2,Power Hitters
2014,LMP Simmons,394.0,299.0,7.0,8,57.0,113.0,34.0,18.0,1.0,480.0,56.286,131.773,0.191,0.378,3.0,11.333,0.056,1,Finishers / All-Rounders
2014,RG Sharma,390.0,307.0,14.0,15,47.0,104.0,26.0,18.0,1.0,470.0,27.857,127.036,0.153,0.339,3.0,8.667,0.056,2,Power Hitters
2014,S Dhawan,377.0,332.0,12.0,14,56.0,131.0,0.0,0.0,0.0,441.0,31.417,113.554,0.169,0.395,0.0,0.0,0.0,2,Power Hitters
2014,Yuvraj Singh,376.0,288.0,10.0,14,50.0,117.0,191.0,139.0,5.0,567.0,37.6,130.556,0.174,0.406,23.166666666666668,8.245,0.036,2,Power Hitters
2014,MS Dhoni,371.0,258.0,6.0,15,42.0,62.0,0.0,0.0,0.0,453.0,61.833,143.798,0.163,0.24,0.0,0.0,0.0,2,Power Hitters
2014,WP Saha,362.0,255.0,12.0,13,51.0,90.0,0.0,0.0,0.0,421.0,30.167,141.961,0.2,0.353,0.0,0.0,0.0,2,Power Hitters
2014,AT Rayudu,361.0,296.0,14.0,14,39.0,87.0,0.0,0.0,0.0,400.0,25.786,121.959,0.132,0.294,0.0,0.0,0.0,2,Power Hitters
2014,V Kohli,359.0,301.0,14.0,14,39.0,103.0,0.0,0.0,0.0,402.0,25.643,119.269,0.13,0.342,0.0,0.0,0.0,2,Power Hitters
2014,AM Rahane,339.0,298.0,10.0,12,41.0,108.0,0.0,0.0,0.0,388.0,33.9,113.758,0.138,0.362,0.0,0.0,0.0,2,Power Hitters
2014,SV Samson,339.0,280.0,13.0,13,42.0,109.0,0.0,0.0,0.0,381.0,26.077,121.071,0.15,0.389,0.0,0.0,0.0,2,Power Hitters
2014,G Gambhir,335.0,301.0,14.0,16,40.0,107.0,0.0,0.0,0.0,383.0,23.929,111.296,0.133,0.355,0.0,0.0,0.0,2,Power Hitters
2014,KK Nair,330.0,237.0,11.0,11,47.0,85.0,0.0,0.0,0.0,381.0,30.0,139.241,0.198,0.359,0.0,0.0,0.0,1,Finishers / All-Rounders
2014,KD Karthik,325.0,261.0,14.0,14,39.0,90.0,0.0,0.0,0.0,364.0,23.214,124.521,0.149,0.345,0.0,0.0,0.0,2,Power Hitters
2014,M Vohra,324.0,244.0,7.0,8,43.0,97.0,0.0,0.0,0.0,371.0,46.286,132.787,0.176,0.398,0.0,0.0,0.0,1,Finishers / All-Rounders
2014,AJ Finch,309.0,268.0,11.0,13,40.0,99.0,0.0,0.0,0.0,357.0,28.091,115.299,0.149,0.369,0.0,0.0,0.0,2,Power Hitters
2014,F du Plessis,303.0,240.0,10.0,12,33.0,65.0,0.0,0.0,0.0,348.0,30.3,126.25,0.138,0.271,0.0,0.0,0.0,2,Power Hitters
2014,KP Pietersen,294.0,239.0,10.0,11,41.0,83.0,0.0,0.0,0.0,339.0,29.4,123.013,0.172,0.347,0.0,0.0,0.0,1,Finishers / All-Rounders
2014,KA Pollard,273.0,208.0,9.0,15,30.0,66.0,265.0,159.0,2.0,377.0,30.333,131.25,0.144,0.317,26.5,10.0,0.013,2,Power Hitters
2014,YK Pathan,268.0,168.0,9.0,12,35.0,52.0,10.0,6.0,0.0,315.0,29.778,159.524,0.208,0.31,1.0,10.0,0.0,2,Power Hitters
2014,CJ Anderson,265.0,186.0,9.0,12,36.0,67.0,188.0,114.0,4.0,413.0,29.444,142.473,0.194,0.36,19.0,9.895,0.035,1,Finishers / All-Rounders
2014,GJ Bailey,257.0,190.0,10.0,16,29.0,57.0,0.0,0.0,0.0,314.0,25.7,135.263,0.153,0.3,0.0,0.0,0.0,1,Finishers / All-Rounders
2014,SR Watson,246.0,205.0,12.0,13,34.0,97.0,169.0,134.0,7.0,459.0,20.5,120.0,0.166,0.473,22.333333333333332,7.567,0.052,2,Power Hitters
2014,NV Ojha,232.0,170.0,6.0,10,31.0,61.0,0.0,0.0,0.0,279.0,38.667,136.471,0.182,0.359,0.0,0.0,0.0,1,Finishers / All-Rounders
2014,Shakib Al Hasan,229.0,160.0,9.0,13,29.0,39.0,338.0,303.0,11.0,553.0,25.444,143.125,0.181,0.244,50.5,6.693,0.036,3,Finishers / All-Rounders
2014,MEK Hussey,209.0,187.0,8.0,9,24.0,71.0,0.0,0.0,0.0,237.0,26.125,111.765,0.128,0.38,0.0,0.0,0.0,2,Power Hitters
2014,M Vijay,207.0,197.0,12.0,11,25.0,79.0,13.0,6.0,0.0,232.0,17.25,105.076,0.127,0.401,1.0,13.0,0.0,2,Power Hitters
2014,PA Patel,205.0,191.0,9.0,12,31.0,83.0,0.0,0.0,0.0,248.0,22.778,107.33,0.162,0.435,0.0,0.0,0.0,2,Power Hitters
2014,CH Gayle,196.0,188.0,9.0,9,30.0,101.0,0.0,0.0,0.0,226.0,21.778,104.255,0.16,0.537,0.0,0.0,0.0,2,Power Hitters
2014,JP Faulkner,181.0,99.0,5.0,13,24.0,22.0,445.0,272.0,11.0,512.0,36.2,182.828,0.242,0.222,45.333333333333336,9.816,0.04,3,Finishers / All-Rounders
2014,KL Rahul,166.0,166.0,8.0,8,15.0,57.0,0.0,0.0,0.0,181.0,20.75,100.0,0.09,0.343,0.0,0.0,0.0,2,Power Hitters
2014,SA Yadav,164.0,123.0,6.0,11,21.0,34.0,8.0,6.0,0.0,209.0,27.333,133.333,0.171,0.276,1.0,8.0,0.0,2,Power Hitters
2014,Q de Kock,153.0,132.0,6.0,7,23.0,59.0,0.0,0.0,0.0,180.0,25.5,115.909,0.174,0.447,0.0,0.0,0.0,2,Power Hitters
2014,MK Tiwary,152.0,123.0,6.0,8,18.0,35.0,28.0,12.0,0.0,178.0,25.333,123.577,0.146,0.285,2.0,14.0,0.0,2,Power Hitters
2014,SPD Smith,152.0,115.0,5.0,7,17.0,32.0,0.0,0.0,0.0,181.0,30.4,132.174,0.148,0.278,0.0,0.0,0.0,2,Power Hitters
2014,JH Kallis,151.0,131.0,6.0,8,17.0,50.0,193.0,134.0,4.0,276.0,25.167,115.267,0.13,0.382,22.333333333333332,8.642,0.03,2,Power Hitters
2014,KM Jadhav,149.0,104.0,3.0,10,20.0,27.0,0.0,0.0,0.0,197.0,49.667,143.269,0.192,0.26,0.0,0.0,0.0,1,Finishers / All-Rounders
2014,RA Jadeja,146.0,113.0,5.0,16,14.0,25.0,446.0,331.0,19.0,679.0,29.2,129.204,0.124,0.221,55.166666666666664,8.085,0.057,3,Finishers / All-Rounders
2014,AP Tare,126.0,102.0,8.0,11,19.0,40.0,0.0,0.0,0.0,157.0,15.75,123.529,0.186,0.392,0.0,0.0,0.0,1,Finishers / All-Rounders
2014,CA Pujara,125.0,129.0,4.0,6,17.0,52.0,0.0,0.0,0.0,150.0,31.25,96.899,0.132,0.403,0.0,0.0,0.0,1,Finishers / All-Rounders
2014,STR Binny,123.0,122.0,9.0,13,9.0,48.0,65.0,53.0,3.0,223.0,13.667,100.82,0.074,0.393,8.833333333333334,7.358,0.057,1,Finishers / All-Rounders
2014,CM Gautam,121.0,116.0,6.0,9,18.0,53.0,0.0,0.0,0.0,151.0,20.167,104.31,0.155,0.457,0.0,0.0,0.0,1,Finishers / All-Rounders
2014,DJ Hussey,116.0,96.0,2.0,4,14.0,33.0,38.0,18.0,2.0,188.0,58.0,120.833,0.146,0.344,3.0,12.667,0.111,1,Finishers / All-Rounders
2014,MA Agarwal,115.0,93.0,8.0,8,15.0,37.0,0.0,0.0,0.0,130.0,14.375,123.656,0.161,0.398,0.0,0.0,0.0,2,Power Hitters
2014,DJG Sammy,108.0,97.0,7.0,10,12.0,37.0,159.0,88.0,3.0,207.0,15.429,111.34,0.124,0.381,14.666666666666666,10.841,0.034,1,Finishers / All-Rounders
2014,YV Takawale,104.0,92.0,5.0,5,18.0,45.0,0.0,0.0,0.0,122.0,20.8,113.043,0.196,0.489,0.0,0.0,0.0,1,Finishers / All-Rounders
2014,BJ Hodge,101.0,74.0,3.0,4,10.0,25.0,0.0,0.0,0.0,115.0,33.667,136.486,0.135,0.338,0.0,0.0,0.0,1,Finishers / All-Rounders
2014,MA Starc,85.0,84.0,5.0,14,9.0,30.0,419.0,337.0,14.0,480.0,17.0,101.19,0.107,0.357,56.166666666666664,7.46,0.042,0,Finishers / All-Rounders
2014,R Dhawan,82.0,75.0,2.0,13,9.0,30.0,373.0,292.0,13.0,460.0,41.0,109.333,0.12,0.4,48.666666666666664,7.664,0.045,1,Finishers / All-Rounders
2014,S Rana,73.0,66.0,4.0,7,8.0,26.0,16.0,12.0,0.0,93.0,18.25,110.606,0.121,0.394,2.0,8.0,0.0,1,Finishers / All-Rounders
2014,Y Venugopal Rao,71.0,65.0,3.0,7,8.0,18.0,16.0,12.0,0.0,95.0,23.667,109.231,0.123,0.277,2.0,8.0,0.0,1,Finishers / All-Rounders
2014,SE Marsh,70.0,54.0,2.0,2,10.0,22.0,0.0,0.0,0.0,80.0,35.0,129.63,0.185,0.407,0.0,0.0,0.0,2,Power Hitters
2014,R Bhatia,67.0,55.0,5.0,12,7.0,16.0,287.0,231.0,12.0,402.0,13.4,121.818,0.127,0.291,38.5,7.455,0.052,3,Finishers / All-Rounders
2014,AR Patel,62.0,61.0,5.0,17,7.0,23.0,423.0,401.0,17.0,542.0,12.4,101.639,0.115,0.377,66.83333333333333,6.329,0.042,3,Finishers / All-Rounders
2014,LRPL Taylor,59.0,62.0,3.0,4,6.0,21.0,0.0,0.0,0.0,69.0,19.667,95.161,0.097,0.339,0.0,0.0,0.0,1,Finishers / All-Rounders
2014,CA Lynn,58.0,52.0,2.0,2,8.0,21.0,0.0,0.0,0.0,66.0,29.0,111.538,0.154,0.404,0.0,0.0,0.0,1,Finishers / All-Rounders
2014,MG Johnson,56.0,51.0,3.0,14,7.0,23.0,450.0,340.0,17.0,532.0,18.667,109.804,0.137,0.451,56.666666666666664,7.941,0.05,3,Finishers / All-Rounders
2014,IK Pathan,55.0,58.0,4.0,10,5.0,18.0,208.0,142.0,4.0,184.0,13.75,94.828,0.086,0.31,23.666666666666668,8.789,0.028,3,Finishers / All-Rounders
2014,RN ten Doeschate,52.0,33.0,4.0,7,7.0,10.0,35.0,30.0,1.0,96.0,13.0,157.576,0.212,0.303,5.0,7.0,0.033,1,Finishers / All-Rounders
2014,JA Morkel,45.0,41.0,3.0,7,4.0,17.0,127.0,101.0,4.0,165.0,15.0,109.756,0.098,0.415,16.833333333333332,7.545,0.04,3,Finishers / All-Rounders
2014,R Ashwin,45.0,48.0,2.0,16,4.0,13.0,445.0,378.0,16.0,505.0,22.5,93.75,0.083,0.271,63.0,7.063,0.042,3,Finishers / All-Rounders
2014,AM Nayar,43.0,50.0,4.0,4,6.0,29.0,0.0,0.0,0.0,53.0,10.75,86.0,0.12,0.58,0.0,0.0,0.0,1,Finishers / All-Rounders
2014,JDS Neesham,42.0,46.0,3.0,4,4.0,24.0,96.0,57.0,1.0,75.0,14.0,91.304,0.087,0.522,9.5,10.105,0.018,0,Finishers / All-Rounders
2014,KV Sharma,42.0,30.0,3.0,14,4.0,6.0,393.0,305.0,15.0,465.0,14.0,140.0,0.133,0.2,50.833333333333336,7.731,0.049,3,Finishers / All-Rounders
2014,BR Dunk,40.0,36.0,3.0,3,7.0,17.0,0.0,0.0,0.0,47.0,13.333,111.111,0.194,0.472,0.0,0.0,0.0,1,Finishers / All-Rounders
2014,KK Cooper,39.0,28.0,3.0,5,5.0,10.0,146.0,110.0,4.0,152.0,13.0,139.286,0.179,0.357,18.333333333333332,7.964,0.036,0,Finishers / All-Rounders
2014,RR Rossouw,39.0,41.0,4.0,3,4.0,20.0,0.0,0.0,0.0,43.0,9.75,95.122,0.098,0.488,0.0,0.0,0.0,1,Finishers / All-Rounders
2014,DS Kulkarni,35.0,27.0,1.0,8,3.0,6.0,226.0,173.0,6.0,216.0,35.0,129.63,0.111,0.222,28.833333333333332,7.838,0.035,3,Finishers / All-Rounders
2014,M Manhas,35.0,26.0,3.0,5,4.0,7.0,0.0,0.0,0.0,47.0,11.667,134.615,0.154,0.269,0.0,0.0,0.0,1,Finishers / All-Rounders
2014,VR Aaron,35.0,34.0,0.0,10,3.0,13.0,309.0,238.0,16.0,478.0,35.0,102.941,0.088,0.382,39.666666666666664,7.79,0.067,0,Finishers / All-Rounders
2014,Ankit Sharma,34.0,31.0,2.0,2,5.0,16.0,44.0,48.0,4.0,139.0,17.0,109.677,0.161,0.516,8.0,5.5,0.083,0,Finishers / All-Rounders
2014,LR Shukla,31.0,38.0,3.0,5,3.0,15.0,88.0,58.0,1.0,67.0,10.333,81.579,0.079,0.395,9.666666666666666,9.103,0.017,1,Finishers / All-Rounders
2014,PP Chawla,31.0,20.0,3.0,11,5.0,5.0,304.0,238.0,14.0,418.0,10.333,155.0,0.25,0.25,39.666666666666664,7.664,0.059,3,Finishers / All-Rounders
2014,VH Zol,29.0,26.0,2.0,2,4.0,13.0,0.0,0.0,0.0,33.0,14.5,111.538,0.154,0.5,0.0,0.0,0.0,1,Finishers / All-Rounders
2014,Harbhajan Singh,28.0,26.0,6.0,14,4.0,13.0,365.0,336.0,14.0,414.0,4.667,107.692,0.154,0.5,56.0,6.518,0.042,3,Finishers / All-Rounders
2014,Mandeep Singh,24.0,28.0,3.0,3,2.0,12.0,0.0,0.0,0.0,26.0,8.0,85.714,0.071,0.429,0.0,0.0,0.0,2,Power Hitters
2014,DW Steyn,22.0,26.0,2.0,14,1.0,10.0,441.0,341.0,11.0,346.0,11.0,84.615,0.038,0.385,56.833333333333336,7.76,0.032,3,Finishers / All-Rounders
2014,R Shukla,18.0,21.0,2.0,3,2.0,9.0,105.0,57.0,2.0,74.0,9.0,85.714,0.095,0.429,9.5,11.053,0.035,0,Finishers / All-Rounders
2014,JO Holder,16.0,12.0,1.0,1,3.0,7.0,35.0,20.0,1.0,44.0,16.0,133.333,0.25,0.583,3.3333333333333335,10.5,0.05,3,Finishers / All-Rounders
2014,NJ Maddinson,16.0,14.0,2.0,2,3.0,9.0,0.0,0.0,0.0,19.0,8.0,114.286,0.214,0.643,0.0,0.0,0.0,1,Finishers / All-Rounders
2014,R Tewatia,16.0,13.0,1.0,3,1.0,2.0,58.0,54.0,2.0,75.0,16.0,123.077,0.077,0.154,9.0,6.444,0.037,1,Finishers / All-Rounders
2014,HV Patel,13.0,7.0,2.0,3,2.0,3.0,118.0,71.0,4.0,119.0,6.5,185.714,0.286,0.429,11.833333333333334,9.972,0.056,3,Finishers / All-Rounders
2014,R Rampaul,13.0,13.0,1.0,2,1.0,6.0,36.0,36.0,1.0,43.0,13.0,100.0,0.077,0.462,6.0,6.0,0.028,0,Finishers / All-Rounders
2014,S Gopal,11.0,10.0,1.0,4,1.0,2.0,113.0,85.0,6.0,174.0,11.0,110.0,0.1,0.2,14.166666666666666,7.976,0.071,3,Finishers / All-Rounders
2014,SP Narine,10.0,15.0,1.0,16,0.0,4.0,431.0,391.0,21.0,595.0,10.0,66.667,0.0,0.267,65.16666666666667,6.614,0.054,3,Finishers / All-Rounders
2014,MC Henriques,9.0,14.0,2.0,4,1.0,6.0,96.0,63.0,4.0,118.0,4.5,64.286,0.071,0.429,10.5,9.143,0.063,1,Finishers / All-Rounders
2014,BCJ Cutting,8.0,6.0,0.0,1,1.0,2.0,31.0,23.0,1.0,38.0,8.0,133.333,0.167,0.333,3.8333333333333335,8.087,0.043,1,Finishers / All-Rounders
2014,DJ Bravo,8.0,3.0,0.0,1,1.0,0.0,0.0,0.0,0.0,13.0,8.0,266.667,0.333,0.0,0.0,0.0,0.0,3,Finishers / All-Rounders
2014,Imran Tahir,8.0,10.0,2.0,6,2.0,8.0,175.0,129.0,9.0,251.0,4.0,80.0,0.2,0.8,21.5,8.14,0.07,3,Finishers / All-Rounders
2014,Z Khan,8.0,7.0,1.0,6,1.0,2.0,156.0,137.0,5.0,154.0,8.0,114.286,0.143,0.286,22.833333333333332,6.832,0.036,3,Finishers / All-Rounders
2014,S Nadeem,7.0,20.0,2.0,11,0.0,12.0,314.0,234.0,8.0,243.0,3.5,35.0,0.0,0.6,39.0,8.051,0.034,3,Finishers / All-Rounders
2014,PV Tambe,5.0,9.0,1.0,13,0.0,4.0,365.0,304.0,15.0,428.0,5.0,55.556,0.0,0.444,50.666666666666664,7.204,0.049,0,Finishers / All-Rounders
2014,Shivam Sharma,5.0,3.0,1.0,4,1.0,1.0,121.0,96.0,3.0,93.0,5.0,166.667,0.333,0.333,16.0,7.562,0.031,0,Finishers / All-Rounders
2014,A Mishra,4.0,7.0,1.0,10,0.0,2.0,342.0,229.0,7.0,215.0,4.0,57.143,0.0,0.286,38.166666666666664,8.961,0.031,3,Finishers / All-Rounders
2014,AB Dinda,4.0,13.0,1.0,9,0.0,8.0,271.0,195.0,5.0,161.0,4.0,30.769,0.0,0.615,32.5,8.338,0.026,3,Finishers / All-Rounders
2014,AN Ahmed,4.0,1.0,0.0,4,1.0,0.0,120.0,89.0,3.0,96.0,4.0,400.0,1.0,0.0,14.833333333333334,8.09,0.034,1,Finishers / All-Rounders
2014,DH Yagnik,4.0,6.0,0.0,1,0.0,1.0,0.0,0.0,0.0,8.0,4.0,66.667,0.0,0.167,0.0,0.0,0.0,1,Finishers / All-Rounders
2014,M Morkel,4.0,4.0,0.0,12,0.0,0.0,376.0,304.0,12.0,352.0,4.0,100.0,0.0,0.0,50.666666666666664,7.421,0.039,3,Finishers / All-Rounders
2014,PP Ojha,4.0,8.0,1.0,12,0.0,2.0,385.0,281.0,4.0,148.0,4.0,50.0,0.0,0.25,46.833333333333336,8.221,0.014,3,Finishers / All-Rounders
2014,R Vinay Kumar,4.0,7.0,2.0,9,0.0,2.0,293.0,191.0,7.0,207.0,2.0,57.143,0.0,0.286,31.833333333333332,9.204,0.037,3,Finishers / All-Rounders
2014,TG Southee,4.0,4.0,1.0,3,1.0,3.0,78.0,63.0,0.0,13.0,4.0,100.0,0.25,0.75,10.5,7.429,0.0,3,Finishers / All-Rounders
2014,MS Bisla,3.0,9.0,1.0,1,0.0,6.0,0.0,0.0,0.0,3.0,3.0,33.333,0.0,0.667,0.0,0.0,0.0,1,Finishers / All-Rounders
2014,Mohammed Shami,3.0,8.0,2.0,12,0.0,4.0,380.0,278.0,7.0,218.0,1.5,37.5,0.0,0.5,46.333333333333336,8.201,0.025,3,Finishers / All-Rounders
2014,S Anirudha,3.0,5.0,1.0,1,0.0,2.0,0.0,0.0,0.0,3.0,3.0,60.0,0.0,0.4,0.0,0.0,0.0,1,Finishers / All-Rounders
2014,AD Russell,2.0,8.0,2.0,2,0.0,6.0,54.0,30.0,1.0,27.0,1.0,25.0,0.0,0.75,5.0,10.8,0.033,3,Finishers / All-Rounders
2014,S Kaul,2.0,2.0,0.0,5,0.0,0.0,136.0,82.0,2.0,72.0,2.0,100.0,0.0,0.0,13.666666666666666,9.951,0.024,3,Finishers / All-Rounders
2014,SL Malinga,2.0,4.0,0.0,10,0.0,2.0,266.0,242.0,16.0,442.0,2.0,50.0,0.0,0.5,40.333333333333336,6.595,0.066,3,Finishers / All-Rounders
2014,Sandeep Sharma,2.0,5.0,0.0,11,0.0,2.0,357.0,254.0,18.0,496.0,2.0,40.0,0.0,0.4,42.333333333333336,8.433,0.071,3,Finishers / All-Rounders
2014,UBT Chand,2.0,10.0,1.0,1,0.0,7.0,0.0,0.0,0.0,2.0,2.0,20.0,0.0,0.7,0.0,0.0,0.0,1,Finishers / All-Rounders
2014,UT Yadav,2.0,4.0,1.0,12,0.0,2.0,380.0,282.0,11.0,321.0,2.0,50.0,0.0,0.5,47.0,8.085,0.039,3,Finishers / All-Rounders
2014,WD Parnell,2.0,2.0,1.0,8,0.0,1.0,234.0,189.0,6.0,180.0,2.0,100.0,0.0,0.5,31.5,7.429,0.032,0,Finishers / All-Rounders
2014,B Kumar,1.0,4.0,1.0,14,0.0,2.0,362.0,326.0,20.0,553.0,1.0,25.0,0.0,0.5,54.333333333333336,6.663,0.061,3,Finishers / All-Rounders
2014,JD Unadkat,1.0,6.0,1.0,9,0.0,5.0,278.0,189.0,10.0,283.0,1.0,16.667,0.0,0.833,31.5,8.825,0.053,3,Finishers / All-Rounders
2014,JJ Bumrah,1.0,4.0,1.0,11,0.0,2.0,307.0,245.0,5.0,166.0,1.0,25.0,0.0,0.5,40.833333333333336,7.518,0.02,3,Finishers / All-Rounders
2014,KW Richardson,1.0,2.0,1.0,7,0.0,1.0,208.0,166.0,9.0,250.0,1.0,50.0,0.0,0.5,27.666666666666668,7.518,0.054,0,Finishers / All-Rounders
2014,Karanveer Singh,1.0,1.0,0.0,5,0.0,0.0,164.0,125.0,11.0,296.0,1.0,100.0,0.0,0.0,20.833333333333332,7.872,0.088,0,Finishers / All-Rounders
2014,L Balaji,1.0,3.0,1.0,9,0.0,2.0,305.0,211.0,12.0,333.0,1.0,33.333,0.0,0.667,35.166666666666664,8.673,0.057,3,Finishers / All-Rounders
2014,M de Lange,1.0,2.0,1.0,1,0.0,1.0,33.0,26.0,2.0,51.0,1.0,50.0,0.0,0.5,4.333333333333333,7.615,0.077,0,Finishers / All-Rounders
2014,MM Sharma,1.0,3.0,0.0,16,0.0,2.0,455.0,321.0,23.0,640.0,1.0,33.333,0.0,0.667,53.5,8.505,0.072,3,Finishers / All-Rounders
2014,P Kumar,1.0,2.0,1.0,3,0.0,1.0,81.0,72.0,3.0,84.0,1.0,50.0,0.0,0.5,12.0,6.75,0.042,3,Finishers / All-Rounders
2014,VS Malik,1.0,2.0,0.0,1,0.0,1.0,29.0,19.0,1.0,30.0,1.0,50.0,0.0,0.5,3.1666666666666665,9.158,0.053,0,Finishers / All-Rounders
2014,YS Chahal,1.0,2.0,0.0,14,0.0,0.0,389.0,333.0,12.0,357.0,1.0,50.0,0.0,0.0,55.5,7.009,0.036,3,Finishers / All-Rounders
2014,A Nehra,0.0,0.0,0.0,4,0.0,0.0,143.0,93.0,8.0,216.0,0.0,0.0,0.0,0.0,15.5,9.226,0.086,3,Finishers / All-Rounders
2014,BE Hendricks,0.0,1.0,1.0,3,0.0,1.0,127.0,75.0,4.0,108.0,0.0,0.0,0.0,1.0,12.5,10.16,0.053,0,Finishers / All-Rounders
2014,BW Hilfenhaus,0.0,0.0,0.0,8,0.0,0.0,255.0,174.0,8.0,232.0,0.0,0.0,0.0,0.0,29.0,8.793,0.046,0,Finishers / All-Rounders
2014,I Sharma,0.0,0.0,0.0,3,0.0,0.0,101.0,68.0,3.0,87.0,0.0,0.0,0.0,0.0,11.333333333333334,8.912,0.044,3,Finishers / All-Rounders
2014,IC Pandey,0.0,0.0,0.0,12,0.0,0.0,331.0,254.0,6.0,198.0,0.0,0.0,0.0,0.0,42.333333333333336,7.819,0.024,0,Finishers / All-Rounders
2014,Iqbal Abdulla,0.0,0.0,0.0,1,0.0,0.0,18.0,12.0,0.0,4.0,0.0,0.0,0.0,0.0,2.0,9.0,0.0,1,Finishers / All-Rounders
2014,JW Hastings,0.0,0.0,0.0,1,0.0,0.0,29.0,19.0,1.0,29.0,0.0,0.0,0.0,0.0,3.1666666666666665,9.158,0.053,0,Finishers / All-Rounders
2014,K Santokie,0.0,0.0,0.0,2,0.0,0.0,91.0,51.0,3.0,83.0,0.0,0.0,0.0,0.0,8.5,10.706,0.059,0,Finishers / All-Rounders
2014,M Kartik,0.0,0.0,0.0,2,0.0,0.0,90.0,48.0,1.0,33.0,0.0,0.0,0.0,0.0,8.0,11.25,0.021,0,Finishers / All-Rounders
2014,M Muralitharan,0.0,0.0,0.0,5,0.0,0.0,125.0,98.0,3.0,95.0,0.0,0.0,0.0,0.0,16.333333333333332,7.653,0.031,3,Finishers / All-Rounders
2014,NM Coulter-Nile,0.0,0.0,0.0,1,0.0,0.0,27.0,26.0,2.0,54.0,0.0,0.0,0.0,0.0,4.333333333333333,6.231,0.077,3,Finishers / All-Rounders
2014,P Awana,0.0,0.0,0.0,7,0.0,0.0,247.0,144.0,7.0,203.0,0.0,0.0,0.0,0.0,24.0,10.292,0.049,0,Finishers / All-Rounders
2014,P Negi,0.0,0.0,0.0,2,0.0,0.0,76.0,42.0,0.0,8.0,0.0,0.0,0.0,0.0,7.0,10.857,0.0,0,Finishers / All-Rounders
2014,P Suyal,0.0,0.0,0.0,1,0.0,0.0,35.0,21.0,1.0,29.0,0.0,0.0,0.0,0.0,3.5,10.0,0.048,0,Finishers / All-Rounders
2014,PJ Cummins,0.0,0.0,0.0,1,0.0,0.0,29.0,23.0,1.0,29.0,0.0,0.0,0.0,0.0,3.8333333333333335,7.565,0.043,3,Finishers / All-Rounders
2014,Parvez Rasool,0.0,0.0,0.0,3,0.0,0.0,83.0,56.0,1.0,37.0,0.0,0.0,0.0,0.0,9.333333333333334,8.893,0.018,0,Finishers / All-Rounders
2014,R Sharma,0.0,0.0,0.0,2,0.0,0.0,65.0,36.0,1.0,33.0,0.0,0.0,0.0,0.0,6.0,10.833,0.028,0,Finishers / All-Rounders
2014,S Badree,0.0,0.0,0.0,4,0.0,0.0,103.0,87.0,2.0,66.0,0.0,0.0,0.0,0.0,14.5,7.103,0.023,0,Finishers / All-Rounders
2014,SB Jakati,0.0,0.0,0.0,1,0.0,0.0,41.0,22.0,0.0,4.0,0.0,0.0,0.0,0.0,3.6666666666666665,11.182,0.0,0,Finishers / All-Rounders
2014,V Shankar,0.0,0.0,0.0,1,0.0,0.0,19.0,6.0,0.0,4.0,0.0,0.0,0.0,0.0,1.0,19.0,0.0,1,Finishers / All-Rounders
2015,DA Warner,562.0,368.0,12.0,14,86.0,123.0,0.0,0.0,0.0,656.0,46.833,152.717,0.234,0.334,0.0,0.0,0.0,2,Power Hitters
2015,AM Rahane,540.0,423.0,11.0,13,66.0,132.0,0.0,0.0,0.0,614.0,49.091,127.66,0.156,0.312,0.0,0.0,0.0,2,Power Hitters
2015,LMP Simmons,540.0,455.0,13.0,13,77.0,193.0,0.0,0.0,0.0,617.0,41.538,118.681,0.169,0.424,0.0,0.0,0.0,1,Finishers / All-Rounders
2015,AB de Villiers,513.0,302.0,8.0,14,82.0,83.0,0.0,0.0,0.0,619.0,64.125,169.868,0.272,0.275,0.0,0.0,0.0,2,Power Hitters
2015,V Kohli,505.0,395.0,14.0,16,58.0,139.0,9.0,10.0,0.0,579.0,36.071,127.848,0.147,0.352,1.6666666666666667,5.4,0.0,2,Power Hitters
2015,CH Gayle,491.0,359.0,13.0,14,77.0,146.0,16.0,13.0,0.0,576.0,37.769,136.769,0.214,0.407,2.1666666666666665,7.385,0.0,2,Power Hitters
2015,RG Sharma,482.0,339.0,15.0,16,62.0,100.0,0.0,0.0,0.0,552.0,32.133,142.183,0.183,0.295,0.0,0.0,0.0,2,Power Hitters
2015,SS Iyer,439.0,360.0,13.0,14,62.0,146.0,0.0,0.0,0.0,505.0,33.769,121.944,0.172,0.406,0.0,0.0,0.0,2,Power Hitters
2015,BB McCullum,436.0,293.0,15.0,14,74.0,119.0,0.0,0.0,0.0,510.0,29.067,148.805,0.253,0.406,0.0,0.0,0.0,2,Power Hitters
2015,KA Pollard,419.0,270.0,10.0,15,56.0,78.0,118.0,78.0,3.0,570.0,41.9,155.185,0.207,0.289,13.0,9.077,0.038,2,Power Hitters
2015,JP Duminy,414.0,327.0,10.0,14,47.0,98.0,128.0,107.0,8.0,677.0,41.4,126.606,0.144,0.3,17.833333333333332,7.178,0.075,2,Power Hitters
2015,DR Smith,399.0,341.0,14.0,16,68.0,171.0,17.0,12.0,1.0,500.0,28.5,117.009,0.199,0.501,2.0,8.5,0.083,2,Power Hitters
2015,F du Plessis,380.0,317.0,11.0,15,42.0,89.0,0.0,0.0,0.0,438.0,34.545,119.874,0.132,0.281,0.0,0.0,0.0,2,Power Hitters
2015,SK Raina,374.0,319.0,15.0,17,47.0,118.0,93.0,77.0,2.0,483.0,24.933,117.241,0.147,0.37,12.833333333333334,7.247,0.026,2,Power Hitters
2015,MS Dhoni,372.0,309.0,16.0,17,44.0,116.0,0.0,0.0,0.0,428.0,23.25,120.388,0.142,0.375,0.0,0.0,0.0,2,Power Hitters
2015,RV Uthappa,364.0,287.0,12.0,13,49.0,97.0,0.0,0.0,0.0,417.0,30.333,126.829,0.171,0.338,0.0,0.0,0.0,2,Power Hitters
2015,DA Miller,357.0,274.0,13.0,13,42.0,89.0,0.0,0.0,0.0,407.0,27.462,130.292,0.153,0.325,0.0,0.0,0.0,2,Power Hitters
2015,S Dhawan,353.0,293.0,13.0,14,51.0,109.0,0.0,0.0,0.0,408.0,27.154,120.478,0.174,0.372,0.0,0.0,0.0,2,Power Hitters
2015,SR Watson,347.0,270.0,9.0,10,51.0,105.0,271.0,191.0,6.0,556.0,38.556,128.519,0.189,0.389,31.833333333333332,8.513,0.031,2,Power Hitters
2015,PA Patel,339.0,255.0,12.0,14,52.0,92.0,0.0,0.0,0.0,399.0,28.25,132.941,0.204,0.361,0.0,0.0,0.0,2,Power Hitters
2015,G Gambhir,327.0,288.0,14.0,13,45.0,105.0,0.0,0.0,0.0,372.0,23.357,113.542,0.156,0.365,0.0,0.0,0.0,2,Power Hitters
2015,AD Russell,326.0,175.0,7.0,13,54.0,48.0,332.0,254.0,14.0,754.0,46.571,186.286,0.309,0.274,42.333333333333336,7.843,0.055,3,Finishers / All-Rounders
2015,YK Pathan,312.0,243.0,7.0,13,41.0,76.0,100.0,60.0,2.0,427.0,44.571,128.395,0.169,0.313,10.0,10.0,0.033,2,Power Hitters
2015,SPD Smith,298.0,228.0,12.0,12,37.0,62.0,0.0,0.0,0.0,339.0,24.833,130.702,0.162,0.272,0.0,0.0,0.0,2,Power Hitters
2015,MC Henriques,287.0,216.0,7.0,9,32.0,64.0,164.0,157.0,11.0,602.0,41.0,132.87,0.148,0.296,26.166666666666668,6.268,0.07,1,Finishers / All-Rounders
2015,AT Rayudu,281.0,195.0,9.0,14,34.0,56.0,0.0,0.0,0.0,335.0,31.222,144.103,0.174,0.287,0.0,0.0,0.0,2,Power Hitters
2015,GJ Bailey,259.0,196.0,10.0,12,29.0,50.0,0.0,0.0,0.0,296.0,25.9,132.143,0.148,0.255,0.0,0.0,0.0,1,Finishers / All-Rounders
2015,M Vijay,251.0,233.0,9.0,11,35.0,112.0,28.0,24.0,0.0,294.0,27.889,107.725,0.15,0.481,4.0,7.0,0.0,2,Power Hitters
2015,WP Saha,249.0,205.0,13.0,13,26.0,66.0,0.0,0.0,0.0,275.0,19.154,121.463,0.127,0.322,0.0,0.0,0.0,2,Power Hitters
2015,Yuvraj Singh,248.0,215.0,13.0,13,33.0,89.0,75.0,55.0,1.0,306.0,19.077,115.349,0.153,0.414,9.166666666666666,8.182,0.018,2,Power Hitters
2015,MK Pandey,225.0,187.0,10.0,12,29.0,68.0,0.0,0.0,0.0,262.0,22.5,120.321,0.155,0.364,0.0,0.0,0.0,2,Power Hitters
2015,MA Agarwal,213.0,187.0,10.0,10,30.0,70.0,0.0,0.0,0.0,247.0,21.3,113.904,0.16,0.374,0.0,0.0,0.0,2,Power Hitters
2015,AR Patel,206.0,181.0,10.0,14,21.0,53.0,399.0,288.0,13.0,572.0,20.6,113.812,0.116,0.293,48.0,8.312,0.045,3,Finishers / All-Rounders
2015,SV Samson,204.0,166.0,10.0,11,24.0,62.0,0.0,0.0,0.0,232.0,20.4,122.892,0.145,0.373,0.0,0.0,0.0,2,Power Hitters
2015,DJ Bravo,195.0,151.0,8.0,17,27.0,49.0,441.0,322.0,26.0,908.0,24.375,129.139,0.179,0.325,53.666666666666664,8.217,0.081,3,Finishers / All-Rounders
2015,KM Jadhav,189.0,143.0,8.0,12,23.0,42.0,0.0,0.0,0.0,228.0,23.625,132.168,0.161,0.294,0.0,0.0,0.0,1,Finishers / All-Rounders
2015,EJG Morgan,187.0,154.0,8.0,9,22.0,62.0,0.0,0.0,0.0,213.0,23.375,121.429,0.143,0.403,0.0,0.0,0.0,1,Finishers / All-Rounders
2015,KK Nair,181.0,147.0,10.0,12,23.0,53.0,0.0,0.0,0.0,212.0,18.1,123.129,0.156,0.361,0.0,0.0,0.0,1,Finishers / All-Rounders
2015,Mandeep Singh,157.0,102.0,7.0,8,23.0,29.0,0.0,0.0,0.0,184.0,22.429,153.922,0.225,0.284,0.0,0.0,0.0,2,Power Hitters
2015,SA Yadav,157.0,115.0,9.0,13,20.0,38.0,0.0,0.0,0.0,193.0,17.444,136.522,0.174,0.33,0.0,0.0,0.0,2,Power Hitters
2015,DJ Hooda,151.0,99.0,9.0,11,17.0,30.0,131.0,97.0,1.0,201.0,16.778,152.525,0.172,0.303,16.166666666666668,8.103,0.01,1,Finishers / All-Rounders
2015,GJ Maxwell,146.0,115.0,11.0,11,21.0,50.0,97.0,63.0,2.0,217.0,13.273,126.957,0.183,0.435,10.5,9.238,0.032,2,Power Hitters
2015,RS Bopara,145.0,121.0,5.0,9,12.0,37.0,164.0,121.0,6.0,323.0,29.0,119.835,0.099,0.306,20.166666666666668,8.132,0.05,1,Finishers / All-Rounders
2015,AD Mathews,144.0,109.0,7.0,11,18.0,32.0,249.0,185.0,7.0,357.0,20.571,132.11,0.165,0.294,30.833333333333332,8.076,0.038,1,Finishers / All-Rounders
2015,JP Faulkner,144.0,116.0,9.0,13,17.0,34.0,432.0,280.0,8.0,381.0,16.0,124.138,0.147,0.293,46.666666666666664,9.257,0.029,3,Finishers / All-Rounders
2015,KL Rahul,142.0,133.0,7.0,8,13.0,45.0,0.0,0.0,0.0,163.0,20.286,106.767,0.098,0.338,0.0,0.0,0.0,2,Power Hitters
2015,KD Karthik,141.0,120.0,10.0,11,19.0,45.0,0.0,0.0,0.0,164.0,14.1,117.5,0.158,0.375,0.0,0.0,0.0,2,Power Hitters
2015,NV Ojha,137.0,126.0,9.0,11,16.0,49.0,0.0,0.0,0.0,161.0,15.222,108.73,0.127,0.389,0.0,0.0,0.0,1,Finishers / All-Rounders
2015,RA Jadeja,132.0,128.0,8.0,17,10.0,40.0,333.0,257.0,11.0,457.0,16.5,103.125,0.078,0.312,42.833333333333336,7.774,0.043,3,Finishers / All-Rounders
2015,D Wiese,122.0,90.0,5.0,14,16.0,24.0,360.0,261.0,16.0,574.0,24.4,135.556,0.178,0.267,43.5,8.276,0.061,1,Finishers / All-Rounders
2015,Q de Kock,122.0,78.0,3.0,3,22.0,29.0,0.0,0.0,0.0,144.0,40.667,156.41,0.282,0.372,0.0,0.0,0.0,2,Power Hitters
2015,Harbhajan Singh,117.0,81.0,7.0,15,18.0,32.0,448.0,348.0,18.0,617.0,16.714,144.444,0.222,0.395,58.0,7.724,0.052,3,Finishers / All-Rounders
2015,P Negi,116.0,77.0,6.0,10,15.0,20.0,259.0,182.0,6.0,297.0,19.333,150.649,0.195,0.26,30.333333333333332,8.538,0.033,0,Finishers / All-Rounders
2015,CJ Anderson,114.0,98.0,3.0,4,17.0,49.0,33.0,24.0,1.0,160.0,38.0,116.327,0.173,0.5,4.0,8.25,0.042,1,Finishers / All-Rounders
2015,HH Pandya,112.0,68.0,5.0,9,17.0,17.0,178.0,107.0,1.0,170.0,22.4,164.706,0.25,0.25,17.833333333333332,9.981,0.009,2,Power Hitters
2015,SN Khan,111.0,72.0,6.0,7,14.0,15.0,0.0,0.0,0.0,133.0,18.5,154.167,0.194,0.208,0.0,0.0,0.0,1,Finishers / All-Rounders
2015,SS Tiwary,109.0,83.0,0.0,6,14.0,22.0,0.0,0.0,0.0,147.0,109.0,131.325,0.169,0.265,0.0,0.0,0.0,1,Finishers / All-Rounders
2015,KV Sharma,104.0,87.0,6.0,14,9.0,23.0,337.0,238.0,10.0,395.0,17.333,119.54,0.103,0.264,39.666666666666664,8.496,0.042,3,Finishers / All-Rounders
2015,UBT Chand,102.0,89.0,5.0,5,15.0,32.0,0.0,0.0,0.0,117.0,20.4,114.607,0.169,0.36,0.0,0.0,0.0,1,Finishers / All-Rounders
2015,V Sehwag,99.0,89.0,7.0,8,15.0,35.0,0.0,0.0,0.0,118.0,14.143,111.236,0.169,0.393,0.0,0.0,0.0,2,Power Hitters
2015,SE Marsh,93.0,65.0,6.0,4,13.0,21.0,0.0,0.0,0.0,106.0,15.5,143.077,0.2,0.323,0.0,0.0,0.0,2,Power Hitters
2015,JA Morkel,86.0,70.0,1.0,4,11.0,21.0,113.0,74.0,3.0,184.0,86.0,122.857,0.157,0.3,12.333333333333334,9.162,0.041,3,Finishers / All-Rounders
2015,M Vohra,82.0,83.0,7.0,7,9.0,41.0,0.0,0.0,0.0,91.0,11.714,98.795,0.108,0.494,0.0,0.0,0.0,1,Finishers / All-Rounders
2015,MEK Hussey,77.0,73.0,4.0,4,8.0,26.0,0.0,0.0,0.0,85.0,19.25,105.479,0.11,0.356,0.0,0.0,0.0,2,Power Hitters
2015,CH Morris,76.0,47.0,2.0,11,8.0,8.0,335.0,269.0,14.0,470.0,38.0,161.702,0.17,0.17,44.833333333333336,7.472,0.052,3,Finishers / All-Rounders
2015,STR Binny,74.0,69.0,5.0,13,8.0,18.0,143.0,116.0,5.0,239.0,14.8,107.246,0.116,0.261,19.333333333333332,7.397,0.043,1,Finishers / All-Rounders
2015,A Ashish Reddy,73.0,46.0,3.0,6,8.0,12.0,51.0,36.0,3.0,168.0,24.333,158.696,0.174,0.261,6.0,8.5,0.083,1,Finishers / All-Rounders
2015,RN ten Doeschate,61.0,45.0,5.0,5,7.0,14.0,4.0,6.0,0.0,72.0,12.2,135.556,0.156,0.311,1.0,4.0,0.0,1,Finishers / All-Rounders
2015,MK Tiwary,57.0,58.0,2.0,2,9.0,26.0,0.0,0.0,0.0,66.0,28.5,98.276,0.155,0.448,0.0,0.0,0.0,2,Power Hitters
2015,PP Chawla,54.0,49.0,5.0,13,7.0,17.0,274.0,211.0,11.0,372.0,10.8,110.204,0.143,0.347,35.166666666666664,7.791,0.052,3,Finishers / All-Rounders
2015,R Ashwin,52.0,34.0,3.0,13,7.0,7.0,229.0,240.0,10.0,349.0,17.333,152.941,0.206,0.206,40.0,5.725,0.042,3,Finishers / All-Rounders
2015,J Suchith,48.0,33.0,1.0,12,6.0,10.0,338.0,239.0,10.0,348.0,48.0,145.455,0.182,0.303,39.833333333333336,8.485,0.042,0,Finishers / All-Rounders
2015,GH Vihari,39.0,36.0,4.0,4,6.0,15.0,0.0,0.0,0.0,45.0,9.75,108.333,0.167,0.417,0.0,0.0,0.0,1,Finishers / All-Rounders
2015,MS Bisla,37.0,30.0,2.0,2,7.0,18.0,0.0,0.0,0.0,44.0,18.5,123.333,0.233,0.6,0.0,0.0,0.0,1,Finishers / All-Rounders
2015,R Dhawan,36.0,33.0,2.0,5,4.0,14.0,111.0,79.0,1.0,77.0,18.0,109.091,0.121,0.424,13.166666666666666,8.43,0.013,1,Finishers / All-Rounders
2015,Shakib Al Hasan,36.0,32.0,3.0,4,5.0,9.0,122.0,88.0,4.0,145.0,12.0,112.5,0.156,0.281,14.666666666666666,8.318,0.045,3,Finishers / All-Rounders
2015,Gurkeerat Singh,35.0,41.0,5.0,5,4.0,18.0,66.0,56.0,3.0,114.0,7.0,85.366,0.098,0.439,9.333333333333334,7.071,0.054,1,Finishers / All-Rounders
2015,J Botha,31.0,15.0,3.0,4,6.0,3.0,82.0,62.0,1.0,66.0,10.333,206.667,0.4,0.2,10.333333333333334,7.935,0.016,1,Finishers / All-Rounders
2015,KS Williamson,31.0,29.0,1.0,2,2.0,4.0,0.0,0.0,0.0,37.0,31.0,106.897,0.069,0.138,0.0,0.0,0.0,2,Power Hitters
2015,MG Johnson,31.0,38.0,5.0,9,2.0,14.0,346.0,230.0,10.0,299.0,6.2,81.579,0.053,0.368,38.333333333333336,9.026,0.043,3,Finishers / All-Rounders
2015,UT Yadav,29.0,16.0,1.0,12,6.0,5.0,385.0,264.0,10.0,329.0,29.0,181.25,0.375,0.312,44.0,8.75,0.038,3,Finishers / All-Rounders
2015,MM Sharma,28.0,18.0,2.0,16,3.0,6.0,482.0,349.0,14.0,437.0,14.0,155.556,0.167,0.333,58.166666666666664,8.287,0.04,3,Finishers / All-Rounders
2015,AJ Finch,23.0,33.0,3.0,3,4.0,21.0,0.0,0.0,0.0,27.0,7.667,69.697,0.121,0.636,0.0,0.0,0.0,2,Power Hitters
2015,DW Steyn,20.0,13.0,2.0,6,3.0,3.0,171.0,116.0,3.0,114.0,10.0,153.846,0.231,0.231,19.333333333333332,8.845,0.026,3,Finishers / All-Rounders
2015,Iqbal Abdulla,20.0,20.0,1.0,5,4.0,8.0,150.0,121.0,4.0,140.0,20.0,100.0,0.2,0.4,20.166666666666668,7.438,0.033,1,Finishers / All-Rounders
2015,NM Coulter-Nile,20.0,20.0,3.0,11,3.0,10.0,331.0,263.0,15.0,430.0,6.667,100.0,0.15,0.5,43.833333333333336,7.551,0.057,3,Finishers / All-Rounders
2015,HV Patel,19.0,14.0,4.0,15,2.0,4.0,339.0,270.0,17.0,490.0,4.75,135.714,0.143,0.286,45.0,7.533,0.063,3,Finishers / All-Rounders
2015,Anureet Singh,18.0,31.0,3.0,14,1.0,15.0,477.0,321.0,15.0,438.0,6.0,58.065,0.032,0.484,53.5,8.916,0.047,0,Finishers / All-Rounders
2015,B Kumar,17.0,10.0,1.0,14,3.0,5.0,419.0,322.0,18.0,522.0,17.0,170.0,0.3,0.5,53.666666666666664,7.807,0.056,3,Finishers / All-Rounders
2015,P Kumar,17.0,25.0,2.0,12,1.0,11.0,338.0,230.0,7.0,233.0,8.5,68.0,0.04,0.44,38.333333333333336,8.817,0.03,3,Finishers / All-Rounders
2015,SA Abbott,15.0,13.0,1.0,2,2.0,6.0,57.0,32.0,0.0,21.0,15.0,115.385,0.154,0.462,5.333333333333333,10.688,0.0,0,Finishers / All-Rounders
2015,AP Tare,14.0,18.0,2.0,2,1.0,7.0,0.0,0.0,0.0,15.0,7.0,77.778,0.056,0.389,0.0,0.0,0.0,1,Finishers / All-Rounders
2015,RR Rossouw,14.0,10.0,2.0,2,2.0,4.0,0.0,0.0,0.0,16.0,7.0,140.0,0.2,0.4,0.0,0.0,0.0,1,Finishers / All-Rounders
2015,DJG Sammy,13.0,18.0,2.0,2,0.0,5.0,26.0,18.0,0.0,13.0,6.5,72.222,0.0,0.278,3.0,8.667,0.0,1,Finishers / All-Rounders
2015,MJ McClenaghan,13.0,6.0,1.0,12,2.0,3.0,395.0,305.0,18.0,509.0,13.0,216.667,0.333,0.5,50.833333333333336,7.77,0.059,3,Finishers / All-Rounders
2015,TG Southee,13.0,9.0,0.0,7,1.0,1.0,254.0,172.0,6.0,192.0,13.0,144.444,0.111,0.111,28.666666666666668,8.86,0.035,3,Finishers / All-Rounders
2015,NLTC Perera,12.0,15.0,2.0,2,1.0,7.0,55.0,37.0,1.0,38.0,6.0,80.0,0.067,0.467,6.166666666666667,8.919,0.027,1,Finishers / All-Rounders
2015,Karanveer Singh,11.0,16.0,1.0,4,1.0,9.0,159.0,86.0,1.0,49.0,11.0,68.75,0.062,0.562,14.333333333333334,11.093,0.012,0,Finishers / All-Rounders
2015,MA Starc,11.0,14.0,1.0,12,1.0,6.0,306.0,270.0,20.0,556.0,11.0,78.571,0.071,0.429,45.0,6.8,0.074,0,Finishers / All-Rounders
2015,AN Ahmed,10.0,5.0,1.0,3,2.0,1.0,129.0,75.0,1.0,45.0,10.0,200.0,0.4,0.2,12.5,10.32,0.013,1,Finishers / All-Rounders
2015,Sandeep Sharma,9.0,14.0,1.0,14,1.0,8.0,359.0,311.0,13.0,387.0,9.0,64.286,0.071,0.571,51.833333333333336,6.926,0.042,3,Finishers / All-Rounders
2015,A Mishra,8.0,13.0,2.0,12,0.0,5.0,312.0,249.0,9.0,273.0,4.0,61.538,0.0,0.385,41.5,7.518,0.036,3,Finishers / All-Rounders
2015,Ankit Sharma,7.0,6.0,1.0,4,1.0,2.0,114.0,86.0,3.0,95.0,7.0,116.667,0.167,0.333,14.333333333333334,7.953,0.035,0,Finishers / All-Rounders
2015,GB Hogg,7.0,6.0,0.0,6,0.0,0.0,148.0,126.0,9.0,256.0,7.0,116.667,0.0,0.0,21.0,7.048,0.071,0,Finishers / All-Rounders
2015,SN Thakur,7.0,6.0,0.0,1,1.0,2.0,39.0,20.0,1.0,37.0,7.0,116.667,0.167,0.333,3.3333333333333335,11.7,0.05,3,Finishers / All-Rounders
2015,Azhar Mahmood,6.0,8.0,1.0,1,1.0,5.0,40.0,19.0,0.0,7.0,6.0,75.0,0.125,0.625,3.1666666666666665,12.632,0.0,1,Finishers / All-Rounders
2015,SL Malinga,6.0,11.0,0.0,15,1.0,6.0,452.0,376.0,24.0,667.0,6.0,54.545,0.091,0.545,62.666666666666664,7.213,0.064,3,Finishers / All-Rounders
2015,VR Aaron,6.0,3.0,1.0,5,1.0,2.0,179.0,112.0,3.0,98.0,6.0,200.0,0.333,0.667,18.666666666666668,9.589,0.027,0,Finishers / All-Rounders
2015,Imran Tahir,5.0,6.0,1.0,10,0.0,2.0,315.0,220.0,15.0,416.0,5.0,83.333,0.0,0.333,36.666666666666664,8.591,0.068,3,Finishers / All-Rounders
2015,CM Gautam,4.0,5.0,1.0,1,0.0,2.0,0.0,0.0,0.0,4.0,4.0,80.0,0.0,0.4,0.0,0.0,0.0,1,Finishers / All-Rounders
2015,DS Kulkarni,4.0,12.0,2.0,11,0.0,7.0,290.0,221.0,13.0,365.0,2.0,33.333,0.0,0.583,36.833333333333336,7.873,0.059,3,Finishers / All-Rounders
2015,M Morkel,4.0,3.0,0.0,7,0.0,0.0,210.0,172.0,10.0,282.0,4.0,133.333,0.0,0.0,28.666666666666668,7.326,0.058,3,Finishers / All-Rounders
2015,NJ Maddinson,4.0,7.0,1.0,1,1.0,6.0,0.0,0.0,0.0,5.0,4.0,57.143,0.143,0.857,0.0,0.0,0.0,1,Finishers / All-Rounders
2015,PV Tambe,3.0,5.0,0.0,10,0.0,2.0,267.0,204.0,7.0,218.0,3.0,60.0,0.0,0.4,34.0,7.853,0.034,0,Finishers / All-Rounders
2015,Parvez Rasool,2.0,2.0,0.0,2,0.0,0.0,31.0,30.0,1.0,35.0,2.0,100.0,0.0,0.0,5.0,6.2,0.033,0,Finishers / All-Rounders
2015,RG More,2.0,2.0,0.0,2,0.0,0.0,63.0,37.0,1.0,35.0,2.0,100.0,0.0,0.0,6.166666666666667,10.216,0.027,0,Finishers / All-Rounders
2015,S Nadeem,2.0,7.0,1.0,3,0.0,5.0,43.0,44.0,0.0,10.0,2.0,28.571,0.0,0.714,7.333333333333333,5.864,0.0,3,Finishers / All-Rounders
2015,A Nehra,1.0,7.0,2.0,16,0.0,3.0,451.0,382.0,22.0,607.0,0.5,14.286,0.0,0.429,63.666666666666664,7.084,0.058,3,Finishers / All-Rounders
2015,BE Hendricks,1.0,2.0,0.0,4,0.0,1.0,112.0,80.0,5.0,142.0,1.0,50.0,0.0,0.5,13.333333333333334,8.4,0.062,0,Finishers / All-Rounders
2015,Bipul Sharma,1.0,2.0,1.0,3,0.0,1.0,50.0,41.0,3.0,84.0,1.0,50.0,0.0,0.5,6.833333333333333,7.317,0.073,1,Finishers / All-Rounders
2015,DJ Muthuswami,1.0,3.0,1.0,6,0.0,2.0,108.0,84.0,4.0,121.0,1.0,33.333,0.0,0.667,14.0,7.714,0.048,0,Finishers / All-Rounders
2015,J Theron,1.0,1.0,0.0,1,0.0,0.0,41.0,26.0,1.0,30.0,1.0,100.0,0.0,0.0,4.333333333333333,9.462,0.038,0,Finishers / All-Rounders
2015,S Gopal,1.0,1.0,0.0,1,0.0,0.0,23.0,13.0,1.0,30.0,1.0,100.0,0.0,0.0,2.1666666666666665,10.615,0.077,3,Finishers / All-Rounders
2015,YS Chahal,1.0,1.0,0.0,14,0.0,0.0,416.0,282.0,23.0,632.0,1.0,100.0,0.0,0.0,47.0,8.851,0.082,3,Finishers / All-Rounders
2015,AB Dinda,0.0,0.0,0.0,2,0.0,0.0,63.0,33.0,0.0,8.0,0.0,0.0,0.0,0.0,5.5,11.455,0.0,3,Finishers / All-Rounders
2015,BB Sran,0.0,0.0,0.0,1,0.0,0.0,36.0,20.0,0.0,4.0,0.0,0.0,0.0,0.0,3.3333333333333335,10.8,0.0,0,Finishers / All-Rounders
2015,GS Sandhu,0.0,0.0,0.0,2,0.0,0.0,86.0,48.0,1.0,33.0,0.0,0.0,0.0,0.0,8.0,10.75,0.021,0,Finishers / All-Rounders
2015,I Sharma,0.0,0.0,0.0,4,0.0,0.0,161.0,89.0,1.0,41.0,0.0,0.0,0.0,0.0,14.833333333333334,10.854,0.011,3,Finishers / All-Rounders
2015,IC Pandey,0.0,0.0,0.0,10,0.0,0.0,228.0,189.0,11.0,315.0,0.0,0.0,0.0,0.0,31.5,7.238,0.058,0,Finishers / All-Rounders
2015,J Yadav,0.0,0.0,0.0,3,0.0,0.0,29.0,42.0,2.0,62.0,0.0,0.0,0.0,0.0,7.0,4.143,0.048,1,Finishers / All-Rounders
2015,JD Unadkat,0.0,0.0,0.0,1,0.0,0.0,30.0,18.0,0.0,4.0,0.0,0.0,0.0,0.0,3.0,10.0,0.0,3,Finishers / All-Rounders
2015,JJ Bumrah,0.0,0.0,0.0,4,0.0,0.0,184.0,98.0,3.0,91.0,0.0,0.0,0.0,0.0,16.333333333333332,11.265,0.031,3,Finishers / All-Rounders
2015,KC Cariappa,0.0,0.0,0.0,1,0.0,0.0,28.0,12.0,1.0,29.0,0.0,0.0,0.0,0.0,2.0,14.0,0.083,0,Finishers / All-Rounders
2015,M de Lange,0.0,0.0,0.0,1,0.0,0.0,30.0,25.0,0.0,4.0,0.0,0.0,0.0,0.0,4.166666666666667,7.2,0.0,0,Finishers / All-Rounders
2015,P Suyal,0.0,0.0,0.0,3,0.0,0.0,97.0,67.0,0.0,12.0,0.0,0.0,0.0,0.0,11.166666666666666,8.687,0.0,0,Finishers / All-Rounders
2015,PJ Cummins,0.0,2.0,1.0,3,0.0,1.0,103.0,66.0,1.0,33.0,0.0,0.0,0.0,0.5,11.0,9.364,0.015,3,Finishers / All-Rounders
2015,PP Ojha,0.0,0.0,0.0,1,0.0,0.0,23.0,12.0,0.0,4.0,0.0,0.0,0.0,0.0,2.0,11.5,0.0,3,Finishers / All-Rounders
2015,R Bhatia,0.0,1.0,1.0,2,0.0,1.0,47.0,30.0,0.0,4.0,0.0,0.0,0.0,1.0,5.0,9.4,0.0,3,Finishers / All-Rounders
2015,R Tewatia,0.0,0.0,0.0,1,0.0,0.0,31.0,17.0,1.0,29.0,0.0,0.0,0.0,0.0,2.8333333333333335,10.941,0.059,1,Finishers / All-Rounders
2015,R Vinay Kumar,0.0,2.0,1.0,13,0.0,1.0,368.0,263.0,7.0,223.0,0.0,0.0,0.0,0.5,43.833333333333336,8.395,0.027,3,Finishers / All-Rounders
2015,S Aravind,0.0,1.0,0.0,5,0.0,1.0,132.0,108.0,8.0,220.0,0.0,0.0,0.0,1.0,18.0,7.333,0.074,0,Finishers / All-Rounders
2015,SP Narine,0.0,1.0,0.0,8,0.0,0.0,246.0,196.0,7.0,207.0,0.0,0.0,0.0,0.0,32.666666666666664,7.531,0.036,3,Finishers / All-Rounders
2015,Shivam Sharma,0.0,0.0,0.0,1,0.0,0.0,44.0,18.0,1.0,29.0,0.0,0.0,0.0,0.0,3.0,14.667,0.056,0,Finishers / All-Rounders
2015,TA Boult,0.0,0.0,0.0,7,0.0,0.0,239.0,180.0,9.0,253.0,0.0,0.0,0.0,0.0,30.0,7.967,0.05,3,Finishers / All-Rounders
2015,Z Khan,0.0,0.0,0.0,7,0.0,0.0,158.0,154.0,7.0,203.0,0.0,0.0,0.0,0.0,25.666666666666668,6.156,0.045,3,Finishers / All-Rounders
2016,V Kohli,973.0,655.0,12.0,16,122.0,165.0,13.0,8.0,0.0,1111.0,81.083,148.55,0.186,0.252,1.3333333333333333,9.75,0.0,2,Power Hitters
2016,DA Warner,848.0,579.0,16.0,17,119.0,177.0,0.0,0.0,0.0,979.0,53.0,146.459,0.206,0.306,0.0,0.0,0.0,2,Power Hitters
2016,AB de Villiers,687.0,415.0,13.0,16,94.0,97.0,0.0,0.0,0.0,793.0,52.846,165.542,0.227,0.234,0.0,0.0,0.0,2,Power Hitters
2016,G Gambhir,501.0,424.0,12.0,15,60.0,131.0,0.0,0.0,0.0,577.0,41.75,118.16,0.142,0.309,0.0,0.0,0.0,2,Power Hitters
2016,S Dhawan,501.0,438.0,13.0,17,59.0,158.0,0.0,0.0,0.0,576.0,38.538,114.384,0.135,0.361,0.0,0.0,0.0,2,Power Hitters
2016,RG Sharma,489.0,372.0,12.0,14,66.0,127.0,0.0,0.0,0.0,567.0,40.75,131.452,0.177,0.341,0.0,0.0,0.0,2,Power Hitters
2016,AM Rahane,480.0,387.0,13.0,14,63.0,129.0,0.0,0.0,0.0,555.0,36.923,124.031,0.163,0.333,0.0,0.0,0.0,2,Power Hitters
2016,M Vijay,453.0,373.0,12.0,14,60.0,132.0,8.0,7.0,0.0,521.0,37.75,121.448,0.161,0.354,1.1666666666666667,6.857,0.0,2,Power Hitters
2016,Q de Kock,445.0,340.0,13.0,13,65.0,118.0,0.0,0.0,0.0,514.0,34.231,130.882,0.191,0.347,0.0,0.0,0.0,2,Power Hitters
2016,SK Raina,399.0,321.0,15.0,15,49.0,97.0,84.0,61.0,0.0,448.0,26.6,124.299,0.153,0.302,10.166666666666666,8.262,0.0,2,Power Hitters
2016,KL Rahul,397.0,277.0,9.0,12,53.0,75.0,0.0,0.0,0.0,462.0,44.111,143.321,0.191,0.271,0.0,0.0,0.0,2,Power Hitters
2016,RV Uthappa,394.0,300.0,16.0,15,53.0,89.0,0.0,0.0,0.0,447.0,24.625,131.333,0.177,0.297,0.0,0.0,0.0,2,Power Hitters
2016,AJ Finch,393.0,311.0,8.0,12,56.0,105.0,0.0,0.0,0.0,465.0,49.125,126.367,0.18,0.338,0.0,0.0,0.0,2,Power Hitters
2016,YK Pathan,361.0,256.0,7.0,13,46.0,60.0,33.0,38.0,1.0,456.0,51.571,141.016,0.18,0.234,6.333333333333333,5.211,0.026,2,Power Hitters
2016,KK Nair,357.0,304.0,11.0,12,46.0,106.0,0.0,0.0,0.0,407.0,32.455,117.434,0.151,0.349,0.0,0.0,0.0,1,Finishers / All-Rounders
2016,BB McCullum,354.0,273.0,16.0,16,54.0,105.0,0.0,0.0,0.0,408.0,22.125,129.67,0.198,0.385,0.0,0.0,0.0,2,Power Hitters
2016,KD Karthik,335.0,273.0,14.0,15,41.0,86.0,0.0,0.0,0.0,380.0,23.929,122.711,0.15,0.315,0.0,0.0,0.0,2,Power Hitters
2016,AT Rayudu,334.0,284.0,11.0,12,40.0,98.0,0.0,0.0,0.0,378.0,30.364,117.606,0.141,0.345,0.0,0.0,0.0,2,Power Hitters
2016,DR Smith,324.0,226.0,11.0,12,51.0,90.0,154.0,113.0,8.0,579.0,29.455,143.363,0.226,0.398,18.833333333333332,8.177,0.071,2,Power Hitters
2016,SV Samson,291.0,265.0,10.0,14,28.0,88.0,0.0,0.0,0.0,335.0,29.1,109.811,0.106,0.332,0.0,0.0,0.0,2,Power Hitters
2016,MS Dhoni,284.0,220.0,8.0,12,32.0,67.0,0.0,0.0,0.0,332.0,35.5,129.091,0.145,0.305,0.0,0.0,0.0,2,Power Hitters
2016,SPD Smith,270.0,184.0,6.0,7,35.0,48.0,0.0,0.0,0.0,313.0,45.0,146.739,0.19,0.261,0.0,0.0,0.0,2,Power Hitters
2016,WP Saha,270.0,214.0,11.0,12,30.0,60.0,0.0,0.0,0.0,304.0,24.545,126.168,0.14,0.28,0.0,0.0,0.0,2,Power Hitters
2016,JC Buttler,255.0,189.0,11.0,14,34.0,64.0,0.0,0.0,0.0,301.0,23.182,134.921,0.18,0.339,0.0,0.0,0.0,2,Power Hitters
2016,MK Pandey,248.0,190.0,8.0,11,26.0,43.0,0.0,0.0,0.0,286.0,31.0,130.526,0.137,0.226,0.0,0.0,0.0,2,Power Hitters
2016,KH Pandya,237.0,127.0,5.0,12,35.0,34.0,238.0,193.0,6.0,450.0,47.4,186.614,0.276,0.268,32.166666666666664,7.399,0.031,3,Finishers / All-Rounders
2016,Yuvraj Singh,236.0,183.0,10.0,10,35.0,78.0,52.0,38.0,0.0,275.0,23.6,128.962,0.191,0.426,6.333333333333333,8.211,0.0,2,Power Hitters
2016,CH Gayle,227.0,159.0,10.0,10,38.0,75.0,65.0,65.0,2.0,315.0,22.7,142.767,0.239,0.472,10.833333333333334,6.0,0.031,2,Power Hitters
2016,KA Pollard,207.0,156.0,8.0,12,27.0,57.0,82.0,37.0,0.0,250.0,25.875,132.692,0.173,0.365,6.166666666666667,13.297,0.0,2,Power Hitters
2016,F du Plessis,206.0,169.0,6.0,6,26.0,58.0,0.0,0.0,0.0,232.0,34.333,121.893,0.154,0.343,0.0,0.0,0.0,2,Power Hitters
2016,RR Pant,198.0,155.0,7.0,10,25.0,55.0,0.0,0.0,0.0,235.0,28.286,127.742,0.161,0.355,0.0,0.0,0.0,2,Power Hitters
2016,CH Morris,195.0,114.0,4.0,12,27.0,31.0,319.0,271.0,13.0,579.0,48.75,171.053,0.237,0.272,45.166666666666664,7.063,0.048,3,Finishers / All-Rounders
2016,JP Duminy,191.0,157.0,5.0,9,16.0,33.0,55.0,43.0,2.0,273.0,38.2,121.656,0.102,0.21,7.166666666666667,7.674,0.047,2,Power Hitters
2016,RA Jadeja,191.0,189.0,10.0,15,18.0,62.0,320.0,246.0,8.0,429.0,19.1,101.058,0.095,0.328,41.0,7.805,0.033,3,Finishers / All-Rounders
2016,AD Russell,188.0,125.0,7.0,12,25.0,38.0,298.0,220.0,15.0,608.0,26.857,150.4,0.2,0.304,36.666666666666664,8.127,0.068,3,Finishers / All-Rounders
2016,MC Henriques,182.0,162.0,13.0,17,21.0,59.0,417.0,316.0,12.0,519.0,14.0,112.346,0.13,0.364,52.666666666666664,7.918,0.038,1,Finishers / All-Rounders
2016,SA Yadav,182.0,148.0,7.0,11,23.0,47.0,0.0,0.0,0.0,221.0,26.0,122.973,0.155,0.318,0.0,0.0,0.0,2,Power Hitters
2016,GJ Maxwell,179.0,129.0,9.0,11,22.0,39.0,81.0,55.0,0.0,209.0,19.889,138.76,0.171,0.302,9.166666666666666,8.836,0.0,2,Power Hitters
2016,SR Watson,179.0,135.0,13.0,16,26.0,60.0,488.0,357.0,20.0,717.0,13.769,132.593,0.193,0.444,59.5,8.202,0.056,2,Power Hitters
2016,PA Patel,177.0,161.0,10.0,10,27.0,67.0,0.0,0.0,0.0,204.0,17.7,109.938,0.168,0.416,0.0,0.0,0.0,2,Power Hitters
2016,SS Tiwary,170.0,149.0,6.0,7,21.0,51.0,0.0,0.0,0.0,195.0,28.333,114.094,0.141,0.342,0.0,0.0,0.0,1,Finishers / All-Rounders
2016,DA Miller,161.0,139.0,10.0,13,15.0,40.0,0.0,0.0,0.0,188.0,16.1,115.827,0.108,0.288,0.0,0.0,0.0,2,Power Hitters
2016,M Vohra,161.0,136.0,8.0,7,22.0,56.0,0.0,0.0,0.0,183.0,20.125,118.382,0.162,0.412,0.0,0.0,0.0,1,Finishers / All-Rounders
2016,SE Marsh,159.0,134.0,6.0,6,17.0,41.0,0.0,0.0,0.0,176.0,26.5,118.657,0.127,0.306,0.0,0.0,0.0,2,Power Hitters
2016,HM Amla,157.0,122.0,6.0,6,24.0,43.0,0.0,0.0,0.0,181.0,26.167,128.689,0.197,0.352,0.0,0.0,0.0,1,Finishers / All-Rounders
2016,NLTC Perera,150.0,97.0,7.0,12,18.0,28.0,326.0,201.0,9.0,413.0,21.429,154.639,0.186,0.289,33.5,9.731,0.045,1,Finishers / All-Rounders
2016,MP Stoinis,146.0,111.0,4.0,7,17.0,33.0,203.0,139.0,8.0,375.0,36.5,131.532,0.153,0.297,23.166666666666668,8.763,0.058,2,Power Hitters
2016,DJ Hooda,144.0,125.0,11.0,16,14.0,39.0,97.0,80.0,3.0,253.0,13.091,115.2,0.112,0.312,13.333333333333334,7.275,0.038,1,Finishers / All-Rounders
2016,NV Ojha,136.0,142.0,10.0,13,12.0,60.0,0.0,0.0,0.0,164.0,13.6,95.775,0.085,0.423,0.0,0.0,0.0,1,Finishers / All-Rounders
2016,UT Khawaja,127.0,105.0,5.0,6,17.0,36.0,0.0,0.0,0.0,148.0,25.4,120.952,0.162,0.343,0.0,0.0,0.0,1,Finishers / All-Rounders
2016,KS Williamson,124.0,126.0,6.0,6,14.0,40.0,7.0,6.0,0.0,138.0,20.667,98.413,0.111,0.317,1.0,7.0,0.0,2,Power Hitters
2016,EJG Morgan,123.0,105.0,5.0,6,12.0,35.0,0.0,0.0,0.0,139.0,24.6,117.143,0.114,0.333,0.0,0.0,0.0,1,Finishers / All-Rounders
2016,Sachin Baby,119.0,82.0,5.0,8,14.0,22.0,8.0,9.0,2.0,195.0,23.8,145.122,0.171,0.268,1.5,5.333,0.222,1,Finishers / All-Rounders
2016,Shakib Al Hasan,114.0,108.0,5.0,10,12.0,40.0,247.0,190.0,5.0,271.0,22.8,105.556,0.111,0.37,31.666666666666668,7.8,0.026,3,Finishers / All-Rounders
2016,Gurkeerat Singh,113.0,87.0,6.0,6,14.0,26.0,31.0,26.0,2.0,181.0,18.833,129.885,0.161,0.299,4.333333333333333,7.154,0.077,1,Finishers / All-Rounders
2016,AR Patel,111.0,81.0,6.0,14,12.0,26.0,395.0,294.0,13.0,480.0,18.5,137.037,0.148,0.321,49.0,8.061,0.044,3,Finishers / All-Rounders
2016,N Rana,104.0,78.0,3.0,4,15.0,33.0,3.0,6.0,0.0,123.0,34.667,133.333,0.192,0.423,1.0,3.0,0.0,2,Power Hitters
2016,DJ Bravo,99.0,88.0,8.0,15,12.0,26.0,502.0,346.0,17.0,564.0,12.375,112.5,0.136,0.295,57.666666666666664,8.705,0.049,3,Finishers / All-Rounders
2016,Harbhajan Singh,92.0,91.0,3.0,14,13.0,40.0,402.0,300.0,9.0,374.0,30.667,101.099,0.143,0.44,50.0,8.04,0.03,3,Finishers / All-Rounders
2016,SW Billings,88.0,66.0,4.0,4,8.0,15.0,0.0,0.0,0.0,96.0,22.0,133.333,0.121,0.227,0.0,0.0,0.0,1,Finishers / All-Rounders
2016,GJ Bailey,84.0,99.0,4.0,5,11.0,49.0,0.0,0.0,0.0,99.0,21.0,84.848,0.111,0.495,0.0,0.0,0.0,1,Finishers / All-Rounders
2016,CR Brathwaite,83.0,40.0,6.0,8,14.0,12.0,192.0,141.0,7.0,280.0,13.833,207.5,0.35,0.3,23.5,8.17,0.05,1,Finishers / All-Rounders
2016,JP Faulkner,77.0,60.0,3.0,7,7.0,12.0,168.0,108.0,2.0,150.0,25.667,128.333,0.117,0.2,18.0,9.333,0.019,3,Finishers / All-Rounders
2016,KP Pietersen,73.0,61.0,3.0,4,7.0,19.0,0.0,0.0,0.0,84.0,24.333,119.672,0.115,0.311,0.0,0.0,0.0,1,Finishers / All-Rounders
2016,SN Khan,66.0,31.0,2.0,4,11.0,8.0,0.0,0.0,0.0,85.0,33.0,212.903,0.355,0.258,0.0,0.0,0.0,1,Finishers / All-Rounders
2016,BCJ Cutting,65.0,37.0,3.0,4,10.0,12.0,80.0,68.0,5.0,204.0,21.667,175.676,0.27,0.324,11.333333333333334,7.059,0.074,1,Finishers / All-Rounders
2016,STR Binny,63.0,41.0,4.0,12,9.0,14.0,134.0,104.0,1.0,129.0,15.75,153.659,0.22,0.341,17.333333333333332,7.731,0.01,1,Finishers / All-Rounders
2016,MJ Guptill,57.0,55.0,3.0,3,6.0,26.0,0.0,0.0,0.0,63.0,19.0,103.636,0.109,0.473,0.0,0.0,0.0,1,Finishers / All-Rounders
2016,P Negi,57.0,63.0,3.0,7,5.0,26.0,82.0,53.0,1.0,103.0,19.0,90.476,0.079,0.413,8.833333333333334,9.283,0.019,0,Finishers / All-Rounders
2016,TM Head,54.0,42.0,2.0,3,5.0,12.0,0.0,0.0,0.0,63.0,27.0,128.571,0.119,0.286,0.0,0.0,0.0,1,Finishers / All-Rounders
2016,Bipul Sharma,51.0,25.0,1.0,6,6.0,6.0,123.0,82.0,3.0,152.0,51.0,204.0,0.24,0.24,13.666666666666666,9.0,0.037,1,Finishers / All-Rounders
2016,A Ashish Reddy,47.0,30.0,2.0,3,6.0,9.0,40.0,23.0,1.0,82.0,23.5,156.667,0.2,0.3,3.8333333333333335,10.435,0.043,1,Finishers / All-Rounders
2016,HH Pandya,44.0,66.0,7.0,11,4.0,31.0,155.0,106.0,3.0,139.0,6.286,66.667,0.061,0.47,17.666666666666668,8.774,0.028,2,Power Hitters
2016,B Kumar,43.0,28.0,5.0,17,7.0,8.0,503.0,413.0,23.0,673.0,8.6,153.571,0.25,0.286,68.83333333333333,7.308,0.056,3,Finishers / All-Rounders
2016,Ishan Kishan,42.0,41.0,4.0,5,5.0,15.0,0.0,0.0,0.0,51.0,10.5,102.439,0.122,0.366,0.0,0.0,0.0,2,Power Hitters
2016,KM Jadhav,42.0,33.0,0.0,3,4.0,8.0,0.0,0.0,0.0,58.0,42.0,127.273,0.121,0.242,0.0,0.0,0.0,1,Finishers / All-Rounders
2016,R Ashwin,41.0,38.0,2.0,14,4.0,14.0,320.0,277.0,10.0,343.0,20.5,107.895,0.105,0.368,46.166666666666664,6.931,0.036,3,Finishers / All-Rounders
2016,Iqbal Abdulla,37.0,27.0,0.0,8,5.0,7.0,216.0,154.0,6.0,224.0,37.0,137.037,0.185,0.259,25.666666666666668,8.416,0.039,1,Finishers / All-Rounders
2016,KV Sharma,36.0,34.0,0.0,5,4.0,8.0,173.0,99.0,0.0,60.0,36.0,105.882,0.118,0.235,16.5,10.485,0.0,3,Finishers / All-Rounders
2016,MJ McClenaghan,34.0,23.0,3.0,14,5.0,10.0,449.0,331.0,17.0,508.0,11.333,147.826,0.217,0.435,55.166666666666664,8.139,0.051,3,Finishers / All-Rounders
2016,R Bhatia,34.0,20.0,1.0,10,3.0,3.0,249.0,208.0,6.0,223.0,34.0,170.0,0.15,0.15,34.666666666666664,7.183,0.029,3,Finishers / All-Rounders
2016,MM Sharma,32.0,27.0,4.0,14,4.0,9.0,409.0,301.0,13.0,401.0,8.0,118.519,0.148,0.333,50.166666666666664,8.153,0.043,3,Finishers / All-Rounders
2016,C Munro,30.0,31.0,1.0,4,3.0,11.0,15.0,12.0,0.0,45.0,30.0,96.774,0.097,0.355,2.0,7.5,0.0,1,Finishers / All-Rounders
2016,SS Iyer,30.0,46.0,6.0,6,3.0,24.0,0.0,0.0,0.0,33.0,5.0,65.217,0.065,0.522,0.0,0.0,0.0,2,Power Hitters
2016,TG Southee,30.0,20.0,3.0,11,3.0,4.0,333.0,268.0,9.0,290.0,10.0,150.0,0.15,0.2,44.666666666666664,7.455,0.034,3,Finishers / All-Rounders
2016,DS Kulkarni,27.0,16.0,2.0,14,3.0,3.0,365.0,295.0,18.0,528.0,13.5,168.75,0.188,0.188,49.166666666666664,7.424,0.061,3,Finishers / All-Rounders
2016,MA Agarwal,27.0,26.0,3.0,3,4.0,12.0,0.0,0.0,0.0,31.0,9.0,103.846,0.154,0.462,0.0,0.0,0.0,2,Power Hitters
2016,PP Chawla,27.0,26.0,3.0,12,4.0,12.0,273.0,215.0,11.0,342.0,9.0,103.846,0.154,0.462,35.833333333333336,7.619,0.051,3,Finishers / All-Rounders
2016,CA Lynn,25.0,23.0,1.0,2,1.0,8.0,0.0,0.0,0.0,30.0,25.0,108.696,0.043,0.348,0.0,0.0,0.0,1,Finishers / All-Rounders
2016,ER Dwivedi,24.0,15.0,2.0,2,4.0,5.0,0.0,0.0,0.0,28.0,12.0,160.0,0.267,0.333,0.0,0.0,0.0,1,Finishers / All-Rounders
2016,P Kumar,24.0,27.0,4.0,16,3.0,12.0,408.0,318.0,9.0,300.0,6.0,88.889,0.111,0.444,53.0,7.698,0.028,3,Finishers / All-Rounders
2016,R Sathish,24.0,24.0,3.0,4,2.0,9.0,59.0,37.0,1.0,55.0,8.0,100.0,0.083,0.375,6.166666666666667,9.568,0.027,1,Finishers / All-Rounders
2016,NS Naik,23.0,33.0,2.0,2,1.0,13.0,0.0,0.0,0.0,24.0,11.5,69.697,0.03,0.394,0.0,0.0,0.0,1,Finishers / All-Rounders
2016,JO Holder,22.0,20.0,4.0,4,3.0,8.0,105.0,82.0,2.0,75.0,5.5,110.0,0.15,0.4,13.666666666666666,7.683,0.024,3,Finishers / All-Rounders
2016,AD Nath,20.0,27.0,3.0,3,1.0,13.0,0.0,0.0,0.0,21.0,6.667,74.074,0.037,0.481,0.0,0.0,0.0,1,Finishers / All-Rounders
2016,P Sahu,19.0,13.0,0.0,5,2.0,4.0,152.0,107.0,3.0,116.0,19.0,146.154,0.154,0.308,17.833333333333332,8.523,0.028,1,Finishers / All-Rounders
2016,JA Morkel,16.0,9.0,1.0,2,2.0,2.0,65.0,33.0,2.0,72.0,16.0,177.778,0.222,0.222,5.5,11.818,0.061,3,Finishers / All-Rounders
2016,F Behardien,14.0,13.0,2.0,3,2.0,5.0,0.0,0.0,0.0,20.0,7.0,107.692,0.154,0.385,0.0,0.0,0.0,1,Finishers / All-Rounders
2016,R Dhawan,14.0,6.0,0.0,2,1.0,0.0,56.0,45.0,2.0,73.0,14.0,233.333,0.167,0.0,7.5,7.467,0.044,1,Finishers / All-Rounders
2016,KC Cariappa,13.0,11.0,1.0,5,1.0,3.0,160.0,105.0,3.0,105.0,13.0,118.182,0.091,0.273,17.5,9.143,0.029,0,Finishers / All-Rounders
2016,KJ Abbott,13.0,8.0,1.0,5,1.0,3.0,182.0,102.0,2.0,80.0,13.0,162.5,0.125,0.375,17.0,10.706,0.02,0,Finishers / All-Rounders
2016,R Vinay Kumar,13.0,12.0,1.0,3,1.0,5.0,64.0,56.0,3.0,97.0,13.0,108.333,0.083,0.417,9.333333333333334,6.857,0.054,3,Finishers / All-Rounders
2016,IK Pathan,11.0,14.0,2.0,4,0.0,2.0,61.0,48.0,0.0,19.0,5.5,78.571,0.0,0.143,8.0,7.625,0.0,3,Finishers / All-Rounders
2016,Parvez Rasool,10.0,9.0,1.0,4,1.0,3.0,130.0,84.0,1.0,48.0,10.0,111.111,0.111,0.333,14.0,9.286,0.012,0,Finishers / All-Rounders
2016,NM Coulter-Nile,9.0,14.0,0.0,4,1.0,8.0,119.0,92.0,3.0,101.0,9.0,64.286,0.071,0.571,15.333333333333334,7.761,0.033,3,Finishers / All-Rounders
2016,UT Yadav,9.0,6.0,2.0,9,1.0,1.0,244.0,161.0,10.0,292.0,4.5,150.0,0.167,0.167,26.833333333333332,9.093,0.062,3,Finishers / All-Rounders
2016,AP Tare,8.0,15.0,2.0,2,1.0,10.0,0.0,0.0,0.0,9.0,4.0,53.333,0.067,0.667,0.0,0.0,0.0,1,Finishers / All-Rounders
2016,JJ Bumrah,8.0,11.0,1.0,14,1.0,6.0,411.0,319.0,15.0,436.0,8.0,72.727,0.091,0.545,53.166666666666664,7.73,0.047,3,Finishers / All-Rounders
2016,LMP Simmons,8.0,8.0,1.0,1,1.0,5.0,0.0,0.0,0.0,9.0,8.0,100.0,0.125,0.625,0.0,0.0,0.0,1,Finishers / All-Rounders
2016,Sandeep Sharma,8.0,9.0,0.0,14,0.0,1.0,373.0,305.0,15.0,439.0,8.0,88.889,0.0,0.111,50.833333333333336,7.338,0.049,3,Finishers / All-Rounders
2016,MR Marsh,7.0,11.0,1.0,3,0.0,6.0,45.0,55.0,4.0,115.0,7.0,63.636,0.0,0.545,9.166666666666666,4.909,0.073,1,Finishers / All-Rounders
2016,PV Tambe,7.0,19.0,0.0,7,1.0,14.0,143.0,97.0,5.0,161.0,7.0,36.842,0.053,0.737,16.166666666666668,8.845,0.052,0,Finishers / All-Rounders
2016,SP Narine,7.0,14.0,0.0,11,0.0,7.0,308.0,260.0,11.0,326.0,7.0,50.0,0.0,0.5,43.333333333333336,7.108,0.042,3,Finishers / All-Rounders
2016,J Yadav,6.0,12.0,0.0,5,0.0,4.0,125.0,104.0,2.0,76.0,6.0,50.0,0.0,0.333,17.333333333333332,7.212,0.019,1,Finishers / All-Rounders
2016,PSP Handscomb,6.0,12.0,1.0,1,0.0,6.0,0.0,0.0,0.0,6.0,6.0,50.0,0.0,0.5,0.0,0.0,0.0,1,Finishers / All-Rounders
2016,Z Khan,6.0,13.0,2.0,12,1.0,10.0,340.0,269.0,10.0,297.0,3.0,46.154,0.077,0.769,44.833333333333336,7.584,0.037,3,Finishers / All-Rounders
2016,D Wiese,5.0,4.0,0.0,1,0.0,0.0,49.0,27.0,0.0,9.0,5.0,125.0,0.0,0.0,4.5,10.889,0.0,1,Finishers / All-Rounders
2016,Imran Tahir,5.0,7.0,1.0,4,1.0,5.0,141.0,97.0,5.0,143.0,5.0,71.429,0.143,0.714,16.166666666666668,8.722,0.052,3,Finishers / All-Rounders
2016,MG Johnson,5.0,14.0,2.0,3,0.0,9.0,108.0,68.0,2.0,59.0,2.5,35.714,0.0,0.643,11.333333333333334,9.529,0.029,3,Finishers / All-Rounders
2016,A Mishra,4.0,14.0,2.0,14,0.0,10.0,350.0,283.0,13.0,377.0,2.0,28.571,0.0,0.714,47.166666666666664,7.42,0.046,3,Finishers / All-Rounders
2016,BB Sran,4.0,4.0,0.0,14,0.0,0.0,420.0,312.0,14.0,410.0,4.0,100.0,0.0,0.0,52.0,8.077,0.045,0,Finishers / All-Rounders
2016,Ankit Sharma,3.0,3.0,0.0,3,0.0,1.0,84.0,70.0,1.0,40.0,3.0,100.0,0.0,0.333,11.666666666666666,7.2,0.014,0,Finishers / All-Rounders
2016,CJ Jordan,3.0,4.0,0.0,9,0.0,1.0,265.0,179.0,11.0,314.0,3.0,75.0,0.0,0.25,29.833333333333332,8.883,0.061,0,Finishers / All-Rounders
2016,Mohammed Shami,2.0,4.0,0.0,8,0.0,1.0,250.0,153.0,5.0,159.0,2.0,50.0,0.0,0.25,25.5,9.804,0.033,3,Finishers / All-Rounders
2016,S Gopal,2.0,16.0,1.0,1,0.0,14.0,19.0,18.0,0.0,2.0,2.0,12.5,0.0,0.875,3.0,6.333,0.0,3,Finishers / All-Rounders
2016,A Nehra,1.0,1.0,0.0,8,0.0,0.0,198.0,159.0,9.0,258.0,1.0,100.0,0.0,0.0,26.5,7.472,0.057,3,Finishers / All-Rounders
2016,DW Steyn,1.0,2.0,1.0,1,0.0,1.0,17.0,13.0,0.0,1.0,1.0,50.0,0.0,0.5,2.1666666666666665,7.846,0.0,3,Finishers / All-Rounders
2016,KW Richardson,1.0,1.0,0.0,4,0.0,0.0,138.0,86.0,8.0,217.0,1.0,100.0,0.0,0.0,14.333333333333334,9.628,0.093,0,Finishers / All-Rounders
2016,M Morkel,1.0,1.0,0.0,10,0.0,0.0,299.0,220.0,10.0,291.0,1.0,100.0,0.0,0.0,36.666666666666664,8.155,0.045,3,Finishers / All-Rounders
2016,S Nadeem,1.0,5.0,0.0,4,0.0,3.0,127.0,90.0,2.0,67.0,1.0,20.0,0.0,0.6,15.0,8.467,0.022,3,Finishers / All-Rounders
2016,SB Jakati,1.0,2.0,0.0,6,0.0,1.0,181.0,123.0,2.0,75.0,1.0,50.0,0.0,0.5,20.5,8.829,0.016,0,Finishers / All-Rounders
2016,A Zampa,0.0,1.0,1.0,5,0.0,1.0,117.0,103.0,12.0,316.0,0.0,0.0,0.0,1.0,17.166666666666668,6.816,0.117,0,Finishers / All-Rounders
2016,AB Dinda,0.0,0.0,0.0,9,0.0,0.0,236.0,190.0,11.0,311.0,0.0,0.0,0.0,0.0,31.666666666666668,7.453,0.058,3,Finishers / All-Rounders
2016,AF Milne,0.0,0.0,0.0,1,0.0,0.0,44.0,25.0,1.0,29.0,0.0,0.0,0.0,0.0,4.166666666666667,10.56,0.04,0,Finishers / All-Rounders
2016,AS Rajpoot,0.0,0.0,0.0,4,0.0,0.0,101.0,72.0,3.0,91.0,0.0,0.0,0.0,0.0,12.0,8.417,0.042,0,Finishers / All-Rounders
2016,Anureet Singh,0.0,0.0,0.0,2,0.0,0.0,43.0,37.0,0.0,8.0,0.0,0.0,0.0,0.0,6.166666666666667,6.973,0.0,0,Finishers / All-Rounders
2016,DL Chahar,0.0,0.0,0.0,2,0.0,0.0,42.0,33.0,0.0,8.0,0.0,0.0,0.0,0.0,5.5,7.636,0.0,3,Finishers / All-Rounders
2016,GB Hogg,0.0,0.0,0.0,5,0.0,0.0,144.0,97.0,4.0,120.0,0.0,0.0,0.0,0.0,16.166666666666668,8.907,0.041,0,Finishers / All-Rounders
2016,HV Patel,0.0,0.0,0.0,5,0.0,0.0,147.0,89.0,1.0,45.0,0.0,0.0,0.0,0.0,14.833333333333334,9.91,0.011,3,Finishers / All-Rounders
2016,I Sharma,0.0,0.0,0.0,4,0.0,0.0,151.0,97.0,3.0,91.0,0.0,0.0,0.0,0.0,16.166666666666668,9.34,0.031,3,Finishers / All-Rounders
2016,J Suchith,0.0,0.0,0.0,1,0.0,0.0,31.0,14.0,0.0,4.0,0.0,0.0,0.0,0.0,2.3333333333333335,13.286,0.0,0,Finishers / All-Rounders
2016,JD Unadkat,0.0,0.0,0.0,1,0.0,0.0,49.0,19.0,0.0,4.0,0.0,0.0,0.0,0.0,3.1666666666666665,15.474,0.0,3,Finishers / All-Rounders
2016,JW Hastings,0.0,0.0,0.0,2,0.0,0.0,37.0,42.0,2.0,58.0,0.0,0.0,0.0,0.0,7.0,5.286,0.048,0,Finishers / All-Rounders
2016,Kuldeep Yadav,0.0,0.0,0.0,3,0.0,0.0,101.0,73.0,6.0,162.0,0.0,0.0,0.0,0.0,12.166666666666666,8.301,0.082,3,Finishers / All-Rounders
2016,M Ashwin,0.0,1.0,1.0,10,0.0,1.0,245.0,176.0,7.0,211.0,0.0,0.0,0.0,1.0,29.333333333333332,8.352,0.04,0,Finishers / All-Rounders
2016,Mustafizur Rahman,0.0,0.0,0.0,16,0.0,0.0,426.0,374.0,17.0,489.0,0.0,0.0,0.0,0.0,62.333333333333336,6.834,0.045,3,Finishers / All-Rounders
2016,PJ Sangwan,0.0,0.0,0.0,2,0.0,0.0,49.0,25.0,0.0,8.0,0.0,0.0,0.0,0.0,4.166666666666667,11.76,0.0,0,Finishers / All-Rounders
2016,RP Singh,0.0,0.0,0.0,4,0.0,0.0,114.0,76.0,3.0,91.0,0.0,0.0,0.0,0.0,12.666666666666666,9.0,0.039,3,Finishers / All-Rounders
2016,S Aravind,0.0,0.0,0.0,9,0.0,0.0,222.0,182.0,11.0,311.0,0.0,0.0,0.0,0.0,30.333333333333332,7.319,0.06,0,Finishers / All-Rounders
2016,S Kaushik,0.0,1.0,1.0,7,0.0,1.0,195.0,142.0,6.0,174.0,0.0,0.0,0.0,1.0,23.666666666666668,8.239,0.042,0,Finishers / All-Rounders
2016,S Ladda,0.0,0.0,0.0,1,0.0,0.0,21.0,12.0,0.0,4.0,0.0,0.0,0.0,0.0,2.0,10.5,0.0,0,Finishers / All-Rounders
2016,SM Boland,0.0,0.0,0.0,2,0.0,0.0,55.0,42.0,2.0,58.0,0.0,0.0,0.0,0.0,7.0,7.857,0.048,0,Finishers / All-Rounders
2016,Swapnil Singh,0.0,1.0,1.0,1,0.0,1.0,29.0,18.0,0.0,0.0,0.0,0.0,0.0,1.0,3.0,9.667,0.0,0,Finishers / All-Rounders
2016,T Shamsi,0.0,0.0,0.0,4,0.0,0.0,151.0,96.0,3.0,91.0,0.0,0.0,0.0,0.0,16.0,9.438,0.031,0,Finishers / All-Rounders
2016,TA Boult,0.0,0.0,0.0,1,0.0,0.0,39.0,26.0,1.0,29.0,0.0,0.0,0.0,0.0,4.333333333333333,9.0,0.038,3,Finishers / All-Rounders
2016,UBT Chand,0.0,5.0,1.0,1,0.0,4.0,0.0,0.0,0.0,0.0,0.0,0.0,0.0,0.8,0.0,0.0,0.0,1,Finishers / All-Rounders
2016,VR Aaron,0.0,0.0,0.0,8,0.0,0.0,229.0,155.0,2.0,82.0,0.0,0.0,0.0,0.0,25.833333333333332,8.865,0.013,0,Finishers / All-Rounders
2016,YS Chahal,0.0,0.0,0.0,13,0.0,0.0,409.0,307.0,21.0,577.0,0.0,0.0,0.0,0.0,51.166666666666664,7.993,0.068,3,Finishers / All-Rounders
2017,DA Warner,641.0,462.0,11.0,14,89.0,150.0,0.0,0.0,0.0,742.0,58.273,138.745,0.193,0.325,0.0,0.0,0.0,2,Power Hitters
2017,G Gambhir,498.0,405.0,14.0,16,69.0,128.0,0.0,0.0,0.0,579.0,35.571,122.963,0.17,0.316,0.0,0.0,0.0,2,Power Hitters
2017,S Dhawan,479.0,383.0,13.0,14,62.0,119.0,0.0,0.0,0.0,545.0,36.846,125.065,0.162,0.311,0.0,0.0,0.0,2,Power Hitters
2017,SPD Smith,472.0,400.0,12.0,15,50.0,117.0,0.0,0.0,0.0,534.0,39.333,118.0,0.125,0.292,0.0,0.0,0.0,2,Power Hitters
2017,SK Raina,442.0,310.0,11.0,14,55.0,72.0,102.0,72.0,1.0,534.0,40.182,142.581,0.177,0.232,12.0,8.5,0.014,2,Power Hitters
2017,HM Amla,420.0,296.0,7.0,10,57.0,87.0,0.0,0.0,0.0,489.0,60.0,141.892,0.193,0.294,0.0,0.0,0.0,1,Finishers / All-Rounders
2017,MK Pandey,396.0,315.0,8.0,12,40.0,82.0,0.0,0.0,0.0,452.0,49.5,125.714,0.127,0.26,0.0,0.0,0.0,2,Power Hitters
2017,KA Pollard,395.0,294.0,14.0,16,50.0,87.0,30.0,12.0,0.0,457.0,28.214,134.354,0.17,0.296,2.0,15.0,0.0,2,Power Hitters
2017,PA Patel,395.0,308.0,18.0,16,57.0,98.0,0.0,0.0,0.0,452.0,21.944,128.247,0.185,0.318,0.0,0.0,0.0,2,Power Hitters
2017,RA Tripathi,391.0,275.0,12.0,14,60.0,99.0,12.0,6.0,0.0,459.0,32.583,142.182,0.218,0.36,1.0,12.0,0.0,2,Power Hitters
2017,RV Uthappa,388.0,239.0,12.0,13,57.0,63.0,0.0,0.0,0.0,449.0,32.333,162.343,0.238,0.264,0.0,0.0,0.0,2,Power Hitters
2017,SV Samson,386.0,275.0,14.0,14,51.0,92.0,0.0,0.0,0.0,441.0,27.571,140.364,0.185,0.335,0.0,0.0,0.0,2,Power Hitters
2017,AM Rahane,382.0,328.0,15.0,16,44.0,113.0,0.0,0.0,0.0,430.0,25.467,116.463,0.134,0.345,0.0,0.0,0.0,2,Power Hitters
2017,RR Pant,366.0,226.0,14.0,14,52.0,67.0,0.0,0.0,0.0,418.0,26.143,161.947,0.23,0.296,0.0,0.0,0.0,2,Power Hitters
2017,KD Karthik,361.0,268.0,10.0,13,41.0,65.0,0.0,0.0,0.0,418.0,36.1,134.701,0.153,0.243,0.0,0.0,0.0,2,Power Hitters
2017,SS Iyer,338.0,249.0,11.0,12,46.0,75.0,0.0,0.0,0.0,392.0,30.727,135.743,0.185,0.301,0.0,0.0,0.0,2,Power Hitters
2017,N Rana,333.0,277.0,12.0,12,41.0,98.0,0.0,0.0,0.0,378.0,27.75,120.217,0.148,0.354,0.0,0.0,0.0,2,Power Hitters
2017,RG Sharma,333.0,278.0,14.0,16,40.0,95.0,0.0,0.0,0.0,381.0,23.786,119.784,0.144,0.342,0.0,0.0,0.0,2,Power Hitters
2017,MK Tiwary,324.0,242.0,9.0,13,42.0,67.0,0.0,0.0,0.0,382.0,36.0,133.884,0.174,0.277,0.0,0.0,0.0,2,Power Hitters
2017,BB McCullum,320.0,227.0,11.0,11,47.0,78.0,0.0,0.0,0.0,367.0,29.091,140.969,0.207,0.344,0.0,0.0,0.0,2,Power Hitters
2017,BA Stokes,316.0,227.0,11.0,12,37.0,62.0,327.0,272.0,12.0,657.0,28.727,139.207,0.163,0.273,45.333333333333336,7.213,0.044,1,Finishers / All-Rounders
2017,GJ Maxwell,310.0,186.0,10.0,14,46.0,55.0,126.0,115.0,7.0,547.0,31.0,166.667,0.247,0.296,19.166666666666668,6.574,0.061,2,Power Hitters
2017,V Kohli,308.0,257.0,11.0,10,34.0,89.0,0.0,0.0,0.0,342.0,28.0,119.844,0.132,0.346,0.0,0.0,0.0,2,Power Hitters
2017,AJ Finch,300.0,190.0,12.0,13,44.0,59.0,0.0,0.0,0.0,348.0,25.0,157.895,0.232,0.311,0.0,0.0,0.0,2,Power Hitters
2017,CA Lynn,295.0,175.0,6.0,7,44.0,48.0,0.0,0.0,0.0,343.0,49.167,168.571,0.251,0.274,0.0,0.0,0.0,1,Finishers / All-Rounders
2017,MS Dhoni,290.0,261.0,13.0,15,31.0,99.0,0.0,0.0,0.0,329.0,22.308,111.111,0.119,0.379,0.0,0.0,0.0,2,Power Hitters
2017,KK Nair,281.0,229.0,13.0,13,45.0,96.0,0.0,0.0,0.0,330.0,21.615,122.707,0.197,0.419,0.0,0.0,0.0,1,Finishers / All-Rounders
2017,Ishan Kishan,277.0,214.0,10.0,10,42.0,84.0,0.0,0.0,0.0,319.0,27.7,129.439,0.196,0.393,0.0,0.0,0.0,2,Power Hitters
2017,MC Henriques,277.0,205.0,6.0,12,32.0,53.0,247.0,147.0,1.0,358.0,46.167,135.122,0.156,0.259,24.5,10.082,0.007,1,Finishers / All-Rounders
2017,JC Buttler,273.0,186.0,9.0,10,42.0,67.0,0.0,0.0,0.0,319.0,30.333,146.774,0.226,0.36,0.0,0.0,0.0,2,Power Hitters
2017,KM Jadhav,267.0,194.0,11.0,13,35.0,52.0,0.0,0.0,0.0,310.0,24.273,137.629,0.18,0.268,0.0,0.0,0.0,1,Finishers / All-Rounders
2017,SE Marsh,264.0,198.0,8.0,8,41.0,67.0,0.0,0.0,0.0,305.0,33.0,133.333,0.207,0.338,0.0,0.0,0.0,2,Power Hitters
2017,KS Williamson,256.0,170.0,5.0,7,30.0,46.0,0.0,0.0,0.0,294.0,51.2,150.588,0.176,0.271,0.0,0.0,0.0,2,Power Hitters
2017,Yuvraj Singh,252.0,188.0,10.0,11,38.0,64.0,22.0,11.0,1.0,319.0,25.2,134.043,0.202,0.34,1.8333333333333333,12.0,0.091,2,Power Hitters
2017,HH Pandya,250.0,172.0,9.0,17,31.0,50.0,219.0,162.0,6.0,467.0,27.778,145.349,0.18,0.291,27.0,8.111,0.037,2,Power Hitters
2017,KH Pandya,243.0,186.0,7.0,13,31.0,57.0,280.0,246.0,10.0,548.0,34.714,130.645,0.167,0.306,41.0,6.829,0.041,3,Finishers / All-Rounders
2017,DR Smith,239.0,158.0,10.0,12,40.0,56.0,151.0,82.0,2.0,337.0,23.9,151.266,0.253,0.354,13.666666666666666,11.049,0.024,2,Power Hitters
2017,WP Saha,234.0,194.0,10.0,11,28.0,61.0,0.0,0.0,0.0,266.0,23.4,120.619,0.144,0.314,0.0,0.0,0.0,2,Power Hitters
2017,M Vohra,229.0,170.0,9.0,9,32.0,56.0,0.0,0.0,0.0,261.0,25.444,134.706,0.188,0.329,0.0,0.0,0.0,1,Finishers / All-Rounders
2017,AR Patel,227.0,171.0,8.0,14,22.0,43.0,366.0,294.0,15.0,648.0,28.375,132.749,0.129,0.251,49.0,7.469,0.051,3,Finishers / All-Rounders
2017,SP Narine,224.0,135.0,12.0,16,44.0,56.0,411.0,360.0,10.0,534.0,18.667,165.926,0.326,0.415,60.0,6.85,0.028,3,Finishers / All-Rounders
2017,AB de Villiers,216.0,171.0,7.0,9,28.0,63.0,0.0,0.0,0.0,252.0,30.857,126.316,0.164,0.368,0.0,0.0,0.0,2,Power Hitters
2017,CH Gayle,200.0,172.0,9.0,9,29.0,75.0,0.0,0.0,0.0,229.0,22.222,116.279,0.169,0.436,0.0,0.0,0.0,2,Power Hitters
2017,Mandeep Singh,188.0,178.0,11.0,10,25.0,80.0,0.0,0.0,0.0,213.0,17.091,105.618,0.14,0.449,0.0,0.0,0.0,2,Power Hitters
2017,RA Jadeja,158.0,118.0,4.0,12,17.0,28.0,352.0,229.0,5.0,332.0,39.5,133.898,0.144,0.237,38.166666666666664,9.223,0.022,3,Finishers / All-Rounders
2017,CH Morris,154.0,97.0,5.0,9,21.0,21.0,240.0,187.0,12.0,491.0,30.8,158.763,0.216,0.216,31.166666666666668,7.701,0.064,3,Finishers / All-Rounders
2017,TM Head,151.0,109.0,4.0,7,15.0,27.0,80.0,47.0,2.0,228.0,37.75,138.532,0.138,0.248,7.833333333333333,10.213,0.043,1,Finishers / All-Rounders
2017,P Negi,144.0,114.0,9.0,12,17.0,39.0,202.0,200.0,17.0,598.0,16.0,126.316,0.149,0.342,33.333333333333336,6.06,0.085,0,Finishers / All-Rounders
2017,YK Pathan,143.0,123.0,9.0,12,15.0,41.0,41.0,24.0,1.0,195.0,15.889,116.26,0.122,0.333,4.0,10.25,0.042,2,Power Hitters
2017,CJ Anderson,142.0,130.0,7.0,11,17.0,54.0,187.0,120.0,3.0,250.0,20.286,109.231,0.131,0.415,20.0,9.35,0.025,1,Finishers / All-Rounders
2017,SW Billings,138.0,107.0,6.0,6,20.0,31.0,0.0,0.0,0.0,158.0,23.0,128.972,0.187,0.29,0.0,0.0,0.0,1,Finishers / All-Rounders
2017,LMP Simmons,137.0,116.0,6.0,7,18.0,48.0,0.0,0.0,0.0,159.0,22.833,118.103,0.155,0.414,0.0,0.0,0.0,1,Finishers / All-Rounders
2017,MJ Guptill,132.0,88.0,6.0,7,22.0,37.0,0.0,0.0,0.0,158.0,22.0,150.0,0.25,0.42,0.0,0.0,0.0,1,Finishers / All-Rounders
2017,C de Grandhomme,126.0,92.0,8.0,12,16.0,28.0,136.0,102.0,4.0,258.0,15.75,136.957,0.174,0.304,17.0,8.0,0.039,1,Finishers / All-Rounders
2017,SA Yadav,105.0,89.0,6.0,7,11.0,25.0,0.0,0.0,0.0,120.0,17.5,117.978,0.124,0.281,0.0,0.0,0.0,2,Power Hitters
2017,V Shankar,101.0,77.0,2.0,4,13.0,20.0,0.0,0.0,0.0,122.0,50.5,131.169,0.169,0.26,0.0,0.0,0.0,1,Finishers / All-Rounders
2017,AT Rayudu,91.0,80.0,6.0,5,10.0,27.0,0.0,0.0,0.0,101.0,15.167,113.75,0.125,0.338,0.0,0.0,0.0,2,Power Hitters
2017,DA Miller,83.0,82.0,3.0,4,8.0,31.0,0.0,0.0,0.0,95.0,27.667,101.22,0.098,0.378,0.0,0.0,0.0,2,Power Hitters
2017,DT Christian,79.0,52.0,6.0,13,10.0,16.0,302.0,248.0,11.0,392.0,13.167,151.923,0.192,0.308,41.333333333333336,7.306,0.044,0,Finishers / All-Rounders
2017,NV Ojha,79.0,70.0,4.0,5,5.0,20.0,0.0,0.0,0.0,88.0,19.75,112.857,0.071,0.286,0.0,0.0,0.0,1,Finishers / All-Rounders
2017,DJ Hooda,78.0,53.0,3.0,7,9.0,12.0,42.0,24.0,2.0,153.0,26.0,147.17,0.17,0.226,4.0,10.5,0.083,1,Finishers / All-Rounders
2017,STR Binny,78.0,77.0,5.0,7,9.0,34.0,50.0,37.0,4.0,195.0,15.6,101.299,0.117,0.442,6.166666666666667,8.108,0.108,1,Finishers / All-Rounders
2017,PJ Cummins,77.0,54.0,5.0,12,9.0,17.0,393.0,288.0,15.0,489.0,15.4,142.593,0.167,0.315,48.0,8.188,0.052,3,Finishers / All-Rounders
2017,SR Watson,71.0,80.0,6.0,8,7.0,32.0,246.0,165.0,5.0,211.0,11.833,88.75,0.088,0.4,27.5,8.945,0.03,2,Power Hitters
2017,EJG Morgan,65.0,62.0,4.0,4,8.0,24.0,0.0,0.0,0.0,73.0,16.25,104.839,0.129,0.387,0.0,0.0,0.0,1,Finishers / All-Rounders
2017,JJ Roy,59.0,41.0,2.0,3,10.0,15.0,0.0,0.0,0.0,73.0,29.5,143.902,0.244,0.366,0.0,0.0,0.0,1,Finishers / All-Rounders
2017,K Rabada,55.0,68.0,3.0,6,6.0,30.0,198.0,135.0,6.0,223.0,18.333,80.882,0.088,0.441,22.5,8.8,0.044,3,Finishers / All-Rounders
2017,JP Faulkner,54.0,60.0,5.0,8,4.0,23.0,277.0,161.0,8.0,274.0,10.8,90.0,0.067,0.383,26.833333333333332,10.323,0.05,3,Finishers / All-Rounders
2017,AJ Tye,53.0,30.0,1.0,6,7.0,6.0,146.0,128.0,12.0,380.0,53.0,176.667,0.233,0.2,21.333333333333332,6.844,0.094,0,Finishers / All-Rounders
2017,SS Tiwary,52.0,46.0,0.0,1,9.0,16.0,0.0,0.0,0.0,65.0,52.0,113.043,0.196,0.348,0.0,0.0,0.0,1,Finishers / All-Rounders
2017,BCJ Cutting,51.0,27.0,2.0,4,8.0,6.0,123.0,78.0,1.0,92.0,25.5,188.889,0.296,0.222,13.0,9.462,0.013,1,Finishers / All-Rounders
2017,MM Sharma,51.0,51.0,6.0,14,5.0,20.0,412.0,277.0,13.0,413.0,8.5,100.0,0.098,0.392,46.166666666666664,8.924,0.047,3,Finishers / All-Rounders
2017,A Mishra,49.0,56.0,1.0,14,4.0,20.0,345.0,237.0,10.0,355.0,49.0,87.5,0.071,0.357,39.5,8.734,0.042,3,Finishers / All-Rounders
2017,KV Sharma,49.0,42.0,6.0,9,7.0,18.0,217.0,189.0,13.0,393.0,8.167,116.667,0.167,0.429,31.5,6.889,0.069,3,Finishers / All-Rounders
2017,CR Woakes,46.0,47.0,3.0,13,5.0,21.0,393.0,277.0,17.0,516.0,15.333,97.872,0.106,0.447,46.166666666666664,8.513,0.061,0,Finishers / All-Rounders
2017,SP Jackson,38.0,31.0,2.0,3,5.0,10.0,0.0,0.0,0.0,47.0,19.0,122.581,0.161,0.323,0.0,0.0,0.0,1,Finishers / All-Rounders
2017,Mohammed Shami,36.0,24.0,4.0,8,6.0,10.0,248.0,162.0,5.0,183.0,9.0,150.0,0.25,0.417,27.0,9.185,0.031,3,Finishers / All-Rounders
2017,IR Jaggi,33.0,40.0,1.0,2,3.0,16.0,0.0,0.0,0.0,40.0,33.0,82.5,0.075,0.4,0.0,0.0,0.0,1,Finishers / All-Rounders
2017,AD Mathews,32.0,28.0,2.0,2,3.0,9.0,57.0,31.0,0.0,35.0,16.0,114.286,0.107,0.321,5.166666666666667,11.032,0.0,1,Finishers / All-Rounders
2017,S Aravind,32.0,40.0,3.0,10,2.0,16.0,278.0,190.0,5.0,187.0,10.667,80.0,0.05,0.4,31.666666666666668,8.779,0.026,0,Finishers / All-Rounders
2017,Bipul Sharma,31.0,25.0,1.0,7,3.0,8.0,131.0,100.0,3.0,133.0,31.0,124.0,0.12,0.32,16.666666666666668,7.86,0.03,1,Finishers / All-Rounders
2017,MN Samuels,29.0,32.0,3.0,5,3.0,17.0,34.0,18.0,0.0,40.0,9.667,90.625,0.094,0.531,3.0,11.333,0.0,0,Finishers / All-Rounders
2017,Basil Thampi,28.0,30.0,1.0,12,2.0,9.0,426.0,274.0,11.0,349.0,28.0,93.333,0.067,0.3,45.666666666666664,9.328,0.04,0,Finishers / All-Rounders
2017,MA Agarwal,26.0,29.0,3.0,3,3.0,12.0,0.0,0.0,0.0,29.0,8.667,89.655,0.103,0.414,0.0,0.0,0.0,2,Power Hitters
2017,A Choudhary,25.0,20.0,2.0,5,2.0,4.0,144.0,108.0,5.0,164.0,12.5,125.0,0.1,0.2,18.0,8.0,0.046,0,Finishers / All-Rounders
2017,Ankit Sharma,25.0,16.0,1.0,1,3.0,3.0,16.0,6.0,0.0,28.0,25.0,156.25,0.188,0.188,1.0,16.0,0.0,0,Finishers / All-Rounders
2017,Kuldeep Yadav,20.0,22.0,2.0,12,2.0,9.0,345.0,250.0,12.0,362.0,10.0,90.909,0.091,0.409,41.666666666666664,8.28,0.048,3,Finishers / All-Rounders
2017,MG Johnson,20.0,17.0,0.0,5,2.0,6.0,145.0,123.0,7.0,217.0,20.0,117.647,0.118,0.353,20.5,7.073,0.057,3,Finishers / All-Rounders
2017,R Tewatia,19.0,11.0,1.0,3,4.0,3.0,51.0,55.0,3.0,106.0,19.0,172.727,0.364,0.273,9.166666666666666,5.564,0.055,1,Finishers / All-Rounders
2017,Vishnu Vinod,19.0,26.0,3.0,3,2.0,15.0,0.0,0.0,0.0,21.0,6.333,73.077,0.077,0.577,0.0,0.0,0.0,1,Finishers / All-Rounders
2017,AP Tare,18.0,25.0,3.0,3,3.0,14.0,0.0,0.0,0.0,21.0,6.0,72.0,0.12,0.56,0.0,0.0,0.0,1,Finishers / All-Rounders
2017,MP Stoinis,17.0,25.0,3.0,5,1.0,12.0,111.0,69.0,2.0,76.0,5.667,68.0,0.04,0.48,11.5,9.652,0.029,2,Power Hitters
2017,Harbhajan Singh,16.0,17.0,2.0,11,1.0,5.0,269.0,247.0,8.0,253.0,8.0,94.118,0.059,0.294,41.166666666666664,6.534,0.032,3,Finishers / All-Rounders
2017,JJ Bumrah,16.0,12.0,1.0,16,1.0,3.0,455.0,370.0,20.0,577.0,16.0,133.333,0.083,0.25,61.666666666666664,7.378,0.054,3,Finishers / All-Rounders
2017,MJ McClenaghan,16.0,16.0,3.0,14,1.0,5.0,512.0,344.0,19.0,536.0,5.333,100.0,0.062,0.312,57.333333333333336,8.93,0.055,3,Finishers / All-Rounders
2017,R Bhatia,16.0,17.0,1.0,3,1.0,6.0,55.0,43.0,2.0,75.0,16.0,94.118,0.059,0.353,7.166666666666667,7.674,0.047,3,Finishers / All-Rounders
2017,Anureet Singh,15.0,12.0,1.0,1,2.0,3.0,26.0,12.0,0.0,17.0,15.0,125.0,0.167,0.25,2.0,13.0,0.0,0,Finishers / All-Rounders
2017,Sachin Baby,15.0,17.0,3.0,3,2.0,7.0,0.0,0.0,0.0,17.0,5.0,88.235,0.118,0.412,0.0,0.0,0.0,1,Finishers / All-Rounders
2017,DL Chahar,14.0,6.0,1.0,3,2.0,2.0,75.0,44.0,1.0,49.0,14.0,233.333,0.333,0.333,7.333333333333333,10.227,0.023,3,Finishers / All-Rounders
2017,NM Coulter-Nile,14.0,13.0,3.0,8,2.0,8.0,231.0,177.0,15.0,411.0,4.667,107.692,0.154,0.615,29.5,7.831,0.085,3,Finishers / All-Rounders
2017,S Badree,13.0,25.0,5.0,7,0.0,12.0,191.0,151.0,9.0,246.0,2.6,52.0,0.0,0.48,25.166666666666668,7.589,0.06,0,Finishers / All-Rounders
2017,YS Chahal,13.0,26.0,2.0,13,0.0,14.0,351.0,271.0,14.0,407.0,6.5,50.0,0.0,0.538,45.166666666666664,7.771,0.052,3,Finishers / All-Rounders
2017,AR Bawne,12.0,12.0,0.0,1,1.0,4.0,0.0,0.0,0.0,17.0,12.0,100.0,0.083,0.333,0.0,0.0,0.0,1,Finishers / All-Rounders
2017,CR Brathwaite,12.0,16.0,2.0,2,2.0,9.0,67.0,38.0,1.0,39.0,6.0,75.0,0.125,0.562,6.333333333333333,10.579,0.026,1,Finishers / All-Rounders
2017,Swapnil Singh,12.0,19.0,2.0,4,0.0,9.0,61.0,43.0,1.0,45.0,6.0,63.158,0.0,0.474,7.166666666666667,8.512,0.023,0,Finishers / All-Rounders
2017,Rashid Khan,11.0,9.0,2.0,14,1.0,3.0,368.0,327.0,17.0,485.0,5.5,122.222,0.111,0.333,54.5,6.752,0.052,3,Finishers / All-Rounders
2017,UT Yadav,10.0,13.0,0.0,14,0.0,4.0,432.0,303.0,17.0,491.0,10.0,76.923,0.0,0.308,50.5,8.554,0.056,3,Finishers / All-Rounders
2017,Washington Sundar,9.0,12.0,0.0,10,0.0,3.0,189.0,181.0,8.0,249.0,9.0,75.0,0.0,0.25,30.166666666666668,6.265,0.044,0,Finishers / All-Rounders
2017,F du Plessis,8.0,7.0,1.0,1,1.0,2.0,0.0,0.0,0.0,9.0,8.0,114.286,0.143,0.286,0.0,0.0,0.0,2,Power Hitters
2017,I Sharma,8.0,13.0,2.0,6,1.0,7.0,190.0,114.0,0.0,25.0,4.0,61.538,0.077,0.538,19.0,10.0,0.0,3,Finishers / All-Rounders
2017,P Kumar,8.0,9.0,1.0,6,0.0,1.0,154.0,108.0,6.0,178.0,8.0,88.889,0.0,0.111,18.0,8.556,0.056,3,Finishers / All-Rounders
2017,TS Mills,8.0,11.0,3.0,5,1.0,7.0,157.0,111.0,5.0,142.0,2.667,72.727,0.091,0.636,18.5,8.486,0.045,0,Finishers / All-Rounders
2017,AB Dinda,7.0,8.0,1.0,3,1.0,3.0,120.0,64.0,1.0,41.0,7.0,87.5,0.125,0.375,10.666666666666666,11.25,0.016,3,Finishers / All-Rounders
2017,AF Milne,7.0,12.0,3.0,4,0.0,6.0,140.0,89.0,3.0,86.0,2.333,58.333,0.0,0.5,14.833333333333334,9.438,0.034,0,Finishers / All-Rounders
2017,Ankit Soni,7.0,9.0,2.0,6,1.0,5.0,145.0,110.0,2.0,74.0,3.5,77.778,0.111,0.556,18.333333333333332,7.909,0.018,0,Finishers / All-Rounders
2017,SL Malinga,7.0,3.0,1.0,12,1.0,1.0,388.0,287.0,11.0,327.0,7.0,233.333,0.333,0.333,47.833333333333336,8.111,0.038,3,Finishers / All-Rounders
2017,Sandeep Sharma,7.0,7.0,0.0,13,0.0,0.0,402.0,300.0,17.0,484.0,7.0,100.0,0.0,0.0,50.0,8.04,0.057,3,Finishers / All-Rounders
2017,TG Southee,7.0,3.0,0.0,3,1.0,1.0,97.0,66.0,3.0,95.0,7.0,233.333,0.333,0.333,11.0,8.818,0.045,3,Finishers / All-Rounders
2017,DM Bravo,6.0,5.0,0.0,1,1.0,2.0,0.0,0.0,0.0,11.0,6.0,120.0,0.2,0.4,0.0,0.0,0.0,1,Finishers / All-Rounders
2017,A Zampa,5.0,7.0,1.0,6,1.0,5.0,164.0,122.0,7.0,201.0,5.0,71.429,0.143,0.714,20.333333333333332,8.066,0.057,0,Finishers / All-Rounders
2017,Iqbal Abdulla,5.0,7.0,0.0,2,0.0,3.0,55.0,34.0,2.0,63.0,5.0,71.429,0.0,0.429,5.666666666666667,9.706,0.059,1,Finishers / All-Rounders
2017,TA Boult,5.0,8.0,0.0,6,0.0,5.0,222.0,148.0,5.0,154.0,5.0,62.5,0.0,0.625,24.666666666666668,9.0,0.034,3,Finishers / All-Rounders
2017,AS Rajpoot,4.0,7.0,1.0,5,1.0,6.0,113.0,87.0,4.0,121.0,4.0,57.143,0.143,0.857,14.5,7.793,0.046,0,Finishers / All-Rounders
2017,B Kumar,4.0,4.0,1.0,14,0.0,1.0,383.0,322.0,26.0,706.0,4.0,100.0,0.0,0.25,53.666666666666664,7.137,0.081,3,Finishers / All-Rounders
2017,VR Aaron,4.0,11.0,1.0,6,0.0,7.0,170.0,129.0,7.0,199.0,4.0,36.364,0.0,0.636,21.5,7.907,0.054,0,Finishers / All-Rounders
2017,Z Khan,4.0,13.0,1.0,11,0.0,9.0,322.0,244.0,10.0,294.0,4.0,30.769,0.0,0.692,40.666666666666664,7.918,0.041,3,Finishers / All-Rounders
2017,RD Chahar,3.0,2.0,0.0,2,0.0,0.0,59.0,46.0,2.0,61.0,3.0,150.0,0.0,0.0,7.666666666666667,7.696,0.043,3,Finishers / All-Rounders
2017,IK Pathan,2.0,3.0,1.0,1,0.0,1.0,26.0,10.0,0.0,2.0,2.0,66.667,0.0,0.333,1.6666666666666667,15.6,0.0,3,Finishers / All-Rounders
2017,JD Unadkat,2.0,5.0,0.0,12,0.0,2.0,329.0,276.0,24.0,650.0,2.0,40.0,0.0,0.4,46.0,7.152,0.087,3,Finishers / All-Rounders
2017,KC Cariappa,2.0,7.0,2.0,4,0.0,5.0,127.0,94.0,4.0,110.0,1.0,28.571,0.0,0.714,15.666666666666666,8.106,0.043,0,Finishers / All-Rounders
2017,Mohammad Nabi,2.0,3.0,1.0,3,0.0,2.0,59.0,66.0,2.0,60.0,2.0,66.667,0.0,0.667,11.0,5.364,0.03,1,Finishers / All-Rounders
2017,PJ Sangwan,2.0,4.0,2.0,5,0.0,2.0,183.0,109.0,5.0,139.0,1.0,50.0,0.0,0.5,18.166666666666668,10.073,0.046,0,Finishers / All-Rounders
2017,PP Chawla,2.0,6.0,1.0,6,0.0,4.0,179.0,122.0,6.0,172.0,2.0,33.333,0.0,0.667,20.333333333333332,8.803,0.049,3,Finishers / All-Rounders
2017,S Nadeem,2.0,9.0,3.0,7,0.0,6.0,119.0,110.0,6.0,168.0,0.667,22.222,0.0,0.667,18.333333333333332,6.491,0.055,3,Finishers / All-Rounders
2017,DS Kulkarni,1.0,2.0,1.0,6,0.0,1.0,173.0,118.0,3.0,96.0,1.0,50.0,0.0,0.5,19.666666666666668,8.797,0.025,3,Finishers / All-Rounders
2017,LH Ferguson,1.0,1.0,0.0,4,0.0,0.0,96.0,85.0,3.0,92.0,1.0,100.0,0.0,0.0,14.166666666666666,6.776,0.035,3,Finishers / All-Rounders
2017,Shakib Al Hasan,1.0,1.0,0.0,1,0.0,0.0,34.0,18.0,0.0,5.0,1.0,100.0,0.0,0.0,3.0,11.333,0.0,3,Finishers / All-Rounders
2017,A Nehra,0.0,0.0,0.0,6,0.0,0.0,198.0,130.0,8.0,224.0,0.0,0.0,0.0,0.0,21.666666666666668,9.138,0.062,3,Finishers / All-Rounders
2017,AD Nath,0.0,1.0,1.0,1,0.0,1.0,0.0,0.0,0.0,0.0,0.0,0.0,0.0,1.0,0.0,0.0,0.0,1,Finishers / All-Rounders
2017,Avesh Khan,0.0,0.0,0.0,1,0.0,0.0,24.0,24.0,1.0,29.0,0.0,0.0,0.0,0.0,4.0,6.0,0.042,3,Finishers / All-Rounders
2017,B Stanlake,0.0,0.0,0.0,2,0.0,0.0,70.0,50.0,2.0,58.0,0.0,0.0,0.0,0.0,8.333333333333334,8.4,0.04,0,Finishers / All-Rounders
2017,BB Sran,0.0,0.0,0.0,1,0.0,0.0,29.0,13.0,0.0,4.0,0.0,0.0,0.0,0.0,2.1666666666666665,13.385,0.0,0,Finishers / All-Rounders
2017,CJ Jordan,0.0,1.0,1.0,1,0.0,1.0,10.0,7.0,1.0,25.0,0.0,0.0,0.0,1.0,1.1666666666666667,8.571,0.143,0,Finishers / All-Rounders
2017,HV Patel,0.0,0.0,0.0,1,0.0,0.0,43.0,25.0,3.0,79.0,0.0,0.0,0.0,0.0,4.166666666666667,10.32,0.12,3,Finishers / All-Rounders
2017,Imran Tahir,0.0,2.0,0.0,12,0.0,2.0,369.0,285.0,18.0,498.0,0.0,0.0,0.0,1.0,47.5,7.768,0.063,3,Finishers / All-Rounders
2017,J Yadav,0.0,0.0,0.0,2,0.0,0.0,43.0,37.0,0.0,8.0,0.0,0.0,0.0,0.0,6.166666666666667,6.973,0.0,1,Finishers / All-Rounders
2017,MJ Henry,0.0,0.0,0.0,2,0.0,0.0,70.0,30.0,1.0,33.0,0.0,0.0,0.0,0.0,5.0,14.0,0.033,0,Finishers / All-Rounders
2017,MM Patel,0.0,1.0,1.0,2,0.0,1.0,58.0,42.0,1.0,29.0,0.0,0.0,0.0,1.0,7.0,8.286,0.024,3,Finishers / All-Rounders
2017,MS Gony,0.0,0.0,0.0,1,0.0,0.0,32.0,15.0,0.0,4.0,0.0,0.0,0.0,0.0,2.5,12.8,0.0,0,Finishers / All-Rounders
2017,Mohammed Siraj,0.0,0.0,0.0,6,0.0,0.0,214.0,141.0,10.0,274.0,0.0,0.0,0.0,0.0,23.5,9.106,0.071,3,Finishers / All-Rounders
2017,Mustafizur Rahman,0.0,0.0,0.0,1,0.0,0.0,34.0,17.0,0.0,4.0,0.0,0.0,0.0,0.0,2.8333333333333335,12.0,0.0,3,Finishers / All-Rounders
2017,NB Singh,0.0,0.0,0.0,2,0.0,0.0,18.0,25.0,1.0,33.0,0.0,0.0,0.0,0.0,4.166666666666667,4.32,0.04,0,Finishers / All-Rounders
2017,R Vinay Kumar,0.0,0.0,0.0,1,0.0,0.0,31.0,20.0,2.0,54.0,0.0,0.0,0.0,0.0,3.3333333333333335,9.3,0.1,3,Finishers / All-Rounders
2017,S Kaul,0.0,2.0,0.0,10,0.0,2.0,303.0,221.0,16.0,440.0,0.0,0.0,0.0,1.0,36.833333333333336,8.226,0.072,3,Finishers / All-Rounders
2017,S Kaushik,0.0,0.0,0.0,3,0.0,0.0,109.0,68.0,0.0,12.0,0.0,0.0,0.0,0.0,11.333333333333334,9.618,0.0,0,Finishers / All-Rounders
2017,SB Jakati,0.0,0.0,0.0,2,0.0,0.0,52.0,32.0,0.0,8.0,0.0,0.0,0.0,0.0,5.333333333333333,9.75,0.0,0,Finishers / All-Rounders
2017,SN Thakur,0.0,3.0,3.0,12,0.0,3.0,319.0,237.0,11.0,311.0,0.0,0.0,0.0,1.0,39.5,8.076,0.046,3,Finishers / All-Rounders
2017,SS Agarwal,0.0,0.0,0.0,1,0.0,0.0,42.0,24.0,1.0,29.0,0.0,0.0,0.0,0.0,4.0,10.5,0.042,0,Finishers / All-Rounders
2017,T Natarajan,0.0,0.0,0.0,6,0.0,0.0,116.0,82.0,2.0,74.0,0.0,0.0,0.0,0.0,13.666666666666666,8.488,0.024,3,Finishers / All-Rounders
2017,Tejas Baroka,0.0,0.0,0.0,1,0.0,0.0,33.0,21.0,0.0,4.0,0.0,0.0,0.0,0.0,3.5,9.429,0.0,0,Finishers / All-Rounders
2018,KS Williamson,735.0,522.0,15.0,17,92.0,149.0,0.0,0.0,0.0,839.0,49.0,140.805,0.176,0.285,0.0,0.0,0.0,2,Power Hitters
2018,RR Pant,684.0,412.0,15.0,14,105.0,114.0,0.0,0.0,0.0,789.0,45.6,166.019,0.255,0.277,0.0,0.0,0.0,2,Power Hitters
2018,KL Rahul,659.0,426.0,12.0,14,98.0,136.0,0.0,0.0,0.0,765.0,54.917,154.695,0.23,0.319,0.0,0.0,0.0,2,Power Hitters
2018,AT Rayudu,602.0,410.0,14.0,16,87.0,132.0,0.0,0.0,0.0,697.0,43.0,146.829,0.212,0.322,0.0,0.0,0.0,2,Power Hitters
2018,SR Watson,555.0,368.0,13.0,15,79.0,130.0,252.0,175.0,6.0,792.0,42.692,150.815,0.215,0.353,29.166666666666668,8.64,0.034,2,Power Hitters
2018,JC Buttler,548.0,365.0,11.0,13,73.0,94.0,0.0,0.0,0.0,629.0,49.818,150.137,0.2,0.258,0.0,0.0,0.0,2,Power Hitters
2018,V Kohli,530.0,385.0,12.0,14,70.0,117.0,0.0,0.0,0.0,612.0,44.167,137.662,0.182,0.304,0.0,0.0,0.0,2,Power Hitters
2018,SA Yadav,512.0,391.0,14.0,14,77.0,151.0,0.0,0.0,0.0,589.0,36.571,130.946,0.197,0.386,0.0,0.0,0.0,2,Power Hitters
2018,KD Karthik,498.0,349.0,9.0,16,65.0,91.0,0.0,0.0,0.0,591.0,55.333,142.693,0.186,0.261,0.0,0.0,0.0,2,Power Hitters
2018,S Dhawan,497.0,379.0,14.0,16,73.0,119.0,0.0,0.0,0.0,578.0,35.5,131.135,0.193,0.314,0.0,0.0,0.0,2,Power Hitters
2018,CA Lynn,491.0,382.0,14.0,16,74.0,157.0,0.0,0.0,0.0,573.0,35.071,128.534,0.194,0.411,0.0,0.0,0.0,1,Finishers / All-Rounders
2018,AB de Villiers,480.0,280.0,9.0,11,69.0,74.0,0.0,0.0,0.0,557.0,53.333,171.429,0.246,0.264,0.0,0.0,0.0,2,Power Hitters
2018,MS Dhoni,455.0,321.0,7.0,15,54.0,84.0,0.0,0.0,0.0,541.0,65.0,141.745,0.168,0.262,0.0,0.0,0.0,2,Power Hitters
2018,SK Raina,445.0,354.0,12.0,15,58.0,103.0,0.0,0.0,0.0,515.0,37.083,125.706,0.164,0.291,0.0,0.0,0.0,2,Power Hitters
2018,SV Samson,441.0,325.0,14.0,15,49.0,95.0,0.0,0.0,0.0,494.0,31.5,135.692,0.151,0.292,0.0,0.0,0.0,2,Power Hitters
2018,SS Iyer,411.0,317.0,12.0,13,50.0,105.0,0.0,0.0,0.0,469.0,34.25,129.653,0.158,0.331,0.0,0.0,0.0,2,Power Hitters
2018,E Lewis,382.0,290.0,13.0,13,56.0,120.0,0.0,0.0,0.0,438.0,29.385,131.724,0.193,0.414,0.0,0.0,0.0,1,Finishers / All-Rounders
2018,AM Rahane,370.0,321.0,13.0,14,44.0,99.0,0.0,0.0,0.0,418.0,28.462,115.265,0.137,0.308,0.0,0.0,0.0,2,Power Hitters
2018,CH Gayle,368.0,261.0,9.0,11,57.0,110.0,0.0,0.0,0.0,433.0,40.889,140.996,0.218,0.421,0.0,0.0,0.0,2,Power Hitters
2018,SP Narine,357.0,198.0,16.0,16,63.0,72.0,473.0,371.0,17.0,845.0,22.312,180.303,0.318,0.364,61.833333333333336,7.65,0.046,3,Finishers / All-Rounders
2018,RV Uthappa,351.0,274.0,17.0,16,51.0,114.0,0.0,0.0,0.0,402.0,20.647,128.102,0.186,0.416,0.0,0.0,0.0,2,Power Hitters
2018,AD Russell,316.0,179.0,12.0,15,48.0,63.0,360.0,239.0,13.0,705.0,26.333,176.536,0.268,0.352,39.833333333333336,9.038,0.054,3,Finishers / All-Rounders
2018,N Rana,304.0,238.0,15.0,15,40.0,85.0,44.0,38.0,4.0,448.0,20.267,127.731,0.168,0.357,6.333333333333333,6.947,0.105,2,Power Hitters
2018,KK Nair,301.0,225.0,13.0,12,36.0,69.0,0.0,0.0,0.0,337.0,23.154,133.778,0.16,0.307,0.0,0.0,0.0,1,Finishers / All-Rounders
2018,RG Sharma,286.0,223.0,13.0,14,37.0,78.0,0.0,0.0,0.0,331.0,22.0,128.251,0.166,0.35,0.0,0.0,0.0,2,Power Hitters
2018,MK Pandey,284.0,257.0,11.0,13,27.0,80.0,0.0,0.0,0.0,319.0,25.818,110.506,0.105,0.311,0.0,0.0,0.0,2,Power Hitters
2018,Ishan Kishan,275.0,187.0,12.0,12,39.0,72.0,0.0,0.0,0.0,314.0,22.917,147.059,0.209,0.385,0.0,0.0,0.0,2,Power Hitters
2018,HH Pandya,260.0,205.0,9.0,13,31.0,60.0,391.0,269.0,18.0,757.0,28.889,126.829,0.151,0.293,44.833333333333336,8.721,0.067,2,Power Hitters
2018,YK Pathan,260.0,211.0,9.0,13,33.0,74.0,14.0,12.0,1.0,334.0,28.889,123.223,0.156,0.351,2.0,7.0,0.083,2,Power Hitters
2018,Mandeep Singh,252.0,193.0,10.0,13,27.0,51.0,0.0,0.0,0.0,291.0,25.2,130.57,0.14,0.264,0.0,0.0,0.0,2,Power Hitters
2018,PP Shaw,245.0,165.0,9.0,9,37.0,58.0,0.0,0.0,0.0,286.0,27.222,148.485,0.224,0.352,0.0,0.0,0.0,1,Finishers / All-Rounders
2018,Shakib Al Hasan,239.0,203.0,9.0,17,31.0,72.0,457.0,343.0,14.0,652.0,26.556,117.734,0.153,0.355,57.166666666666664,7.994,0.041,3,Finishers / All-Rounders
2018,KH Pandya,228.0,164.0,9.0,14,32.0,52.0,288.0,244.0,12.0,580.0,25.333,139.024,0.195,0.317,40.666666666666664,7.082,0.049,3,Finishers / All-Rounders
2018,RA Tripathi,226.0,173.0,9.0,12,26.0,54.0,0.0,0.0,0.0,264.0,25.111,130.636,0.15,0.312,0.0,0.0,0.0,2,Power Hitters
2018,V Shankar,212.0,156.0,4.0,11,22.0,36.0,58.0,34.0,1.0,287.0,53.0,135.897,0.141,0.231,5.666666666666667,10.235,0.029,1,Finishers / All-Rounders
2018,Shubman Gill,203.0,142.0,5.0,10,27.0,35.0,0.0,0.0,0.0,250.0,40.6,142.958,0.19,0.246,0.0,0.0,0.0,2,Power Hitters
2018,Q de Kock,201.0,164.0,7.0,8,28.0,65.0,0.0,0.0,0.0,233.0,28.714,122.561,0.171,0.396,0.0,0.0,0.0,2,Power Hitters
2018,BA Stokes,196.0,166.0,13.0,13,19.0,49.0,307.0,231.0,8.0,419.0,15.077,118.072,0.114,0.295,38.5,7.974,0.035,1,Finishers / All-Rounders
2018,GJ Maxwell,169.0,122.0,12.0,12,23.0,46.0,132.0,98.0,5.0,325.0,14.083,138.525,0.189,0.377,16.333333333333332,8.082,0.051,2,Power Hitters
2018,F du Plessis,162.0,130.0,6.0,6,23.0,53.0,0.0,0.0,0.0,185.0,27.0,124.615,0.177,0.408,0.0,0.0,0.0,2,Power Hitters
2018,PA Patel,153.0,109.0,5.0,6,24.0,37.0,0.0,0.0,0.0,181.0,30.6,140.367,0.22,0.339,0.0,0.0,0.0,2,Power Hitters
2018,AD Hales,148.0,119.0,6.0,6,19.0,46.0,0.0,0.0,0.0,167.0,24.667,124.37,0.16,0.387,0.0,0.0,0.0,1,Finishers / All-Rounders
2018,DJ Bravo,141.0,93.0,4.0,16,18.0,27.0,536.0,334.0,14.0,557.0,35.25,151.613,0.194,0.29,55.666666666666664,9.629,0.042,3,Finishers / All-Rounders
2018,AJ Finch,134.0,102.0,8.0,9,14.0,26.0,0.0,0.0,0.0,152.0,16.75,131.373,0.137,0.255,0.0,0.0,0.0,2,Power Hitters
2018,KA Pollard,133.0,104.0,7.0,8,17.0,42.0,0.0,0.0,0.0,154.0,19.0,127.885,0.163,0.404,0.0,0.0,0.0,2,Power Hitters
2018,C de Grandhomme,131.0,87.0,4.0,9,14.0,23.0,131.0,96.0,2.0,215.0,32.75,150.575,0.161,0.264,16.0,8.188,0.021,1,Finishers / All-Rounders
2018,BB McCullum,127.0,91.0,6.0,6,22.0,37.0,0.0,0.0,0.0,149.0,21.167,139.56,0.242,0.407,0.0,0.0,0.0,2,Power Hitters
2018,K Gowtham,126.0,67.0,9.0,15,18.0,20.0,321.0,243.0,11.0,443.0,14.0,188.06,0.269,0.299,40.5,7.926,0.045,1,Finishers / All-Rounders
2018,WP Saha,122.0,108.0,8.0,10,18.0,40.0,0.0,0.0,0.0,148.0,15.25,112.963,0.167,0.37,0.0,0.0,0.0,2,Power Hitters
2018,JJ Roy,120.0,98.0,4.0,5,16.0,37.0,0.0,0.0,0.0,140.0,30.0,122.449,0.163,0.378,0.0,0.0,0.0,1,Finishers / All-Rounders
2018,MA Agarwal,120.0,94.0,10.0,11,14.0,30.0,0.0,0.0,0.0,138.0,12.0,127.66,0.149,0.319,0.0,0.0,0.0,2,Power Hitters
2018,DJM Short,115.0,102.0,7.0,7,16.0,44.0,23.0,18.0,1.0,156.0,16.429,112.745,0.157,0.431,3.0,7.667,0.056,1,Finishers / All-Rounders
2018,SW Billings,108.0,78.0,8.0,8,13.0,27.0,0.0,0.0,0.0,121.0,13.5,138.462,0.167,0.346,0.0,0.0,0.0,1,Finishers / All-Rounders
2018,R Ashwin,102.0,76.0,8.0,14,12.0,20.0,410.0,313.0,10.0,388.0,12.75,134.211,0.158,0.263,52.166666666666664,7.859,0.032,3,Finishers / All-Rounders
2018,MP Stoinis,99.0,78.0,4.0,7,10.0,23.0,121.0,66.0,3.0,196.0,24.75,126.923,0.128,0.295,11.0,11.0,0.045,2,Power Hitters
2018,BCJ Cutting,96.0,59.0,4.0,9,13.0,21.0,169.0,105.0,2.0,179.0,24.0,162.712,0.22,0.356,17.5,9.657,0.019,1,Finishers / All-Rounders
2018,RA Jadeja,89.0,80.0,5.0,15,7.0,21.0,310.0,249.0,11.0,411.0,17.8,111.25,0.088,0.262,41.5,7.47,0.044,3,Finishers / All-Rounders
2018,DJ Hooda,87.0,86.0,5.0,8,5.0,23.0,25.0,19.0,0.0,108.0,17.4,101.163,0.058,0.267,3.1666666666666665,7.895,0.0,1,Finishers / All-Rounders
2018,G Gambhir,85.0,91.0,4.0,5,9.0,33.0,0.0,0.0,0.0,98.0,21.25,93.407,0.099,0.363,0.0,0.0,0.0,2,Power Hitters
2018,AR Patel,80.0,71.0,7.0,9,7.0,16.0,221.0,158.0,3.0,170.0,11.429,112.676,0.099,0.225,26.333333333333332,8.392,0.019,3,Finishers / All-Rounders
2018,MM Ali,77.0,46.0,4.0,5,10.0,13.0,97.0,78.0,3.0,166.0,19.25,167.391,0.217,0.283,13.0,7.462,0.038,1,Finishers / All-Rounders
2018,CR Brathwaite,75.0,54.0,4.0,4,9.0,18.0,95.0,63.0,5.0,209.0,18.75,138.889,0.167,0.333,10.5,9.048,0.079,1,Finishers / All-Rounders
2018,DA Miller,74.0,66.0,2.0,3,5.0,15.0,0.0,0.0,0.0,83.0,37.0,112.121,0.076,0.227,0.0,0.0,0.0,2,Power Hitters
2018,Washington Sundar,65.0,40.0,4.0,7,9.0,13.0,194.0,122.0,4.0,186.0,16.25,162.5,0.225,0.325,20.333333333333332,9.541,0.033,0,Finishers / All-Rounders
2018,Yuvraj Singh,65.0,74.0,5.0,7,8.0,40.0,23.0,13.0,0.0,81.0,13.0,87.838,0.108,0.541,2.1666666666666665,10.615,0.0,2,Power Hitters
2018,Abhishek Sharma,63.0,35.0,1.0,3,8.0,6.0,0.0,0.0,0.0,79.0,63.0,180.0,0.229,0.171,0.0,0.0,0.0,1,Finishers / All-Rounders
2018,C Munro,63.0,41.0,4.0,4,11.0,19.0,0.0,0.0,0.0,74.0,15.75,153.659,0.268,0.463,0.0,0.0,0.0,1,Finishers / All-Rounders
2018,HV Patel,60.0,33.0,0.0,5,7.0,6.0,169.0,109.0,7.0,262.0,60.0,181.818,0.212,0.182,18.166666666666668,9.303,0.064,3,Finishers / All-Rounders
2018,Rashid Khan,59.0,32.0,5.0,17,9.0,12.0,465.0,409.0,21.0,641.0,11.8,184.375,0.281,0.375,68.16666666666667,6.822,0.051,3,Finishers / All-Rounders
2018,H Klaasen,57.0,48.0,3.0,4,6.0,16.0,0.0,0.0,0.0,67.0,19.0,118.75,0.125,0.333,0.0,0.0,0.0,1,Finishers / All-Rounders
2018,M Vohra,55.0,50.0,4.0,4,6.0,21.0,0.0,0.0,0.0,61.0,13.75,110.0,0.12,0.42,0.0,0.0,0.0,1,Finishers / All-Rounders
2018,SP Goswami,52.0,42.0,3.0,3,7.0,11.0,0.0,0.0,0.0,59.0,17.333,123.81,0.167,0.262,0.0,0.0,0.0,1,Finishers / All-Rounders
2018,TG Southee,52.0,46.0,2.0,8,6.0,21.0,261.0,180.0,5.0,207.0,26.0,113.043,0.13,0.457,30.0,8.7,0.028,3,Finishers / All-Rounders
2018,SN Khan,51.0,43.0,5.0,6,8.0,16.0,0.0,0.0,0.0,63.0,10.2,118.605,0.186,0.372,0.0,0.0,0.0,1,Finishers / All-Rounders
2018,DL Chahar,50.0,30.0,3.0,12,5.0,6.0,281.0,248.0,10.0,341.0,16.667,166.667,0.167,0.2,41.333333333333336,6.798,0.04,3,Finishers / All-Rounders
2018,R Tewatia,50.0,47.0,4.0,8,6.0,13.0,174.0,134.0,6.0,226.0,12.5,106.383,0.128,0.277,22.333333333333332,7.791,0.045,1,Finishers / All-Rounders
2018,S Gopal,50.0,47.0,2.0,10,5.0,14.0,239.0,187.0,11.0,362.0,25.0,106.383,0.106,0.298,31.166666666666668,7.668,0.059,3,Finishers / All-Rounders
2018,JD Unadkat,49.0,38.0,5.0,15,7.0,12.0,486.0,309.0,11.0,371.0,9.8,128.947,0.184,0.316,51.5,9.437,0.036,3,Finishers / All-Rounders
2018,MK Tiwary,47.0,45.0,3.0,4,5.0,17.0,10.0,7.0,0.0,56.0,15.667,104.444,0.111,0.378,1.1666666666666667,8.571,0.0,2,Power Hitters
2018,CH Morris,46.0,26.0,1.0,4,5.0,3.0,148.0,87.0,3.0,138.0,46.0,176.923,0.192,0.115,14.5,10.207,0.034,3,Finishers / All-Rounders
2018,STR Binny,44.0,39.0,4.0,5,4.0,16.0,33.0,14.0,0.0,52.0,11.0,112.821,0.103,0.41,2.3333333333333335,14.143,0.0,1,Finishers / All-Rounders
2018,JP Duminy,36.0,46.0,1.0,3,4.0,19.0,36.0,18.0,0.0,48.0,36.0,78.261,0.087,0.413,3.0,12.0,0.0,2,Power Hitters
2018,AJ Tye,32.0,40.0,6.0,14,3.0,18.0,457.0,349.0,24.0,667.0,5.333,80.0,0.075,0.45,58.166666666666664,7.857,0.069,0,Finishers / All-Rounders
2018,Harbhajan Singh,29.0,38.0,2.0,13,4.0,19.0,270.0,193.0,7.0,252.0,14.5,76.316,0.105,0.5,32.166666666666664,8.394,0.036,3,Finishers / All-Rounders
2018,RK Singh,29.0,34.0,4.0,4,4.0,15.0,0.0,0.0,0.0,33.0,7.25,85.294,0.118,0.441,0.0,0.0,0.0,1,Finishers / All-Rounders
2018,PP Chawla,27.0,36.0,4.0,15,2.0,16.0,419.0,296.0,14.0,423.0,6.75,75.0,0.056,0.444,49.333333333333336,8.493,0.047,3,Finishers / All-Rounders
2018,DT Christian,26.0,33.0,1.0,4,1.0,11.0,106.0,71.0,4.0,139.0,26.0,78.788,0.03,0.333,11.833333333333334,8.958,0.056,0,Finishers / All-Rounders
2018,Mohammed Siraj,25.0,23.0,2.0,11,3.0,7.0,372.0,264.0,12.0,364.0,12.5,108.696,0.13,0.304,44.0,8.455,0.045,3,Finishers / All-Rounders
2018,KM Jadhav,24.0,23.0,0.0,1,3.0,9.0,0.0,0.0,0.0,31.0,24.0,104.348,0.13,0.391,0.0,0.0,0.0,1,Finishers / All-Rounders
2018,TK Curran,23.0,28.0,3.0,5,3.0,13.0,118.0,64.0,6.0,184.0,7.667,82.143,0.107,0.464,10.666666666666666,11.062,0.094,0,Finishers / All-Rounders
2018,M Markande,21.0,25.0,2.0,14,2.0,9.0,376.0,268.0,15.0,446.0,10.5,84.0,0.08,0.36,44.666666666666664,8.418,0.056,0,Finishers / All-Rounders
2018,MK Lomror,20.0,21.0,1.0,2,1.0,8.0,27.0,18.0,0.0,25.0,20.0,95.238,0.048,0.381,3.0,9.0,0.0,1,Finishers / All-Rounders
2018,Mohammad Nabi,18.0,12.0,2.0,2,3.0,3.0,47.0,30.0,1.0,46.0,9.0,150.0,0.25,0.25,5.0,9.4,0.033,1,Finishers / All-Rounders
2018,CJ Anderson,17.0,22.0,3.0,3,1.0,10.0,115.0,54.0,3.0,93.0,5.667,77.273,0.045,0.455,9.0,12.778,0.056,1,Finishers / All-Rounders
2018,CR Woakes,17.0,19.0,2.0,5,2.0,10.0,196.0,118.0,8.0,231.0,8.5,89.474,0.105,0.526,19.666666666666668,9.966,0.068,0,Finishers / All-Rounders
2018,MG Johnson,16.0,11.0,0.0,6,2.0,2.0,218.0,133.0,2.0,92.0,16.0,145.455,0.182,0.182,22.166666666666668,9.835,0.015,3,Finishers / All-Rounders
2018,JC Archer,15.0,21.0,5.0,10,2.0,13.0,329.0,249.0,15.0,412.0,3.0,71.429,0.095,0.619,41.5,7.928,0.06,0,Finishers / All-Rounders
2018,SN Thakur,15.0,5.0,0.0,13,3.0,0.0,433.0,294.0,16.0,470.0,15.0,300.0,0.6,0.0,49.0,8.837,0.054,3,Finishers / All-Rounders
2018,B Kumar,13.0,18.0,2.0,12,1.0,6.0,357.0,285.0,9.0,279.0,6.5,72.222,0.056,0.333,47.5,7.516,0.032,3,Finishers / All-Rounders
2018,Shivam Mavi,13.0,15.0,3.0,9,1.0,7.0,272.0,177.0,5.0,163.0,4.333,86.667,0.067,0.467,29.5,9.22,0.028,0,Finishers / All-Rounders
2018,Kuldeep Yadav,12.0,25.0,1.0,16,1.0,16.0,423.0,311.0,17.0,498.0,12.0,48.0,0.04,0.64,51.833333333333336,8.161,0.055,3,Finishers / All-Rounders
2018,M Vijay,12.0,11.0,1.0,1,1.0,3.0,0.0,0.0,0.0,13.0,12.0,109.091,0.091,0.273,0.0,0.0,0.0,2,Power Hitters
2018,AS Rajpoot,11.0,18.0,2.0,8,1.0,9.0,230.0,166.0,11.0,311.0,5.5,61.111,0.056,0.5,27.666666666666668,8.313,0.066,0,Finishers / All-Rounders
2018,MJ McClenaghan,11.0,12.0,2.0,11,2.0,6.0,340.0,248.0,14.0,399.0,5.5,91.667,0.167,0.5,41.333333333333336,8.226,0.056,3,Finishers / All-Rounders
2018,JJ Bumrah,10.0,11.0,1.0,14,1.0,3.0,383.0,333.0,17.0,488.0,10.0,90.909,0.091,0.273,55.5,6.901,0.051,3,Finishers / All-Rounders
2018,MM Sharma,10.0,14.0,1.0,9,1.0,5.0,328.0,186.0,7.0,218.0,10.0,71.429,0.071,0.357,31.0,10.581,0.038,3,Finishers / All-Rounders
2018,Mujeeb Ur Rahman,10.0,7.0,1.0,11,2.0,2.0,292.0,253.0,14.0,402.0,10.0,142.857,0.286,0.286,42.166666666666664,6.925,0.055,0,Finishers / All-Rounders
2018,AD Nath,9.0,13.0,1.0,1,1.0,8.0,0.0,0.0,0.0,10.0,9.0,69.231,0.077,0.615,0.0,0.0,0.0,1,Finishers / All-Rounders
2018,DR Shorey,8.0,9.0,1.0,1,1.0,6.0,0.0,0.0,0.0,9.0,8.0,88.889,0.111,0.667,0.0,0.0,0.0,1,Finishers / All-Rounders
2018,JPR Scantlebury-Searles,8.0,6.0,1.0,3,1.0,3.0,89.0,45.0,2.0,67.0,8.0,133.333,0.167,0.5,7.5,11.867,0.044,0,Finishers / All-Rounders
2018,P Chopra,8.0,6.0,1.0,1,2.0,4.0,0.0,0.0,0.0,10.0,8.0,133.333,0.333,0.667,0.0,0.0,0.0,1,Finishers / All-Rounders
2018,Mohammed Shami,7.0,6.0,1.0,4,1.0,2.0,144.0,85.0,3.0,95.0,7.0,116.667,0.167,0.333,14.166666666666666,10.165,0.035,3,Finishers / All-Rounders
2018,DS Kulkarni,6.0,7.0,0.0,8,0.0,1.0,189.0,126.0,4.0,138.0,6.0,85.714,0.0,0.143,21.0,9.0,0.032,3,Finishers / All-Rounders
2018,R Vinay Kumar,6.0,4.0,0.0,2,1.0,0.0,65.0,25.0,2.0,65.0,6.0,150.0,0.25,0.0,4.166666666666667,15.6,0.08,3,Finishers / All-Rounders
2018,S Nadeem,6.0,8.0,0.0,6,0.0,2.0,161.0,90.0,3.0,105.0,6.0,75.0,0.0,0.25,15.0,10.733,0.033,3,Finishers / All-Rounders
2018,B Stanlake,5.0,2.0,0.0,4,1.0,0.0,130.0,100.0,5.0,147.0,5.0,250.0,0.5,0.0,16.666666666666668,7.8,0.05,0,Finishers / All-Rounders
2018,A Dananjaya,4.0,5.0,0.0,1,0.0,2.0,47.0,25.0,0.0,8.0,4.0,80.0,0.0,0.4,4.166666666666667,11.28,0.0,0,Finishers / All-Rounders
2018,Anureet Singh,3.0,4.0,0.0,3,0.0,0.0,41.0,23.0,1.0,40.0,3.0,75.0,0.0,0.0,3.8333333333333335,10.696,0.043,0,Finishers / All-Rounders
2018,BB Sran,3.0,7.0,1.0,6,0.0,3.0,231.0,145.0,5.0,148.0,3.0,42.857,0.0,0.429,24.166666666666668,9.559,0.034,0,Finishers / All-Rounders
2018,Basil Thampi,3.0,6.0,1.0,4,0.0,3.0,115.0,62.0,5.0,140.0,3.0,50.0,0.0,0.5,10.333333333333334,11.129,0.081,0,Finishers / All-Rounders
2018,P Negi,3.0,5.0,2.0,2,0.0,2.0,49.0,24.0,1.0,28.0,1.5,60.0,0.0,0.4,4.0,12.25,0.042,0,Finishers / All-Rounders
2018,S Kaul,3.0,14.0,2.0,17,0.0,12.0,556.0,399.0,21.0,588.0,1.5,21.429,0.0,0.857,66.5,8.361,0.053,3,Finishers / All-Rounders
2018,UT Yadav,3.0,12.0,4.0,14,0.0,7.0,424.0,331.0,20.0,543.0,0.75,25.0,0.0,0.583,55.166666666666664,7.686,0.06,3,Finishers / All-Rounders
2018,Imran Tahir,2.0,2.0,0.0,6,0.0,0.0,193.0,126.0,6.0,176.0,2.0,100.0,0.0,0.0,21.0,9.19,0.048,3,Finishers / All-Rounders
2018,A Mishra,1.0,2.0,0.0,10,0.0,1.0,265.0,225.0,12.0,341.0,1.0,50.0,0.0,0.5,37.5,7.067,0.053,3,Finishers / All-Rounders
2018,B Laughlin,1.0,4.0,1.0,7,0.0,3.0,212.0,134.0,9.0,250.0,1.0,25.0,0.0,0.75,22.333333333333332,9.493,0.067,0,Finishers / All-Rounders
2018,IS Sodhi,1.0,6.0,1.0,6,0.0,5.0,137.0,138.0,5.0,146.0,1.0,16.667,0.0,0.833,23.0,5.957,0.036,0,Finishers / All-Rounders
2018,LE Plunkett,1.0,3.0,1.0,7,0.0,2.0,228.0,154.0,4.0,125.0,1.0,33.333,0.0,0.667,25.666666666666668,8.883,0.026,0,Finishers / All-Rounders
2018,M Ashwin,1.0,2.0,1.0,2,0.0,1.0,54.0,45.0,3.0,80.0,1.0,50.0,0.0,0.5,7.5,7.2,0.067,0,Finishers / All-Rounders
2018,M Prasidh Krishna,1.0,5.0,0.0,7,0.0,4.0,260.0,175.0,10.0,279.0,1.0,20.0,0.0,0.8,29.166666666666668,8.914,0.057,0,Finishers / All-Rounders
2018,MA Wood,1.0,5.0,1.0,1,0.0,2.0,50.0,25.0,0.0,1.0,1.0,20.0,0.0,0.4,4.166666666666667,12.0,0.0,0,Finishers / All-Rounders
2018,Mustafizur Rahman,1.0,3.0,1.0,7,0.0,2.0,232.0,165.0,7.0,200.0,1.0,33.333,0.0,0.667,27.5,8.436,0.042,3,Finishers / All-Rounders
2018,NV Ojha,1.0,4.0,1.0,1,0.0,2.0,0.0,0.0,0.0,1.0,1.0,25.0,0.0,0.5,0.0,0.0,0.0,1,Finishers / All-Rounders
2018,Ankit Sharma,0.0,0.0,0.0,1,0.0,0.0,11.0,6.0,0.0,4.0,0.0,0.0,0.0,0.0,1.0,11.0,0.0,0,Finishers / All-Rounders
2018,Avesh Khan,0.0,0.0,0.0,6,0.0,0.0,205.0,117.0,4.0,124.0,0.0,0.0,0.0,0.0,19.5,10.513,0.034,3,Finishers / All-Rounders
2018,CJ Dala,0.0,0.0,0.0,1,0.0,0.0,34.0,19.0,0.0,4.0,0.0,0.0,0.0,0.0,3.1666666666666665,10.737,0.0,0,Finishers / All-Rounders
2018,CJ Jordan,0.0,0.0,0.0,1,0.0,0.0,35.0,25.0,0.0,4.0,0.0,0.0,0.0,0.0,4.166666666666667,8.4,0.0,0,Finishers / All-Rounders
2018,DJ Willey,0.0,0.0,0.0,3,0.0,0.0,96.0,61.0,2.0,62.0,0.0,0.0,0.0,0.0,10.166666666666666,9.443,0.033,0,Finishers / All-Rounders
2018,K Khejroliya,0.0,0.0,0.0,3,0.0,0.0,110.0,70.0,2.0,62.0,0.0,0.0,0.0,0.0,11.666666666666666,9.429,0.029,0,Finishers / All-Rounders
2018,KK Ahmed,0.0,0.0,0.0,1,0.0,0.0,39.0,19.0,0.0,4.0,0.0,0.0,0.0,0.0,3.1666666666666665,12.316,0.0,3,Finishers / All-Rounders
2018,KM Asif,0.0,0.0,0.0,2,0.0,0.0,75.0,38.0,3.0,83.0,0.0,0.0,0.0,0.0,6.333333333333333,11.842,0.079,0,Finishers / All-Rounders
2018,KV Sharma,0.0,0.0,0.0,5,0.0,0.0,90.0,58.0,4.0,120.0,0.0,0.0,0.0,0.0,9.666666666666666,9.31,0.069,3,Finishers / All-Rounders
2018,L Ngidi,0.0,0.0,0.0,7,0.0,0.0,161.0,161.0,11.0,303.0,0.0,0.0,0.0,0.0,26.833333333333332,6.0,0.068,0,Finishers / All-Rounders
2018,PJ Sangwan,0.0,5.0,1.0,1,0.0,4.0,20.0,12.0,0.0,0.0,0.0,0.0,0.0,0.8,2.0,10.0,0.0,0,Finishers / All-Rounders
2018,RK Bhui,0.0,5.0,1.0,1,0.0,5.0,0.0,0.0,0.0,0.0,0.0,0.0,0.0,1.0,0.0,0.0,0.0,0,Finishers / All-Rounders
2018,S Lamichhane,0.0,0.0,0.0,3,0.0,0.0,86.0,73.0,5.0,137.0,0.0,0.0,0.0,0.0,12.166666666666666,7.068,0.068,0,Finishers / All-Rounders
2018,Sandeep Sharma,0.0,4.0,2.0,12,0.0,4.0,334.0,271.0,12.0,340.0,0.0,0.0,0.0,1.0,45.166666666666664,7.395,0.044,3,Finishers / All-Rounders
2018,TA Boult,0.0,2.0,1.0,14,0.0,2.0,476.0,325.0,18.0,502.0,0.0,0.0,0.0,1.0,54.166666666666664,8.788,0.055,3,Finishers / All-Rounders
2018,YS Chahal,0.0,4.0,0.0,14,0.0,3.0,374.0,313.0,12.0,356.0,0.0,0.0,0.0,0.75,52.166666666666664,7.169,0.038,3,Finishers / All-Rounders
2019,DA Warner,692.0,496.0,12.0,12,78.0,130.0,0.0,0.0,0.0,770.0,57.667,139.516,0.157,0.262,0.0,0.0,0.0,2,Power Hitters
2019,KL Rahul,593.0,447.0,11.0,14,74.0,150.0,0.0,0.0,0.0,679.0,53.909,132.662,0.166,0.336,0.0,0.0,0.0,2,Power Hitters
2019,Q de Kock,529.0,404.0,14.0,16,70.0,143.0,0.0,0.0,0.0,607.0,37.786,130.941,0.173,0.354,0.0,0.0,0.0,2,Power Hitters
2019,S Dhawan,521.0,391.0,16.0,16,75.0,126.0,0.0,0.0,0.0,600.0,32.562,133.248,0.192,0.322,0.0,0.0,0.0,2,Power Hitters
2019,AD Russell,514.0,274.0,10.0,13,84.0,94.0,288.0,182.0,11.0,889.0,51.4,187.591,0.307,0.343,30.333333333333332,9.495,0.06,3,Finishers / All-Rounders
2019,RR Pant,494.0,311.0,13.0,16,64.0,80.0,0.0,0.0,0.0,570.0,38.0,158.842,0.206,0.257,0.0,0.0,0.0,2,Power Hitters
2019,CH Gayle,490.0,338.0,12.0,13,79.0,135.0,0.0,0.0,0.0,573.0,40.833,144.97,0.234,0.399,0.0,0.0,0.0,2,Power Hitters
2019,SS Iyer,467.0,399.0,16.0,16,56.0,131.0,0.0,0.0,0.0,527.0,29.188,117.043,0.14,0.328,0.0,0.0,0.0,2,Power Hitters
2019,V Kohli,464.0,332.0,14.0,14,59.0,89.0,0.0,0.0,0.0,523.0,33.143,139.759,0.178,0.268,0.0,0.0,0.0,2,Power Hitters
2019,JM Bairstow,445.0,292.0,8.0,10,66.0,89.0,0.0,0.0,0.0,519.0,55.625,152.397,0.226,0.305,0.0,0.0,0.0,1,Finishers / All-Rounders
2019,AB de Villiers,442.0,294.0,10.0,13,57.0,87.0,0.0,0.0,0.0,511.0,44.2,150.34,0.194,0.296,0.0,0.0,0.0,2,Power Hitters
2019,SA Yadav,424.0,327.0,14.0,15,55.0,101.0,0.0,0.0,0.0,487.0,30.286,129.664,0.168,0.309,0.0,0.0,0.0,2,Power Hitters
2019,MS Dhoni,416.0,317.0,6.0,12,45.0,101.0,0.0,0.0,0.0,489.0,69.333,131.23,0.142,0.319,0.0,0.0,0.0,2,Power Hitters
2019,HH Pandya,409.0,225.0,9.0,16,58.0,55.0,395.0,267.0,14.0,845.0,45.444,181.778,0.258,0.244,44.5,8.876,0.052,2,Power Hitters
2019,CA Lynn,405.0,296.0,13.0,13,63.0,122.0,0.0,0.0,0.0,468.0,31.154,136.824,0.213,0.412,0.0,0.0,0.0,1,Finishers / All-Rounders
2019,RG Sharma,405.0,319.0,14.0,15,62.0,127.0,0.0,0.0,0.0,471.0,28.929,126.959,0.194,0.398,0.0,0.0,0.0,2,Power Hitters
2019,SR Watson,398.0,321.0,18.0,17,62.0,147.0,0.0,0.0,0.0,460.0,22.111,123.988,0.193,0.458,0.0,0.0,0.0,2,Power Hitters
2019,F du Plessis,396.0,326.0,11.0,12,51.0,122.0,0.0,0.0,0.0,451.0,36.0,121.472,0.156,0.374,0.0,0.0,0.0,2,Power Hitters
2019,AM Rahane,393.0,289.0,13.0,13,54.0,98.0,0.0,0.0,0.0,447.0,30.231,135.986,0.187,0.339,0.0,0.0,0.0,2,Power Hitters
2019,SK Raina,383.0,321.0,16.0,17,54.0,115.0,6.0,6.0,0.0,441.0,23.938,119.315,0.168,0.358,1.0,6.0,0.0,2,Power Hitters
2019,PA Patel,373.0,273.0,15.0,14,58.0,90.0,0.0,0.0,0.0,431.0,24.867,136.63,0.212,0.33,0.0,0.0,0.0,2,Power Hitters
2019,PP Shaw,353.0,270.0,15.0,16,54.0,101.0,0.0,0.0,0.0,411.0,23.533,130.741,0.2,0.374,0.0,0.0,0.0,1,Finishers / All-Rounders
2019,MK Pandey,345.0,268.0,9.0,11,40.0,72.0,0.0,0.0,0.0,393.0,38.333,128.731,0.149,0.269,0.0,0.0,0.0,2,Power Hitters
2019,N Rana,344.0,240.0,10.0,12,48.0,91.0,73.0,50.0,3.0,475.0,34.4,143.333,0.2,0.379,8.333333333333334,8.76,0.06,2,Power Hitters
2019,SV Samson,342.0,238.0,10.0,11,41.0,61.0,0.0,0.0,0.0,391.0,34.2,143.697,0.172,0.256,0.0,0.0,0.0,2,Power Hitters
2019,MA Agarwal,332.0,241.0,11.0,13,40.0,70.0,0.0,0.0,0.0,380.0,30.182,137.759,0.166,0.29,0.0,0.0,0.0,2,Power Hitters
2019,SPD Smith,319.0,283.0,9.0,10,34.0,86.0,0.0,0.0,0.0,357.0,35.444,112.721,0.12,0.304,0.0,0.0,0.0,2,Power Hitters
2019,JC Buttler,311.0,213.0,7.0,8,52.0,86.0,0.0,0.0,0.0,367.0,44.429,146.009,0.244,0.404,0.0,0.0,0.0,2,Power Hitters
2019,Shubman Gill,296.0,242.0,9.0,13,31.0,74.0,0.0,0.0,0.0,343.0,32.889,122.314,0.128,0.306,0.0,0.0,0.0,2,Power Hitters
2019,RV Uthappa,284.0,256.0,9.0,11,38.0,103.0,0.0,0.0,0.0,330.0,31.556,110.938,0.148,0.402,0.0,0.0,0.0,2,Power Hitters
2019,AT Rayudu,282.0,307.0,12.0,17,27.0,122.0,0.0,0.0,0.0,329.0,23.5,91.857,0.088,0.397,0.0,0.0,0.0,2,Power Hitters
2019,KA Pollard,281.0,186.0,10.0,12,36.0,59.0,0.0,0.0,0.0,329.0,28.1,151.075,0.194,0.317,0.0,0.0,0.0,2,Power Hitters
2019,KD Karthik,254.0,180.0,9.0,12,36.0,59.0,0.0,0.0,0.0,302.0,28.222,141.111,0.2,0.328,0.0,0.0,0.0,2,Power Hitters
2019,V Shankar,244.0,196.0,11.0,14,23.0,59.0,69.0,51.0,1.0,304.0,22.182,124.49,0.117,0.301,8.5,8.118,0.02,1,Finishers / All-Rounders
2019,MM Ali,220.0,137.0,6.0,11,33.0,44.0,169.0,150.0,6.0,423.0,36.667,160.584,0.241,0.321,25.0,6.76,0.04,1,Finishers / All-Rounders
2019,DA Miller,213.0,174.0,8.0,10,26.0,52.0,0.0,0.0,0.0,247.0,26.625,122.414,0.149,0.299,0.0,0.0,0.0,2,Power Hitters
2019,MP Stoinis,211.0,159.0,4.0,10,24.0,51.0,147.0,103.0,2.0,309.0,52.75,132.704,0.151,0.321,17.166666666666668,8.563,0.019,2,Power Hitters
2019,CA Ingram,184.0,157.0,10.0,12,25.0,63.0,0.0,0.0,0.0,217.0,18.4,117.197,0.159,0.401,0.0,0.0,0.0,1,Finishers / All-Rounders
2019,KH Pandya,183.0,158.0,11.0,16,23.0,57.0,337.0,282.0,12.0,526.0,16.636,115.823,0.146,0.361,47.0,7.17,0.043,3,Finishers / All-Rounders
2019,SN Khan,180.0,145.0,5.0,5,23.0,46.0,6.0,2.0,0.0,207.0,36.0,124.138,0.159,0.317,0.3333333333333333,18.0,0.0,1,Finishers / All-Rounders
2019,N Pooran,168.0,110.0,6.0,6,24.0,43.0,0.0,0.0,0.0,192.0,28.0,152.727,0.218,0.391,0.0,0.0,0.0,1,Finishers / All-Rounders
2019,Mandeep Singh,165.0,122.0,5.0,12,14.0,20.0,26.0,12.0,0.0,211.0,33.0,135.246,0.115,0.164,2.0,13.0,0.0,2,Power Hitters
2019,KM Jadhav,162.0,172.0,9.0,12,22.0,80.0,0.0,0.0,0.0,196.0,18.0,94.186,0.128,0.465,0.0,0.0,0.0,1,Finishers / All-Rounders
2019,R Parag,160.0,133.0,4.0,7,22.0,47.0,121.0,84.0,2.0,244.0,40.0,120.301,0.165,0.353,14.0,8.643,0.024,1,Finishers / All-Rounders
2019,KS Williamson,156.0,134.0,7.0,9,17.0,45.0,0.0,0.0,0.0,181.0,22.286,116.418,0.127,0.336,0.0,0.0,0.0,2,Power Hitters
2019,SP Narine,143.0,90.0,7.0,12,26.0,41.0,352.0,272.0,10.0,439.0,20.429,158.889,0.289,0.456,45.333333333333336,7.765,0.037,3,Finishers / All-Rounders
2019,RA Tripathi,141.0,122.0,6.0,7,15.0,37.0,0.0,0.0,0.0,160.0,23.5,115.574,0.123,0.303,0.0,0.0,0.0,2,Power Hitters
2019,BA Stokes,123.0,100.0,6.0,9,12.0,29.0,200.0,109.0,6.0,297.0,20.5,123.0,0.12,0.29,18.166666666666668,11.009,0.055,1,Finishers / All-Rounders
2019,Mohammad Nabi,121.0,81.0,6.0,8,16.0,27.0,201.0,175.0,8.0,349.0,20.167,149.383,0.198,0.333,29.166666666666668,6.891,0.046,1,Finishers / All-Rounders
2019,AR Patel,110.0,90.0,7.0,14,13.0,28.0,368.0,305.0,10.0,405.0,15.714,122.222,0.144,0.311,50.833333333333336,7.239,0.033,3,Finishers / All-Rounders
2019,RA Jadeja,106.0,94.0,2.0,16,11.0,31.0,347.0,326.0,15.0,548.0,53.0,112.766,0.117,0.33,54.333333333333336,6.387,0.046,3,Finishers / All-Rounders
2019,Ishan Kishan,101.0,104.0,5.0,6,12.0,45.0,0.0,0.0,0.0,117.0,20.2,97.115,0.115,0.433,0.0,0.0,0.0,2,Power Hitters
2019,Gurkeerat Singh,98.0,73.0,3.0,3,13.0,16.0,0.0,0.0,0.0,111.0,32.667,134.247,0.178,0.219,0.0,0.0,0.0,1,Finishers / All-Rounders
2019,Yuvraj Singh,98.0,83.0,4.0,4,13.0,29.0,0.0,0.0,0.0,111.0,24.5,118.072,0.157,0.349,0.0,0.0,0.0,2,Power Hitters
2019,SM Curran,95.0,55.0,4.0,9,16.0,21.0,325.0,206.0,10.0,381.0,23.75,172.727,0.291,0.382,34.333333333333336,9.466,0.049,3,Finishers / All-Rounders
2019,SO Hetmyer,90.0,76.0,5.0,5,11.0,31.0,0.0,0.0,0.0,101.0,18.0,118.421,0.145,0.408,0.0,0.0,0.0,1,Finishers / All-Rounders
2019,WP Saha,86.0,55.0,5.0,5,14.0,13.0,0.0,0.0,0.0,100.0,17.2,156.364,0.255,0.236,0.0,0.0,0.0,2,Power Hitters
2019,C Munro,84.0,72.0,4.0,4,13.0,33.0,0.0,0.0,0.0,97.0,21.0,116.667,0.181,0.458,0.0,0.0,0.0,1,Finishers / All-Rounders
2019,MJ Guptill,82.0,54.0,3.0,3,11.0,24.0,0.0,0.0,0.0,93.0,27.333,151.852,0.204,0.444,0.0,0.0,0.0,1,Finishers / All-Rounders
2019,DJ Bravo,80.0,68.0,5.0,12,9.0,23.0,335.0,261.0,11.0,392.0,16.0,117.647,0.132,0.338,43.5,7.701,0.042,3,Finishers / All-Rounders
2019,SE Rutherford,73.0,55.0,5.0,7,9.0,23.0,60.0,46.0,1.0,115.0,14.6,132.727,0.164,0.418,7.666666666666667,7.826,0.022,1,Finishers / All-Rounders
2019,LS Livingstone,70.0,48.0,3.0,4,11.0,21.0,13.0,6.0,0.0,85.0,23.333,145.833,0.229,0.438,1.0,13.0,0.0,1,Finishers / All-Rounders
2019,STR Binny,70.0,42.0,3.0,7,9.0,14.0,44.0,43.0,1.0,120.0,23.333,166.667,0.214,0.333,7.166666666666667,6.14,0.023,1,Finishers / All-Rounders
2019,JC Archer,67.0,41.0,2.0,11,8.0,8.0,306.0,263.0,11.0,386.0,33.5,163.415,0.195,0.195,43.833333333333336,6.981,0.042,0,Finishers / All-Rounders
2019,DJ Hooda,64.0,68.0,6.0,7,6.0,25.0,21.0,13.0,1.0,99.0,10.667,94.118,0.088,0.368,2.1666666666666665,9.692,0.077,1,Finishers / All-Rounders
2019,M Vijay,64.0,61.0,2.0,2,7.0,26.0,0.0,0.0,0.0,71.0,32.0,104.918,0.115,0.426,0.0,0.0,0.0,2,Power Hitters
2019,S Gopal,63.0,46.0,4.0,14,9.0,15.0,350.0,289.0,20.0,612.0,15.75,136.957,0.196,0.326,48.166666666666664,7.266,0.069,3,Finishers / All-Rounders
2019,AD Nath,61.0,58.0,5.0,5,7.0,22.0,0.0,0.0,0.0,68.0,12.2,105.172,0.121,0.379,0.0,0.0,0.0,1,Finishers / All-Rounders
2019,E Lewis,48.0,53.0,3.0,3,6.0,27.0,0.0,0.0,0.0,54.0,16.0,90.566,0.113,0.509,0.0,0.0,0.0,1,Finishers / All-Rounders
2019,C de Grandhomme,46.0,50.0,3.0,4,6.0,26.0,55.0,31.0,0.0,56.0,15.333,92.0,0.12,0.52,5.166666666666667,10.645,0.0,1,Finishers / All-Rounders
2019,PP Chawla,42.0,38.0,4.0,13,6.0,19.0,405.0,267.0,10.0,334.0,10.5,110.526,0.158,0.5,44.5,9.101,0.037,3,Finishers / All-Rounders
2019,R Ashwin,42.0,28.0,5.0,14,6.0,9.0,400.0,340.0,15.0,459.0,8.4,150.0,0.214,0.321,56.666666666666664,7.059,0.044,3,Finishers / All-Rounders
2019,S Dube,40.0,33.0,4.0,4,4.0,12.0,8.0,11.0,0.0,48.0,10.0,121.212,0.121,0.364,1.8333333333333333,4.364,0.0,1,Finishers / All-Rounders
2019,YK Pathan,40.0,47.0,3.0,7,2.0,17.0,8.0,6.0,0.0,58.0,13.333,85.106,0.043,0.362,1.0,8.0,0.0,2,Power Hitters
2019,RK Singh,37.0,34.0,2.0,3,3.0,12.0,0.0,0.0,0.0,44.0,18.5,108.824,0.088,0.353,0.0,0.0,0.0,1,Finishers / All-Rounders
2019,Rashid Khan,34.0,26.0,5.0,15,4.0,8.0,395.0,365.0,17.0,503.0,6.8,130.769,0.154,0.308,60.833333333333336,6.493,0.047,3,Finishers / All-Rounders
2019,CH Morris,32.0,38.0,6.0,9,3.0,19.0,314.0,206.0,13.0,372.0,5.333,84.211,0.079,0.5,34.333333333333336,9.146,0.063,3,Finishers / All-Rounders
2019,MJ Santner,32.0,25.0,1.0,4,3.0,8.0,94.0,88.0,4.0,147.0,32.0,128.0,0.12,0.32,14.666666666666666,6.409,0.045,0,Finishers / All-Rounders
2019,R Tewatia,26.0,22.0,1.0,4,3.0,7.0,42.0,39.0,2.0,91.0,26.0,118.182,0.136,0.318,6.5,6.462,0.051,1,Finishers / All-Rounders
2019,UT Yadav,25.0,26.0,1.0,11,4.0,14.0,375.0,237.0,8.0,269.0,25.0,96.154,0.154,0.538,39.5,9.494,0.034,3,Finishers / All-Rounders
2019,A Mishra,21.0,26.0,2.0,11,2.0,10.0,271.0,243.0,11.0,334.0,10.5,80.769,0.077,0.385,40.5,6.691,0.045,3,Finishers / All-Rounders
2019,Harpreet Brar,20.0,14.0,0.0,2,3.0,3.0,48.0,30.0,0.0,31.0,20.0,142.857,0.214,0.214,5.0,9.6,0.0,1,Finishers / All-Rounders
2019,P Ray Barman,19.0,25.0,1.0,1,2.0,11.0,56.0,24.0,0.0,21.0,19.0,76.0,0.08,0.44,4.0,14.0,0.0,1,Finishers / All-Rounders
2019,BCJ Cutting,18.0,17.0,2.0,3,2.0,8.0,27.0,12.0,1.0,49.0,9.0,105.882,0.118,0.471,2.0,13.5,0.083,1,Finishers / All-Rounders
2019,K Gowtham,18.0,19.0,3.0,7,2.0,9.0,171.0,122.0,1.0,61.0,6.0,94.737,0.105,0.474,20.333333333333332,8.41,0.008,1,Finishers / All-Rounders
2019,KMA Paul,18.0,26.0,4.0,8,2.0,13.0,238.0,179.0,9.0,261.0,4.5,69.231,0.077,0.5,29.833333333333332,7.978,0.05,0,Finishers / All-Rounders
2019,P Simran Singh,16.0,18.0,1.0,1,2.0,10.0,0.0,0.0,0.0,18.0,16.0,88.889,0.111,0.556,0.0,0.0,0.0,1,Finishers / All-Rounders
2019,AS Joseph,15.0,13.0,0.0,3,2.0,6.0,89.0,55.0,6.0,179.0,15.0,115.385,0.154,0.462,9.166666666666666,9.709,0.109,0,Finishers / All-Rounders
2019,SD Lad,15.0,13.0,1.0,1,2.0,8.0,0.0,0.0,0.0,17.0,15.0,115.385,0.154,0.615,0.0,0.0,0.0,1,Finishers / All-Rounders
2019,K Rabada,14.0,15.0,3.0,12,1.0,6.0,381.0,295.0,26.0,701.0,4.667,93.333,0.067,0.4,49.166666666666664,7.749,0.088,3,Finishers / All-Rounders
2019,SN Thakur,14.0,7.0,1.0,9,2.0,2.0,285.0,189.0,8.0,248.0,14.0,200.0,0.286,0.286,31.5,9.048,0.042,3,Finishers / All-Rounders
2019,B Kumar,12.0,19.0,3.0,15,1.0,8.0,466.0,366.0,13.0,386.0,4.0,63.158,0.053,0.421,61.0,7.639,0.036,3,Finishers / All-Rounders
2019,Kuldeep Yadav,12.0,8.0,1.0,9,1.0,2.0,285.0,201.0,4.0,145.0,12.0,150.0,0.125,0.25,33.5,8.507,0.02,3,Finishers / All-Rounders
2019,RD Chahar,12.0,11.0,2.0,13,2.0,6.0,310.0,287.0,13.0,383.0,6.0,109.091,0.182,0.545,47.833333333333336,6.481,0.045,3,Finishers / All-Rounders
2019,CR Brathwaite,11.0,10.0,2.0,2,1.0,2.0,29.0,21.0,0.0,12.0,5.5,110.0,0.1,0.2,3.5,8.286,0.0,1,Finishers / All-Rounders
2019,MJ McClenaghan,11.0,16.0,2.0,5,2.0,10.0,143.0,114.0,3.0,100.0,5.5,68.75,0.125,0.625,19.0,7.526,0.026,3,Finishers / All-Rounders
2019,I Sharma,10.0,3.0,0.0,13,2.0,1.0,364.0,284.0,13.0,389.0,10.0,333.333,0.667,0.333,47.333333333333336,7.69,0.046,3,Finishers / All-Rounders
2019,Abhishek Sharma,9.0,10.0,2.0,3,1.0,2.0,21.0,13.0,1.0,39.0,4.5,90.0,0.1,0.2,2.1666666666666665,9.692,0.077,1,Finishers / All-Rounders
2019,H Klaasen,9.0,10.0,2.0,2,0.0,2.0,0.0,0.0,0.0,9.0,4.5,90.0,0.0,0.2,0.0,0.0,0.0,1,Finishers / All-Rounders
2019,KC Cariappa,9.0,3.0,0.0,1,1.0,0.0,34.0,13.0,0.0,14.0,9.0,300.0,0.333,0.0,2.1666666666666665,15.692,0.0,0,Finishers / All-Rounders
2019,P Negi,9.0,12.0,4.0,5,1.0,6.0,103.0,70.0,3.0,89.0,2.25,75.0,0.083,0.5,11.666666666666666,8.829,0.043,0,Finishers / All-Rounders
2019,Shakib Al Hasan,9.0,11.0,1.0,3,0.0,2.0,95.0,66.0,2.0,67.0,9.0,81.818,0.0,0.182,11.0,8.636,0.03,3,Finishers / All-Rounders
2019,TG Southee,9.0,9.0,0.0,3,0.0,2.0,123.0,58.0,1.0,46.0,9.0,100.0,0.0,0.222,9.666666666666666,12.724,0.017,3,Finishers / All-Rounders
2019,MK Lomror,8.0,3.0,1.0,1,2.0,1.0,0.0,0.0,0.0,10.0,8.0,266.667,0.667,0.333,0.0,0.0,0.0,1,Finishers / All-Rounders
2019,DL Chahar,7.0,10.0,2.0,17,1.0,5.0,486.0,400.0,22.0,618.0,3.5,70.0,0.1,0.5,66.66666666666667,7.29,0.055,3,Finishers / All-Rounders
2019,NS Naik,7.0,17.0,1.0,1,1.0,12.0,0.0,0.0,0.0,8.0,7.0,41.176,0.059,0.706,0.0,0.0,0.0,1,Finishers / All-Rounders
2019,RK Bhui,7.0,13.0,1.0,1,0.0,7.0,0.0,0.0,0.0,7.0,7.0,53.846,0.0,0.538,0.0,0.0,0.0,0,Finishers / All-Rounders
2019,TA Boult,7.0,4.0,1.0,5,1.0,2.0,163.0,120.0,5.0,149.0,7.0,175.0,0.25,0.5,20.0,8.15,0.042,3,Finishers / All-Rounders
2019,IS Sodhi,6.0,12.0,1.0,2,0.0,5.0,67.0,44.0,4.0,110.0,6.0,50.0,0.0,0.417,7.333333333333333,9.136,0.091,0,Finishers / All-Rounders
2019,J Suchith,6.0,15.0,1.0,1,0.0,9.0,28.0,24.0,2.0,56.0,6.0,40.0,0.0,0.6,4.0,7.0,0.083,0,Finishers / All-Rounders
2019,M Markande,6.0,5.0,1.0,3,1.0,2.0,59.0,37.0,1.0,40.0,6.0,120.0,0.2,0.4,6.166666666666667,9.568,0.027,0,Finishers / All-Rounders
2019,Sandeep Sharma,6.0,4.0,0.0,11,1.0,0.0,355.0,264.0,12.0,351.0,6.0,150.0,0.25,0.0,44.0,8.068,0.045,3,Finishers / All-Rounders
2019,YS Chahal,6.0,16.0,2.0,14,0.0,12.0,394.0,308.0,18.0,504.0,3.0,37.5,0.0,0.75,51.333333333333336,7.675,0.058,3,Finishers / All-Rounders
2019,DR Shorey,5.0,11.0,1.0,1,0.0,3.0,0.0,0.0,0.0,5.0,5.0,45.455,0.0,0.273,0.0,0.0,0.0,1,Finishers / All-Rounders
2019,DS Kulkarni,5.0,3.0,0.0,10,1.0,1.0,336.0,219.0,6.0,196.0,5.0,166.667,0.333,0.333,36.5,9.205,0.027,3,Finishers / All-Rounders
2019,KK Nair,5.0,6.0,1.0,1,0.0,2.0,0.0,0.0,0.0,5.0,5.0,83.333,0.0,0.333,0.0,0.0,0.0,1,Finishers / All-Rounders
2019,Rasikh Salam,5.0,4.0,0.0,1,0.0,1.0,42.0,27.0,0.0,9.0,5.0,125.0,0.0,0.25,4.5,9.333,0.0,0,Finishers / All-Rounders
2019,Avesh Khan,4.0,3.0,0.0,1,1.0,2.0,30.0,19.0,0.0,9.0,4.0,133.333,0.333,0.667,3.1666666666666665,9.474,0.0,3,Finishers / All-Rounders
2019,GH Vihari,4.0,8.0,2.0,2,0.0,4.0,9.0,6.0,0.0,4.0,2.0,50.0,0.0,0.5,1.0,9.0,0.0,1,Finishers / All-Rounders
2019,Mohammed Siraj,4.0,15.0,2.0,9,0.0,8.0,270.0,178.0,7.0,207.0,2.0,26.667,0.0,0.533,29.666666666666668,9.101,0.039,3,Finishers / All-Rounders
2019,AJ Turner,3.0,11.0,3.0,4,0.0,7.0,0.0,0.0,0.0,7.0,1.0,27.273,0.0,0.636,0.0,0.0,0.0,1,Finishers / All-Rounders
2019,BB Sran,3.0,3.0,0.0,2,0.0,1.0,51.0,25.0,0.0,11.0,3.0,100.0,0.0,0.333,4.166666666666667,12.24,0.0,0,Finishers / All-Rounders
2019,GC Viljoen,3.0,7.0,2.0,6,0.0,3.0,229.0,145.0,7.0,194.0,1.5,42.857,0.0,0.429,24.166666666666668,9.476,0.048,0,Finishers / All-Rounders
2019,M Ashwin,3.0,5.0,1.0,10,0.0,2.0,257.0,211.0,5.0,164.0,3.0,60.0,0.0,0.4,35.166666666666664,7.308,0.024,0,Finishers / All-Rounders
2019,VR Aaron,3.0,7.0,0.0,5,0.0,4.0,128.0,74.0,4.0,123.0,3.0,42.857,0.0,0.571,12.333333333333334,10.378,0.054,0,Finishers / All-Rounders
2019,Navdeep Saini,2.0,4.0,1.0,13,0.0,1.0,410.0,298.0,11.0,325.0,2.0,50.0,0.0,0.25,49.666666666666664,8.255,0.037,0,Finishers / All-Rounders
2019,Basil Thampi,1.0,1.0,0.0,3,0.0,0.0,115.0,73.0,0.0,13.0,1.0,100.0,0.0,0.0,12.166666666666666,9.452,0.0,0,Finishers / All-Rounders
2019,HF Gurney,1.0,5.0,0.0,8,0.0,4.0,239.0,169.0,7.0,208.0,1.0,20.0,0.0,0.8,28.166666666666668,8.485,0.041,0,Finishers / All-Rounders
2019,Harbhajan Singh,1.0,3.0,1.0,11,0.0,2.0,315.0,267.0,16.0,441.0,1.0,33.333,0.0,0.667,44.5,7.079,0.06,3,Finishers / All-Rounders
2019,JD Unadkat,1.0,3.0,1.0,11,0.0,2.0,404.0,235.0,10.0,291.0,1.0,33.333,0.0,0.667,39.166666666666664,10.315,0.043,3,Finishers / All-Rounders
2019,Mohammed Shami,1.0,2.0,1.0,14,0.0,1.0,476.0,328.0,19.0,528.0,1.0,50.0,0.0,0.5,54.666666666666664,8.707,0.058,3,Finishers / All-Rounders
2019,Washington Sundar,1.0,4.0,2.0,3,0.0,2.0,75.0,54.0,4.0,105.0,0.5,25.0,0.0,0.5,9.0,8.333,0.074,0,Finishers / All-Rounders
2019,AJ Tye,0.0,2.0,0.0,6,0.0,1.0,233.0,137.0,3.0,99.0,0.0,0.0,0.0,0.5,22.833333333333332,10.204,0.022,0,Finishers / All-Rounders
2019,AS Rajpoot,0.0,0.0,0.0,4,0.0,0.0,157.0,102.0,3.0,91.0,0.0,0.0,0.0,0.0,17.0,9.235,0.029,0,Finishers / All-Rounders
2019,AS Roy,0.0,0.0,0.0,1,0.0,0.0,11.0,15.0,1.0,29.0,0.0,0.0,0.0,0.0,2.5,4.4,0.067,0,Finishers / All-Rounders
2019,Arshdeep Singh,0.0,0.0,0.0,3,0.0,0.0,117.0,65.0,3.0,87.0,0.0,0.0,0.0,0.0,10.833333333333334,10.8,0.046,3,Finishers / All-Rounders
2019,CV Varun,0.0,0.0,0.0,1,0.0,0.0,35.0,18.0,1.0,29.0,0.0,0.0,0.0,0.0,3.0,11.667,0.056,3,Finishers / All-Rounders
2019,DW Steyn,0.0,0.0,0.0,2,0.0,0.0,74.0,48.0,4.0,108.0,0.0,0.0,0.0,0.0,8.0,9.25,0.083,3,Finishers / All-Rounders
2019,HV Patel,0.0,3.0,1.0,2,0.0,2.0,77.0,51.0,2.0,54.0,0.0,0.0,0.0,0.667,8.5,9.059,0.039,3,Finishers / All-Rounders
2019,Imran Tahir,0.0,0.0,0.0,17,0.0,0.0,440.0,388.0,26.0,718.0,0.0,0.0,0.0,0.0,64.66666666666667,6.804,0.067,3,Finishers / All-Rounders
2019,J Yadav,0.0,0.0,0.0,2,0.0,0.0,50.0,43.0,1.0,33.0,0.0,0.0,0.0,0.0,7.166666666666667,6.977,0.023,1,Finishers / All-Rounders
2019,JJ Bumrah,0.0,1.0,0.0,16,0.0,0.0,432.0,379.0,20.0,564.0,0.0,0.0,0.0,0.0,63.166666666666664,6.839,0.053,3,Finishers / All-Rounders
2019,JL Denly,0.0,1.0,1.0,1,0.0,1.0,0.0,0.0,0.0,0.0,0.0,0.0,0.0,1.0,0.0,0.0,0.0,0,Finishers / All-Rounders
2019,JP Behrendorff,0.0,0.0,0.0,5,0.0,0.0,168.0,117.0,5.0,145.0,0.0,0.0,0.0,0.0,19.5,8.615,0.043,0,Finishers / All-Rounders
2019,K Khejroliya,0.0,0.0,0.0,2,0.0,0.0,47.0,31.0,1.0,33.0,0.0,0.0,0.0,0.0,5.166666666666667,9.097,0.032,0,Finishers / All-Rounders
2019,KK Ahmed,0.0,1.0,1.0,9,0.0,1.0,292.0,222.0,20.0,532.0,0.0,0.0,0.0,1.0,37.0,7.892,0.09,3,Finishers / All-Rounders
2019,KV Sharma,0.0,0.0,0.0,1,0.0,0.0,33.0,17.0,1.0,29.0,0.0,0.0,0.0,0.0,2.8333333333333335,11.647,0.059,3,Finishers / All-Rounders
2019,LH Ferguson,0.0,0.0,0.0,5,0.0,0.0,185.0,107.0,2.0,70.0,0.0,0.0,0.0,0.0,17.833333333333332,10.374,0.019,3,Finishers / All-Rounders
2019,M Prasidh Krishna,0.0,2.0,1.0,11,0.0,2.0,394.0,260.0,5.0,165.0,0.0,0.0,0.0,1.0,43.333333333333336,9.092,0.019,0,Finishers / All-Rounders
2019,MM Sharma,0.0,2.0,0.0,1,0.0,2.0,27.0,18.0,1.0,29.0,0.0,0.0,0.0,1.0,3.0,9.0,0.056,3,Finishers / All-Rounders
2019,Mujeeb Ur Rahman,0.0,4.0,1.0,5,0.0,3.0,193.0,123.0,3.0,91.0,0.0,0.0,0.0,0.75,20.5,9.415,0.024,0,Finishers / All-Rounders
2019,O Thomas,0.0,0.0,0.0,4,0.0,0.0,85.0,63.0,5.0,141.0,0.0,0.0,0.0,0.0,10.5,8.095,0.079,0,Finishers / All-Rounders
2019,S Kaul,0.0,1.0,1.0,7,0.0,1.0,243.0,169.0,6.0,174.0,0.0,0.0,0.0,1.0,28.166666666666668,8.627,0.036,3,Finishers / All-Rounders
2019,S Lamichhane,0.0,1.0,1.0,6,0.0,1.0,209.0,137.0,8.0,220.0,0.0,0.0,0.0,1.0,22.833333333333332,9.153,0.058,0,Finishers / All-Rounders
2019,S Midhun,0.0,0.0,0.0,1,0.0,0.0,29.0,13.0,0.0,4.0,0.0,0.0,0.0,0.0,2.1666666666666665,13.385,0.0,0,Finishers / All-Rounders
2019,S Nadeem,0.0,0.0,0.0,3,0.0,0.0,90.0,53.0,2.0,62.0,0.0,0.0,0.0,0.0,8.833333333333334,10.189,0.038,3,Finishers / All-Rounders
2019,S Sandeep Warrier,0.0,0.0,0.0,3,0.0,0.0,86.0,73.0,2.0,62.0,0.0,0.0,0.0,0.0,12.166666666666666,7.068,0.027,0,Finishers / All-Rounders
2019,SC Kuggeleijn,0.0,0.0,0.0,2,0.0,0.0,71.0,50.0,2.0,58.0,0.0,0.0,0.0,0.0,8.333333333333334,8.52,0.04,0,Finishers / All-Rounders
2019,SL Malinga,0.0,0.0,0.0,12,0.0,0.0,450.0,278.0,16.0,448.0,0.0,0.0,0.0,0.0,46.333333333333336,9.712,0.058,3,Finishers / All-Rounders
2019,SW Billings,0.0,5.0,1.0,1,0.0,4.0,0.0,0.0,0.0,0.0,0.0,0.0,0.0,0.8,0.0,0.0,0.0,1,Finishers / All-Rounders
2019,Y Prithvi Raj,0.0,1.0,0.0,2,0.0,1.0,57.0,33.0,1.0,33.0,0.0,0.0,0.0,1.0,5.5,10.364,0.03,0,Finishers / All-Rounders
2020,KL Rahul,676.0,531.0,15.0,14,81.0,171.0,0.0,0.0,0.0,761.0,45.067,127.307,0.153,0.322,0.0,0.0,0.0,2,Power Hitters
2020,S Dhawan,618.0,433.0,14.0,17,80.0,112.0,0.0,0.0,0.0,710.0,44.143,142.725,0.185,0.259,0.0,0.0,0.0,2,Power Hitters
2020,DA Warner,548.0,423.0,14.0,16,66.0,131.0,2.0,2.0,0.0,622.0,39.143,129.551,0.156,0.31,0.3333333333333333,6.0,0.0,2,Power Hitters
2020,SS Iyer,519.0,433.0,16.0,17,56.0,134.0,0.0,0.0,0.0,579.0,32.438,119.861,0.129,0.309,0.0,0.0,0.0,2,Power Hitters
2020,Ishan Kishan,516.0,361.0,9.0,13,66.0,110.0,0.0,0.0,0.0,598.0,57.333,142.936,0.183,0.305,0.0,0.0,0.0,2,Power Hitters
2020,Q de Kock,506.0,368.0,15.0,16,68.0,130.0,0.0,0.0,0.0,582.0,33.733,137.5,0.185,0.353,0.0,0.0,0.0,2,Power Hitters
2020,SA Yadav,480.0,340.0,9.0,15,72.0,106.0,0.0,0.0,0.0,576.0,53.333,141.176,0.212,0.312,0.0,0.0,0.0,2,Power Hitters
2020,D Padikkal,473.0,398.0,14.0,15,59.0,125.0,0.0,0.0,0.0,536.0,33.786,118.844,0.148,0.314,0.0,0.0,0.0,1,Finishers / All-Rounders
2020,V Kohli,471.0,402.0,11.0,15,35.0,98.0,0.0,0.0,0.0,522.0,42.818,117.164,0.087,0.244,0.0,0.0,0.0,2,Power Hitters
2020,AB de Villiers,460.0,296.0,10.0,14,57.0,76.0,0.0,0.0,0.0,533.0,46.0,155.405,0.193,0.257,0.0,0.0,0.0,2,Power Hitters
2020,F du Plessis,449.0,329.0,11.0,13,56.0,95.0,0.0,0.0,0.0,517.0,40.818,136.474,0.17,0.289,0.0,0.0,0.0,2,Power Hitters
2020,Shubman Gill,440.0,382.0,13.0,14,53.0,134.0,0.0,0.0,0.0,501.0,33.846,115.183,0.139,0.351,0.0,0.0,0.0,2,Power Hitters
2020,MA Agarwal,432.0,285.0,10.0,11,61.0,76.0,0.0,0.0,0.0,497.0,43.2,151.579,0.214,0.267,0.0,0.0,0.0,2,Power Hitters
2020,MK Pandey,425.0,350.0,13.0,15,53.0,123.0,0.0,0.0,0.0,486.0,32.692,121.429,0.151,0.351,0.0,0.0,0.0,2,Power Hitters
2020,EJG Morgan,419.0,314.0,11.0,14,56.0,110.0,0.0,0.0,0.0,491.0,38.091,133.439,0.178,0.35,0.0,0.0,0.0,1,Finishers / All-Rounders
2020,SV Samson,375.0,242.0,12.0,14,47.0,72.0,0.0,0.0,0.0,430.0,31.25,154.959,0.194,0.298,0.0,0.0,0.0,2,Power Hitters
2020,AT Rayudu,359.0,289.0,9.0,11,42.0,88.0,0.0,0.0,0.0,409.0,39.889,124.221,0.145,0.304,0.0,0.0,0.0,2,Power Hitters
2020,N Pooran,353.0,215.0,13.0,14,48.0,68.0,0.0,0.0,0.0,417.0,27.154,164.186,0.223,0.316,0.0,0.0,0.0,1,Finishers / All-Rounders
2020,MP Stoinis,352.0,250.0,15.0,17,47.0,66.0,287.0,184.0,13.0,736.0,23.467,140.8,0.188,0.264,30.666666666666668,9.359,0.071,2,Power Hitters
2020,N Rana,352.0,260.0,13.0,14,55.0,99.0,23.0,13.0,0.0,411.0,27.077,135.385,0.212,0.381,2.1666666666666665,10.615,0.0,2,Power Hitters
2020,JM Bairstow,345.0,284.0,12.0,11,44.0,110.0,0.0,0.0,0.0,389.0,28.75,121.479,0.155,0.387,0.0,0.0,0.0,1,Finishers / All-Rounders
2020,RR Pant,345.0,319.0,10.0,14,41.0,107.0,0.0,0.0,0.0,402.0,34.5,108.15,0.129,0.335,0.0,0.0,0.0,2,Power Hitters
2020,RG Sharma,334.0,275.0,15.0,12,46.0,112.0,0.0,0.0,0.0,380.0,22.267,121.455,0.167,0.407,0.0,0.0,0.0,2,Power Hitters
2020,JC Buttler,328.0,233.0,11.0,12,43.0,81.0,0.0,0.0,0.0,379.0,29.818,140.773,0.185,0.348,0.0,0.0,0.0,2,Power Hitters
2020,KS Williamson,317.0,241.0,7.0,11,36.0,64.0,24.0,12.0,0.0,369.0,45.286,131.535,0.149,0.266,2.0,12.0,0.0,2,Power Hitters
2020,SPD Smith,311.0,247.0,13.0,14,41.0,81.0,0.0,0.0,0.0,360.0,23.923,125.911,0.166,0.328,0.0,0.0,0.0,2,Power Hitters
2020,SR Watson,299.0,254.0,10.0,11,46.0,113.0,0.0,0.0,0.0,349.0,29.9,117.717,0.181,0.445,0.0,0.0,0.0,2,Power Hitters
2020,CH Gayle,295.0,225.0,6.0,7,39.0,84.0,5.0,5.0,0.0,338.0,49.167,131.111,0.173,0.373,0.8333333333333334,6.0,0.0,2,Power Hitters
2020,BA Stokes,285.0,207.0,8.0,8,43.0,74.0,159.0,96.0,2.0,382.0,35.625,137.681,0.208,0.357,16.0,9.938,0.021,1,Finishers / All-Rounders
2020,HH Pandya,283.0,167.0,8.0,13,39.0,48.0,0.0,0.0,0.0,342.0,35.375,169.461,0.234,0.287,0.0,0.0,0.0,2,Power Hitters
2020,KA Pollard,281.0,157.0,7.0,14,39.0,40.0,190.0,138.0,4.0,448.0,40.143,178.981,0.248,0.255,23.0,8.261,0.029,2,Power Hitters
2020,AJ Finch,268.0,254.0,12.0,12,36.0,104.0,0.0,0.0,0.0,304.0,22.333,105.512,0.142,0.409,0.0,0.0,0.0,2,Power Hitters
2020,R Tewatia,255.0,187.0,6.0,14,30.0,61.0,327.0,285.0,10.0,567.0,42.5,136.364,0.16,0.326,47.5,6.884,0.035,1,Finishers / All-Rounders
2020,RA Jadeja,232.0,142.0,5.0,14,33.0,34.0,318.0,221.0,6.0,451.0,46.4,163.38,0.232,0.239,36.833333333333336,8.633,0.027,3,Finishers / All-Rounders
2020,RA Tripathi,230.0,186.0,10.0,11,31.0,71.0,0.0,0.0,0.0,265.0,23.0,123.656,0.167,0.382,0.0,0.0,0.0,2,Power Hitters
2020,PP Shaw,228.0,170.0,13.0,13,35.0,67.0,0.0,0.0,0.0,263.0,17.538,134.118,0.206,0.394,0.0,0.0,0.0,1,Finishers / All-Rounders
2020,WP Saha,214.0,159.0,2.0,4,29.0,46.0,0.0,0.0,0.0,251.0,107.0,134.591,0.182,0.289,0.0,0.0,0.0,2,Power Hitters
2020,RD Gaikwad,204.0,173.0,3.0,6,22.0,56.0,0.0,0.0,0.0,238.0,68.0,117.919,0.127,0.324,0.0,0.0,0.0,2,Power Hitters
2020,MS Dhoni,200.0,175.0,8.0,12,23.0,68.0,0.0,0.0,0.0,239.0,25.0,114.286,0.131,0.389,0.0,0.0,0.0,2,Power Hitters
2020,RV Uthappa,196.0,170.0,12.0,12,26.0,65.0,0.0,0.0,0.0,226.0,16.333,115.294,0.153,0.382,0.0,0.0,0.0,2,Power Hitters
2020,SM Curran,186.0,145.0,8.0,14,24.0,59.0,348.0,264.0,13.0,559.0,23.25,128.276,0.166,0.407,44.0,7.909,0.049,3,Finishers / All-Rounders
2020,SO Hetmyer,185.0,127.0,8.0,11,23.0,41.0,0.0,0.0,0.0,220.0,23.125,145.669,0.181,0.323,0.0,0.0,0.0,1,Finishers / All-Rounders
2020,KD Karthik,169.0,137.0,12.0,14,24.0,51.0,0.0,0.0,0.0,201.0,14.083,123.358,0.175,0.372,0.0,0.0,0.0,2,Power Hitters
2020,PJ Cummins,146.0,120.0,7.0,14,17.0,47.0,424.0,321.0,12.0,491.0,20.857,121.667,0.142,0.392,53.5,7.925,0.037,3,Finishers / All-Rounders
2020,PK Garg,133.0,116.0,9.0,10,13.0,38.0,0.0,0.0,0.0,150.0,14.778,114.655,0.112,0.328,0.0,0.0,0.0,1,Finishers / All-Rounders
2020,Mandeep Singh,130.0,111.0,6.0,7,14.0,41.0,0.0,0.0,0.0,148.0,21.667,117.117,0.126,0.369,0.0,0.0,0.0,2,Power Hitters
2020,S Dube,129.0,109.0,7.0,10,14.0,42.0,74.0,54.0,4.0,255.0,18.429,118.349,0.128,0.385,9.0,8.222,0.074,1,Finishers / All-Rounders
2020,SP Narine,121.0,92.0,9.0,10,18.0,36.0,307.0,229.0,5.0,268.0,13.444,131.522,0.196,0.391,38.166666666666664,8.044,0.022,3,Finishers / All-Rounders
2020,AD Russell,117.0,82.0,9.0,10,18.0,35.0,177.0,113.0,6.0,289.0,13.0,142.683,0.22,0.427,18.833333333333332,9.398,0.053,3,Finishers / All-Rounders
2020,AR Patel,117.0,90.0,8.0,15,14.0,28.0,329.0,306.0,9.0,384.0,14.625,130.0,0.156,0.311,51.0,6.451,0.029,3,Finishers / All-Rounders
2020,AM Rahane,113.0,113.0,8.0,8,14.0,43.0,0.0,0.0,0.0,127.0,14.125,100.0,0.124,0.381,0.0,0.0,0.0,2,Power Hitters
2020,Abdul Samad,113.0,68.0,6.0,7,14.0,18.0,96.0,43.0,1.0,160.0,18.833,166.176,0.206,0.265,7.166666666666667,13.395,0.023,1,Finishers / All-Rounders
2020,JC Archer,113.0,66.0,6.0,14,15.0,19.0,373.0,345.0,20.0,660.0,18.833,171.212,0.227,0.288,57.5,6.487,0.058,0,Finishers / All-Rounders
2020,Washington Sundar,111.0,98.0,6.0,15,12.0,29.0,300.0,301.0,8.0,359.0,18.5,113.265,0.122,0.296,50.166666666666664,5.98,0.027,0,Finishers / All-Rounders
2020,KH Pandya,109.0,92.0,6.0,16,14.0,33.0,387.0,315.0,6.0,313.0,18.167,118.478,0.152,0.359,52.5,7.371,0.019,3,Finishers / All-Rounders
2020,GJ Maxwell,108.0,112.0,7.0,13,9.0,36.0,171.0,126.0,3.0,216.0,15.429,96.429,0.08,0.321,21.0,8.143,0.024,2,Power Hitters
2020,SS Tiwary,103.0,81.0,5.0,5,11.0,24.0,0.0,0.0,0.0,114.0,20.6,127.16,0.136,0.296,0.0,0.0,0.0,1,Finishers / All-Rounders
2020,DJ Hooda,102.0,74.0,1.0,5,10.0,18.0,10.0,6.0,0.0,128.0,102.0,137.838,0.135,0.243,1.0,10.0,0.0,1,Finishers / All-Rounders
2020,V Shankar,97.0,99.0,4.0,7,11.0,38.0,82.0,84.0,4.0,220.0,24.25,97.98,0.111,0.384,14.0,5.857,0.048,1,Finishers / All-Rounders
2020,R Parag,86.0,81.0,6.0,8,9.0,29.0,27.0,13.0,0.0,103.0,14.333,106.173,0.111,0.358,2.1666666666666665,12.462,0.0,1,Finishers / All-Rounders
2020,TK Curran,83.0,63.0,1.0,5,8.0,16.0,210.0,116.0,3.0,182.0,83.0,131.746,0.127,0.254,19.333333333333332,10.862,0.026,0,Finishers / All-Rounders
2020,JR Philippe,78.0,80.0,4.0,5,10.0,34.0,0.0,0.0,0.0,92.0,19.5,97.5,0.125,0.425,0.0,0.0,0.0,1,Finishers / All-Rounders
2020,Abhishek Sharma,71.0,59.0,5.0,8,9.0,19.0,92.0,61.0,2.0,142.0,14.2,120.339,0.153,0.322,10.166666666666666,9.049,0.033,1,Finishers / All-Rounders
2020,Gurkeerat Singh,71.0,83.0,1.0,5,8.0,37.0,0.0,0.0,0.0,95.0,71.0,85.542,0.096,0.446,0.0,0.0,0.0,1,Finishers / All-Rounders
2020,JO Holder,66.0,54.0,2.0,7,8.0,19.0,239.0,175.0,14.0,444.0,33.0,122.222,0.148,0.352,29.166666666666668,8.194,0.08,3,Finishers / All-Rounders
2020,KM Jadhav,62.0,68.0,4.0,5,7.0,27.0,0.0,0.0,0.0,77.0,15.5,91.176,0.103,0.397,0.0,0.0,0.0,1,Finishers / All-Rounders
2020,MK Lomror,59.0,54.0,3.0,3,5.0,17.0,0.0,0.0,0.0,64.0,19.667,109.259,0.093,0.315,0.0,0.0,0.0,1,Finishers / All-Rounders
2020,K Rabada,56.0,52.0,3.0,17,6.0,20.0,565.0,414.0,32.0,918.0,18.667,107.692,0.115,0.385,69.0,8.188,0.077,3,Finishers / All-Rounders
2020,LH Ferguson,43.0,29.0,1.0,5,5.0,6.0,153.0,126.0,8.0,264.0,43.0,148.276,0.172,0.207,21.0,7.286,0.063,3,Finishers / All-Rounders
2020,K Gowtham,42.0,27.0,1.0,2,5.0,8.0,84.0,48.0,1.0,76.0,42.0,155.556,0.185,0.296,8.0,10.5,0.021,1,Finishers / All-Rounders
2020,YBK Jaiswal,40.0,44.0,3.0,3,4.0,20.0,0.0,0.0,0.0,44.0,13.333,90.909,0.091,0.455,0.0,0.0,0.0,2,Power Hitters
2020,R Ashwin,37.0,34.0,3.0,15,4.0,15.0,393.0,310.0,13.0,414.0,12.333,108.824,0.118,0.441,51.666666666666664,7.606,0.042,3,Finishers / All-Rounders
2020,S Gopal,37.0,41.0,4.0,14,3.0,13.0,429.0,305.0,10.0,330.0,9.25,90.244,0.073,0.317,50.833333333333336,8.439,0.033,3,Finishers / All-Rounders
2020,Rashid Khan,35.0,32.0,4.0,16,5.0,14.0,355.0,391.0,20.0,588.0,8.75,109.375,0.156,0.438,65.16666666666667,5.448,0.051,3,Finishers / All-Rounders
2020,CH Morris,34.0,21.0,4.0,9,5.0,9.0,211.0,203.0,11.0,334.0,8.5,161.905,0.238,0.429,33.833333333333336,6.236,0.054,3,Finishers / All-Rounders
2020,N Jagadeesan,33.0,31.0,2.0,2,4.0,10.0,0.0,0.0,0.0,37.0,16.5,106.452,0.129,0.323,0.0,0.0,0.0,1,Finishers / All-Rounders
2020,SN Khan,33.0,30.0,2.0,3,5.0,11.0,0.0,0.0,0.0,42.0,16.5,110.0,0.167,0.367,0.0,0.0,0.0,1,Finishers / All-Rounders
2020,AT Carey,32.0,29.0,2.0,3,1.0,6.0,0.0,0.0,0.0,37.0,16.0,110.345,0.034,0.207,0.0,0.0,0.0,1,Finishers / All-Rounders
2020,M Vijay,32.0,44.0,3.0,3,4.0,23.0,0.0,0.0,0.0,36.0,10.667,72.727,0.091,0.523,0.0,0.0,0.0,2,Power Hitters
2020,CJ Jordan,29.0,33.0,3.0,9,2.0,13.0,316.0,207.0,9.0,280.0,9.667,87.879,0.061,0.394,34.5,9.159,0.043,0,Finishers / All-Rounders
2020,Navdeep Saini,27.0,27.0,1.0,13,3.0,11.0,392.0,293.0,7.0,253.0,27.0,100.0,0.111,0.407,48.833333333333336,8.027,0.024,0,Finishers / All-Rounders
2020,NM Coulter-Nile,25.0,15.0,1.0,7,4.0,5.0,205.0,164.0,5.0,178.0,25.0,166.667,0.267,0.333,27.333333333333332,7.5,0.03,3,Finishers / All-Rounders
2020,KL Nagarkoti,22.0,32.0,3.0,10,1.0,14.0,233.0,160.0,5.0,176.0,7.333,68.75,0.031,0.438,26.666666666666668,8.737,0.031,0,Finishers / All-Rounders
2020,HV Patel,21.0,25.0,2.0,5,2.0,12.0,135.0,98.0,3.0,110.0,10.5,84.0,0.08,0.48,16.333333333333332,8.265,0.031,3,Finishers / All-Rounders
2020,TU Deshpande,21.0,12.0,1.0,5,3.0,3.0,193.0,110.0,3.0,115.0,21.0,175.0,0.25,0.25,18.333333333333332,10.527,0.027,0,Finishers / All-Rounders
2020,JDS Neesham,19.0,18.0,2.0,5,1.0,6.0,149.0,93.0,2.0,82.0,9.5,105.556,0.056,0.333,15.5,9.613,0.022,0,Finishers / All-Rounders
2020,T Banton,18.0,22.0,2.0,2,2.0,11.0,0.0,0.0,0.0,20.0,9.0,81.818,0.091,0.5,0.0,0.0,0.0,1,Finishers / All-Rounders
2020,Mohammed Siraj,17.0,14.0,1.0,9,2.0,4.0,244.0,172.0,11.0,326.0,17.0,121.429,0.143,0.286,28.666666666666668,8.512,0.064,3,Finishers / All-Rounders
2020,KK Nair,16.0,14.0,2.0,3,2.0,5.0,0.0,0.0,0.0,22.0,8.0,114.286,0.143,0.357,0.0,0.0,0.0,1,Finishers / All-Rounders
2020,I Udana,15.0,11.0,3.0,10,2.0,4.0,286.0,182.0,8.0,245.0,5.0,136.364,0.182,0.364,30.333333333333332,9.429,0.044,0,Finishers / All-Rounders
2020,JL Pattinson,15.0,13.0,1.0,10,2.0,4.0,321.0,222.0,11.0,328.0,15.0,115.385,0.154,0.308,37.0,8.676,0.05,0,Finishers / All-Rounders
2020,P Simran Singh,15.0,15.0,2.0,2,2.0,7.0,0.0,0.0,0.0,17.0,7.5,100.0,0.133,0.467,0.0,0.0,0.0,1,Finishers / All-Rounders
2020,Imran Tahir,13.0,10.0,0.0,3,2.0,3.0,78.0,66.0,1.0,52.0,13.0,130.0,0.2,0.3,11.0,7.091,0.015,3,Finishers / All-Rounders
2020,Kuldeep Yadav,13.0,21.0,0.0,5,1.0,11.0,95.0,75.0,1.0,59.0,13.0,61.905,0.048,0.524,12.5,7.6,0.013,3,Finishers / All-Rounders
2020,MM Ali,12.0,16.0,3.0,3,1.0,6.0,42.0,32.0,1.0,38.0,4.0,75.0,0.062,0.375,5.333333333333333,7.875,0.031,1,Finishers / All-Rounders
2020,SN Thakur,12.0,21.0,1.0,9,0.0,10.0,279.0,203.0,10.0,294.0,12.0,57.143,0.0,0.476,33.833333333333336,8.246,0.049,3,Finishers / All-Rounders
2020,Sandeep Sharma,12.0,15.0,2.0,13,1.0,7.0,374.0,317.0,14.0,407.0,6.0,80.0,0.067,0.467,52.833333333333336,7.079,0.044,3,Finishers / All-Rounders
2020,Mohammad Nabi,11.0,8.0,1.0,1,2.0,2.0,24.0,26.0,0.0,13.0,11.0,137.5,0.25,0.25,4.333333333333333,5.538,0.0,1,Finishers / All-Rounders
2020,RK Singh,11.0,11.0,1.0,1,1.0,3.0,0.0,0.0,0.0,12.0,11.0,100.0,0.091,0.273,0.0,0.0,0.0,1,Finishers / All-Rounders
2020,CV Varun,10.0,16.0,2.0,13,0.0,5.0,357.0,313.0,17.0,479.0,5.0,62.5,0.0,0.312,52.166666666666664,6.843,0.054,3,Finishers / All-Rounders
2020,Shivam Mavi,10.0,14.0,2.0,8,1.0,7.0,214.0,162.0,9.0,260.0,5.0,71.429,0.071,0.5,27.0,7.926,0.056,0,Finishers / All-Rounders
2020,AS Rajpoot,9.0,10.0,1.0,6,1.0,6.0,206.0,115.0,2.0,80.0,9.0,90.0,0.1,0.6,19.166666666666668,10.748,0.017,0,Finishers / All-Rounders
2020,JD Unadkat,9.0,13.0,1.0,7,0.0,5.0,228.0,143.0,4.0,133.0,9.0,69.231,0.0,0.385,23.833333333333332,9.566,0.028,3,Finishers / All-Rounders
2020,A Nortje,7.0,6.0,1.0,16,0.0,3.0,528.0,375.0,22.0,617.0,7.0,116.667,0.0,0.5,62.5,8.448,0.059,3,Finishers / All-Rounders
2020,DJ Bravo,7.0,6.0,2.0,6,0.0,2.0,179.0,134.0,6.0,173.0,3.5,116.667,0.0,0.333,22.333333333333332,8.015,0.045,3,Finishers / All-Rounders
2020,DL Chahar,7.0,12.0,1.0,14,0.0,6.0,402.0,321.0,12.0,359.0,7.0,58.333,0.0,0.5,53.5,7.514,0.037,3,Finishers / All-Rounders
2020,P Dubey,7.0,13.0,0.0,3,0.0,6.0,72.0,48.0,0.0,19.0,7.0,53.846,0.0,0.462,8.0,9.0,0.0,1,Finishers / All-Rounders
2020,Ravi Bishnoi,7.0,12.0,1.0,14,1.0,8.0,381.0,316.0,12.0,360.0,7.0,58.333,0.083,0.667,52.666666666666664,7.234,0.038,0,Finishers / All-Rounders
2020,S Nadeem,7.0,8.0,1.0,7,1.0,4.0,179.0,136.0,5.0,157.0,7.0,87.5,0.125,0.5,22.666666666666668,7.897,0.037,3,Finishers / All-Rounders
2020,AJ Tye,6.0,7.0,1.0,1,1.0,5.0,54.0,26.0,1.0,32.0,6.0,85.714,0.143,0.714,4.333333333333333,12.462,0.038,0,Finishers / All-Rounders
2020,JJ Bumrah,5.0,3.0,0.0,15,0.0,0.0,436.0,383.0,29.0,790.0,5.0,166.667,0.0,0.0,63.833333333333336,6.83,0.076,3,Finishers / All-Rounders
2020,Kartik Tyagi,4.0,6.0,1.0,10,0.0,2.0,371.0,240.0,9.0,265.0,4.0,66.667,0.0,0.333,40.0,9.275,0.038,0,Finishers / All-Rounders
2020,M Ashwin,4.0,4.0,1.0,9,0.0,1.0,240.0,191.0,10.0,286.0,4.0,100.0,0.0,0.25,31.833333333333332,7.539,0.052,0,Finishers / All-Rounders
2020,DS Kulkarni,3.0,2.0,0.0,1,0.0,0.0,22.0,20.0,0.0,7.0,3.0,150.0,0.0,0.0,3.3333333333333335,6.6,0.0,3,Finishers / All-Rounders
2020,T Natarajan,3.0,5.0,0.0,16,0.0,2.0,519.0,386.0,16.0,467.0,3.0,60.0,0.0,0.4,64.33333333333333,8.067,0.041,3,Finishers / All-Rounders
2020,M Prasidh Krishna,2.0,4.0,0.0,6,0.0,2.0,165.0,109.0,4.0,126.0,2.0,50.0,0.0,0.5,18.166666666666668,9.083,0.037,0,Finishers / All-Rounders
2020,Mohammed Shami,2.0,3.0,1.0,14,0.0,1.0,480.0,339.0,20.0,554.0,2.0,66.667,0.0,0.333,56.5,8.496,0.059,3,Finishers / All-Rounders
2020,RD Chahar,2.0,4.0,0.0,15,0.0,2.0,438.0,322.0,15.0,437.0,2.0,50.0,0.0,0.5,53.666666666666664,8.161,0.047,3,Finishers / All-Rounders
2020,DW Steyn,1.0,2.0,0.0,3,0.0,1.0,134.0,75.0,1.0,38.0,1.0,50.0,0.0,0.5,12.5,10.72,0.013,3,Finishers / All-Rounders
2020,Mujeeb Ur Rahman,1.0,3.0,1.0,2,0.0,2.0,83.0,49.0,0.0,5.0,1.0,33.333,0.0,0.667,8.166666666666666,10.163,0.0,0,Finishers / All-Rounders
2020,NS Naik,1.0,3.0,1.0,1,0.0,2.0,0.0,0.0,0.0,1.0,1.0,33.333,0.0,0.667,0.0,0.0,0.0,1,Finishers / All-Rounders
2020,Shahbaz Ahmed,1.0,1.0,0.0,2,0.0,0.0,45.0,37.0,2.0,59.0,1.0,100.0,0.0,0.0,6.166666666666667,7.297,0.054,1,Finishers / All-Rounders
2020,VR Aaron,1.0,10.0,1.0,3,0.0,9.0,96.0,54.0,0.0,9.0,1.0,10.0,0.0,0.9,9.0,10.667,0.0,0,Finishers / All-Rounders
2020,YS Chahal,1.0,5.0,1.0,15,0.0,2.0,414.0,347.0,21.0,582.0,1.0,20.0,0.0,0.4,57.833333333333336,7.159,0.061,3,Finishers / All-Rounders
2020,A Mishra,0.0,0.0,0.0,3,0.0,0.0,72.0,61.0,3.0,87.0,0.0,0.0,0.0,0.0,10.166666666666666,7.082,0.049,3,Finishers / All-Rounders
2020,A Zampa,0.0,0.0,0.0,3,0.0,0.0,92.0,67.0,2.0,62.0,0.0,0.0,0.0,0.0,11.166666666666666,8.239,0.03,0,Finishers / All-Rounders
2020,Arshdeep Singh,0.0,3.0,1.0,8,0.0,3.0,219.0,156.0,9.0,253.0,0.0,0.0,0.0,1.0,26.0,8.423,0.058,3,Finishers / All-Rounders
2020,Avesh Khan,0.0,0.0,0.0,1,0.0,0.0,42.0,25.0,0.0,4.0,0.0,0.0,0.0,0.0,4.166666666666667,10.08,0.0,3,Finishers / All-Rounders
2020,B Kumar,0.0,2.0,1.0,4,0.0,2.0,99.0,86.0,3.0,87.0,0.0,0.0,0.0,1.0,14.333333333333334,6.907,0.035,3,Finishers / All-Rounders
2020,Basil Thampi,0.0,0.0,0.0,1,0.0,0.0,46.0,24.0,1.0,29.0,0.0,0.0,0.0,0.0,4.0,11.5,0.042,0,Finishers / All-Rounders
2020,CJ Green,0.0,0.0,0.0,1,0.0,0.0,24.0,17.0,0.0,4.0,0.0,0.0,0.0,0.0,2.8333333333333335,8.471,0.0,0,Finishers / All-Rounders
2020,DR Sams,0.0,2.0,1.0,3,0.0,2.0,114.0,77.0,0.0,8.0,0.0,0.0,0.0,1.0,12.833333333333334,8.883,0.0,0,Finishers / All-Rounders
2020,Harpreet Brar,0.0,0.0,0.0,1,0.0,0.0,41.0,25.0,0.0,4.0,0.0,0.0,0.0,0.0,4.166666666666667,9.84,0.0,1,Finishers / All-Rounders
2020,I Sharma,0.0,0.0,0.0,1,0.0,0.0,26.0,20.0,0.0,4.0,0.0,0.0,0.0,0.0,3.3333333333333335,7.8,0.0,3,Finishers / All-Rounders
2020,J Yadav,0.0,0.0,0.0,2,0.0,0.0,43.0,42.0,1.0,33.0,0.0,0.0,0.0,0.0,7.0,6.143,0.024,1,Finishers / All-Rounders
2020,JR Hazlewood,0.0,0.0,0.0,3,0.0,0.0,72.0,61.0,1.0,37.0,0.0,0.0,0.0,0.0,10.166666666666666,7.082,0.016,0,Finishers / All-Rounders
2020,KK Ahmed,0.0,2.0,1.0,7,0.0,2.0,244.0,156.0,8.0,224.0,0.0,0.0,0.0,1.0,26.0,9.385,0.051,3,Finishers / All-Rounders
2020,KV Sharma,0.0,0.0,0.0,5,0.0,0.0,165.0,118.0,5.0,145.0,0.0,0.0,0.0,0.0,19.666666666666668,8.39,0.042,3,Finishers / All-Rounders
2020,L Ngidi,0.0,0.0,0.0,4,0.0,0.0,168.0,103.0,9.0,241.0,0.0,0.0,0.0,0.0,17.166666666666668,9.786,0.087,0,Finishers / All-Rounders
2020,MJ Santner,0.0,0.0,0.0,2,0.0,0.0,53.0,42.0,2.0,58.0,0.0,0.0,0.0,0.0,7.0,7.571,0.048,0,Finishers / All-Rounders
2020,MM Sharma,0.0,0.0,0.0,1,0.0,0.0,45.0,25.0,1.0,29.0,0.0,0.0,0.0,0.0,4.166666666666667,10.8,0.04,3,Finishers / All-Rounders
2020,MR Marsh,0.0,1.0,1.0,1,0.0,1.0,6.0,4.0,0.0,0.0,0.0,0.0,0.0,1.0,0.6666666666666666,9.0,0.0,1,Finishers / All-Rounders
2020,Monu Kumar,0.0,0.0,0.0,1,0.0,0.0,20.0,16.0,0.0,4.0,0.0,0.0,0.0,0.0,2.6666666666666665,7.5,0.0,0,Finishers / All-Rounders
2020,PP Chawla,0.0,0.0,0.0,7,0.0,0.0,191.0,127.0,6.0,178.0,0.0,0.0,0.0,0.0,21.166666666666668,9.024,0.047,3,Finishers / All-Rounders
2020,S Kaul,0.0,0.0,0.0,1,0.0,0.0,64.0,26.0,2.0,54.0,0.0,0.0,0.0,0.0,4.333333333333333,14.769,0.077,3,Finishers / All-Rounders
2020,S Sandeep Warrier,0.0,0.0,0.0,1,0.0,0.0,34.0,21.0,0.0,4.0,0.0,0.0,0.0,0.0,3.5,9.714,0.0,0,Finishers / All-Rounders
2020,SP Goswami,0.0,5.0,2.0,2,0.0,4.0,0.0,0.0,0.0,0.0,0.0,0.0,0.0,0.8,0.0,0.0,0.0,1,Finishers / All-Rounders
2020,SS Cottrell,0.0,2.0,1.0,6,0.0,2.0,177.0,131.0,6.0,170.0,0.0,0.0,0.0,1.0,21.833333333333332,8.107,0.046,0,Finishers / All-Rounders
2020,TA Boult,0.0,1.0,1.0,15,0.0,1.0,472.0,353.0,25.0,681.0,0.0,0.0,0.0,1.0,58.833333333333336,8.023,0.071,3,Finishers / All-Rounders
2020,UT Yadav,0.0,2.0,1.0,2,0.0,2.0,86.0,45.0,0.0,4.0,0.0,0.0,0.0,1.0,7.5,11.467,0.0,3,Finishers / All-Rounders
2021,RD Gaikwad,635.0,474.0,15.0,16,87.0,163.0,0.0,0.0,0.0,730.0,42.333,133.966,0.184,0.344,0.0,0.0,0.0,2,Power Hitters
2021,F du Plessis,633.0,471.0,14.0,16,84.0,147.0,0.0,0.0,0.0,725.0,45.214,134.395,0.178,0.312,0.0,0.0,0.0,2,Power Hitters
2021,KL Rahul,626.0,465.0,9.0,13,78.0,140.0,0.0,0.0,0.0,720.0,69.556,134.624,0.168,0.301,0.0,0.0,0.0,2,Power Hitters
2021,S Dhawan,587.0,480.0,15.0,16,79.0,169.0,0.0,0.0,0.0,670.0,39.133,122.292,0.165,0.352,0.0,0.0,0.0,2,Power Hitters
2021,GJ Maxwell,513.0,373.0,11.0,14,69.0,111.0,135.0,99.0,3.0,669.0,46.636,137.534,0.185,0.298,16.5,8.182,0.03,2,Power Hitters
2021,SV Samson,484.0,372.0,12.0,14,62.0,105.0,0.0,0.0,0.0,554.0,40.333,130.108,0.167,0.282,0.0,0.0,0.0,2,Power Hitters
2021,PP Shaw,479.0,308.0,14.0,15,74.0,94.0,0.0,0.0,0.0,557.0,34.214,155.519,0.24,0.305,0.0,0.0,0.0,1,Finishers / All-Rounders
2021,Shubman Gill,478.0,415.0,17.0,17,62.0,160.0,0.0,0.0,0.0,540.0,28.118,115.181,0.149,0.386,0.0,0.0,0.0,2,Power Hitters
2021,MA Agarwal,441.0,324.0,12.0,12,60.0,107.0,0.0,0.0,0.0,501.0,36.75,136.111,0.185,0.33,0.0,0.0,0.0,2,Power Hitters
2021,RR Pant,424.0,343.0,13.0,16,53.0,112.0,0.0,0.0,0.0,493.0,32.615,123.615,0.155,0.327,0.0,0.0,0.0,2,Power Hitters
2021,D Padikkal,411.0,342.0,14.0,14,58.0,133.0,0.0,0.0,0.0,473.0,29.357,120.175,0.17,0.389,0.0,0.0,0.0,1,Finishers / All-Rounders
2021,V Kohli,405.0,347.0,14.0,15,52.0,119.0,0.0,0.0,0.0,461.0,28.929,116.715,0.15,0.343,0.0,0.0,0.0,2,Power Hitters
2021,RA Tripathi,397.0,285.0,15.0,16,52.0,86.0,0.0,0.0,0.0,457.0,26.467,139.298,0.182,0.302,0.0,0.0,0.0,2,Power Hitters
2021,N Rana,383.0,325.0,13.0,16,51.0,122.0,12.0,12.0,0.0,446.0,29.462,117.846,0.157,0.375,2.0,6.0,0.0,2,Power Hitters
2021,RG Sharma,381.0,307.0,12.0,13,47.0,108.0,13.0,7.0,0.0,432.0,31.75,124.104,0.153,0.352,1.1666666666666667,11.143,0.0,2,Power Hitters
2021,VR Iyer,370.0,299.0,9.0,10,51.0,111.0,71.0,54.0,3.0,500.0,41.111,123.746,0.171,0.371,9.0,7.889,0.056,1,Finishers / All-Rounders
2021,MM Ali,357.0,270.0,14.0,15,50.0,103.0,163.0,153.0,6.0,561.0,25.5,132.222,0.185,0.381,25.5,6.392,0.039,1,Finishers / All-Rounders
2021,SA Yadav,317.0,226.0,14.0,14,50.0,77.0,0.0,0.0,0.0,367.0,22.643,140.265,0.221,0.341,0.0,0.0,0.0,2,Power Hitters
2021,AB de Villiers,313.0,215.0,11.0,14,39.0,66.0,0.0,0.0,0.0,368.0,28.455,145.581,0.181,0.307,0.0,0.0,0.0,2,Power Hitters
2021,Q de Kock,297.0,261.0,10.0,11,36.0,93.0,0.0,0.0,0.0,337.0,29.7,113.793,0.138,0.356,0.0,0.0,0.0,2,Power Hitters
2021,MK Pandey,292.0,246.0,6.0,8,31.0,79.0,0.0,0.0,0.0,331.0,48.667,118.699,0.126,0.321,0.0,0.0,0.0,2,Power Hitters
2021,KS Williamson,270.0,250.0,6.0,10,32.0,87.0,0.0,0.0,0.0,318.0,45.0,108.0,0.128,0.348,0.0,0.0,0.0,2,Power Hitters
2021,AT Rayudu,257.0,175.0,9.0,13,33.0,51.0,0.0,0.0,0.0,306.0,28.556,146.857,0.189,0.291,0.0,0.0,0.0,2,Power Hitters
2021,JC Buttler,254.0,173.0,7.0,7,40.0,62.0,0.0,0.0,0.0,294.0,36.286,146.821,0.231,0.358,0.0,0.0,0.0,2,Power Hitters
2021,YBK Jaiswal,249.0,168.0,10.0,10,42.0,69.0,0.0,0.0,0.0,291.0,24.9,148.214,0.25,0.411,0.0,0.0,0.0,2,Power Hitters
2021,JM Bairstow,248.0,179.0,7.0,7,35.0,71.0,0.0,0.0,0.0,287.0,35.429,138.547,0.196,0.397,0.0,0.0,0.0,1,Finishers / All-Rounders
2021,KA Pollard,245.0,180.0,8.0,14,32.0,56.0,95.0,84.0,5.0,426.0,30.625,136.111,0.178,0.311,14.0,6.786,0.06,2,Power Hitters
2021,SO Hetmyer,242.0,153.0,6.0,12,31.0,33.0,0.0,0.0,0.0,297.0,40.333,158.17,0.203,0.216,0.0,0.0,0.0,1,Finishers / All-Rounders
2021,Ishan Kishan,241.0,182.0,9.0,10,31.0,62.0,0.0,0.0,0.0,276.0,26.778,132.418,0.17,0.341,0.0,0.0,0.0,2,Power Hitters
2021,S Dube,230.0,205.0,8.0,9,28.0,71.0,53.0,31.0,0.0,262.0,28.75,112.195,0.137,0.346,5.166666666666667,10.258,0.0,1,Finishers / All-Rounders
2021,RA Jadeja,227.0,170.0,4.0,16,28.0,42.0,347.0,300.0,13.0,628.0,56.75,133.529,0.165,0.247,50.0,6.94,0.043,3,Finishers / All-Rounders
2021,KD Karthik,223.0,172.0,10.0,15,29.0,57.0,0.0,0.0,0.0,272.0,22.3,129.651,0.169,0.331,0.0,0.0,0.0,2,Power Hitters
2021,DA Warner,197.0,191.0,6.0,8,21.0,77.0,0.0,0.0,0.0,226.0,32.833,103.141,0.11,0.403,0.0,0.0,0.0,2,Power Hitters
2021,CH Gayle,193.0,160.0,11.0,10,29.0,67.0,0.0,0.0,0.0,226.0,17.545,120.625,0.181,0.419,0.0,0.0,0.0,2,Power Hitters
2021,KS Bharat,191.0,161.0,5.0,6,18.0,48.0,0.0,0.0,0.0,213.0,38.2,118.634,0.112,0.298,0.0,0.0,0.0,1,Finishers / All-Rounders
2021,AD Russell,183.0,127.0,6.0,10,28.0,49.0,189.0,122.0,11.0,502.0,30.5,144.094,0.22,0.386,20.333333333333332,9.295,0.09,3,Finishers / All-Rounders
2021,SS Iyer,175.0,181.0,6.0,8,12.0,55.0,0.0,0.0,0.0,195.0,29.167,96.685,0.066,0.304,0.0,0.0,0.0,2,Power Hitters
2021,DJ Hooda,160.0,125.0,9.0,12,18.0,42.0,136.0,96.0,2.0,240.0,17.778,128.0,0.144,0.336,16.0,8.5,0.021,1,Finishers / All-Rounders
2021,SK Raina,160.0,133.0,7.0,11,22.0,55.0,0.0,0.0,0.0,198.0,22.857,120.301,0.165,0.414,0.0,0.0,0.0,2,Power Hitters
2021,R Tewatia,155.0,152.0,11.0,14,17.0,61.0,342.0,229.0,8.0,388.0,14.091,101.974,0.112,0.401,38.166666666666664,8.961,0.035,1,Finishers / All-Rounders
2021,M Shahrukh Khan,153.0,118.0,6.0,10,19.0,42.0,0.0,0.0,0.0,188.0,25.5,129.661,0.161,0.356,0.0,0.0,0.0,1,Finishers / All-Rounders
2021,SPD Smith,152.0,136.0,6.0,7,15.0,40.0,0.0,0.0,0.0,171.0,25.333,111.765,0.11,0.294,0.0,0.0,0.0,2,Power Hitters
2021,E Lewis,151.0,96.0,5.0,5,25.0,35.0,0.0,0.0,0.0,176.0,30.2,157.292,0.26,0.365,0.0,0.0,0.0,1,Finishers / All-Rounders
2021,JJ Roy,150.0,125.0,5.0,5,22.0,45.0,0.0,0.0,0.0,172.0,30.0,120.0,0.176,0.36,0.0,0.0,0.0,1,Finishers / All-Rounders
2021,AK Markram,146.0,123.0,5.0,6,16.0,34.0,23.0,25.0,0.0,166.0,29.2,118.699,0.13,0.276,4.166666666666667,5.52,0.0,1,Finishers / All-Rounders
2021,KH Pandya,143.0,126.0,10.0,13,16.0,48.0,267.0,210.0,5.0,296.0,14.3,113.492,0.127,0.381,35.0,7.629,0.024,3,Finishers / All-Rounders
2021,EJG Morgan,133.0,142.0,12.0,15,14.0,62.0,0.0,0.0,0.0,159.0,11.083,93.662,0.099,0.437,0.0,0.0,0.0,1,Finishers / All-Rounders
2021,WP Saha,131.0,144.0,9.0,9,12.0,61.0,0.0,0.0,0.0,143.0,14.556,90.972,0.083,0.424,0.0,0.0,0.0,2,Power Hitters
2021,HH Pandya,127.0,116.0,9.0,11,16.0,50.0,0.0,0.0,0.0,151.0,14.111,109.483,0.138,0.431,0.0,0.0,0.0,2,Power Hitters
2021,DA Miller,124.0,115.0,5.0,8,14.0,43.0,0.0,0.0,0.0,150.0,24.8,107.826,0.122,0.374,0.0,0.0,0.0,2,Power Hitters
2021,RV Uthappa,115.0,86.0,4.0,4,13.0,25.0,0.0,0.0,0.0,128.0,28.75,133.721,0.151,0.291,0.0,0.0,0.0,2,Power Hitters
2021,SS Tiwary,115.0,99.0,2.0,4,12.0,27.0,0.0,0.0,0.0,135.0,57.5,116.162,0.121,0.273,0.0,0.0,0.0,1,Finishers / All-Rounders
2021,MS Dhoni,114.0,111.0,8.0,11,15.0,48.0,0.0,0.0,0.0,145.0,14.25,102.703,0.135,0.432,0.0,0.0,0.0,2,Power Hitters
2021,Abdul Samad,111.0,89.0,9.0,10,12.0,32.0,9.0,6.0,1.0,152.0,12.333,124.719,0.135,0.36,1.0,9.0,0.167,1,Finishers / All-Rounders
2021,Abhishek Sharma,98.0,78.0,6.0,8,11.0,25.0,66.0,63.0,4.0,217.0,16.333,125.641,0.141,0.321,10.5,6.286,0.063,1,Finishers / All-Rounders
2021,MK Lomror,94.0,76.0,3.0,4,9.0,22.0,47.0,43.0,1.0,132.0,31.333,123.684,0.118,0.289,7.166666666666667,6.558,0.023,1,Finishers / All-Rounders
2021,PJ Cummins,93.0,60.0,5.0,7,13.0,19.0,237.0,168.0,9.0,343.0,18.6,155.0,0.217,0.317,28.0,8.464,0.054,3,Finishers / All-Rounders
2021,R Parag,93.0,84.0,8.0,10,10.0,32.0,73.0,38.0,1.0,136.0,11.625,110.714,0.119,0.381,6.333333333333333,11.526,0.026,1,Finishers / All-Rounders
2021,MP Stoinis,89.0,74.0,4.0,10,12.0,24.0,124.0,69.0,2.0,175.0,22.25,120.27,0.162,0.324,11.5,10.783,0.029,2,Power Hitters
2021,JO Holder,85.0,73.0,6.0,8,8.0,27.0,248.0,203.0,16.0,501.0,14.167,116.438,0.11,0.37,33.833333333333336,7.33,0.079,3,Finishers / All-Rounders
2021,N Pooran,85.0,77.0,10.0,10,8.0,30.0,0.0,0.0,0.0,93.0,8.5,110.39,0.104,0.39,0.0,0.0,0.0,1,Finishers / All-Rounders
2021,Rashid Khan,83.0,71.0,8.0,14,11.0,28.0,398.0,348.0,18.0,568.0,10.375,116.901,0.155,0.394,58.0,6.862,0.052,3,Finishers / All-Rounders
2021,PK Garg,72.0,75.0,5.0,5,5.0,26.0,0.0,0.0,0.0,77.0,14.4,96.0,0.067,0.347,0.0,0.0,0.0,1,Finishers / All-Rounders
2021,RM Patidar,71.0,65.0,4.0,4,6.0,16.0,0.0,0.0,0.0,77.0,17.75,109.231,0.092,0.246,0.0,0.0,0.0,1,Finishers / All-Rounders
2021,Lalit Yadav,68.0,75.0,2.0,7,7.0,25.0,101.0,84.0,4.0,195.0,34.0,90.667,0.093,0.333,14.0,7.214,0.048,1,Finishers / All-Rounders
2021,CH Morris,67.0,53.0,5.0,11,7.0,18.0,396.0,260.0,15.0,473.0,13.4,126.415,0.132,0.34,43.333333333333336,9.138,0.058,3,Finishers / All-Rounders
2021,KA Jamieson,65.0,55.0,3.0,9,8.0,21.0,271.0,179.0,9.0,322.0,21.667,118.182,0.145,0.382,29.833333333333332,9.084,0.05,0,Finishers / All-Rounders
2021,Harpreet Brar,64.0,61.0,0.0,7,5.0,17.0,142.0,141.0,5.0,222.0,64.0,104.918,0.082,0.279,23.5,6.043,0.035,1,Finishers / All-Rounders
2021,SP Narine,62.0,51.0,8.0,14,8.0,17.0,368.0,342.0,16.0,494.0,7.75,121.569,0.157,0.333,57.0,6.456,0.047,3,Finishers / All-Rounders
2021,HV Patel,59.0,48.0,6.0,15,8.0,18.0,460.0,358.0,32.0,907.0,9.833,122.917,0.167,0.375,59.666666666666664,7.709,0.089,3,Finishers / All-Rounders
2021,Shahbaz Ahmed,59.0,55.0,7.0,8,6.0,19.0,92.0,84.0,7.0,244.0,8.429,107.273,0.109,0.345,14.0,6.571,0.083,1,Finishers / All-Rounders
2021,V Shankar,58.0,52.0,5.0,6,4.0,18.0,100.0,71.0,3.0,141.0,11.6,111.538,0.077,0.346,11.833333333333334,8.451,0.042,1,Finishers / All-Rounders
2021,SM Curran,56.0,30.0,3.0,9,8.0,6.0,331.0,208.0,9.0,313.0,18.667,186.667,0.267,0.2,34.666666666666664,9.548,0.043,3,Finishers / All-Rounders
2021,KM Jadhav,55.0,55.0,4.0,5,4.0,17.0,0.0,0.0,0.0,63.0,13.75,100.0,0.073,0.309,0.0,0.0,0.0,1,Finishers / All-Rounders
2021,CA Lynn,49.0,36.0,2.0,1,7.0,14.0,0.0,0.0,0.0,56.0,24.5,136.111,0.194,0.389,0.0,0.0,0.0,1,Finishers / All-Rounders
2021,DJ Bravo,47.0,22.0,2.0,11,7.0,4.0,264.0,220.0,14.0,440.0,23.5,213.636,0.318,0.182,36.666666666666664,7.2,0.064,3,Finishers / All-Rounders
2021,Shakib Al Hasan,47.0,50.0,5.0,8,4.0,14.0,188.0,156.0,4.0,163.0,9.4,94.0,0.08,0.28,26.0,7.231,0.026,3,Finishers / All-Rounders
2021,R Ashwin,44.0,43.0,3.0,13,3.0,12.0,334.0,277.0,7.0,262.0,14.667,102.326,0.07,0.279,46.166666666666664,7.235,0.025,3,Finishers / All-Rounders
2021,LS Livingstone,42.0,43.0,5.0,5,4.0,13.0,0.0,0.0,0.0,46.0,8.4,97.674,0.093,0.302,0.0,0.0,0.0,1,Finishers / All-Rounders
2021,M Vohra,42.0,40.0,4.0,4,7.0,23.0,0.0,0.0,0.0,49.0,10.5,105.0,0.175,0.575,0.0,0.0,0.0,1,Finishers / All-Rounders
2021,JD Unadkat,41.0,32.0,2.0,6,5.0,9.0,168.0,134.0,4.0,162.0,20.5,128.125,0.156,0.281,22.333333333333332,7.522,0.03,3,Finishers / All-Rounders
2021,AR Patel,40.0,52.0,5.0,12,3.0,18.0,315.0,284.0,15.0,446.0,8.0,76.923,0.058,0.346,47.333333333333336,6.655,0.053,3,Finishers / All-Rounders
2021,B Kumar,34.0,32.0,2.0,11,3.0,5.0,337.0,259.0,6.0,223.0,17.0,106.25,0.094,0.156,43.166666666666664,7.807,0.023,3,Finishers / All-Rounders
2021,J Yadav,34.0,26.0,2.0,5,3.0,8.0,131.0,105.0,2.0,99.0,17.0,130.769,0.115,0.308,17.5,7.486,0.019,1,Finishers / All-Rounders
2021,Mohammad Nabi,34.0,22.0,3.0,3,5.0,5.0,86.0,48.0,2.0,89.0,11.333,154.545,0.227,0.227,8.0,10.75,0.042,1,Finishers / All-Rounders
2021,CJ Jordan,32.0,21.0,2.0,4,4.0,8.0,103.0,74.0,4.0,144.0,16.0,152.381,0.19,0.381,12.333333333333334,8.351,0.054,0,Finishers / All-Rounders
2021,MC Henriques,31.0,32.0,3.0,5,1.0,11.0,47.0,61.0,4.0,140.0,10.333,96.875,0.031,0.344,10.166666666666666,4.623,0.066,1,Finishers / All-Rounders
2021,Washington Sundar,31.0,48.0,4.0,6,2.0,24.0,119.0,98.0,3.0,116.0,7.75,64.583,0.042,0.5,16.333333333333332,7.286,0.031,0,Finishers / All-Rounders
2021,DJ Malan,26.0,26.0,1.0,1,2.0,9.0,0.0,0.0,0.0,28.0,26.0,100.0,0.077,0.346,0.0,0.0,0.0,1,Finishers / All-Rounders
2021,GD Phillips,26.0,33.0,2.0,3,3.0,21.0,20.0,13.0,1.0,58.0,13.0,78.788,0.091,0.636,2.1666666666666665,9.231,0.077,1,Finishers / All-Rounders
2021,RV Patel,25.0,29.0,1.0,2,3.0,14.0,22.0,20.0,0.0,32.0,25.0,86.207,0.103,0.483,3.3333333333333335,6.6,0.0,1,Finishers / All-Rounders
2021,Shivam Mavi,25.0,21.0,2.0,9,4.0,11.0,241.0,203.0,11.0,332.0,12.5,119.048,0.19,0.524,33.833333333333336,7.123,0.054,0,Finishers / All-Rounders
2021,TK Curran,21.0,17.0,1.0,3,2.0,5.0,104.0,72.0,4.0,131.0,21.0,123.529,0.118,0.294,12.0,8.667,0.056,0,Finishers / All-Rounders
2021,Mohammed Siraj,20.0,26.0,1.0,15,2.0,15.0,366.0,321.0,11.0,353.0,20.0,76.923,0.077,0.577,53.5,6.841,0.034,3,Finishers / All-Rounders
2021,P Simran Singh,19.0,23.0,2.0,2,2.0,13.0,0.0,0.0,0.0,21.0,9.5,82.609,0.087,0.565,0.0,0.0,0.0,1,Finishers / All-Rounders
2021,LH Ferguson,18.0,13.0,0.0,8,2.0,3.0,226.0,185.0,13.0,377.0,18.0,138.462,0.154,0.231,30.833333333333332,7.33,0.07,3,Finishers / All-Rounders
2021,NT Ellis,18.0,17.0,1.0,3,1.0,5.0,91.0,68.0,1.0,52.0,18.0,105.882,0.059,0.294,11.333333333333334,8.029,0.015,0,Finishers / All-Rounders
2021,AF Milne,16.0,19.0,2.0,4,1.0,7.0,135.0,87.0,4.0,125.0,8.0,84.211,0.053,0.368,14.5,9.31,0.046,0,Finishers / All-Rounders
2021,Anmolpreet Singh,16.0,14.0,1.0,1,3.0,9.0,0.0,0.0,0.0,19.0,16.0,114.286,0.214,0.643,0.0,0.0,0.0,1,Finishers / All-Rounders
2021,C Sakariya,16.0,25.0,4.0,14,2.0,14.0,434.0,334.0,14.0,408.0,4.0,64.0,0.08,0.56,55.666666666666664,7.796,0.042,0,Finishers / All-Rounders
2021,JJ Bumrah,16.0,17.0,3.0,14,2.0,7.0,422.0,346.0,21.0,587.0,5.333,94.118,0.118,0.412,57.666666666666664,7.318,0.061,3,Finishers / All-Rounders
2021,CR Woakes,15.0,11.0,0.0,3,2.0,2.0,85.0,67.0,5.0,154.0,15.0,136.364,0.182,0.182,11.166666666666666,7.612,0.075,0,Finishers / All-Rounders
2021,JA Richardson,15.0,25.0,2.0,3,2.0,15.0,122.0,69.0,3.0,96.0,7.5,60.0,0.08,0.6,11.5,10.609,0.043,0,Finishers / All-Rounders
2021,M Ashwin,15.0,24.0,2.0,3,1.0,12.0,100.0,71.0,1.0,45.0,7.5,62.5,0.042,0.5,11.833333333333334,8.451,0.014,0,Finishers / All-Rounders
2021,Mandeep Singh,15.0,14.0,1.0,1,2.0,4.0,0.0,0.0,0.0,17.0,15.0,107.143,0.143,0.286,0.0,0.0,0.0,2,Power Hitters
2021,Virat Singh,15.0,26.0,3.0,2,1.0,13.0,0.0,0.0,0.0,16.0,5.0,57.692,0.038,0.5,0.0,0.0,0.0,1,Finishers / All-Rounders
2021,DT Christian,14.0,24.0,4.0,9,1.0,13.0,156.0,104.0,4.0,135.0,3.5,58.333,0.042,0.542,17.333333333333332,9.0,0.038,0,Finishers / All-Rounders
2021,J Suchith,14.0,6.0,0.0,2,3.0,1.0,66.0,41.0,0.0,25.0,14.0,233.333,0.5,0.167,6.833333333333333,9.659,0.0,0,Finishers / All-Rounders
2021,RD Chahar,14.0,15.0,4.0,11,1.0,7.0,324.0,261.0,13.0,368.0,3.5,93.333,0.067,0.467,43.5,7.448,0.05,3,Finishers / All-Rounders
2021,K Rabada,13.0,6.0,1.0,15,2.0,1.0,463.0,345.0,15.0,446.0,13.0,216.667,0.333,0.167,57.5,8.052,0.043,3,Finishers / All-Rounders
2021,Mohammed Shami,13.0,17.0,1.0,14,0.0,7.0,400.0,322.0,19.0,540.0,13.0,76.471,0.0,0.412,53.666666666666664,7.453,0.059,3,Finishers / All-Rounders
2021,YS Chahal,10.0,27.0,0.0,15,0.0,17.0,381.0,322.0,18.0,520.0,10.0,37.037,0.0,0.63,53.666666666666664,7.099,0.056,3,Finishers / All-Rounders
2021,AM Rahane,8.0,9.0,1.0,1,1.0,4.0,0.0,0.0,0.0,9.0,8.0,88.889,0.111,0.444,0.0,0.0,0.0,2,Power Hitters
2021,Mustafizur Rahman,8.0,14.0,0.0,14,1.0,11.0,446.0,323.0,14.0,415.0,8.0,57.143,0.071,0.786,53.833333333333336,8.285,0.043,3,Finishers / All-Rounders
2021,S Kaul,8.0,8.0,0.0,8,1.0,3.0,252.0,180.0,7.0,216.0,8.0,100.0,0.125,0.375,30.0,8.4,0.039,3,Finishers / All-Rounders
2021,Sandeep Sharma,8.0,7.0,0.0,7,1.0,1.0,204.0,145.0,3.0,112.0,8.0,114.286,0.143,0.143,24.166666666666668,8.441,0.021,3,Finishers / All-Rounders
2021,S Gopal,7.0,5.0,1.0,3,1.0,3.0,84.0,42.0,0.0,16.0,7.0,140.0,0.2,0.6,7.0,12.0,0.0,3,Finishers / All-Rounders
2021,Sachin Baby,7.0,17.0,1.0,1,0.0,10.0,0.0,0.0,0.0,7.0,7.0,41.176,0.0,0.588,0.0,0.0,0.0,1,Finishers / All-Rounders
2021,DR Sams,6.0,6.0,1.0,2,0.0,2.0,39.0,38.0,1.0,35.0,6.0,100.0,0.0,0.333,6.333333333333333,6.158,0.026,0,Finishers / All-Rounders
2021,FA Allen,6.0,12.0,1.0,4,0.0,6.0,90.0,67.0,1.0,43.0,6.0,50.0,0.0,0.5,11.166666666666666,8.06,0.015,0,Finishers / All-Rounders
2021,Avesh Khan,5.0,3.0,0.0,16,1.0,1.0,464.0,380.0,24.0,670.0,5.0,166.667,0.333,0.333,63.333333333333336,7.326,0.063,3,Finishers / All-Rounders
2021,SN Thakur,5.0,6.0,1.0,16,0.0,2.0,530.0,387.0,21.0,590.0,5.0,83.333,0.0,0.333,64.5,8.217,0.054,3,Finishers / All-Rounders
2021,Harbhajan Singh,4.0,4.0,0.0,3,0.0,1.0,63.0,45.0,0.0,16.0,4.0,100.0,0.0,0.25,7.5,8.4,0.0,3,Finishers / All-Rounders
2021,NM Coulter-Nile,4.0,5.0,2.0,5,0.0,2.0,131.0,121.0,7.0,191.0,2.0,80.0,0.0,0.4,20.166666666666668,6.496,0.058,3,Finishers / All-Rounders
2021,TG Southee,3.0,5.0,1.0,3,0.0,3.0,94.0,72.0,3.0,86.0,3.0,60.0,0.0,0.6,12.0,7.833,0.042,3,Finishers / All-Rounders
2021,Arshdeep Singh,2.0,3.0,0.0,12,0.0,0.0,347.0,261.0,18.0,500.0,2.0,66.667,0.0,0.0,43.5,7.977,0.069,3,Finishers / All-Rounders
2021,CV Varun,2.0,4.0,0.0,17,0.0,2.0,455.0,414.0,18.0,520.0,2.0,50.0,0.0,0.5,69.0,6.594,0.043,3,Finishers / All-Rounders
2021,GHS Garton,2.0,4.0,1.0,5,0.0,2.0,136.0,97.0,3.0,93.0,2.0,50.0,0.0,0.5,16.166666666666668,8.412,0.031,0,Finishers / All-Rounders
2021,Kartik Tyagi,2.0,4.0,1.0,4,0.0,1.0,125.0,93.0,4.0,114.0,2.0,50.0,0.0,0.25,15.5,8.065,0.043,0,Finishers / All-Rounders
2021,Navdeep Saini,2.0,5.0,1.0,2,0.0,2.0,53.0,25.0,0.0,6.0,2.0,40.0,0.0,0.4,4.166666666666667,12.72,0.0,0,Finishers / All-Rounders
2021,T Shamsi,2.0,4.0,0.0,1,0.0,2.0,34.0,24.0,0.0,6.0,2.0,50.0,0.0,0.5,4.0,8.5,0.0,0,Finishers / All-Rounders
2021,TL Seifert,2.0,5.0,1.0,1,0.0,1.0,0.0,0.0,0.0,2.0,2.0,40.0,0.0,0.2,0.0,0.0,0.0,1,Finishers / All-Rounders
2021,DL Chahar,1.0,1.0,0.0,15,0.0,0.0,453.0,337.0,14.0,411.0,1.0,100.0,0.0,0.0,56.166666666666664,8.065,0.042,3,Finishers / All-Rounders
2021,KK Ahmed,1.0,2.0,1.0,7,0.0,1.0,225.0,168.0,5.0,150.0,1.0,50.0,0.0,0.5,28.0,8.036,0.03,3,Finishers / All-Rounders
2021,Mujeeb Ur Rahman,1.0,1.0,0.0,1,0.0,0.0,30.0,26.0,2.0,55.0,1.0,100.0,0.0,0.0,4.333333333333333,6.923,0.077,0,Finishers / All-Rounders
2021,PWH de Silva,1.0,2.0,1.0,2,0.0,1.0,60.0,36.0,0.0,5.0,1.0,50.0,0.0,0.5,6.0,10.0,0.0,0,Finishers / All-Rounders
2021,Ravi Bishnoi,1.0,5.0,1.0,9,0.0,3.0,240.0,219.0,12.0,333.0,1.0,20.0,0.0,0.6,36.5,6.575,0.055,0,Finishers / All-Rounders
2021,TA Boult,1.0,4.0,0.0,14,0.0,3.0,409.0,316.0,13.0,382.0,1.0,25.0,0.0,0.75,52.666666666666664,7.766,0.041,3,Finishers / All-Rounders
2021,TH David,1.0,3.0,1.0,1,0.0,2.0,0.0,0.0,0.0,1.0,1.0,33.333,0.0,0.667,0.0,0.0,0.0,1,Finishers / All-Rounders
2021,A Mishra,0.0,0.0,0.0,4,0.0,0.0,109.0,84.0,6.0,166.0,0.0,0.0,0.0,0.0,14.0,7.786,0.071,3,Finishers / All-Rounders
2021,A Nortje,0.0,0.0,0.0,8,0.0,0.0,198.0,187.0,12.0,332.0,0.0,0.0,0.0,0.0,31.166666666666668,6.353,0.064,3,Finishers / All-Rounders
2021,AU Rashid,0.0,0.0,0.0,1,0.0,0.0,35.0,18.0,0.0,4.0,0.0,0.0,0.0,0.0,3.0,11.667,0.0,0,Finishers / All-Rounders
2021,Akash Singh,0.0,0.0,0.0,1,0.0,0.0,39.0,24.0,0.0,4.0,0.0,0.0,0.0,0.0,4.0,9.75,0.0,0,Finishers / All-Rounders
2021,Anuj Rawat,0.0,1.0,1.0,1,0.0,1.0,0.0,0.0,0.0,0.0,0.0,0.0,0.0,1.0,0.0,0.0,0.0,1,Finishers / All-Rounders
2021,BA Stokes,0.0,3.0,1.0,1,0.0,3.0,12.0,6.0,0.0,0.0,0.0,0.0,0.0,1.0,1.0,12.0,0.0,1,Finishers / All-Rounders
2021,DS Kulkarni,0.0,0.0,0.0,1,0.0,0.0,48.0,26.0,0.0,4.0,0.0,0.0,0.0,0.0,4.333333333333333,11.077,0.0,3,Finishers / All-Rounders
2021,I Sharma,0.0,0.0,0.0,3,0.0,0.0,98.0,72.0,1.0,37.0,0.0,0.0,0.0,0.0,12.0,8.167,0.014,3,Finishers / All-Rounders
2021,IC Porel,0.0,0.0,0.0,1,0.0,0.0,42.0,26.0,1.0,29.0,0.0,0.0,0.0,0.0,4.333333333333333,9.692,0.038,0,Finishers / All-Rounders
2021,Imran Tahir,0.0,0.0,0.0,1,0.0,0.0,16.0,25.0,2.0,54.0,0.0,0.0,0.0,0.0,4.166666666666667,3.84,0.08,3,Finishers / All-Rounders
2021,JDS Neesham,0.0,2.0,2.0,3,0.0,2.0,68.0,54.0,5.0,129.0,0.0,0.0,0.0,1.0,9.0,7.556,0.093,0,Finishers / All-Rounders
2021,JR Hazlewood,0.0,0.0,0.0,9,0.0,0.0,302.0,215.0,11.0,311.0,0.0,0.0,0.0,0.0,35.833333333333336,8.428,0.051,0,Finishers / All-Rounders
2021,Jalaj S Saxena,0.0,0.0,0.0,1,0.0,0.0,27.0,18.0,0.0,4.0,0.0,0.0,0.0,0.0,3.0,9.0,0.0,0,Finishers / All-Rounders
2021,K Yadav,0.0,4.0,0.0,1,0.0,4.0,17.0,12.0,0.0,4.0,0.0,0.0,0.0,1.0,2.0,8.5,0.0,0,Finishers / All-Rounders
2021,KL Nagarkoti,0.0,2.0,1.0,1,0.0,2.0,25.0,12.0,0.0,0.0,0.0,0.0,0.0,1.0,2.0,12.5,0.0,0,Finishers / All-Rounders
2021,KM Asif,0.0,0.0,0.0,1,0.0,0.0,18.0,14.0,1.0,29.0,0.0,0.0,0.0,0.0,2.3333333333333335,7.714,0.071,0,Finishers / All-Rounders
2021,KW Richardson,0.0,0.0,0.0,1,0.0,0.0,29.0,19.0,1.0,29.0,0.0,0.0,0.0,0.0,3.1666666666666665,9.158,0.053,0,Finishers / All-Rounders
2021,L Ngidi,0.0,0.0,0.0,3,0.0,0.0,129.0,75.0,5.0,137.0,0.0,0.0,0.0,0.0,12.5,10.32,0.067,0,Finishers / All-Rounders
2021,LI Meriwala,0.0,0.0,0.0,1,0.0,0.0,32.0,19.0,1.0,29.0,0.0,0.0,0.0,0.0,3.1666666666666665,10.105,0.053,0,Finishers / All-Rounders
2021,M Jansen,0.0,4.0,2.0,2,0.0,3.0,46.0,39.0,2.0,50.0,0.0,0.0,0.0,0.75,6.5,7.077,0.051,0,Finishers / All-Rounders
2021,M Markande,0.0,0.0,0.0,1,0.0,0.0,26.0,18.0,0.0,4.0,0.0,0.0,0.0,0.0,3.0,8.667,0.0,0,Finishers / All-Rounders
2021,M Prasidh Krishna,0.0,1.0,0.0,10,0.0,1.0,357.0,253.0,12.0,340.0,0.0,0.0,0.0,1.0,42.166666666666664,8.466,0.047,0,Finishers / All-Rounders
2021,PP Chawla,0.0,2.0,1.0,1,0.0,2.0,38.0,24.0,1.0,25.0,0.0,0.0,0.0,1.0,4.0,9.5,0.042,3,Finishers / All-Rounders
2021,RP Meredith,0.0,0.0,0.0,5,0.0,0.0,171.0,108.0,4.0,120.0,0.0,0.0,0.0,0.0,18.0,9.5,0.037,0,Finishers / All-Rounders
2021,S Nadeem,0.0,1.0,1.0,1,0.0,1.0,36.0,24.0,1.0,25.0,0.0,0.0,0.0,1.0,4.0,9.0,0.042,3,Finishers / All-Rounders
2021,S Sandeep Warrier,0.0,0.0,0.0,1,0.0,0.0,15.0,12.0,0.0,4.0,0.0,0.0,0.0,0.0,2.0,7.5,0.0,0,Finishers / All-Rounders
2021,SN Khan,0.0,4.0,2.0,2,0.0,4.0,0.0,0.0,0.0,0.0,0.0,0.0,0.0,1.0,0.0,0.0,0.0,1,Finishers / All-Rounders
2021,T Natarajan,0.0,0.0,0.0,2,0.0,0.0,70.0,50.0,2.0,58.0,0.0,0.0,0.0,0.0,8.333333333333334,8.4,0.04,3,Finishers / All-Rounders
2021,Umran Malik,0.0,0.0,0.0,3,0.0,0.0,96.0,75.0,2.0,62.0,0.0,0.0,0.0,0.0,12.5,7.68,0.027,0,Finishers / All-Rounders
2022,JC Buttler,863.0,596.0,15.0,17,129.0,224.0,0.0,0.0,0.0,1000.0,57.533,144.799,0.216,0.376,0.0,0.0,0.0,2,Power Hitters
2022,KL Rahul,616.0,472.0,11.0,14,75.0,144.0,0.0,0.0,0.0,703.0,56.0,130.508,0.159,0.305,0.0,0.0,0.0,2,Power Hitters
2022,Q de Kock,508.0,350.0,15.0,15,70.0,111.0,0.0,0.0,0.0,582.0,33.867,145.143,0.2,0.317,0.0,0.0,0.0,2,Power Hitters
2022,HH Pandya,487.0,387.0,10.0,15,61.0,115.0,226.0,189.0,8.0,768.0,48.7,125.84,0.158,0.297,31.5,7.175,0.042,2,Power Hitters
2022,Shubman Gill,483.0,374.0,15.0,16,62.0,113.0,0.0,0.0,0.0,553.0,32.2,129.144,0.166,0.302,0.0,0.0,0.0,2,Power Hitters
2022,DA Miller,481.0,348.0,9.0,16,55.0,88.0,0.0,0.0,0.0,564.0,53.444,138.218,0.158,0.253,0.0,0.0,0.0,2,Power Hitters
2022,F du Plessis,468.0,377.0,16.0,16,62.0,139.0,0.0,0.0,0.0,534.0,29.25,124.138,0.164,0.369,0.0,0.0,0.0,2,Power Hitters
2022,S Dhawan,460.0,395.0,12.0,14,59.0,129.0,0.0,0.0,0.0,527.0,38.333,116.456,0.149,0.327,0.0,0.0,0.0,2,Power Hitters
2022,SV Samson,458.0,321.0,16.0,17,69.0,124.0,0.0,0.0,0.0,531.0,28.625,142.679,0.215,0.386,0.0,0.0,0.0,2,Power Hitters
2022,DJ Hooda,451.0,340.0,14.0,14,54.0,98.0,43.0,24.0,1.0,534.0,32.214,132.647,0.159,0.288,4.0,10.75,0.042,1,Finishers / All-Rounders
2022,LS Livingstone,437.0,261.0,12.0,14,63.0,68.0,202.0,144.0,6.0,658.0,36.417,167.433,0.241,0.261,24.0,8.417,0.042,1,Finishers / All-Rounders
2022,DA Warner,432.0,301.0,9.0,12,67.0,96.0,0.0,0.0,0.0,511.0,48.0,143.522,0.223,0.319,0.0,0.0,0.0,2,Power Hitters
2022,Abhishek Sharma,426.0,329.0,15.0,14,60.0,125.0,39.0,24.0,0.0,486.0,28.4,129.483,0.182,0.38,4.0,9.75,0.0,1,Finishers / All-Rounders
2022,Ishan Kishan,418.0,355.0,13.0,14,56.0,136.0,0.0,0.0,0.0,478.0,32.154,117.746,0.158,0.383,0.0,0.0,0.0,2,Power Hitters
2022,RA Tripathi,413.0,271.0,12.0,14,60.0,83.0,0.0,0.0,0.0,481.0,34.417,152.399,0.221,0.306,0.0,0.0,0.0,2,Power Hitters
2022,SS Iyer,401.0,310.0,13.0,14,52.0,98.0,7.0,6.0,0.0,457.0,30.846,129.355,0.168,0.316,1.0,7.0,0.0,2,Power Hitters
2022,Tilak Varma,397.0,313.0,10.0,14,45.0,87.0,13.0,12.0,0.0,458.0,39.7,126.837,0.144,0.278,2.0,6.5,0.0,1,Finishers / All-Rounders
2022,AK Markram,381.0,277.0,8.0,13,44.0,78.0,64.0,36.0,1.0,470.0,47.625,137.545,0.159,0.282,6.0,10.667,0.028,1,Finishers / All-Rounders
2022,D Padikkal,376.0,317.0,17.0,17,55.0,128.0,0.0,0.0,0.0,431.0,22.118,118.612,0.174,0.404,0.0,0.0,0.0,1,Finishers / All-Rounders
2022,RD Gaikwad,368.0,298.0,14.0,14,47.0,105.0,0.0,0.0,0.0,415.0,26.286,123.49,0.158,0.352,0.0,0.0,0.0,2,Power Hitters
2022,N Rana,361.0,259.0,13.0,14,51.0,93.0,23.0,12.0,0.0,416.0,27.769,139.382,0.197,0.359,2.0,11.5,0.0,2,Power Hitters
2022,V Kohli,341.0,306.0,16.0,16,40.0,113.0,0.0,0.0,0.0,389.0,21.312,111.438,0.131,0.369,0.0,0.0,0.0,2,Power Hitters
2022,RR Pant,340.0,234.0,13.0,13,51.0,75.0,0.0,0.0,0.0,399.0,26.154,145.299,0.218,0.321,0.0,0.0,0.0,2,Power Hitters
2022,AD Russell,335.0,200.0,9.0,13,50.0,81.0,280.0,172.0,17.0,826.0,37.222,167.5,0.25,0.405,28.666666666666668,9.767,0.099,3,Finishers / All-Rounders
2022,RM Patidar,333.0,232.0,6.0,7,45.0,66.0,0.0,0.0,0.0,382.0,55.5,143.534,0.194,0.284,0.0,0.0,0.0,1,Finishers / All-Rounders
2022,KD Karthik,330.0,188.0,6.0,16,49.0,51.0,0.0,0.0,0.0,419.0,55.0,175.532,0.261,0.271,0.0,0.0,0.0,2,Power Hitters
2022,WP Saha,317.0,266.0,9.0,11,47.0,100.0,0.0,0.0,0.0,372.0,35.222,119.173,0.177,0.376,0.0,0.0,0.0,2,Power Hitters
2022,SO Hetmyer,314.0,221.0,7.0,15,42.0,68.0,0.0,0.0,0.0,388.0,44.857,142.081,0.19,0.308,0.0,0.0,0.0,1,Finishers / All-Rounders
2022,N Pooran,306.0,228.0,8.0,13,37.0,66.0,0.0,0.0,0.0,363.0,38.25,134.211,0.162,0.289,0.0,0.0,0.0,1,Finishers / All-Rounders
2022,SA Yadav,303.0,210.0,8.0,8,39.0,65.0,0.0,0.0,0.0,346.0,37.875,144.286,0.186,0.31,0.0,0.0,0.0,2,Power Hitters
2022,GJ Maxwell,301.0,184.0,10.0,13,46.0,56.0,166.0,144.0,6.0,509.0,30.1,163.587,0.25,0.304,24.0,6.917,0.042,2,Power Hitters
2022,S Dube,289.0,194.0,9.0,11,38.0,58.0,40.0,14.0,0.0,335.0,32.111,148.969,0.196,0.299,2.3333333333333335,17.143,0.0,1,Finishers / All-Rounders
2022,PP Shaw,283.0,193.0,10.0,10,47.0,73.0,0.0,0.0,0.0,330.0,28.3,146.632,0.244,0.378,0.0,0.0,0.0,1,Finishers / All-Rounders
2022,AT Rayudu,274.0,230.0,10.0,11,40.0,100.0,0.0,0.0,0.0,318.0,27.4,119.13,0.174,0.435,0.0,0.0,0.0,2,Power Hitters
2022,RG Sharma,268.0,234.0,14.0,14,41.0,112.0,0.0,0.0,0.0,309.0,19.143,114.53,0.175,0.479,0.0,0.0,0.0,2,Power Hitters
2022,YBK Jaiswal,258.0,198.0,10.0,10,38.0,77.0,6.0,1.0,0.0,296.0,25.8,130.303,0.192,0.389,0.16666666666666666,36.0,0.0,2,Power Hitters
2022,JM Bairstow,253.0,180.0,11.0,11,43.0,70.0,0.0,0.0,0.0,296.0,23.0,140.556,0.239,0.389,0.0,0.0,0.0,1,Finishers / All-Rounders
2022,DP Conway,252.0,176.0,6.0,7,35.0,52.0,0.0,0.0,0.0,291.0,42.0,143.182,0.199,0.295,0.0,0.0,0.0,1,Finishers / All-Rounders
2022,MR Marsh,251.0,192.0,7.0,8,33.0,72.0,102.0,76.0,4.0,388.0,35.857,130.729,0.172,0.375,12.666666666666666,8.053,0.053,1,Finishers / All-Rounders
2022,R Powell,250.0,174.0,11.0,12,32.0,63.0,17.0,7.0,0.0,286.0,22.727,143.678,0.184,0.362,1.1666666666666667,14.571,0.0,1,Finishers / All-Rounders
2022,MM Ali,244.0,183.0,10.0,10,35.0,68.0,159.0,146.0,8.0,479.0,24.4,133.333,0.191,0.372,24.333333333333332,6.534,0.055,1,Finishers / All-Rounders
2022,JM Sharma,234.0,149.0,8.0,10,34.0,48.0,0.0,0.0,0.0,276.0,29.25,157.047,0.228,0.322,0.0,0.0,0.0,1,Finishers / All-Rounders
2022,MS Dhoni,232.0,198.0,8.0,12,31.0,80.0,0.0,0.0,0.0,279.0,29.0,117.172,0.157,0.404,0.0,0.0,0.0,2,Power Hitters
2022,RV Uthappa,230.0,181.0,11.0,11,33.0,75.0,0.0,0.0,0.0,263.0,20.909,127.072,0.182,0.414,0.0,0.0,0.0,2,Power Hitters
2022,Shahbaz Ahmed,219.0,197.0,8.0,16,23.0,63.0,341.0,220.0,4.0,378.0,27.375,111.168,0.117,0.32,36.666666666666664,9.3,0.018,1,Finishers / All-Rounders
2022,R Tewatia,217.0,156.0,7.0,13,31.0,47.0,76.0,36.0,1.0,297.0,31.0,139.103,0.199,0.301,6.0,12.667,0.028,1,Finishers / All-Rounders
2022,KS Williamson,216.0,235.0,10.0,12,24.0,108.0,0.0,0.0,0.0,248.0,21.6,91.915,0.102,0.46,0.0,0.0,0.0,2,Power Hitters
2022,PBB Rajapaksa,206.0,137.0,9.0,9,29.0,42.0,0.0,0.0,0.0,235.0,22.889,150.365,0.212,0.307,0.0,0.0,0.0,1,Finishers / All-Rounders
2022,MA Agarwal,196.0,167.0,12.0,12,29.0,65.0,0.0,0.0,0.0,225.0,16.333,117.365,0.174,0.389,0.0,0.0,0.0,2,Power Hitters
2022,R Ashwin,191.0,140.0,9.0,17,23.0,38.0,505.0,418.0,12.0,546.0,21.222,136.429,0.164,0.271,69.66666666666667,7.249,0.029,3,Finishers / All-Rounders
2022,TH David,186.0,91.0,6.0,8,28.0,22.0,0.0,0.0,0.0,226.0,31.0,204.396,0.308,0.242,0.0,0.0,0.0,1,Finishers / All-Rounders
2022,KH Pandya,183.0,150.0,10.0,14,20.0,47.0,269.0,231.0,10.0,473.0,18.3,122.0,0.133,0.313,38.5,6.987,0.043,3,Finishers / All-Rounders
2022,R Parag,183.0,136.0,11.0,15,21.0,40.0,59.0,26.0,1.0,249.0,16.636,134.559,0.154,0.294,4.333333333333333,13.615,0.038,1,Finishers / All-Rounders
2022,AR Patel,182.0,122.0,3.0,13,22.0,35.0,323.0,261.0,6.0,394.0,60.667,149.18,0.18,0.287,43.5,7.425,0.023,3,Finishers / All-Rounders
2022,VR Iyer,182.0,175.0,11.0,12,24.0,79.0,46.0,24.0,0.0,210.0,16.545,104.0,0.137,0.451,4.0,11.5,0.0,1,Finishers / All-Rounders
2022,RK Singh,174.0,125.0,5.0,7,24.0,37.0,0.0,0.0,0.0,206.0,34.8,139.2,0.192,0.296,0.0,0.0,0.0,1,Finishers / All-Rounders
2022,SW Billings,169.0,143.0,7.0,8,19.0,52.0,0.0,0.0,0.0,192.0,24.143,118.182,0.133,0.364,0.0,0.0,0.0,1,Finishers / All-Rounders
2022,A Badoni,161.0,139.0,9.0,11,18.0,47.0,12.0,12.0,2.0,237.0,17.889,115.827,0.129,0.338,2.0,6.0,0.167,1,Finishers / All-Rounders
2022,D Brevis,161.0,116.0,7.0,7,25.0,52.0,8.0,3.0,1.0,211.0,23.0,138.793,0.216,0.448,0.5,16.0,0.333,1,Finishers / All-Rounders
2022,Lalit Yadav,161.0,152.0,6.0,10,18.0,57.0,152.0,110.0,4.0,295.0,26.833,105.921,0.118,0.375,18.333333333333332,8.291,0.036,1,Finishers / All-Rounders
2022,MS Wade,157.0,145.0,9.0,10,25.0,64.0,0.0,0.0,0.0,186.0,17.444,108.276,0.172,0.441,0.0,0.0,0.0,1,Finishers / All-Rounders
2022,MP Stoinis,156.0,116.0,7.0,11,20.0,38.0,79.0,44.0,4.0,292.0,22.286,134.483,0.172,0.328,7.333333333333333,10.773,0.091,2,Power Hitters
2022,B Sai Sudharsan,145.0,118.0,4.0,5,17.0,32.0,0.0,0.0,0.0,166.0,36.25,122.881,0.144,0.271,0.0,0.0,0.0,1,Finishers / All-Rounders
2022,KA Pollard,144.0,146.0,12.0,11,15.0,57.0,130.0,87.0,4.0,263.0,12.0,98.63,0.103,0.39,14.5,8.966,0.046,2,Power Hitters
2022,AM Rahane,133.0,131.0,7.0,7,18.0,58.0,0.0,0.0,0.0,151.0,19.0,101.527,0.137,0.443,0.0,0.0,0.0,2,Power Hitters
2022,Anuj Rawat,129.0,123.0,7.0,8,17.0,55.0,0.0,0.0,0.0,150.0,18.429,104.878,0.138,0.447,0.0,0.0,0.0,1,Finishers / All-Rounders
2022,SN Thakur,120.0,90.0,8.0,14,14.0,29.0,485.0,314.0,15.0,533.0,15.0,133.333,0.156,0.322,52.333333333333336,9.268,0.048,3,Finishers / All-Rounders
2022,M Shahrukh Khan,117.0,118.0,7.0,8,13.0,51.0,0.0,0.0,0.0,134.0,16.714,99.153,0.11,0.432,0.0,0.0,0.0,1,Finishers / All-Rounders
2022,RA Jadeja,116.0,105.0,8.0,10,11.0,30.0,252.0,202.0,5.0,260.0,14.5,110.476,0.105,0.286,33.666666666666664,7.485,0.025,3,Finishers / All-Rounders
2022,A Manohar,108.0,79.0,6.0,7,17.0,26.0,0.0,0.0,0.0,129.0,18.0,136.709,0.215,0.329,0.0,0.0,0.0,1,Finishers / All-Rounders
2022,Washington Sundar,101.0,76.0,7.0,9,12.0,20.0,239.0,170.0,6.0,271.0,14.429,132.895,0.158,0.263,28.333333333333332,8.435,0.035,0,Finishers / All-Rounders
2022,Rashid Khan,91.0,44.0,4.0,16,12.0,10.0,427.0,385.0,19.0,626.0,22.75,206.818,0.273,0.227,64.16666666666667,6.655,0.049,3,Finishers / All-Rounders
2022,SN Khan,91.0,69.0,3.0,5,11.0,19.0,0.0,0.0,0.0,110.0,30.333,131.884,0.159,0.275,0.0,0.0,0.0,1,Finishers / All-Rounders
2022,MK Pandey,88.0,84.0,6.0,6,11.0,35.0,0.0,0.0,0.0,99.0,14.667,104.762,0.131,0.417,0.0,0.0,0.0,2,Power Hitters
2022,AJ Finch,86.0,70.0,6.0,5,13.0,25.0,0.0,0.0,0.0,99.0,14.333,122.857,0.186,0.357,0.0,0.0,0.0,2,Power Hitters
2022,MK Lomror,86.0,60.0,5.0,7,11.0,14.0,18.0,12.0,0.0,105.0,17.2,143.333,0.183,0.233,2.0,9.0,0.0,1,Finishers / All-Rounders
2022,RD Chahar,77.0,70.0,7.0,13,11.0,35.0,365.0,290.0,14.0,462.0,11.0,110.0,0.157,0.5,48.333333333333336,7.552,0.048,3,Finishers / All-Rounders
2022,E Lewis,73.0,60.0,3.0,5,11.0,22.0,0.0,0.0,0.0,92.0,24.333,121.667,0.183,0.367,0.0,0.0,0.0,1,Finishers / All-Rounders
2022,SP Narine,71.0,40.0,7.0,14,12.0,18.0,319.0,341.0,9.0,336.0,10.143,177.5,0.3,0.45,56.833333333333336,5.613,0.026,3,Finishers / All-Rounders
2022,Shashank Singh,69.0,47.0,4.0,6,9.0,17.0,20.0,13.0,0.0,86.0,17.25,146.809,0.191,0.362,2.1666666666666665,9.231,0.0,1,Finishers / All-Rounders
2022,SS Prabhudessai,67.0,62.0,5.0,5,9.0,26.0,0.0,0.0,0.0,76.0,13.4,108.065,0.145,0.419,0.0,0.0,0.0,1,Finishers / All-Rounders
2022,PJ Cummins,63.0,24.0,4.0,5,11.0,8.0,218.0,126.0,7.0,253.0,15.75,262.5,0.458,0.333,21.0,10.381,0.056,3,Finishers / All-Rounders
2022,JD Unadkat,59.0,37.0,1.0,5,7.0,12.0,190.0,122.0,6.0,232.0,59.0,159.459,0.189,0.324,20.333333333333332,9.344,0.049,3,Finishers / All-Rounders
2022,JO Holder,58.0,46.0,6.0,12,8.0,22.0,397.0,264.0,14.0,440.0,9.667,126.087,0.174,0.478,44.0,9.023,0.053,3,Finishers / All-Rounders
2022,R Shepherd,58.0,43.0,3.0,3,7.0,16.0,98.0,56.0,3.0,140.0,19.333,134.884,0.163,0.372,9.333333333333334,10.5,0.054,1,Finishers / All-Rounders
2022,UT Yadav,55.0,41.0,4.0,12,8.0,18.0,354.0,297.0,16.0,495.0,13.75,134.146,0.195,0.439,49.5,7.152,0.054,3,Finishers / All-Rounders
2022,OF Smith,51.0,50.0,3.0,6,6.0,23.0,179.0,94.0,6.0,219.0,17.0,102.0,0.12,0.46,15.666666666666666,11.426,0.064,0,Finishers / All-Rounders
2022,K Rabada,48.0,47.0,4.0,13,7.0,20.0,414.0,303.0,23.0,666.0,12.0,102.128,0.149,0.426,50.5,8.198,0.076,3,Finishers / All-Rounders
2022,Kuldeep Yadav,48.0,54.0,1.0,14,5.0,23.0,420.0,306.0,21.0,630.0,48.0,88.889,0.093,0.426,51.0,8.235,0.069,3,Finishers / All-Rounders
2022,PK Garg,46.0,33.0,2.0,2,6.0,11.0,0.0,0.0,0.0,52.0,23.0,139.394,0.182,0.333,0.0,0.0,0.0,1,Finishers / All-Rounders
2022,Ramandeep Singh,45.0,42.0,2.0,5,4.0,12.0,55.0,41.0,6.0,211.0,22.5,107.143,0.095,0.286,6.833333333333333,8.049,0.146,1,Finishers / All-Rounders
2022,D Pretorius,44.0,28.0,4.0,6,6.0,10.0,213.0,137.0,6.0,208.0,11.0,157.143,0.214,0.357,22.833333333333332,9.328,0.044,0,Finishers / All-Rounders
2022,HR Shokeen,43.0,48.0,2.0,5,5.0,24.0,130.0,94.0,2.0,110.0,21.5,89.583,0.104,0.5,15.666666666666666,8.298,0.021,1,Finishers / All-Rounders
2022,HV Patel,43.0,42.0,4.0,15,6.0,19.0,420.0,336.0,19.0,568.0,10.75,102.381,0.143,0.452,56.0,7.5,0.057,3,Finishers / All-Rounders
2022,PVD Chameera,43.0,32.0,3.0,12,6.0,11.0,392.0,276.0,9.0,310.0,14.333,134.375,0.188,0.344,46.0,8.522,0.033,0,Finishers / All-Rounders
2022,N Jagadeesan,40.0,40.0,1.0,2,4.0,12.0,0.0,0.0,0.0,48.0,40.0,100.0,0.1,0.3,0.0,0.0,0.0,1,Finishers / All-Rounders
2022,TA Boult,40.0,30.0,2.0,16,3.0,6.0,500.0,385.0,16.0,499.0,20.0,133.333,0.1,0.2,64.16666666666667,7.792,0.042,3,Finishers / All-Rounders
2022,DR Sams,38.0,40.0,8.0,11,4.0,18.0,374.0,273.0,13.0,383.0,4.75,95.0,0.1,0.45,45.5,8.22,0.048,0,Finishers / All-Rounders
2022,PWH de Silva,38.0,48.0,7.0,16,5.0,24.0,439.0,345.0,26.0,729.0,5.429,79.167,0.104,0.5,57.5,7.635,0.075,0,Finishers / All-Rounders
2022,R Dhawan,37.0,41.0,2.0,6,6.0,25.0,164.0,119.0,6.0,209.0,18.5,90.244,0.146,0.61,19.833333333333332,8.269,0.05,1,Finishers / All-Rounders
2022,DJ Mitchell,33.0,46.0,2.0,2,1.0,16.0,27.0,13.0,0.0,34.0,16.5,71.739,0.022,0.348,2.1666666666666665,12.462,0.0,1,Finishers / All-Rounders
2022,SE Rutherford,33.0,52.0,2.0,2,2.0,24.0,0.0,0.0,0.0,35.0,16.5,63.462,0.038,0.462,0.0,0.0,0.0,1,Finishers / All-Rounders
2022,JDS Neesham,31.0,27.0,1.0,2,3.0,7.0,29.0,18.0,0.0,38.0,31.0,114.815,0.111,0.259,3.0,9.667,0.0,0,Finishers / All-Rounders
2022,Mohammed Siraj,30.0,33.0,2.0,15,5.0,19.0,525.0,325.0,9.0,312.0,15.0,90.909,0.152,0.576,54.166666666666664,9.692,0.028,3,Finishers / All-Rounders
2022,B Kumar,24.0,28.0,2.0,14,3.0,10.0,394.0,329.0,12.0,375.0,12.0,85.714,0.107,0.357,54.833333333333336,7.185,0.036,3,Finishers / All-Rounders
2022,TL Seifert,24.0,21.0,2.0,2,4.0,10.0,0.0,0.0,0.0,28.0,12.0,114.286,0.19,0.476,0.0,0.0,0.0,1,Finishers / All-Rounders
2022,DJ Bravo,23.0,26.0,2.0,10,2.0,9.0,302.0,228.0,16.0,457.0,11.5,88.462,0.077,0.346,38.0,7.947,0.07,3,Finishers / All-Rounders
2022,Mohsin Khan,23.0,19.0,1.0,9,3.0,5.0,202.0,206.0,14.0,408.0,23.0,121.053,0.158,0.263,34.333333333333336,5.883,0.068,0,Finishers / All-Rounders
2022,SP Jackson,23.0,26.0,4.0,5,1.0,10.0,0.0,0.0,0.0,28.0,5.75,88.462,0.038,0.385,0.0,0.0,0.0,1,Finishers / All-Rounders
2022,Avesh Khan,22.0,13.0,1.0,13,3.0,6.0,423.0,300.0,19.0,548.0,22.0,169.231,0.231,0.462,50.0,8.46,0.063,3,Finishers / All-Rounders
2022,HE van der Dussen,22.0,25.0,2.0,3,2.0,9.0,0.0,0.0,0.0,28.0,11.0,88.0,0.08,0.36,0.0,0.0,0.0,1,Finishers / All-Rounders
2022,Harpreet Brar,22.0,25.0,3.0,5,3.0,16.0,148.0,100.0,4.0,133.0,7.333,88.0,0.12,0.64,16.666666666666668,8.88,0.04,1,Finishers / All-Rounders
2022,MJ Santner,22.0,30.0,2.0,6,3.0,15.0,135.0,114.0,4.0,141.0,11.0,73.333,0.1,0.5,19.0,7.105,0.035,0,Finishers / All-Rounders
2022,Arshdeep Singh,21.0,30.0,3.0,14,3.0,20.0,401.0,315.0,10.0,318.0,7.0,70.0,0.1,0.667,52.5,7.638,0.032,3,Finishers / All-Rounders
2022,B Indrajith,21.0,31.0,3.0,3,2.0,17.0,0.0,0.0,0.0,23.0,7.0,67.742,0.065,0.548,0.0,0.0,0.0,1,Finishers / All-Rounders
2022,M Vohra,19.0,12.0,1.0,1,3.0,4.0,0.0,0.0,0.0,22.0,19.0,158.333,0.25,0.333,0.0,0.0,0.0,1,Finishers / All-Rounders
2022,V Shankar,19.0,36.0,4.0,4,1.0,19.0,15.0,9.0,0.0,20.0,4.75,52.778,0.028,0.528,1.5,10.0,0.0,1,Finishers / All-Rounders
2022,DJ Willey,18.0,32.0,3.0,4,3.0,21.0,75.0,66.0,1.0,54.0,6.0,56.25,0.094,0.656,11.0,6.818,0.015,0,Finishers / All-Rounders
2022,JR Hazlewood,18.0,27.0,0.0,12,1.0,12.0,380.0,288.0,20.0,567.0,18.0,66.667,0.037,0.444,48.0,7.917,0.069,0,Finishers / All-Rounders
2022,Mandeep Singh,18.0,24.0,3.0,3,4.0,16.0,0.0,0.0,0.0,22.0,6.0,75.0,0.167,0.667,0.0,0.0,0.0,2,Power Hitters
2022,KK Nair,16.0,18.0,2.0,2,1.0,4.0,0.0,0.0,0.0,17.0,8.0,88.889,0.056,0.222,0.0,0.0,0.0,1,Finishers / All-Rounders
2022,P Simran Singh,14.0,11.0,1.0,1,2.0,5.0,0.0,0.0,0.0,16.0,14.0,127.273,0.182,0.455,0.0,0.0,0.0,1,Finishers / All-Rounders
2022,Anmolpreet Singh,13.0,13.0,2.0,2,1.0,5.0,0.0,0.0,0.0,14.0,6.5,100.0,0.077,0.385,0.0,0.0,0.0,1,Finishers / All-Rounders
2022,CV Varun,12.0,18.0,0.0,11,2.0,12.0,338.0,245.0,6.0,208.0,12.0,66.667,0.111,0.667,40.833333333333336,8.278,0.024,3,Finishers / All-Rounders
2022,M Ashwin,12.0,14.0,2.0,8,2.0,10.0,233.0,179.0,9.0,263.0,6.0,85.714,0.143,0.714,29.833333333333332,7.81,0.05,0,Finishers / All-Rounders
2022,CJ Jordan,11.0,9.0,1.0,4,0.0,2.0,136.0,79.0,2.0,73.0,11.0,122.222,0.0,0.222,13.166666666666666,10.329,0.025,0,Finishers / All-Rounders
2022,RA Bawa,11.0,14.0,2.0,2,1.0,7.0,0.0,0.0,0.0,12.0,5.5,78.571,0.071,0.5,0.0,0.0,0.0,1,Finishers / All-Rounders
2022,M Jansen,9.0,7.0,1.0,8,1.0,3.0,278.0,201.0,7.0,213.0,9.0,128.571,0.143,0.429,33.5,8.299,0.035,0,Finishers / All-Rounders
2022,S Gopal,9.0,7.0,0.0,1,2.0,4.0,34.0,18.0,1.0,40.0,9.0,128.571,0.286,0.571,3.0,11.333,0.056,3,Finishers / All-Rounders
2022,FA Allen,8.0,7.0,1.0,1,1.0,3.0,46.0,24.0,1.0,34.0,8.0,114.286,0.143,0.429,4.0,11.5,0.042,0,Finishers / All-Rounders
2022,KS Bharat,8.0,7.0,2.0,2,2.0,5.0,0.0,0.0,0.0,10.0,4.0,114.286,0.286,0.714,0.0,0.0,0.0,1,Finishers / All-Rounders
2022,OC McCoy,8.0,5.0,0.0,7,1.0,2.0,242.0,173.0,11.0,312.0,8.0,160.0,0.2,0.4,28.833333333333332,8.393,0.064,0,Finishers / All-Rounders
2022,Kartik Tyagi,7.0,6.0,2.0,2,1.0,3.0,79.0,54.0,1.0,33.0,3.5,116.667,0.167,0.5,9.0,8.778,0.019,0,Finishers / All-Rounders
2022,M Theekshana,7.0,7.0,1.0,9,1.0,4.0,267.0,212.0,12.0,340.0,7.0,100.0,0.143,0.571,35.333333333333336,7.557,0.057,0,Finishers / All-Rounders
2022,Rasikh Salam,7.0,6.0,1.0,2,1.0,4.0,28.0,24.0,0.0,12.0,7.0,116.667,0.167,0.667,4.0,7.0,0.0,0,Finishers / All-Rounders
2022,SA Abbott,7.0,5.0,1.0,1,1.0,3.0,47.0,27.0,1.0,33.0,7.0,140.0,0.2,0.6,4.5,10.444,0.037,0,Finishers / All-Rounders
2022,Simarjeet Singh,7.0,8.0,1.0,6,0.0,3.0,143.0,113.0,4.0,127.0,7.0,87.5,0.0,0.375,18.833333333333332,7.593,0.035,0,Finishers / All-Rounders
2022,M Prasidh Krishna,6.0,12.0,1.0,17,0.0,6.0,563.0,430.0,19.0,545.0,6.0,50.0,0.0,0.5,71.66666666666667,7.856,0.044,0,Finishers / All-Rounders
2022,Mukesh Choudhary,6.0,6.0,0.0,13,1.0,3.0,425.0,291.0,16.0,459.0,6.0,100.0,0.167,0.5,48.5,8.763,0.055,0,Finishers / All-Rounders
2022,RV Patel,6.0,3.0,1.0,1,1.0,2.0,0.0,0.0,0.0,7.0,6.0,200.0,0.333,0.667,0.0,0.0,0.0,1,Finishers / All-Rounders
2022,AS Joseph,5.0,7.0,1.0,9,0.0,2.0,269.0,184.0,7.0,212.0,5.0,71.429,0.0,0.286,30.666666666666668,8.772,0.038,0,Finishers / All-Rounders
2022,Aman Hakim Khan,5.0,3.0,1.0,1,1.0,1.0,13.0,6.0,0.0,6.0,5.0,166.667,0.333,0.333,1.0,13.0,0.0,1,Finishers / All-Rounders
2022,LH Ferguson,5.0,4.0,2.0,13,1.0,2.0,430.0,294.0,12.0,350.0,2.5,125.0,0.25,0.5,49.0,8.776,0.041,3,Finishers / All-Rounders
2022,VG Arora,5.0,14.0,2.0,5,0.0,8.0,164.0,109.0,3.0,92.0,2.5,35.714,0.0,0.571,18.166666666666668,9.028,0.028,0,Finishers / All-Rounders
2022,YS Chahal,5.0,8.0,1.0,17,0.0,4.0,536.0,427.0,27.0,744.0,5.0,62.5,0.0,0.5,71.16666666666667,7.532,0.063,3,Finishers / All-Rounders
2022,A Tomar,4.0,8.0,1.0,1,1.0,7.0,0.0,0.0,0.0,5.0,4.0,50.0,0.125,0.875,0.0,0.0,0.0,0,Finishers / All-Rounders
2022,Abdul Samad,4.0,7.0,2.0,2,0.0,3.0,8.0,6.0,0.0,4.0,2.0,57.143,0.0,0.429,1.0,8.0,0.0,1,Finishers / All-Rounders
2022,KS Sharma,4.0,4.0,1.0,1,1.0,3.0,0.0,0.0,0.0,5.0,4.0,100.0,0.25,0.75,0.0,0.0,0.0,1,Finishers / All-Rounders
2022,PN Mankad,4.0,1.0,0.0,1,1.0,0.0,0.0,0.0,0.0,9.0,4.0,400.0,1.0,0.0,0.0,0.0,0.0,1,Finishers / All-Rounders
2022,Umran Malik,4.0,8.0,1.0,14,0.0,4.0,455.0,312.0,22.0,606.0,4.0,50.0,0.0,0.5,52.0,8.75,0.071,0,Finishers / All-Rounders
2022,K Kartikeya,3.0,6.0,1.0,4,0.0,2.0,103.0,78.0,5.0,140.0,3.0,50.0,0.0,0.333,13.0,7.923,0.064,0,Finishers / All-Rounders
2022,Mustafizur Rahman,3.0,5.0,0.0,8,0.0,2.0,248.0,198.0,8.0,235.0,3.0,60.0,0.0,0.4,33.0,7.515,0.04,3,Finishers / All-Rounders
2022,Shivam Mavi,3.0,8.0,2.0,6,0.0,4.0,229.0,142.0,5.0,144.0,1.5,37.5,0.0,0.5,23.666666666666668,9.676,0.035,0,Finishers / All-Rounders
2022,Fazalhaq Farooqi,2.0,8.0,0.0,3,0.0,6.0,110.0,76.0,2.0,64.0,2.0,25.0,0.0,0.75,12.666666666666666,8.684,0.026,0,Finishers / All-Rounders
2022,Harshit Rana,2.0,2.0,1.0,2,0.0,1.0,52.0,31.0,1.0,31.0,2.0,100.0,0.0,0.5,5.166666666666667,10.065,0.032,0,Finishers / All-Rounders
2022,J Suchith,2.0,8.0,2.0,5,0.0,5.0,141.0,115.0,7.0,189.0,1.0,25.0,0.0,0.625,19.166666666666668,7.357,0.061,0,Finishers / All-Rounders
2022,Navdeep Saini,2.0,2.0,1.0,2,0.0,1.0,73.0,39.0,3.0,81.0,2.0,100.0,0.0,0.5,6.5,11.231,0.077,0,Finishers / All-Rounders
2022,PJ Sangwan,2.0,6.0,1.0,3,0.0,3.0,66.0,56.0,3.0,85.0,2.0,33.333,0.0,0.5,9.333333333333334,7.071,0.054,0,Finishers / All-Rounders
2022,T Stubbs,2.0,4.0,1.0,2,0.0,2.0,0.0,0.0,0.0,6.0,2.0,50.0,0.0,0.5,0.0,0.0,0.0,1,Finishers / All-Rounders
2022,TG Southee,2.0,12.0,4.0,9,0.0,10.0,284.0,218.0,14.0,372.0,0.5,16.667,0.0,0.833,36.333333333333336,7.817,0.064,3,Finishers / All-Rounders
2022,A Nortje,1.0,7.0,0.0,6,0.0,5.0,219.0,143.0,9.0,250.0,1.0,14.286,0.0,0.714,23.833333333333332,9.189,0.063,3,Finishers / All-Rounders
2022,NM Coulter-Nile,1.0,2.0,0.0,1,0.0,0.0,49.0,20.0,0.0,5.0,1.0,50.0,0.0,0.0,3.3333333333333335,14.7,0.0,3,Finishers / All-Rounders
2022,AF Milne,0.0,0.0,0.0,1,0.0,0.0,19.0,15.0,0.0,4.0,0.0,0.0,0.0,0.0,2.5,7.6,0.0,0,Finishers / All-Rounders
2022,AJ Tye,0.0,0.0,0.0,3,0.0,0.0,113.0,68.0,2.0,62.0,0.0,0.0,0.0,0.0,11.333333333333334,9.971,0.029,0,Finishers / All-Rounders
2022,AS Roy,0.0,2.0,1.0,2,0.0,2.0,55.0,42.0,1.0,29.0,0.0,0.0,0.0,1.0,7.0,7.857,0.024,0,Finishers / All-Rounders
2022,Akash Deep,0.0,2.0,1.0,5,0.0,2.0,206.0,118.0,5.0,141.0,0.0,0.0,0.0,1.0,19.666666666666668,10.475,0.042,0,Finishers / All-Rounders
2022,Basil Thampi,0.0,0.0,0.0,5,0.0,0.0,158.0,102.0,5.0,145.0,0.0,0.0,0.0,0.0,17.0,9.294,0.049,0,Finishers / All-Rounders
2022,C Sakariya,0.0,0.0,0.0,3,0.0,0.0,87.0,71.0,3.0,87.0,0.0,0.0,0.0,0.0,11.833333333333334,7.352,0.042,0,Finishers / All-Rounders
2022,DG Nalkande,0.0,0.0,0.0,2,0.0,0.0,59.0,33.0,2.0,58.0,0.0,0.0,0.0,0.0,5.5,10.727,0.061,0,Finishers / All-Rounders
2022,JJ Bumrah,0.0,9.0,1.0,14,0.0,8.0,391.0,326.0,15.0,427.0,0.0,0.0,0.0,0.889,54.333333333333336,7.196,0.046,3,Finishers / All-Rounders
2022,K Gowtham,0.0,2.0,1.0,4,0.0,1.0,101.0,72.0,5.0,137.0,0.0,0.0,0.0,0.5,12.0,8.417,0.069,1,Finishers / All-Rounders
2022,KK Ahmed,0.0,2.0,2.0,10,0.0,2.0,315.0,242.0,16.0,432.0,0.0,0.0,0.0,1.0,40.333333333333336,7.81,0.066,3,Finishers / All-Rounders
2022,KL Nagarkoti,0.0,0.0,0.0,1,0.0,0.0,29.0,13.0,0.0,4.0,0.0,0.0,0.0,0.0,2.1666666666666665,13.385,0.0,0,Finishers / All-Rounders
2022,KR Sen,0.0,3.0,0.0,7,0.0,3.0,240.0,157.0,8.0,228.0,0.0,0.0,0.0,1.0,26.166666666666668,9.172,0.051,0,Finishers / All-Rounders
2022,M Markande,0.0,0.0,0.0,2,0.0,0.0,61.0,42.0,1.0,33.0,0.0,0.0,0.0,0.0,7.0,8.714,0.024,0,Finishers / All-Rounders
2022,M Pathirana,0.0,0.0,0.0,2,0.0,0.0,56.0,48.0,2.0,58.0,0.0,0.0,0.0,0.0,8.0,7.0,0.042,0,Finishers / All-Rounders
2022,Mohammed Shami,0.0,0.0,0.0,16,0.0,0.0,490.0,377.0,20.0,564.0,0.0,0.0,0.0,0.0,62.833333333333336,7.798,0.053,3,Finishers / All-Rounders
2022,NT Ellis,0.0,2.0,1.0,2,0.0,2.0,56.0,39.0,3.0,79.0,0.0,0.0,0.0,1.0,6.5,8.615,0.077,0,Finishers / All-Rounders
2022,PH Solanki,0.0,0.0,0.0,2,0.0,0.0,39.0,36.0,2.0,58.0,0.0,0.0,0.0,0.0,6.0,6.5,0.056,0,Finishers / All-Rounders
2022,R Sai Kishore,0.0,0.0,0.0,5,0.0,0.0,122.0,98.0,6.0,170.0,0.0,0.0,0.0,0.0,16.333333333333332,7.469,0.061,0,Finishers / All-Rounders
2022,R Sanjay Yadav,0.0,2.0,1.0,1,0.0,2.0,23.0,14.0,0.0,0.0,0.0,0.0,0.0,1.0,2.3333333333333335,9.857,0.0,0,Finishers / All-Rounders
2022,RP Meredith,0.0,1.0,1.0,8,0.0,1.0,241.0,179.0,8.0,228.0,0.0,0.0,0.0,1.0,29.833333333333332,8.078,0.045,0,Finishers / All-Rounders
2022,Ravi Bishnoi,0.0,1.0,0.0,14,0.0,1.0,462.0,339.0,13.0,381.0,0.0,0.0,0.0,1.0,56.5,8.177,0.038,0,Finishers / All-Rounders
2022,S Kaul,0.0,0.0,0.0,1,0.0,0.0,43.0,24.0,0.0,4.0,0.0,0.0,0.0,0.0,4.0,10.75,0.0,3,Finishers / All-Rounders
2022,Sandeep Sharma,0.0,0.0,0.0,5,0.0,0.0,156.0,125.0,2.0,70.0,0.0,0.0,0.0,0.0,20.833333333333332,7.488,0.016,3,Finishers / All-Rounders
2022,T Natarajan,0.0,0.0,0.0,11,0.0,0.0,410.0,270.0,18.0,494.0,0.0,0.0,0.0,0.0,45.0,9.111,0.067,3,Finishers / All-Rounders
2022,TS Mills,0.0,3.0,1.0,5,0.0,3.0,192.0,107.0,6.0,166.0,0.0,0.0,0.0,1.0,17.833333333333332,10.766,0.056,0,Finishers / All-Rounders
2022,TU Deshpande,0.0,0.0,0.0,2,0.0,0.0,67.0,43.0,1.0,33.0,0.0,0.0,0.0,0.0,7.166666666666667,9.349,0.023,0,Finishers / All-Rounders
2022,VR Aaron,0.0,0.0,0.0,2,0.0,0.0,53.0,33.0,2.0,58.0,0.0,0.0,0.0,0.0,5.5,9.636,0.061,0,Finishers / All-Rounders
2022,Yash Dayal,0.0,1.0,1.0,9,0.0,1.0,293.0,203.0,11.0,307.0,0.0,0.0,0.0,1.0,33.833333333333336,8.66,0.054,0,Finishers / All-Rounders
2023,Shubman Gill,890.0,582.0,16.0,17,118.0,144.0,0.0,0.0,0.0,1016.0,55.625,152.921,0.203,0.247,0.0,0.0,0.0,2,Power Hitters
2023,F du Plessis,730.0,483.0,13.0,14,96.0,124.0,0.0,0.0,0.0,830.0,56.154,151.139,0.199,0.257,0.0,0.0,0.0,2,Power Hitters
2023,DP Conway,672.0,493.0,14.0,15,95.0,152.0,0.0,0.0,0.0,771.0,48.0,136.308,0.193,0.308,0.0,0.0,0.0,1,Finishers / All-Rounders
2023,V Kohli,639.0,473.0,12.0,14,81.0,127.0,0.0,0.0,0.0,728.0,53.25,135.095,0.171,0.268,0.0,0.0,0.0,2,Power Hitters
2023,YBK Jaiswal,625.0,397.0,12.0,14,109.0,144.0,0.0,0.0,0.0,742.0,52.083,157.431,0.275,0.363,0.0,0.0,0.0,2,Power Hitters
2023,SA Yadav,605.0,340.0,14.0,16,93.0,89.0,0.0,0.0,0.0,706.0,43.214,177.941,0.274,0.262,0.0,0.0,0.0,2,Power Hitters
2023,RD Gaikwad,590.0,411.0,13.0,15,76.0,128.0,0.0,0.0,0.0,674.0,45.385,143.552,0.185,0.311,0.0,0.0,0.0,2,Power Hitters
2023,DA Warner,516.0,406.0,13.0,14,79.0,153.0,0.0,0.0,0.0,599.0,39.692,127.094,0.195,0.377,0.0,0.0,0.0,2,Power Hitters
2023,RK Singh,474.0,333.0,8.0,14,60.0,97.0,0.0,0.0,0.0,558.0,59.25,142.342,0.18,0.291,0.0,0.0,0.0,1,Finishers / All-Rounders
2023,Ishan Kishan,454.0,325.0,15.0,15,72.0,126.0,0.0,0.0,0.0,526.0,30.267,139.692,0.222,0.388,0.0,0.0,0.0,2,Power Hitters
2023,C Green,452.0,287.0,10.0,16,62.0,76.0,369.0,238.0,7.0,713.0,45.2,157.491,0.216,0.265,39.666666666666664,9.303,0.029,1,Finishers / All-Rounders
2023,H Klaasen,448.0,262.0,9.0,11,57.0,48.0,0.0,0.0,0.0,513.0,49.778,170.992,0.218,0.183,0.0,0.0,0.0,1,Finishers / All-Rounders
2023,S Dube,418.0,277.0,11.0,14,47.0,74.0,0.0,0.0,0.0,477.0,38.0,150.903,0.17,0.267,0.0,0.0,0.0,1,Finishers / All-Rounders
2023,N Rana,413.0,303.0,13.0,14,59.0,105.0,75.0,54.0,3.0,551.0,31.769,136.304,0.195,0.347,9.0,8.333,0.056,2,Power Hitters
2023,MP Stoinis,408.0,281.0,14.0,15,55.0,93.0,101.0,69.0,5.0,592.0,29.143,145.196,0.196,0.331,11.5,8.783,0.072,2,Power Hitters
2023,VR Iyer,404.0,288.0,14.0,14,53.0,86.0,0.0,0.0,0.0,457.0,28.857,140.278,0.184,0.299,0.0,0.0,0.0,1,Finishers / All-Rounders
2023,GJ Maxwell,400.0,225.0,12.0,14,60.0,68.0,95.0,64.0,3.0,543.0,33.333,177.778,0.267,0.302,10.666666666666666,8.906,0.047,2,Power Hitters
2023,JC Buttler,392.0,298.0,15.0,14,56.0,99.0,0.0,0.0,0.0,448.0,26.133,131.544,0.188,0.332,0.0,0.0,0.0,2,Power Hitters
2023,KR Mayers,379.0,276.0,13.0,13,60.0,119.0,59.0,46.0,0.0,439.0,29.154,137.319,0.217,0.431,7.666666666666667,7.696,0.0,1,Finishers / All-Rounders
2023,S Dhawan,373.0,275.0,10.0,11,61.0,102.0,0.0,0.0,0.0,438.0,37.3,135.636,0.222,0.371,0.0,0.0,0.0,2,Power Hitters
2023,WP Saha,371.0,297.0,16.0,17,55.0,108.0,0.0,0.0,0.0,430.0,23.188,124.916,0.185,0.364,0.0,0.0,0.0,2,Power Hitters
2023,B Sai Sudharsan,362.0,264.0,6.0,8,45.0,72.0,0.0,0.0,0.0,415.0,60.333,137.121,0.17,0.273,0.0,0.0,0.0,1,Finishers / All-Rounders
2023,SV Samson,362.0,240.0,12.0,14,49.0,79.0,0.0,0.0,0.0,423.0,30.167,150.833,0.204,0.329,0.0,0.0,0.0,2,Power Hitters
2023,N Pooran,358.0,217.0,11.0,15,52.0,66.0,0.0,0.0,0.0,426.0,32.545,164.977,0.24,0.304,0.0,0.0,0.0,1,Finishers / All-Rounders
2023,P Simran Singh,358.0,245.0,15.0,14,57.0,100.0,0.0,0.0,0.0,415.0,23.867,146.122,0.233,0.408,0.0,0.0,0.0,1,Finishers / All-Rounders
2023,HH Pandya,346.0,254.0,11.0,15,41.0,77.0,240.0,155.0,3.0,478.0,31.455,136.22,0.161,0.303,25.833333333333332,9.29,0.019,2,Power Hitters
2023,Tilak Varma,343.0,226.0,8.0,11,49.0,70.0,7.0,7.0,0.0,404.0,42.875,151.77,0.217,0.31,1.1666666666666667,6.0,0.0,1,Finishers / All-Rounders
2023,RG Sharma,332.0,258.0,16.0,16,52.0,110.0,0.0,0.0,0.0,384.0,20.75,128.682,0.202,0.426,0.0,0.0,0.0,2,Power Hitters
2023,AM Rahane,326.0,193.0,10.0,11,40.0,36.0,0.0,0.0,0.0,370.0,32.6,168.912,0.207,0.187,0.0,0.0,0.0,2,Power Hitters
2023,JM Sharma,309.0,205.0,13.0,14,43.0,70.0,0.0,0.0,0.0,356.0,23.769,150.732,0.21,0.341,0.0,0.0,0.0,1,Finishers / All-Rounders
2023,V Shankar,301.0,199.0,8.0,10,42.0,52.0,0.0,0.0,0.0,351.0,37.625,151.256,0.211,0.261,0.0,0.0,0.0,1,Finishers / All-Rounders
2023,SO Hetmyer,299.0,205.0,9.0,13,35.0,62.0,0.0,0.0,0.0,354.0,33.222,145.854,0.171,0.302,0.0,0.0,0.0,1,Finishers / All-Rounders
2023,JJ Roy,285.0,196.0,8.0,8,48.0,73.0,0.0,0.0,0.0,333.0,35.625,145.408,0.245,0.372,0.0,0.0,0.0,1,Finishers / All-Rounders
2023,AR Patel,283.0,216.0,10.0,14,36.0,67.0,344.0,288.0,11.0,610.0,28.3,131.019,0.167,0.31,48.0,7.167,0.038,3,Finishers / All-Rounders
2023,LS Livingstone,279.0,175.0,9.0,9,39.0,51.0,94.0,42.0,2.0,372.0,31.0,159.429,0.223,0.291,7.0,13.429,0.048,1,Finishers / All-Rounders
2023,SM Curran,276.0,213.0,10.0,14,33.0,67.0,496.0,298.0,10.0,575.0,27.6,129.577,0.155,0.315,49.666666666666664,9.987,0.034,3,Finishers / All-Rounders
2023,KL Rahul,274.0,247.0,8.0,9,32.0,88.0,0.0,0.0,0.0,310.0,34.25,110.931,0.13,0.356,0.0,0.0,0.0,2,Power Hitters
2023,RA Tripathi,273.0,217.0,12.0,13,39.0,83.0,0.0,0.0,0.0,316.0,22.75,125.806,0.18,0.382,0.0,0.0,0.0,2,Power Hitters
2023,MA Agarwal,270.0,219.0,10.0,10,35.0,65.0,0.0,0.0,0.0,305.0,27.0,123.288,0.16,0.297,0.0,0.0,0.0,2,Power Hitters
2023,D Padikkal,261.0,206.0,11.0,11,37.0,69.0,0.0,0.0,0.0,298.0,23.727,126.699,0.18,0.335,0.0,0.0,0.0,1,Finishers / All-Rounders
2023,DA Miller,259.0,184.0,8.0,13,31.0,43.0,0.0,0.0,0.0,310.0,32.375,140.761,0.168,0.234,0.0,0.0,0.0,2,Power Hitters
2023,AK Markram,248.0,200.0,11.0,13,26.0,57.0,71.0,49.0,1.0,307.0,22.545,124.0,0.13,0.285,8.166666666666666,8.694,0.02,1,Finishers / All-Rounders
2023,N Wadhera,241.0,171.0,9.0,10,35.0,59.0,0.0,0.0,0.0,280.0,26.778,140.936,0.205,0.345,0.0,0.0,0.0,1,Finishers / All-Rounders
2023,A Badoni,238.0,186.0,9.0,12,25.0,52.0,0.0,1.0,0.0,275.0,26.444,127.957,0.134,0.28,0.16666666666666666,0.0,0.0,1,Finishers / All-Rounders
2023,TH David,231.0,155.0,8.0,15,27.0,38.0,0.0,0.0,0.0,286.0,28.875,149.032,0.174,0.245,0.0,0.0,0.0,1,Finishers / All-Rounders
2023,AD Russell,227.0,162.0,12.0,14,31.0,67.0,173.0,99.0,7.0,441.0,18.917,140.123,0.191,0.414,16.5,10.485,0.071,3,Finishers / All-Rounders
2023,Rahmanullah Gurbaz,227.0,178.0,11.0,11,32.0,76.0,0.0,0.0,0.0,259.0,20.636,127.528,0.18,0.427,0.0,0.0,0.0,1,Finishers / All-Rounders
2023,Abhishek Sharma,226.0,166.0,11.0,11,34.0,53.0,127.0,75.0,2.0,310.0,20.545,136.145,0.205,0.319,12.5,10.16,0.027,1,Finishers / All-Rounders
2023,PD Salt,218.0,135.0,8.0,9,34.0,42.0,0.0,0.0,0.0,256.0,27.25,161.481,0.252,0.311,0.0,0.0,0.0,1,Finishers / All-Rounders
2023,RR Rossouw,209.0,148.0,7.0,9,28.0,51.0,0.0,0.0,0.0,245.0,29.857,141.216,0.189,0.345,0.0,0.0,0.0,1,Finishers / All-Rounders
2023,HC Brook,190.0,159.0,9.0,11,27.0,64.0,0.0,0.0,0.0,225.0,21.111,119.497,0.17,0.403,0.0,0.0,0.0,1,Finishers / All-Rounders
2023,RA Jadeja,190.0,138.0,8.0,16,20.0,29.0,432.0,348.0,20.0,742.0,23.75,137.681,0.145,0.21,58.0,7.448,0.057,3,Finishers / All-Rounders
2023,KH Pandya,188.0,172.0,11.0,15,21.0,66.0,320.0,253.0,9.0,450.0,17.091,109.302,0.122,0.384,42.166666666666664,7.589,0.036,3,Finishers / All-Rounders
2023,Atharva Taide,186.0,136.0,6.0,7,26.0,43.0,0.0,0.0,0.0,216.0,31.0,136.765,0.191,0.316,0.0,0.0,0.0,1,Finishers / All-Rounders
2023,Abdul Samad,169.0,131.0,5.0,8,21.0,47.0,0.0,0.0,0.0,202.0,33.8,129.008,0.16,0.359,0.0,0.0,0.0,1,Finishers / All-Rounders
2023,MK Pandey,160.0,149.0,10.0,9,18.0,54.0,0.0,0.0,0.0,178.0,16.0,107.383,0.121,0.362,0.0,0.0,0.0,2,Power Hitters
2023,AT Rayudu,158.0,115.0,10.0,12,19.0,36.0,0.0,0.0,0.0,185.0,15.8,137.391,0.165,0.313,0.0,0.0,0.0,2,Power Hitters
2023,M Shahrukh Khan,156.0,100.0,7.0,12,22.0,28.0,0.0,0.0,0.0,198.0,22.286,156.0,0.22,0.28,0.0,0.0,0.0,1,Finishers / All-Rounders
2023,Dhruv Jurel,152.0,93.0,6.0,11,20.0,20.0,0.0,0.0,0.0,192.0,25.333,163.441,0.215,0.215,0.0,0.0,0.0,1,Finishers / All-Rounders
2023,Q de Kock,143.0,103.0,4.0,4,18.0,31.0,0.0,0.0,0.0,161.0,35.75,138.835,0.175,0.301,0.0,0.0,0.0,2,Power Hitters
2023,KD Karthik,140.0,106.0,12.0,13,18.0,34.0,0.0,0.0,0.0,166.0,11.667,132.075,0.17,0.321,0.0,0.0,0.0,2,Power Hitters
2023,Sikandar Raza,139.0,104.0,5.0,7,16.0,35.0,124.0,76.0,3.0,238.0,27.8,133.654,0.154,0.337,12.666666666666666,9.789,0.039,1,Finishers / All-Rounders
2023,MK Lomror,135.0,101.0,8.0,10,17.0,28.0,16.0,11.0,0.0,160.0,16.875,133.663,0.168,0.277,1.8333333333333333,8.727,0.0,1,Finishers / All-Rounders
2023,Rashid Khan,130.0,66.0,4.0,17,21.0,22.0,557.0,406.0,27.0,878.0,32.5,196.97,0.318,0.333,67.66666666666667,8.232,0.067,3,Finishers / All-Rounders
2023,MR Marsh,128.0,97.0,8.0,9,18.0,40.0,172.0,132.0,12.0,450.0,16.0,131.959,0.186,0.412,22.0,7.818,0.091,1,Finishers / All-Rounders
2023,MM Ali,124.0,92.0,7.0,13,18.0,34.0,198.0,157.0,9.0,391.0,17.714,134.783,0.196,0.37,26.166666666666668,7.567,0.057,1,Finishers / All-Rounders
2023,MW Short,117.0,99.0,6.0,6,19.0,43.0,25.0,25.0,0.0,136.0,19.5,118.182,0.192,0.434,4.166666666666667,6.0,0.0,1,Finishers / All-Rounders
2023,A Manohar,114.0,86.0,6.0,6,13.0,25.0,0.0,0.0,0.0,127.0,19.0,132.558,0.151,0.291,0.0,0.0,0.0,1,Finishers / All-Rounders
2023,SN Thakur,113.0,72.0,8.0,10,17.0,20.0,222.0,132.0,7.0,313.0,14.125,156.944,0.236,0.278,22.0,10.091,0.053,3,Finishers / All-Rounders
2023,Aman Hakim Khan,110.0,106.0,8.0,9,13.0,47.0,0.0,0.0,0.0,127.0,13.75,103.774,0.123,0.443,0.0,0.0,0.0,1,Finishers / All-Rounders
2023,PP Shaw,106.0,90.0,8.0,8,17.0,36.0,0.0,0.0,0.0,123.0,13.25,117.778,0.189,0.4,0.0,0.0,0.0,1,Finishers / All-Rounders
2023,Anmolpreet Singh,105.0,83.0,4.0,4,17.0,35.0,0.0,0.0,0.0,122.0,26.25,126.506,0.205,0.422,0.0,0.0,0.0,1,Finishers / All-Rounders
2023,MS Dhoni,104.0,63.0,4.0,12,13.0,14.0,0.0,0.0,0.0,149.0,26.0,165.079,0.206,0.222,0.0,0.0,0.0,2,Power Hitters
2023,PN Mankad,93.0,74.0,3.0,4,14.0,28.0,0.0,0.0,0.0,111.0,31.0,125.676,0.189,0.378,0.0,0.0,0.0,1,Finishers / All-Rounders
2023,Anuj Rawat,91.0,72.0,3.0,7,10.0,23.0,0.0,0.0,0.0,117.0,30.333,126.389,0.139,0.319,0.0,0.0,0.0,1,Finishers / All-Rounders
2023,N Jagadeesan,89.0,84.0,6.0,6,15.0,42.0,0.0,0.0,0.0,104.0,14.833,105.952,0.179,0.5,0.0,0.0,0.0,1,Finishers / All-Rounders
2023,R Tewatia,87.0,61.0,4.0,10,10.0,16.0,15.0,14.0,0.0,121.0,21.75,142.623,0.164,0.262,2.3333333333333335,6.429,0.0,1,Finishers / All-Rounders
2023,DJ Hooda,84.0,93.0,11.0,12,5.0,32.0,8.0,6.0,0.0,97.0,7.636,90.323,0.054,0.344,1.0,8.0,0.0,1,Finishers / All-Rounders
2023,R Parag,78.0,68.0,6.0,7,9.0,25.0,0.0,0.0,0.0,91.0,13.0,114.706,0.132,0.368,0.0,0.0,0.0,1,Finishers / All-Rounders
2023,Harpreet Singh,76.0,59.0,2.0,3,11.0,23.0,0.0,0.0,0.0,91.0,38.0,128.814,0.186,0.39,0.0,0.0,0.0,1,Finishers / All-Rounders
2023,PBB Rajapaksa,71.0,64.0,3.0,4,8.0,22.0,0.0,0.0,0.0,83.0,23.667,110.938,0.125,0.344,0.0,0.0,0.0,1,Finishers / All-Rounders
2023,Vivrant Sharma,69.0,49.0,1.0,2,11.0,14.0,37.0,21.0,0.0,84.0,69.0,140.816,0.224,0.286,3.5,10.571,0.0,1,Finishers / All-Rounders
2023,R Ashwin,67.0,55.0,5.0,13,8.0,18.0,370.0,309.0,15.0,482.0,13.4,121.818,0.145,0.327,51.5,7.184,0.049,3,Finishers / All-Rounders
2023,Lalit Yadav,66.0,62.0,5.0,6,8.0,20.0,120.0,81.0,2.0,128.0,13.2,106.452,0.129,0.323,13.5,8.889,0.025,1,Finishers / All-Rounders
2023,K Gowtham,61.0,44.0,4.0,7,7.0,10.0,118.0,100.0,3.0,155.0,15.25,138.636,0.159,0.227,16.666666666666668,7.08,0.03,1,Finishers / All-Rounders
2023,Washington Sundar,60.0,62.0,3.0,7,6.0,20.0,146.0,106.0,3.0,157.0,20.0,96.774,0.097,0.323,17.666666666666668,8.264,0.028,0,Finishers / All-Rounders
2023,MG Bracewell,58.0,49.0,2.0,5,7.0,12.0,95.0,66.0,6.0,227.0,29.0,118.367,0.143,0.245,11.0,8.636,0.091,1,Finishers / All-Rounders
2023,SN Khan,53.0,62.0,4.0,4,5.0,27.0,0.0,0.0,0.0,58.0,13.25,85.484,0.081,0.435,0.0,0.0,0.0,1,Finishers / All-Rounders
2023,Harpreet Brar,52.0,42.0,7.0,11,7.0,14.0,219.0,166.0,9.0,300.0,7.429,123.81,0.167,0.333,27.666666666666668,7.916,0.054,1,Finishers / All-Rounders
2023,RV Patel,49.0,44.0,3.0,4,4.0,9.0,0.0,0.0,0.0,57.0,16.333,111.364,0.091,0.205,0.0,0.0,0.0,1,Finishers / All-Rounders
2023,B Kumar,42.0,49.0,3.0,14,4.0,19.0,431.0,316.0,16.0,490.0,14.0,85.714,0.082,0.388,52.666666666666664,8.184,0.051,3,Finishers / All-Rounders
2023,Shahbaz Ahmed,42.0,41.0,4.0,8,4.0,10.0,95.0,42.0,1.0,87.0,10.5,102.439,0.098,0.244,7.0,13.571,0.024,1,Finishers / All-Rounders
2023,GD Phillips,39.0,22.0,5.0,5,6.0,10.0,20.0,18.0,1.0,70.0,7.8,177.273,0.273,0.455,3.0,6.667,0.056,1,Finishers / All-Rounders
2023,M Jansen,39.0,45.0,4.0,8,4.0,15.0,273.0,178.0,10.0,309.0,9.75,86.667,0.089,0.333,29.666666666666668,9.202,0.056,0,Finishers / All-Rounders
2023,A Nortje,37.0,29.0,2.0,10,6.0,9.0,370.0,250.0,10.0,325.0,18.5,127.586,0.207,0.31,41.666666666666664,8.88,0.04,3,Finishers / All-Rounders
2023,Vishnu Vinod,37.0,32.0,3.0,3,4.0,10.0,0.0,0.0,0.0,41.0,12.333,115.625,0.125,0.312,0.0,0.0,0.0,1,Finishers / All-Rounders
2023,DJ Willey,35.0,32.0,0.0,4,4.0,11.0,106.0,93.0,3.0,130.0,35.0,109.375,0.125,0.344,15.5,6.839,0.032,0,Finishers / All-Rounders
2023,SS Prabhudessai,35.0,32.0,3.0,4,3.0,12.0,0.0,0.0,0.0,42.0,11.667,109.375,0.094,0.375,0.0,0.0,0.0,1,Finishers / All-Rounders
2023,Abishek Porel,33.0,31.0,4.0,4,3.0,11.0,0.0,0.0,0.0,36.0,8.25,106.452,0.097,0.355,0.0,0.0,0.0,1,Finishers / All-Rounders
2023,PWH de Silva,33.0,30.0,3.0,8,3.0,8.0,259.0,175.0,9.0,281.0,11.0,110.0,0.1,0.267,29.166666666666668,8.88,0.051,0,Finishers / All-Rounders
2023,Kuldeep Yadav,31.0,50.0,3.0,14,2.0,25.0,366.0,300.0,10.0,327.0,10.333,62.0,0.04,0.5,50.0,7.32,0.033,3,Finishers / All-Rounders
2023,MD Shanaka,26.0,26.0,2.0,3,3.0,12.0,0.0,0.0,0.0,33.0,13.0,100.0,0.115,0.462,0.0,0.0,0.0,1,Finishers / All-Rounders
2023,PP Chawla,25.0,22.0,2.0,16,2.0,6.0,499.0,370.0,22.0,633.0,12.5,113.636,0.091,0.273,61.666666666666664,8.092,0.059,3,Finishers / All-Rounders
2023,T Stubbs,25.0,31.0,2.0,2,2.0,14.0,14.0,12.0,1.0,52.0,12.5,80.645,0.065,0.452,2.0,7.0,0.083,1,Finishers / All-Rounders
2023,AS Roy,23.0,19.0,2.0,4,3.0,7.0,65.0,51.0,3.0,109.0,11.5,121.053,0.158,0.368,8.5,7.647,0.059,0,Finishers / All-Rounders
2023,HR Shokeen,23.0,19.0,1.0,8,4.0,5.0,190.0,119.0,3.0,130.0,23.0,121.053,0.211,0.263,19.833333333333332,9.58,0.025,1,Finishers / All-Rounders
2023,AU Rashid,22.0,17.0,2.0,2,3.0,7.0,56.0,42.0,2.0,75.0,11.0,129.412,0.176,0.412,7.0,8.0,0.048,0,Finishers / All-Rounders
2023,PK Garg,22.0,23.0,3.0,2,1.0,8.0,0.0,0.0,0.0,23.0,7.333,95.652,0.043,0.348,0.0,0.0,0.0,1,Finishers / All-Rounders
2023,D Wiese,21.0,11.0,1.0,3,3.0,4.0,38.0,18.0,0.0,32.0,21.0,190.909,0.273,0.364,3.0,12.667,0.0,1,Finishers / All-Rounders
2023,M Markande,21.0,14.0,0.0,10,3.0,3.0,300.0,230.0,12.0,364.0,21.0,150.0,0.214,0.214,38.333333333333336,7.826,0.052,0,Finishers / All-Rounders
2023,SP Narine,21.0,28.0,7.0,14,3.0,14.0,389.0,296.0,11.0,327.0,3.0,75.0,0.107,0.5,49.333333333333336,7.885,0.037,3,Finishers / All-Rounders
2023,R Dhawan,20.0,12.0,1.0,5,2.0,3.0,64.0,42.0,1.0,63.0,20.0,166.667,0.167,0.25,7.0,9.143,0.024,1,Finishers / All-Rounders
2023,Ravi Bishnoi,20.0,28.0,3.0,14,1.0,13.0,394.0,311.0,16.0,465.0,6.667,71.429,0.036,0.464,51.833333333333336,7.601,0.051,0,Finishers / All-Rounders
2023,A Mishra,19.0,30.0,1.0,7,2.0,17.0,151.0,115.0,7.0,220.0,19.0,63.333,0.067,0.567,19.166666666666668,7.878,0.061,3,Finishers / All-Rounders
2023,UT Yadav,19.0,20.0,2.0,8,1.0,6.0,190.0,116.0,1.0,69.0,9.5,95.0,0.05,0.3,19.333333333333332,9.828,0.009,3,Finishers / All-Rounders
2023,Umran Malik,19.0,8.0,0.0,8,3.0,3.0,219.0,123.0,5.0,179.0,19.0,237.5,0.375,0.375,20.5,10.683,0.041,0,Finishers / All-Rounders
2023,Arshad Khan,18.0,15.0,2.0,6,1.0,4.0,192.0,97.0,5.0,160.0,9.0,120.0,0.067,0.267,16.166666666666668,11.876,0.052,1,Finishers / All-Rounders
2023,Akash Deep,17.0,8.0,1.0,2,3.0,2.0,63.0,33.0,1.0,49.0,17.0,212.5,0.375,0.25,5.5,11.455,0.03,0,Finishers / All-Rounders
2023,AJ Hosein,16.0,11.0,0.0,1,2.0,3.0,41.0,24.0,1.0,47.0,16.0,145.455,0.182,0.273,4.0,10.25,0.042,1,Finishers / All-Rounders
2023,Naveen-ul-Haq,16.0,22.0,2.0,7,2.0,8.0,227.0,175.0,11.0,313.0,8.0,72.727,0.091,0.364,29.166666666666668,7.783,0.063,0,Finishers / All-Rounders
2023,P Dubey,16.0,20.0,1.0,1,2.0,10.0,19.0,19.0,1.0,43.0,16.0,80.0,0.1,0.5,3.1666666666666665,6.0,0.053,1,Finishers / All-Rounders
2023,TA Boult,16.0,17.0,1.0,10,2.0,6.0,316.0,235.0,13.0,379.0,16.0,94.118,0.118,0.353,39.166666666666664,8.068,0.055,3,Finishers / All-Rounders
2023,YV Dhull,16.0,23.0,3.0,3,1.0,10.0,0.0,0.0,0.0,17.0,5.333,69.565,0.043,0.435,0.0,0.0,0.0,1,Finishers / All-Rounders
2023,BA Stokes,15.0,15.0,2.0,2,2.0,5.0,18.0,6.0,0.0,17.0,7.5,100.0,0.133,0.333,1.0,18.0,0.0,1,Finishers / All-Rounders
2023,Mandeep Singh,14.0,16.0,3.0,3,1.0,8.0,0.0,0.0,0.0,15.0,4.667,87.5,0.062,0.5,0.0,0.0,0.0,2,Power Hitters
2023,Arjun Tendulkar,13.0,9.0,1.0,4,1.0,2.0,94.0,67.0,3.0,101.0,13.0,144.444,0.111,0.222,11.166666666666666,8.418,0.045,0,Finishers / All-Rounders
2023,Vijaykumar Vyshak,13.0,10.0,1.0,7,1.0,2.0,253.0,151.0,9.0,263.0,13.0,130.0,0.1,0.2,25.166666666666668,10.053,0.06,0,Finishers / All-Rounders
2023,JO Holder,12.0,12.0,2.0,8,1.0,4.0,290.0,176.0,4.0,137.0,6.0,100.0,0.083,0.333,29.333333333333332,9.886,0.023,3,Finishers / All-Rounders
2023,KM Jadhav,12.0,10.0,0.0,1,1.0,3.0,0.0,0.0,0.0,17.0,12.0,120.0,0.1,0.3,0.0,0.0,0.0,1,Finishers / All-Rounders
2023,KS Sharma,12.0,21.0,2.0,2,0.0,9.0,0.0,0.0,0.0,12.0,6.0,57.143,0.0,0.429,0.0,0.0,0.0,1,Finishers / All-Rounders
2023,MA Wood,11.0,5.0,1.0,4,2.0,2.0,142.0,102.0,11.0,300.0,11.0,220.0,0.4,0.4,17.0,8.353,0.108,0,Finishers / All-Rounders
2023,Sanvir Singh,11.0,9.0,1.0,2,2.0,5.0,0.0,0.0,0.0,17.0,11.0,122.222,0.222,0.556,0.0,0.0,0.0,1,Finishers / All-Rounders
2023,A Zampa,10.0,17.0,3.0,6,0.0,6.0,189.0,132.0,8.0,222.0,3.333,58.824,0.0,0.353,22.0,8.591,0.061,0,Finishers / All-Rounders
2023,JE Root,10.0,15.0,1.0,2,1.0,8.0,15.0,12.0,0.0,15.0,10.0,66.667,0.067,0.533,2.0,7.5,0.0,0,Finishers / All-Rounders
2023,M Vohra,10.0,11.0,1.0,1,1.0,4.0,0.0,0.0,0.0,11.0,10.0,90.909,0.091,0.364,0.0,0.0,0.0,1,Finishers / All-Rounders
2023,JD Unadkat,9.0,7.0,1.0,3,1.0,1.0,91.0,51.0,0.0,18.0,9.0,128.571,0.143,0.143,8.5,10.706,0.0,3,Finishers / All-Rounders
2023,Noor Ahmad,8.0,9.0,2.0,13,1.0,4.0,375.0,299.0,16.0,453.0,4.0,88.889,0.111,0.444,49.833333333333336,7.525,0.054,0,Finishers / All-Rounders
2023,AS Joseph,7.0,12.0,0.0,7,1.0,7.0,226.0,150.0,7.0,211.0,7.0,58.333,0.083,0.583,25.0,9.04,0.047,0,Finishers / All-Rounders
2023,Mukesh Kumar,7.0,10.0,0.0,10,0.0,2.0,327.0,196.0,8.0,247.0,7.0,70.0,0.0,0.2,32.666666666666664,10.01,0.041,0,Finishers / All-Rounders
2023,R Powell,7.0,9.0,3.0,3,1.0,6.0,18.0,14.0,1.0,33.0,2.333,77.778,0.111,0.667,2.3333333333333335,7.714,0.071,1,Finishers / All-Rounders
2023,CJ Jordan,6.0,13.0,2.0,6,0.0,6.0,241.0,140.0,3.0,97.0,3.0,46.154,0.0,0.462,23.333333333333332,10.329,0.021,0,Finishers / All-Rounders
2023,HV Patel,6.0,6.0,2.0,13,1.0,4.0,467.0,301.0,14.0,401.0,3.0,100.0,0.167,0.667,50.166666666666664,9.309,0.047,3,Finishers / All-Rounders
2023,JP Behrendorff,6.0,9.0,0.0,12,0.0,3.0,394.0,259.0,14.0,404.0,6.0,66.667,0.0,0.333,43.166666666666664,9.127,0.054,0,Finishers / All-Rounders
2023,K Kartikeya,6.0,7.0,1.0,8,1.0,3.0,231.0,163.0,5.0,160.0,6.0,85.714,0.143,0.429,27.166666666666668,8.503,0.031,0,Finishers / All-Rounders
2023,Mohammed Shami,5.0,8.0,2.0,17,1.0,4.0,532.0,403.0,28.0,766.0,2.5,62.5,0.125,0.5,67.16666666666667,7.921,0.069,3,Finishers / All-Rounders
2023,C Sakariya,4.0,6.0,1.0,2,1.0,5.0,89.0,55.0,3.0,84.0,4.0,66.667,0.167,0.833,9.166666666666666,9.709,0.055,0,Finishers / All-Rounders
2023,JC Archer,4.0,4.0,0.0,5,0.0,1.0,202.0,129.0,2.0,74.0,4.0,100.0,0.0,0.25,21.5,9.395,0.016,0,Finishers / All-Rounders
2023,Liton Das,4.0,4.0,1.0,1,1.0,3.0,0.0,0.0,0.0,5.0,4.0,100.0,0.25,0.75,0.0,0.0,0.0,1,Finishers / All-Rounders
2023,KV Sharma,3.0,5.0,2.0,7,0.0,3.0,228.0,131.0,10.0,273.0,1.5,60.0,0.0,0.6,21.833333333333332,10.443,0.076,3,Finishers / All-Rounders
2023,VG Arora,3.0,2.0,0.0,5,0.0,0.0,149.0,107.0,5.0,148.0,3.0,150.0,0.0,0.0,17.833333333333332,8.355,0.047,0,Finishers / All-Rounders
2023,Arshdeep Singh,2.0,2.0,0.0,14,0.0,1.0,497.0,323.0,17.0,483.0,2.0,100.0,0.0,0.5,53.833333333333336,9.232,0.053,3,Finishers / All-Rounders
2023,MJ Santner,2.0,4.0,0.0,3,0.0,1.0,82.0,72.0,3.0,89.0,2.0,50.0,0.0,0.25,12.0,6.833,0.042,0,Finishers / All-Rounders
2023,Sandeep Sharma,2.0,7.0,0.0,12,0.0,4.0,395.0,285.0,10.0,300.0,2.0,28.571,0.0,0.571,47.5,8.316,0.035,3,Finishers / All-Rounders
2023,Swapnil Singh,2.0,4.0,0.0,2,0.0,2.0,18.0,12.0,0.0,10.0,2.0,50.0,0.0,0.5,2.0,9.0,0.0,0,Finishers / All-Rounders
2023,WD Parnell,2.0,6.0,1.0,7,0.0,3.0,237.0,157.0,9.0,251.0,2.0,33.333,0.0,0.5,26.166666666666668,9.057,0.057,0,Finishers / All-Rounders
2023,Abdul Basith,1.0,1.0,0.0,1,0.0,0.0,0.0,0.0,0.0,5.0,1.0,100.0,0.0,0.0,0.0,0.0,0.0,1,Finishers / All-Rounders
2023,CV Varun,1.0,11.0,0.0,14,0.0,8.0,445.0,323.0,20.0,557.0,1.0,9.091,0.0,0.727,53.833333333333336,8.266,0.062,3,Finishers / All-Rounders
2023,DL Chahar,1.0,2.0,0.0,10,0.0,1.0,302.0,215.0,13.0,366.0,1.0,50.0,0.0,0.5,35.833333333333336,8.428,0.06,3,Finishers / All-Rounders
2023,Fazalhaq Farooqi,1.0,5.0,0.0,4,0.0,4.0,119.0,86.0,4.0,117.0,1.0,20.0,0.0,0.8,14.333333333333334,8.302,0.047,0,Finishers / All-Rounders
2023,I Sharma,1.0,1.0,0.0,8,0.0,0.0,210.0,157.0,10.0,283.0,1.0,100.0,0.0,0.0,26.166666666666668,8.025,0.064,3,Finishers / All-Rounders
2023,JR Hazlewood,1.0,2.0,0.0,3,0.0,1.0,76.0,57.0,3.0,88.0,1.0,50.0,0.0,0.5,9.5,8.0,0.053,0,Finishers / All-Rounders
2023,Mohammed Siraj,1.0,2.0,1.0,14,0.0,1.0,395.0,328.0,19.0,528.0,1.0,50.0,0.0,0.5,54.666666666666664,7.226,0.058,3,Finishers / All-Rounders
2023,Mohit Rathee,1.0,2.0,0.0,1,0.0,1.0,29.0,12.0,0.0,5.0,1.0,50.0,0.0,0.5,2.0,14.5,0.0,0,Finishers / All-Rounders
2023,Mustafizur Rahman,1.0,1.0,0.0,2,0.0,0.0,79.0,42.0,1.0,34.0,1.0,100.0,0.0,0.0,7.0,11.286,0.024,3,Finishers / All-Rounders
2023,NT Ellis,1.0,7.0,2.0,10,0.0,6.0,342.0,233.0,13.0,358.0,0.5,14.286,0.0,0.857,38.833333333333336,8.807,0.056,0,Finishers / All-Rounders
2023,Yudhvir Singh,1.0,2.0,2.0,3,0.0,1.0,73.0,50.0,3.0,80.0,0.5,50.0,0.0,0.5,8.333333333333334,8.76,0.06,0,Finishers / All-Rounders
2023,Akash Madhwal,0.0,0.0,0.0,8,0.0,0.0,222.0,159.0,15.0,407.0,0.0,0.0,0.0,0.0,26.5,8.377,0.094,0,Finishers / All-Rounders
2023,Akash Singh,0.0,0.0,0.0,6,0.0,0.0,188.0,117.0,5.0,149.0,0.0,0.0,0.0,0.0,19.5,9.641,0.043,0,Finishers / All-Rounders
2023,Avesh Khan,0.0,1.0,0.0,9,0.0,0.0,287.0,176.0,8.0,236.0,0.0,0.0,0.0,0.0,29.333333333333332,9.784,0.045,3,Finishers / All-Rounders
2023,D Jansen,0.0,0.0,0.0,1,0.0,0.0,53.0,28.0,1.0,29.0,0.0,0.0,0.0,0.0,4.666666666666667,11.357,0.036,0,Finishers / All-Rounders
2023,D Pretorius,0.0,0.0,0.0,1,0.0,0.0,29.0,28.0,0.0,4.0,0.0,0.0,0.0,0.0,4.666666666666667,6.214,0.0,0,Finishers / All-Rounders
2023,DG Nalkande,0.0,1.0,1.0,1,0.0,1.0,45.0,25.0,1.0,25.0,0.0,0.0,0.0,1.0,4.166666666666667,10.8,0.04,0,Finishers / All-Rounders
2023,Gurnoor Brar,0.0,0.0,0.0,1,0.0,0.0,42.0,21.0,0.0,4.0,0.0,0.0,0.0,0.0,3.5,12.0,0.0,0,Finishers / All-Rounders
2023,H Sharma,0.0,0.0,0.0,1,0.0,0.0,33.0,18.0,0.0,4.0,0.0,0.0,0.0,0.0,3.0,11.0,0.0,0,Finishers / All-Rounders
2023,Harshit Rana,0.0,1.0,1.0,6,0.0,1.0,153.0,107.0,5.0,145.0,0.0,0.0,0.0,1.0,17.833333333333332,8.579,0.047,0,Finishers / All-Rounders
2023,J Little,0.0,0.0,0.0,10,0.0,0.0,295.0,209.0,7.0,215.0,0.0,0.0,0.0,0.0,34.833333333333336,8.469,0.033,0,Finishers / All-Rounders
2023,J Yadav,0.0,0.0,0.0,1,0.0,0.0,26.0,24.0,0.0,4.0,0.0,0.0,0.0,0.0,4.0,6.5,0.0,1,Finishers / All-Rounders
2023,K Khejroliya,0.0,0.0,0.0,2,0.0,0.0,64.0,28.0,2.0,58.0,0.0,0.0,0.0,0.0,4.666666666666667,13.714,0.071,0,Finishers / All-Rounders
2023,K Rabada,0.0,2.0,1.0,6,0.0,2.0,243.0,147.0,7.0,195.0,0.0,0.0,0.0,1.0,24.5,9.918,0.048,3,Finishers / All-Rounders
2023,K Yadav,0.0,0.0,0.0,2,0.0,0.0,68.0,42.0,2.0,58.0,0.0,0.0,0.0,0.0,7.0,9.714,0.048,0,Finishers / All-Rounders
2023,KK Ahmed,0.0,0.0,0.0,9,0.0,0.0,309.0,211.0,9.0,261.0,0.0,0.0,0.0,0.0,35.166666666666664,8.787,0.043,3,Finishers / All-Rounders
2023,KM Asif,0.0,2.0,1.0,4,0.0,2.0,139.0,91.0,3.0,87.0,0.0,0.0,0.0,1.0,15.166666666666666,9.165,0.033,0,Finishers / All-Rounders
2023,KR Sen,0.0,0.0,0.0,2,0.0,0.0,29.0,19.0,0.0,8.0,0.0,0.0,0.0,0.0,3.1666666666666665,9.158,0.0,0,Finishers / All-Rounders
2023,Kartik Tyagi,0.0,0.0,0.0,3,0.0,0.0,92.0,44.0,1.0,37.0,0.0,0.0,0.0,0.0,7.333333333333333,12.545,0.023,0,Finishers / All-Rounders
2023,LH Ferguson,0.0,0.0,0.0,3,0.0,0.0,98.0,50.0,1.0,37.0,0.0,0.0,0.0,0.0,8.333333333333334,11.76,0.02,3,Finishers / All-Rounders
2023,M Ashwin,0.0,0.0,0.0,2,0.0,0.0,53.0,25.0,0.0,8.0,0.0,0.0,0.0,0.0,4.166666666666667,12.72,0.0,0,Finishers / All-Rounders
2023,M Pathirana,0.0,0.0,0.0,12,0.0,0.0,385.0,306.0,19.0,523.0,0.0,0.0,0.0,0.0,51.0,7.549,0.062,0,Finishers / All-Rounders
2023,M Theekshana,0.0,0.0,0.0,13,0.0,0.0,401.0,298.0,11.0,327.0,0.0,0.0,0.0,0.0,49.666666666666664,8.074,0.037,0,Finishers / All-Rounders
2023,MM Sharma,0.0,1.0,0.0,14,0.0,0.0,359.0,264.0,27.0,731.0,0.0,0.0,0.0,0.0,44.0,8.159,0.102,3,Finishers / All-Rounders
2023,Mayank Dagar,0.0,0.0,0.0,3,0.0,0.0,83.0,66.0,1.0,37.0,0.0,0.0,0.0,0.0,11.0,7.545,0.015,0,Finishers / All-Rounders
2023,Mohsin Khan,0.0,7.0,1.0,4,0.0,7.0,111.0,64.0,3.0,87.0,0.0,0.0,0.0,1.0,10.666666666666666,10.406,0.047,0,Finishers / All-Rounders
2023,NA Saini,0.0,0.0,0.0,1,0.0,0.0,35.0,15.0,0.0,4.0,0.0,0.0,0.0,0.0,2.5,14.0,0.0,0,Finishers / All-Rounders
2023,Navdeep Saini,0.0,0.0,0.0,1,0.0,0.0,40.0,25.0,3.0,79.0,0.0,0.0,0.0,0.0,4.166666666666667,9.6,0.12,0,Finishers / All-Rounders
2023,Nithish Kumar Reddy,0.0,0.0,0.0,2,0.0,0.0,54.0,31.0,0.0,8.0,0.0,0.0,0.0,0.0,5.166666666666667,10.452,0.0,1,Finishers / All-Rounders
2023,OC McCoy,0.0,0.0,0.0,1,0.0,0.0,13.0,7.0,0.0,4.0,0.0,0.0,0.0,0.0,1.1666666666666667,11.143,0.0,0,Finishers / All-Rounders
2023,R Goyal,0.0,0.0,0.0,1,0.0,0.0,34.0,24.0,0.0,4.0,0.0,0.0,0.0,0.0,4.0,8.5,0.0,0,Finishers / All-Rounders
2023,R Shepherd,0.0,1.0,1.0,1,0.0,1.0,0.0,0.0,0.0,0.0,0.0,0.0,0.0,1.0,0.0,0.0,0.0,1,Finishers / All-Rounders
2023,RD Chahar,0.0,10.0,2.0,14,0.0,9.0,388.0,301.0,8.0,248.0,0.0,0.0,0.0,0.9,50.166666666666664,7.734,0.027,3,Finishers / All-Rounders
2023,RJW Topley,0.0,0.0,0.0,1,0.0,0.0,14.0,12.0,1.0,29.0,0.0,0.0,0.0,0.0,2.0,7.0,0.083,0,Finishers / All-Rounders
2023,RP Meredith,0.0,2.0,0.0,5,0.0,2.0,209.0,126.0,7.0,195.0,0.0,0.0,0.0,1.0,21.0,9.952,0.056,0,Finishers / All-Rounders
2023,RS Hangargekar,0.0,0.0,0.0,2,0.0,0.0,60.0,43.0,3.0,83.0,0.0,0.0,0.0,0.0,7.166666666666667,8.372,0.07,0,Finishers / All-Rounders
2023,SSB Magala,0.0,0.0,0.0,2,0.0,0.0,52.0,37.0,1.0,33.0,0.0,0.0,0.0,0.0,6.166666666666667,8.432,0.027,0,Finishers / All-Rounders
2023,Suyash Sharma,0.0,0.0,0.0,11,0.0,0.0,329.0,238.0,10.0,294.0,0.0,0.0,0.0,0.0,39.666666666666664,8.294,0.042,0,Finishers / All-Rounders
2023,T Natarajan,0.0,0.0,0.0,12,0.0,0.0,414.0,273.0,10.0,298.0,0.0,0.0,0.0,0.0,45.5,9.099,0.037,3,Finishers / All-Rounders
2023,TG Southee,0.0,0.0,0.0,2,0.0,0.0,79.0,36.0,2.0,58.0,0.0,0.0,0.0,0.0,6.0,13.167,0.056,3,Finishers / All-Rounders
2023,TU Deshpande,0.0,1.0,0.0,16,0.0,0.0,578.0,365.0,21.0,589.0,0.0,0.0,0.0,0.0,60.833333333333336,9.501,0.058,0,Finishers / All-Rounders
2023,YS Chahal,0.0,0.0,0.0,14,0.0,0.0,434.0,325.0,21.0,581.0,0.0,0.0,0.0,0.0,54.166666666666664,8.012,0.065,3,Finishers / All-Rounders
2023,Yash Dayal,0.0,0.0,0.0,5,0.0,0.0,165.0,88.0,2.0,70.0,0.0,0.0,0.0,0.0,14.666666666666666,11.25,0.023,0,Finishers / All-Rounders
2023,Yash Thakur,0.0,0.0,0.0,9,0.0,0.0,296.0,205.0,13.0,361.0,0.0,0.0,0.0,0.0,34.166666666666664,8.663,0.063,0,Finishers / All-Rounders
2024,V Kohli,741.0,497.0,13.0,15,100.0,141.0,0.0,0.0,0.0,849.0,57.0,149.095,0.201,0.284,0.0,0.0,0.0,2,Power Hitters
2024,RD Gaikwad,583.0,425.0,11.0,14,76.0,126.0,0.0,0.0,0.0,671.0,53.0,137.176,0.179,0.296,0.0,0.0,0.0,2,Power Hitters
2024,R Parag,573.0,407.0,12.0,14,73.0,117.0,27.0,19.0,0.0,658.0,47.75,140.786,0.179,0.287,3.1666666666666665,8.526,0.0,1,Finishers / All-Rounders
2024,TM Head,567.0,307.0,14.0,15,96.0,87.0,32.0,10.0,0.0,667.0,40.5,184.691,0.313,0.283,1.6666666666666667,19.2,0.0,1,Finishers / All-Rounders
2024,SV Samson,531.0,367.0,11.0,15,72.0,97.0,0.0,0.0,0.0,619.0,48.273,144.687,0.196,0.264,0.0,0.0,0.0,2,Power Hitters
2024,B Sai Sudharsan,527.0,388.0,11.0,12,65.0,103.0,0.0,0.0,0.0,596.0,47.909,135.825,0.168,0.265,0.0,0.0,0.0,1,Finishers / All-Rounders
2024,KL Rahul,520.0,398.0,14.0,14,64.0,117.0,0.0,0.0,0.0,584.0,37.143,130.653,0.161,0.294,0.0,0.0,0.0,2,Power Hitters
2024,N Pooran,499.0,296.0,8.0,14,71.0,79.0,0.0,0.0,0.0,594.0,62.375,168.581,0.24,0.267,0.0,0.0,0.0,1,Finishers / All-Rounders
2024,SP Narine,488.0,292.0,13.0,14,83.0,98.0,376.0,333.0,17.0,1000.0,37.538,167.123,0.284,0.336,55.5,6.775,0.051,3,Finishers / All-Rounders
2024,Abhishek Sharma,484.0,248.0,15.0,16,78.0,75.0,51.0,42.0,2.0,616.0,32.267,195.161,0.315,0.302,7.0,7.286,0.048,1,Finishers / All-Rounders
2024,H Klaasen,479.0,293.0,12.0,15,57.0,73.0,0.0,0.0,0.0,548.0,39.917,163.481,0.195,0.249,0.0,0.0,0.0,1,Finishers / All-Rounders
2024,RR Pant,446.0,296.0,11.0,13,61.0,89.0,0.0,0.0,0.0,515.0,40.545,150.676,0.206,0.301,0.0,0.0,0.0,2,Power Hitters
2024,F du Plessis,438.0,276.0,15.0,15,68.0,90.0,0.0,0.0,0.0,510.0,29.2,158.696,0.246,0.326,0.0,0.0,0.0,2,Power Hitters
2024,PD Salt,435.0,250.0,12.0,12,74.0,78.0,0.0,0.0,0.0,513.0,36.25,174.0,0.296,0.312,0.0,0.0,0.0,1,Finishers / All-Rounders
2024,YBK Jaiswal,435.0,288.0,14.0,15,70.0,103.0,0.0,0.0,0.0,509.0,31.071,151.042,0.243,0.358,0.0,0.0,0.0,2,Power Hitters
2024,Shubman Gill,426.0,295.0,11.0,12,52.0,80.0,0.0,0.0,0.0,482.0,38.727,144.407,0.176,0.271,0.0,0.0,0.0,2,Power Hitters
2024,RG Sharma,417.0,293.0,13.0,14,68.0,119.0,0.0,0.0,0.0,489.0,32.077,142.321,0.232,0.406,0.0,0.0,0.0,2,Power Hitters
2024,Tilak Varma,416.0,291.0,10.0,13,54.0,78.0,8.0,4.0,0.0,482.0,41.6,142.955,0.186,0.268,0.6666666666666666,12.0,0.0,1,Finishers / All-Rounders
2024,S Dube,396.0,259.0,11.0,14,56.0,78.0,14.0,6.0,1.0,489.0,36.0,152.896,0.216,0.301,1.0,14.0,0.167,1,Finishers / All-Rounders
2024,RM Patidar,395.0,237.0,14.0,13,54.0,65.0,0.0,0.0,0.0,449.0,28.214,166.667,0.228,0.274,0.0,0.0,0.0,1,Finishers / All-Rounders
2024,MP Stoinis,388.0,272.0,12.0,14,55.0,88.0,127.0,86.0,4.0,551.0,32.333,142.647,0.202,0.324,14.333333333333334,8.86,0.047,2,Power Hitters
2024,T Stubbs,378.0,204.0,6.0,14,50.0,38.0,15.0,13.0,3.0,535.0,63.0,185.294,0.245,0.186,2.1666666666666665,6.923,0.231,1,Finishers / All-Rounders
2024,VR Iyer,370.0,238.0,9.0,13,54.0,79.0,28.0,6.0,0.0,444.0,41.111,155.462,0.227,0.332,1.0,28.0,0.0,1,Finishers / All-Rounders
2024,JC Buttler,359.0,266.0,10.0,11,48.0,87.0,0.0,0.0,0.0,411.0,35.9,134.962,0.18,0.327,0.0,0.0,0.0,2,Power Hitters
2024,Shashank Singh,354.0,225.0,7.0,14,49.0,55.0,5.0,6.0,1.0,456.0,50.571,157.333,0.218,0.244,1.0,5.0,0.167,1,Finishers / All-Rounders
2024,SS Iyer,351.0,250.0,9.0,14,48.0,70.0,0.0,0.0,0.0,419.0,39.0,140.4,0.192,0.28,0.0,0.0,0.0,2,Power Hitters
2024,SA Yadav,345.0,209.0,10.0,11,54.0,75.0,0.0,0.0,0.0,403.0,34.5,165.072,0.258,0.359,0.0,0.0,0.0,2,Power Hitters
2024,P Simran Singh,334.0,216.0,14.0,14,54.0,87.0,0.0,0.0,0.0,392.0,23.857,154.63,0.25,0.403,0.0,0.0,0.0,1,Finishers / All-Rounders
2024,J Fraser-McGurk,330.0,150.0,8.0,9,60.0,48.0,0.0,0.0,0.0,394.0,41.25,220.0,0.4,0.32,0.0,0.0,0.0,1,Finishers / All-Rounders
2024,Abishek Porel,327.0,213.0,12.0,12,49.0,70.0,0.0,0.0,0.0,380.0,27.25,153.521,0.23,0.329,0.0,0.0,0.0,1,Finishers / All-Rounders
2024,KD Karthik,326.0,195.0,9.0,13,49.0,47.0,0.0,0.0,0.0,391.0,36.222,167.179,0.251,0.241,0.0,0.0,0.0,2,Power Hitters
2024,Ishan Kishan,320.0,222.0,14.0,14,51.0,82.0,0.0,0.0,0.0,371.0,22.857,144.144,0.23,0.369,0.0,0.0,0.0,2,Power Hitters
2024,DJ Mitchell,318.0,228.0,11.0,13,37.0,57.0,70.0,38.0,1.0,388.0,28.909,139.474,0.162,0.25,6.333333333333333,11.053,0.026,1,Finishers / All-Rounders
2024,Nithish Kumar Reddy,303.0,221.0,9.0,11,36.0,72.0,153.0,86.0,3.0,422.0,33.667,137.104,0.163,0.326,14.333333333333334,10.674,0.035,1,Finishers / All-Rounders
2024,JM Bairstow,298.0,197.0,10.0,11,47.0,71.0,0.0,0.0,0.0,349.0,29.8,151.269,0.239,0.36,0.0,0.0,0.0,1,Finishers / All-Rounders
2024,SM Curran,270.0,230.0,11.0,13,30.0,65.0,422.0,254.0,16.0,712.0,24.545,117.391,0.13,0.283,42.333333333333336,9.969,0.063,3,Finishers / All-Rounders
2024,RA Jadeja,267.0,191.0,6.0,14,30.0,43.0,371.0,285.0,8.0,529.0,44.5,139.791,0.157,0.225,47.5,7.811,0.028,3,Finishers / All-Rounders
2024,C Green,255.0,185.0,10.0,13,32.0,51.0,304.0,221.0,10.0,553.0,25.5,137.838,0.173,0.276,36.833333333333336,8.253,0.045,1,Finishers / All-Rounders
2024,Q de Kock,250.0,194.0,11.0,11,38.0,77.0,0.0,0.0,0.0,288.0,22.727,128.866,0.196,0.397,0.0,0.0,0.0,2,Power Hitters
2024,AM Rahane,242.0,200.0,13.0,12,31.0,68.0,0.0,0.0,0.0,273.0,18.615,121.0,0.155,0.34,0.0,0.0,0.0,2,Power Hitters
2024,TH David,241.0,168.0,8.0,11,29.0,42.0,0.0,0.0,0.0,282.0,30.125,143.452,0.173,0.25,0.0,0.0,0.0,1,Finishers / All-Rounders
2024,A Badoni,235.0,180.0,8.0,12,27.0,45.0,25.0,12.0,0.0,278.0,29.375,130.556,0.15,0.25,2.0,12.5,0.0,1,Finishers / All-Rounders
2024,AR Patel,235.0,183.0,9.0,14,29.0,58.0,340.0,265.0,11.0,563.0,26.111,128.415,0.158,0.317,44.166666666666664,7.698,0.042,3,Finishers / All-Rounders
2024,WG Jacks,230.0,133.0,6.0,8,34.0,43.0,100.0,55.0,2.0,322.0,38.333,172.932,0.256,0.323,9.166666666666666,10.909,0.036,1,Finishers / All-Rounders
2024,AD Russell,222.0,141.0,6.0,14,36.0,39.0,304.0,188.0,19.0,765.0,37.0,157.447,0.255,0.277,31.333333333333332,9.702,0.101,3,Finishers / All-Rounders
2024,R Ravindra,222.0,146.0,9.0,10,34.0,47.0,7.0,12.0,0.0,260.0,24.667,152.055,0.233,0.322,2.0,3.5,0.0,1,Finishers / All-Rounders
2024,AK Markram,220.0,187.0,9.0,11,22.0,47.0,15.0,13.0,0.0,250.0,24.444,117.647,0.118,0.251,2.1666666666666665,6.923,0.0,1,Finishers / All-Rounders
2024,HH Pandya,216.0,154.0,12.0,14,28.0,53.0,388.0,224.0,11.0,527.0,18.0,140.26,0.182,0.344,37.333333333333336,10.393,0.049,2,Power Hitters
2024,Shahbaz Ahmed,215.0,173.0,10.0,16,20.0,51.0,277.0,166.0,7.0,434.0,21.5,124.277,0.116,0.295,27.666666666666668,10.012,0.042,1,Finishers / All-Rounders
2024,RR Rossouw,211.0,122.0,8.0,8,36.0,38.0,0.0,0.0,0.0,247.0,26.375,172.951,0.295,0.311,0.0,0.0,0.0,1,Finishers / All-Rounders
2024,DA Miller,210.0,149.0,7.0,9,28.0,38.0,0.0,0.0,0.0,246.0,30.0,140.94,0.188,0.255,0.0,0.0,0.0,2,Power Hitters
2024,PP Shaw,198.0,125.0,8.0,8,35.0,41.0,0.0,0.0,0.0,233.0,24.75,158.4,0.28,0.328,0.0,0.0,0.0,1,Finishers / All-Rounders
2024,Dhruv Jurel,195.0,144.0,7.0,11,25.0,45.0,0.0,0.0,0.0,236.0,27.857,135.417,0.174,0.312,0.0,0.0,0.0,1,Finishers / All-Rounders
2024,Ashutosh Sharma,189.0,118.0,8.0,9,25.0,31.0,0.0,0.0,0.0,222.0,23.625,160.169,0.212,0.263,0.0,0.0,0.0,1,Finishers / All-Rounders
2024,R Tewatia,188.0,139.0,8.0,9,29.0,41.0,0.0,0.0,0.0,225.0,23.5,135.252,0.209,0.295,0.0,0.0,0.0,1,Finishers / All-Rounders
2024,JM Sharma,187.0,147.0,11.0,12,21.0,51.0,0.0,0.0,0.0,212.0,17.0,127.211,0.143,0.347,0.0,0.0,0.0,1,Finishers / All-Rounders
2024,SD Hope,183.0,125.0,8.0,9,24.0,45.0,0.0,0.0,0.0,215.0,22.875,146.4,0.192,0.36,0.0,0.0,0.0,1,Finishers / All-Rounders
2024,Abdul Samad,182.0,113.0,10.0,12,26.0,31.0,0.0,0.0,0.0,220.0,18.2,161.062,0.23,0.274,0.0,0.0,0.0,1,Finishers / All-Rounders
2024,DA Warner,168.0,130.0,8.0,8,27.0,57.0,0.0,0.0,0.0,195.0,21.0,129.231,0.208,0.438,0.0,0.0,0.0,2,Power Hitters
2024,RK Singh,168.0,117.0,9.0,11,21.0,35.0,0.0,0.0,0.0,197.0,18.667,143.59,0.179,0.299,0.0,0.0,0.0,1,Finishers / All-Rounders
2024,RA Tripathi,165.0,121.0,5.0,6,24.0,36.0,0.0,0.0,0.0,193.0,33.0,136.364,0.198,0.298,0.0,0.0,0.0,2,Power Hitters
2024,A Raghuvanshi,163.0,109.0,7.0,7,24.0,31.0,0.0,0.0,0.0,187.0,23.286,149.541,0.22,0.284,0.0,0.0,0.0,1,Finishers / All-Rounders
2024,MS Dhoni,161.0,82.0,3.0,11,27.0,21.0,0.0,0.0,0.0,220.0,53.667,196.341,0.329,0.256,0.0,0.0,0.0,2,Power Hitters
2024,S Dhawan,152.0,125.0,5.0,5,22.0,48.0,0.0,0.0,0.0,174.0,30.4,121.6,0.176,0.384,0.0,0.0,0.0,2,Power Hitters
2024,DJ Hooda,145.0,107.0,8.0,9,19.0,31.0,22.0,19.0,0.0,168.0,18.125,135.514,0.178,0.29,3.1666666666666665,6.947,0.0,1,Finishers / All-Rounders
2024,Naman Dhir,140.0,84.0,6.0,7,22.0,27.0,55.0,29.0,0.0,166.0,23.333,166.667,0.262,0.321,4.833333333333333,11.379,0.0,1,Finishers / All-Rounders
2024,PJ Cummins,136.0,99.0,7.0,16,17.0,34.0,571.0,375.0,18.0,639.0,19.429,137.374,0.172,0.343,62.5,9.136,0.048,3,Finishers / All-Rounders
2024,WP Saha,136.0,120.0,9.0,9,21.0,46.0,0.0,0.0,0.0,157.0,15.111,113.333,0.175,0.383,0.0,0.0,0.0,2,Power Hitters
2024,KH Pandya,133.0,112.0,5.0,14,13.0,30.0,258.0,205.0,6.0,332.0,26.6,118.75,0.116,0.268,34.166666666666664,7.551,0.029,3,Finishers / All-Rounders
2024,MM Ali,128.0,105.0,5.0,7,15.0,32.0,71.0,49.0,2.0,201.0,25.6,121.905,0.143,0.305,8.166666666666666,8.694,0.041,1,Finishers / All-Rounders
2024,M Shahrukh Khan,127.0,77.0,5.0,7,18.0,21.0,16.0,12.0,0.0,153.0,25.4,164.935,0.234,0.273,2.0,8.0,0.0,1,Finishers / All-Rounders
2024,MK Lomror,125.0,74.0,9.0,10,18.0,16.0,18.0,9.0,0.0,151.0,13.889,168.919,0.243,0.216,1.5,12.0,0.0,1,Finishers / All-Rounders
2024,Ramandeep Singh,125.0,64.0,4.0,9,17.0,17.0,9.0,4.0,0.0,162.0,31.25,195.312,0.266,0.266,0.6666666666666666,13.5,0.0,1,Finishers / All-Rounders
2024,SO Hetmyer,113.0,72.0,5.0,9,16.0,19.0,0.0,0.0,0.0,145.0,22.6,156.944,0.222,0.264,0.0,0.0,0.0,1,Finishers / All-Rounders
2024,LS Livingstone,111.0,82.0,4.0,7,15.0,27.0,86.0,75.0,3.0,213.0,27.75,135.366,0.183,0.329,12.5,6.88,0.04,1,Finishers / All-Rounders
2024,N Wadhera,109.0,90.0,6.0,6,15.0,33.0,13.0,12.0,0.0,124.0,18.167,121.111,0.167,0.367,2.0,6.5,0.0,1,Finishers / All-Rounders
2024,R Powell,103.0,71.0,6.0,7,16.0,29.0,0.0,0.0,0.0,123.0,17.167,145.07,0.225,0.408,0.0,0.0,0.0,1,Finishers / All-Rounders
2024,Rashid Khan,102.0,75.0,5.0,12,14.0,23.0,372.0,262.0,10.0,394.0,20.4,136.0,0.187,0.307,43.666666666666664,8.519,0.038,3,Finishers / All-Rounders
2024,Anuj Rawat,98.0,80.0,3.0,5,13.0,26.0,0.0,0.0,0.0,119.0,32.667,122.5,0.162,0.325,0.0,0.0,0.0,1,Finishers / All-Rounders
2024,R Ashwin,86.0,76.0,6.0,14,9.0,25.0,469.0,346.0,9.0,352.0,14.333,113.158,0.118,0.329,57.666666666666664,8.133,0.026,3,Finishers / All-Rounders
2024,V Shankar,83.0,75.0,5.0,7,9.0,23.0,0.0,0.0,0.0,100.0,16.6,110.667,0.12,0.307,0.0,0.0,0.0,1,Finishers / All-Rounders
2024,Arshad Khan,78.0,52.0,2.0,3,10.0,16.0,90.0,56.0,1.0,117.0,39.0,150.0,0.192,0.308,9.333333333333334,9.643,0.018,1,Finishers / All-Rounders
2024,Harpreet Brar,75.0,59.0,2.0,13,10.0,16.0,309.0,230.0,7.0,304.0,37.5,127.119,0.169,0.271,38.333333333333336,8.061,0.03,1,Finishers / All-Rounders
2024,D Brevis,69.0,60.0,3.0,3,8.0,27.0,0.0,0.0,0.0,77.0,23.0,115.0,0.133,0.45,0.0,0.0,0.0,1,Finishers / All-Rounders
2024,MA Agarwal,64.0,59.0,4.0,4,9.0,27.0,0.0,0.0,0.0,73.0,16.0,108.475,0.153,0.458,0.0,0.0,0.0,2,Power Hitters
2024,Rahmanullah Gurbaz,62.0,50.0,2.0,2,11.0,24.0,0.0,0.0,0.0,73.0,31.0,124.0,0.22,0.48,0.0,0.0,0.0,1,Finishers / All-Rounders
2024,Atharva Taide,61.0,41.0,2.0,2,9.0,11.0,4.0,1.0,0.0,70.0,30.5,148.78,0.22,0.268,0.16666666666666666,24.0,0.0,1,Finishers / All-Rounders
2024,MR Marsh,61.0,41.0,4.0,4,12.0,17.0,103.0,54.0,1.0,98.0,15.25,148.78,0.293,0.415,9.0,11.444,0.019,1,Finishers / All-Rounders
2024,R Shepherd,57.0,24.0,2.0,6,10.0,4.0,161.0,75.0,1.0,108.0,28.5,237.5,0.417,0.167,12.5,12.88,0.013,1,Finishers / All-Rounders
2024,GJ Maxwell,52.0,46.0,9.0,10,8.0,20.0,128.0,97.0,6.0,214.0,5.778,113.043,0.174,0.435,16.166666666666668,7.918,0.062,2,Power Hitters
2024,Sameer Rizvi,51.0,43.0,4.0,5,6.0,19.0,0.0,0.0,0.0,61.0,12.75,118.605,0.14,0.442,0.0,0.0,0.0,1,Finishers / All-Rounders
2024,T Kohler-Cadmore,48.0,54.0,3.0,3,8.0,32.0,0.0,0.0,0.0,56.0,16.0,88.889,0.148,0.593,0.0,0.0,0.0,1,Finishers / All-Rounders
2024,Kuldeep Yadav,47.0,44.0,2.0,11,7.0,18.0,376.0,267.0,16.0,490.0,23.5,106.818,0.159,0.409,44.5,8.449,0.06,3,Finishers / All-Rounders
2024,Sikandar Raza,43.0,39.0,2.0,2,4.0,15.0,22.0,12.0,0.0,47.0,21.5,110.256,0.103,0.385,2.0,11.0,0.0,1,Finishers / All-Rounders
2024,Azmatullah Omarzai,42.0,34.0,4.0,7,4.0,10.0,194.0,131.0,4.0,158.0,10.5,123.529,0.118,0.294,21.833333333333332,8.885,0.031,0,Finishers / All-Rounders
2024,MK Pandey,42.0,33.0,1.0,1,4.0,7.0,0.0,0.0,0.0,46.0,42.0,127.273,0.121,0.212,0.0,0.0,0.0,2,Power Hitters
2024,N Rana,42.0,35.0,2.0,2,6.0,12.0,0.0,0.0,0.0,48.0,21.0,120.0,0.171,0.343,0.0,0.0,0.0,2,Power Hitters
2024,D Padikkal,38.0,60.0,7.0,7,3.0,28.0,0.0,0.0,0.0,41.0,5.429,63.333,0.05,0.467,0.0,0.0,0.0,1,Finishers / All-Rounders
2024,Swapnil Singh,37.0,22.0,2.0,7,6.0,7.0,133.0,92.0,6.0,213.0,18.5,168.182,0.273,0.318,15.333333333333334,8.674,0.065,0,Finishers / All-Rounders
2024,Mohammad Nabi,35.0,31.0,4.0,7,4.0,10.0,110.0,74.0,2.0,101.0,8.75,112.903,0.129,0.323,12.333333333333334,8.919,0.027,1,Finishers / All-Rounders
2024,SB Dubey,33.0,21.0,2.0,3,5.0,5.0,0.0,0.0,0.0,42.0,16.5,157.143,0.238,0.238,0.0,0.0,0.0,1,Finishers / All-Rounders
2024,KV Sharma,31.0,16.0,2.0,9,5.0,4.0,256.0,149.0,7.0,239.0,15.5,193.75,0.312,0.25,24.833333333333332,10.309,0.047,3,Finishers / All-Rounders
2024,Rasikh Salam,28.0,30.0,4.0,8,4.0,13.0,271.0,156.0,9.0,273.0,7.0,93.333,0.133,0.433,26.0,10.423,0.058,0,Finishers / All-Rounders
2024,Harpreet Singh,27.0,34.0,2.0,2,2.0,15.0,0.0,0.0,0.0,29.0,13.5,79.412,0.059,0.441,0.0,0.0,0.0,1,Finishers / All-Rounders
2024,KS Williamson,27.0,27.0,2.0,2,4.0,15.0,0.0,0.0,0.0,31.0,13.5,100.0,0.148,0.556,0.0,0.0,0.0,2,Power Hitters
2024,JD Unadkat,24.0,27.0,2.0,11,3.0,13.0,321.0,199.0,8.0,263.0,12.0,88.889,0.111,0.481,33.166666666666664,9.678,0.04,3,Finishers / All-Rounders
2024,SS Prabhudessai,24.0,19.0,1.0,1,3.0,7.0,0.0,0.0,0.0,27.0,24.0,126.316,0.158,0.368,0.0,0.0,0.0,1,Finishers / All-Rounders
2024,Tanush Kotian,24.0,32.0,1.0,1,3.0,17.0,0.0,0.0,0.0,27.0,24.0,75.0,0.094,0.531,0.0,0.0,0.0,1,Finishers / All-Rounders
2024,B Kumar,23.0,30.0,3.0,16,3.0,17.0,555.0,357.0,11.0,353.0,7.667,76.667,0.1,0.567,59.5,9.328,0.031,3,Finishers / All-Rounders
2024,AJ Turner,21.0,20.0,2.0,2,2.0,6.0,0.0,0.0,0.0,23.0,10.5,105.0,0.1,0.3,0.0,0.0,0.0,1,Finishers / All-Rounders
2024,RD Chahar,21.0,15.0,1.0,9,4.0,8.0,280.0,189.0,10.0,307.0,21.0,140.0,0.267,0.533,31.5,8.889,0.053,3,Finishers / All-Rounders
2024,SN Thakur,21.0,18.0,1.0,9,3.0,7.0,315.0,197.0,5.0,181.0,21.0,116.667,0.167,0.389,32.833333333333336,9.594,0.025,3,Finishers / All-Rounders
2024,Yudhvir Singh,21.0,14.0,2.0,2,3.0,7.0,52.0,24.0,1.0,49.0,10.5,150.0,0.214,0.5,4.0,13.0,0.042,0,Finishers / All-Rounders
2024,K Rabada,20.0,17.0,1.0,11,2.0,3.0,386.0,262.0,11.0,337.0,20.0,117.647,0.118,0.176,43.666666666666664,8.84,0.042,3,Finishers / All-Rounders
2024,Gulbadin Naib,19.0,15.0,1.0,2,2.0,4.0,12.0,6.0,0.0,25.0,19.0,126.667,0.133,0.267,1.0,12.0,0.0,1,Finishers / All-Rounders
2024,M Jansen,18.0,15.0,1.0,3,2.0,4.0,134.0,67.0,1.0,53.0,18.0,120.0,0.133,0.267,11.166666666666666,12.0,0.015,0,Finishers / All-Rounders
2024,Saurav Chauhan,18.0,16.0,3.0,3,2.0,6.0,0.0,0.0,0.0,20.0,6.0,112.5,0.125,0.375,0.0,0.0,0.0,1,Finishers / All-Rounders
2024,Sumit Kumar,18.0,26.0,2.0,3,3.0,14.0,38.0,22.0,0.0,25.0,9.0,69.231,0.115,0.538,3.6666666666666665,10.364,0.0,0,Finishers / All-Rounders
2024,PP Chawla,15.0,15.0,4.0,11,2.0,7.0,312.0,215.0,13.0,370.0,3.75,100.0,0.133,0.467,35.833333333333336,8.707,0.06,3,Finishers / All-Rounders
2024,G Coetzee,14.0,22.0,4.0,10,1.0,11.0,357.0,216.0,13.0,364.0,3.5,63.636,0.045,0.5,36.0,9.917,0.06,0,Finishers / All-Rounders
2024,MJ Santner,14.0,18.0,3.0,3,1.0,6.0,64.0,53.0,2.0,65.0,4.667,77.778,0.056,0.333,8.833333333333334,7.245,0.038,0,Finishers / All-Rounders
2024,Sanvir Singh,14.0,13.0,1.0,3,1.0,2.0,0.0,0.0,0.0,23.0,14.0,107.692,0.077,0.154,0.0,0.0,0.0,1,Finishers / All-Rounders
2024,TA Boult,14.0,16.0,1.0,15,2.0,9.0,448.0,333.0,16.0,472.0,14.0,87.5,0.125,0.562,55.5,8.072,0.048,3,Finishers / All-Rounders
2024,HV Patel,13.0,19.0,3.0,14,2.0,14.0,482.0,311.0,24.0,659.0,4.333,68.421,0.105,0.737,51.833333333333336,9.299,0.077,3,Finishers / All-Rounders
2024,R Sai Kishore,13.0,6.0,1.0,5,2.0,2.0,137.0,93.0,7.0,206.0,13.0,216.667,0.333,0.333,15.5,8.839,0.075,0,Finishers / All-Rounders
2024,DG Nalkande,12.0,11.0,1.0,3,1.0,4.0,46.0,31.0,3.0,96.0,12.0,109.091,0.091,0.364,5.166666666666667,8.903,0.097,0,Finishers / All-Rounders
2024,JJ Bumrah,12.0,12.0,0.0,13,1.0,4.0,341.0,327.0,20.0,565.0,12.0,100.0,0.083,0.333,54.5,6.257,0.061,3,Finishers / All-Rounders
2024,Mohammed Siraj,12.0,9.0,1.0,14,2.0,6.0,507.0,350.0,15.0,441.0,12.0,133.333,0.222,0.667,58.333333333333336,8.691,0.043,3,Finishers / All-Rounders
2024,UT Yadav,12.0,15.0,1.0,7,1.0,8.0,211.0,128.0,8.0,237.0,12.0,80.0,0.067,0.533,21.333333333333332,9.891,0.062,3,Finishers / All-Rounders
2024,Avesh Khan,10.0,5.0,0.0,15,1.0,0.0,531.0,344.0,20.0,571.0,10.0,200.0,0.2,0.0,57.333333333333336,9.262,0.058,3,Finishers / All-Rounders
2024,Lalit Yadav,10.0,12.0,2.0,2,1.0,6.0,57.0,18.0,0.0,11.0,5.0,83.333,0.083,0.5,3.0,19.0,0.0,1,Finishers / All-Rounders
2024,A Manohar,9.0,16.0,2.0,2,1.0,11.0,0.0,0.0,0.0,10.0,4.5,56.25,0.062,0.688,0.0,0.0,0.0,1,Finishers / All-Rounders
2024,AA Kulkarni,9.0,8.0,2.0,2,2.0,5.0,0.0,0.0,0.0,11.0,4.5,112.5,0.25,0.625,0.0,0.0,0.0,1,Finishers / All-Rounders
2024,L Wood,9.0,3.0,0.0,2,1.0,0.0,94.0,38.0,1.0,43.0,9.0,300.0,0.333,0.0,6.333333333333333,14.842,0.026,1,Finishers / All-Rounders
2024,MA Starc,9.0,11.0,2.0,13,1.0,5.0,448.0,264.0,17.0,479.0,4.5,81.818,0.091,0.455,44.0,10.182,0.064,0,Finishers / All-Rounders
2024,D Ferreira,8.0,11.0,2.0,2,0.0,5.0,0.0,0.0,0.0,8.0,4.0,72.727,0.0,0.455,0.0,0.0,0.0,1,Finishers / All-Rounders
2024,V Viyaskanth,7.0,5.0,0.0,3,0.0,0.0,90.0,60.0,1.0,44.0,7.0,140.0,0.0,0.0,10.0,9.0,0.017,0,Finishers / All-Rounders
2024,SH Johnson,6.0,7.0,0.0,5,1.0,3.0,155.0,99.0,4.0,127.0,6.0,85.714,0.143,0.429,16.5,9.394,0.04,0,Finishers / All-Rounders
2024,Anmolpreet Singh,5.0,7.0,2.0,2,1.0,4.0,0.0,0.0,0.0,6.0,2.5,71.429,0.143,0.571,0.0,0.0,0.0,1,Finishers / All-Rounders
2024,Arshad Khan (2),5.0,4.0,1.0,1,1.0,2.0,25.0,13.0,0.0,6.0,5.0,125.0,0.25,0.5,2.1666666666666665,11.538,0.0,0,Finishers / All-Rounders
2024,Noor Ahmad,5.0,9.0,2.0,10,1.0,7.0,297.0,214.0,8.0,238.0,2.5,55.556,0.111,0.778,35.666666666666664,8.327,0.037,0,Finishers / All-Rounders
2024,A Nortje,4.0,9.0,2.0,6,0.0,5.0,298.0,140.0,7.0,195.0,2.0,44.444,0.0,0.556,23.333333333333332,12.771,0.05,3,Finishers / All-Rounders
2024,Akash Madhwal,4.0,5.0,0.0,5,0.0,1.0,208.0,118.0,5.0,149.0,4.0,80.0,0.0,0.2,19.666666666666668,10.576,0.042,0,Finishers / All-Rounders
2024,Arshdeep Singh,4.0,4.0,1.0,14,1.0,2.0,513.0,325.0,19.0,532.0,4.0,100.0,0.25,0.5,54.166666666666664,9.471,0.058,3,Finishers / All-Rounders
2024,MS Wade,4.0,7.0,1.0,1,0.0,2.0,0.0,0.0,0.0,4.0,4.0,57.143,0.0,0.286,0.0,0.0,0.0,1,Finishers / All-Rounders
2024,Ravi Bishnoi,4.0,6.0,2.0,14,0.0,2.0,384.0,270.0,10.0,302.0,2.0,66.667,0.0,0.333,45.0,8.533,0.037,0,Finishers / All-Rounders
2024,AS Roy,3.0,3.0,0.0,3,0.0,0.0,60.0,33.0,0.0,15.0,3.0,100.0,0.0,0.0,5.5,10.909,0.0,0,Finishers / All-Rounders
2024,Kumar Kushagra,3.0,7.0,3.0,3,0.0,5.0,0.0,0.0,0.0,3.0,1.0,42.857,0.0,0.714,0.0,0.0,0.0,0,Finishers / All-Rounders
2024,Mukesh Kumar,3.0,10.0,1.0,10,0.0,6.0,373.0,218.0,17.0,464.0,3.0,30.0,0.0,0.6,36.333333333333336,10.266,0.078,0,Finishers / All-Rounders
2024,RJW Topley,3.0,6.0,0.0,4,0.0,3.0,168.0,95.0,4.0,119.0,3.0,50.0,0.0,0.5,15.833333333333334,10.611,0.042,0,Finishers / All-Rounders
2024,RK Bhui,3.0,9.0,2.0,2,0.0,6.0,0.0,0.0,0.0,3.0,1.5,33.333,0.0,0.667,0.0,0.0,0.0,0,Finishers / All-Rounders
2024,A Kamboj,2.0,2.0,0.0,3,0.0,0.0,115.0,68.0,2.0,64.0,2.0,100.0,0.0,0.0,11.333333333333334,10.147,0.029,0,Finishers / All-Rounders
2024,Akash Deep,2.0,2.0,0.0,1,0.0,0.0,55.0,23.0,1.0,31.0,2.0,100.0,0.0,0.0,3.8333333333333335,14.348,0.043,0,Finishers / All-Rounders
2024,BR Sharath,2.0,5.0,1.0,1,0.0,3.0,0.0,0.0,0.0,2.0,2.0,40.0,0.0,0.6,0.0,0.0,0.0,0,Finishers / All-Rounders
2024,JA Richardson,2.0,2.0,1.0,1,0.0,1.0,40.0,25.0,0.0,2.0,2.0,100.0,0.0,0.5,4.166666666666667,9.6,0.0,0,Finishers / All-Rounders
2024,MM Sharma,2.0,16.0,2.0,12,0.0,12.0,425.0,242.0,13.0,367.0,1.0,12.5,0.0,0.75,40.333333333333336,10.537,0.054,3,Finishers / All-Rounders
2024,Mohsin Khan,2.0,1.0,0.0,10,0.0,0.0,385.0,237.0,10.0,292.0,2.0,200.0,0.0,0.0,39.5,9.747,0.042,0,Finishers / All-Rounders
2024,Naveen-ul-Haq,2.0,4.0,0.0,10,0.0,3.0,375.0,231.0,14.0,392.0,2.0,50.0,0.0,0.75,38.5,9.74,0.061,0,Finishers / All-Rounders
2024,RJ Gleeson,2.0,2.0,0.0,2,0.0,0.0,72.0,51.0,1.0,35.0,2.0,100.0,0.0,0.0,8.5,8.471,0.02,0,Finishers / All-Rounders
2024,Shivam Singh,2.0,3.0,0.0,1,0.0,1.0,0.0,0.0,0.0,6.0,2.0,66.667,0.0,0.333,0.0,0.0,0.0,0,Finishers / All-Rounders
2024,I Sharma,1.0,8.0,0.0,9,0.0,6.0,266.0,180.0,10.0,287.0,1.0,12.5,0.0,0.75,30.0,8.867,0.056,3,Finishers / All-Rounders
2024,KA Maharaj,1.0,2.0,1.0,2,0.0,1.0,39.0,36.0,2.0,55.0,1.0,50.0,0.0,0.5,6.0,6.5,0.056,0,Finishers / All-Rounders
2024,LB Williams,1.0,2.0,0.0,2,0.0,1.0,74.0,42.0,1.0,34.0,1.0,50.0,0.0,0.5,7.0,10.571,0.024,0,Finishers / All-Rounders
2024,LH Ferguson,1.0,1.0,1.0,7,0.0,0.0,259.0,146.0,9.0,250.0,1.0,100.0,0.0,0.0,24.333333333333332,10.644,0.062,3,Finishers / All-Rounders
2024,MJ Suthar,1.0,2.0,1.0,1,0.0,1.0,26.0,12.0,0.0,1.0,1.0,50.0,0.0,0.5,2.0,13.0,0.0,0,Finishers / All-Rounders
2024,SZ Mulani,1.0,1.0,0.0,2,0.0,0.0,57.0,33.0,0.0,9.0,1.0,100.0,0.0,0.0,5.5,10.364,0.0,0,Finishers / All-Rounders
2024,VG Arora,1.0,1.0,0.0,10,0.0,0.0,284.0,201.0,11.0,316.0,1.0,100.0,0.0,0.0,33.5,8.478,0.055,0,Finishers / All-Rounders
2024,Vijaykumar Vyshak,1.0,3.0,1.0,4,0.0,2.0,143.0,88.0,4.0,113.0,1.0,33.333,0.0,0.667,14.666666666666666,9.75,0.045,0,Finishers / All-Rounders
2024,A Mishra,0.0,0.0,0.0,1,0.0,0.0,20.0,12.0,1.0,29.0,0.0,0.0,0.0,0.0,2.0,10.0,0.083,3,Finishers / All-Rounders
2024,AS Joseph,0.0,0.0,0.0,3,0.0,0.0,123.0,64.0,1.0,37.0,0.0,0.0,0.0,0.0,10.666666666666666,11.531,0.016,0,Finishers / All-Rounders
2024,Arjun Tendulkar,0.0,0.0,0.0,1,0.0,0.0,22.0,15.0,0.0,4.0,0.0,0.0,0.0,0.0,2.5,8.8,0.0,0,Finishers / All-Rounders
2024,CV Varun,0.0,0.0,0.0,14,0.0,0.0,411.0,309.0,21.0,581.0,0.0,0.0,0.0,0.0,51.5,7.981,0.068,3,Finishers / All-Rounders
2024,DL Chahar,0.0,0.0,0.0,8,0.0,0.0,202.0,146.0,5.0,157.0,0.0,0.0,0.0,0.0,24.333333333333332,8.301,0.034,3,Finishers / All-Rounders
2024,H Sharma,0.0,0.0,0.0,1,0.0,0.0,29.0,12.0,0.0,4.0,0.0,0.0,0.0,0.0,2.0,14.5,0.0,0,Finishers / All-Rounders
2024,Harshit Rana,0.0,0.0,0.0,11,0.0,0.0,384.0,263.0,19.0,519.0,0.0,0.0,0.0,0.0,43.833333333333336,8.76,0.072,0,Finishers / All-Rounders
2024,J Little,0.0,0.0,0.0,1,0.0,0.0,45.0,25.0,4.0,104.0,0.0,0.0,0.0,0.0,4.166666666666667,10.8,0.16,0,Finishers / All-Rounders
2024,K Gowtham,0.0,0.0,0.0,1,0.0,0.0,30.0,13.0,0.0,4.0,0.0,0.0,0.0,0.0,2.1666666666666665,13.846,0.0,1,Finishers / All-Rounders
2024,KK Ahmed,0.0,0.0,0.0,14,0.0,0.0,493.0,324.0,17.0,481.0,0.0,0.0,0.0,0.0,54.0,9.13,0.052,3,Finishers / All-Rounders
2024,KR Sen,0.0,0.0,0.0,3,0.0,0.0,127.0,79.0,6.0,162.0,0.0,0.0,0.0,0.0,13.166666666666666,9.646,0.076,0,Finishers / All-Rounders
2024,KT Maphaka,0.0,0.0,0.0,2,0.0,0.0,90.0,39.0,1.0,33.0,0.0,0.0,0.0,0.0,6.5,13.846,0.026,0,Finishers / All-Rounders
2024,Kartik Tyagi,0.0,0.0,0.0,1,0.0,0.0,52.0,26.0,0.0,4.0,0.0,0.0,0.0,0.0,4.333333333333333,12.0,0.0,0,Finishers / All-Rounders
2024,M Markande,0.0,0.0,0.0,7,0.0,0.0,259.0,142.0,8.0,228.0,0.0,0.0,0.0,0.0,23.666666666666668,10.944,0.056,0,Finishers / All-Rounders
2024,M Pathirana,0.0,0.0,0.0,6,0.0,0.0,175.0,145.0,13.0,349.0,0.0,0.0,0.0,0.0,24.166666666666668,7.241,0.09,0,Finishers / All-Rounders
2024,M Siddharth,0.0,0.0,0.0,3,0.0,0.0,72.0,58.0,1.0,37.0,0.0,0.0,0.0,0.0,9.666666666666666,7.448,0.017,0,Finishers / All-Rounders
2024,M Theekshana,0.0,0.0,0.0,5,0.0,0.0,146.0,121.0,2.0,70.0,0.0,0.0,0.0,0.0,20.166666666666668,7.24,0.017,0,Finishers / All-Rounders
2024,MJ Henry,0.0,0.0,0.0,4,0.0,0.0,112.0,74.0,1.0,41.0,0.0,0.0,0.0,0.0,12.333333333333334,9.081,0.014,0,Finishers / All-Rounders
2024,MP Yadav,0.0,0.0,0.0,4,0.0,0.0,88.0,75.0,7.0,191.0,0.0,0.0,0.0,0.0,12.5,7.04,0.093,0,Finishers / All-Rounders
2024,Mayank Dagar,0.0,1.0,0.0,5,0.0,1.0,122.0,72.0,1.0,45.0,0.0,0.0,0.0,1.0,12.0,10.167,0.014,0,Finishers / All-Rounders
2024,Mukesh Choudhary,0.0,0.0,0.0,1,0.0,0.0,27.0,7.0,0.0,4.0,0.0,0.0,0.0,0.0,1.1666666666666667,23.143,0.0,0,Finishers / All-Rounders
2024,Mustafizur Rahman,0.0,0.0,0.0,9,0.0,0.0,324.0,225.0,14.0,386.0,0.0,0.0,0.0,0.0,37.5,8.64,0.062,3,Finishers / All-Rounders
2024,N Burger,0.0,0.0,0.0,5,0.0,0.0,152.0,105.0,7.0,195.0,0.0,0.0,0.0,0.0,17.5,8.686,0.067,0,Finishers / All-Rounders
2024,N Thushara,0.0,0.0,0.0,7,0.0,0.0,259.0,172.0,8.0,228.0,0.0,0.0,0.0,0.0,28.666666666666668,9.035,0.047,0,Finishers / All-Rounders
2024,NT Ellis,0.0,0.0,0.0,1,0.0,0.0,24.0,24.0,1.0,29.0,0.0,0.0,0.0,0.0,4.0,6.0,0.042,0,Finishers / All-Rounders
2024,PVD Chameera,0.0,0.0,0.0,1,0.0,0.0,49.0,19.0,0.0,4.0,0.0,0.0,0.0,0.0,3.1666666666666665,15.474,0.0,0,Finishers / All-Rounders
2024,R Dhawan,0.0,0.0,0.0,1,0.0,0.0,39.0,19.0,0.0,4.0,0.0,0.0,0.0,0.0,3.1666666666666665,12.316,0.0,1,Finishers / All-Rounders
2024,S Gopal,0.0,0.0,0.0,3,0.0,0.0,67.0,42.0,3.0,87.0,0.0,0.0,0.0,0.0,7.0,9.571,0.071,3,Finishers / All-Rounders
2024,S Joseph,0.0,0.0,0.0,1,0.0,0.0,51.0,30.0,0.0,4.0,0.0,0.0,0.0,0.0,5.0,10.2,0.0,0,Finishers / All-Rounders
2024,S Sandeep Warrier,0.0,0.0,0.0,5,0.0,0.0,122.0,70.0,6.0,170.0,0.0,0.0,0.0,0.0,11.666666666666666,10.457,0.086,0,Finishers / All-Rounders
2024,Sandeep Sharma,0.0,0.0,0.0,10,0.0,0.0,313.0,234.0,13.0,365.0,0.0,0.0,0.0,0.0,39.0,8.026,0.056,3,Finishers / All-Rounders
2024,Simarjeet Singh,0.0,0.0,0.0,4,0.0,0.0,121.0,79.0,5.0,141.0,0.0,0.0,0.0,0.0,13.166666666666666,9.19,0.063,0,Finishers / All-Rounders
2024,Suyash Sharma,0.0,0.0,0.0,2,0.0,0.0,51.0,25.0,0.0,8.0,0.0,0.0,0.0,0.0,4.166666666666667,12.24,0.0,0,Finishers / All-Rounders
2024,T Natarajan,0.0,0.0,0.0,14,0.0,0.0,469.0,331.0,19.0,531.0,0.0,0.0,0.0,0.0,55.166666666666664,8.502,0.057,3,Finishers / All-Rounders
2024,TU Deshpande,0.0,2.0,0.0,13,0.0,1.0,435.0,309.0,17.0,477.0,0.0,0.0,0.0,0.5,51.5,8.447,0.055,0,Finishers / All-Rounders
2024,Umran Malik,0.0,0.0,0.0,1,0.0,0.0,15.0,7.0,0.0,4.0,0.0,0.0,0.0,0.0,1.1666666666666667,12.857,0.0,0,Finishers / All-Rounders
2024,V Kaverappa,0.0,0.0,0.0,1,0.0,0.0,36.0,24.0,2.0,54.0,0.0,0.0,0.0,0.0,4.0,9.0,0.083,0,Finishers / All-Rounders
2024,Washington Sundar,0.0,1.0,1.0,2,0.0,1.0,73.0,30.0,1.0,29.0,0.0,0.0,0.0,1.0,5.0,14.6,0.033,0,Finishers / All-Rounders
2024,YS Chahal,0.0,0.0,0.0,15,0.0,0.0,547.0,361.0,18.0,510.0,0.0,0.0,0.0,0.0,60.166666666666664,9.091,0.05,3,Finishers / All-Rounders
2024,Yash Dayal,0.0,0.0,0.0,14,0.0,0.0,472.0,321.0,15.0,431.0,0.0,0.0,0.0,0.0,53.5,8.822,0.047,0,Finishers / All-Rounders
2024,Yash Thakur,0.0,0.0,0.0,10,0.0,0.0,404.0,224.0,11.0,315.0,0.0,0.0,0.0,0.0,37.333333333333336,10.821,0.049,0,Finishers / All-Rounders
