match_id,season,date,venue,team,opponent,winner,won,lost,toss_won,toss_decision,batting_first,chasing,runs,opponent_runs,run_margin,matchup_key
335982,2008,2008-04-18,M Chinnaswamy Stadium,Kolkata Knight Riders,Royal Challengers Bengaluru,Kolkata Knight Riders,1,0,0,field,1,0,222.0,82.0,140.0,Kolkata Knight Riders vs Royal Challengers Bengaluru
335982,2008,2008-04-18,M Chinnaswamy Stadium,Royal Challengers Bengaluru,Kolkata Knight Riders,Kolkata Knight Riders,0,1,1,field,0,1,82.0,222.0,-140.0,Royal Challengers Bengaluru vs Kolkata Knight Riders
335983,2008,2008-04-19,"Punjab Cricket Association Stadium, Mohali",Chennai Super Kings,Punjab Kings,Chennai Super Kings,1,0,1,bat,1,0,240.0,207.0,33.0,Chennai Super Kings vs Punjab Kings
335983,2008,2008-04-19,"Punjab Cricket Association Stadium, Mohali",Punjab Kings,Chennai Super Kings,Chennai Super Kings,0,1,0,bat,0,1,207.0,240.0,-33.0,Punjab Kings vs Chennai Super Kings
335984,2008,2008-04-19,Feroz Shah Kotla,Delhi Capitals,Rajasthan Royals,Delhi Capitals,1,0,0,bat,0,1,132.0,129.0,3.0,Delhi Capitals vs Rajasthan Royals
335984,2008,2008-04-19,Feroz Shah Kotla,Rajasthan Royals,Delhi Capitals,Delhi Capitals,0,1,1,bat,1,0,129.0,132.0,-3.0,Rajasthan Royals vs Delhi Capitals
335985,2008,2008-04-20,Wankhede Stadium,Mumbai Indians,Royal Challengers Bengaluru,Royal Challengers Bengaluru,0,1,1,bat,1,0,165.0,166.0,-1.0,Mumbai Indians vs Royal Challengers Bengaluru
335985,2008,2008-04-20,Wankhede Stadium,Royal Challengers Bengaluru,Mumbai Indians,Royal Challengers Bengaluru,1,0,0,bat,0,1,166.0,165.0,1.0,Royal Challengers Bengaluru vs Mumbai Indians
335986,2008,2008-04-20,Eden Gardens,Deccan Chargers,Kolkata Knight Riders,Kolkata Knight Riders,0,1,1,bat,1,0,110.0,112.0,-2.0,Deccan Chargers vs Kolkata Knight Riders
335986,2008,2008-04-20,Eden Gardens,Kolkata Knight Riders,Deccan Chargers,Kolkata Knight Riders,1,0,0,bat,0,1,112.0,110.0,2.0,Kolkata Knight Riders vs Deccan Chargers
335987,2008,2008-04-21,Sawai Mansingh Stadium,Punjab Kings,Rajasthan Royals,Rajasthan Royals,0,1,1,bat,1,0,166.0,168.0,-2.0,Punjab Kings vs Rajasthan Royals
335987,2008,2008-04-21,Sawai Mansingh Stadium,Rajasthan Royals,Punjab Kings,Rajasthan Royals,1,0,0,bat,0,1,168.0,166.0,2.0,Rajasthan Royals vs Punjab Kings
335988,2008,2008-04-22,"Rajiv Gandhi International Stadium, Uppal",Deccan Chargers,Delhi Capitals,Delhi Capitals,0,1,1,bat,1,0,142.0,143.0,-1.0,Deccan Chargers vs Delhi Capitals
335988,2008,2008-04-22,"Rajiv Gandhi International Stadium, Uppal",Delhi Capitals,Deccan Chargers,Delhi Capitals,1,0,0,bat,0,1,143.0,142.0,1.0,Delhi Capitals vs Deccan Chargers
335989,2008,2008-04-23,"MA Chidambaram Stadium, Chepauk",Chennai Super Kings,Mumbai Indians,Chennai Super Kings,1,0,0,field,1,0,208.0,202.0,6.0,Chennai Super Kings vs Mumbai Indians
335989,2008,2008-04-23,"MA Chidambaram Stadium, Chepauk",Mumbai Indians,Chennai Super Kings,Chennai Super Kings,0,1,1,field,0,1,202.0,208.0,-6.0,Mumbai Indians vs Chennai Super Kings
335990,2008,2008-04-24,"Rajiv Gandhi International Stadium, Uppal",Deccan Chargers,Rajasthan Royals,Rajasthan Royals,0,1,0,field,1,0,214.0,217.0,-3.0,Deccan Chargers vs Rajasthan Royals
335990,2008,2008-04-24,"Rajiv Gandhi International Stadium, Uppal",Rajasthan Royals,Deccan Chargers,Rajasthan Royals,1,0,1,field,0,1,217.0,214.0,3.0,Rajasthan Royals vs Deccan Chargers
335991,2008,2008-04-25,"Punjab Cricket Association Stadium, Mohali",Mumbai Indians,Punjab Kings,Punjab Kings,0,1,1,field,0,1,116.0,182.0,-66.0,Mumbai Indians vs Punjab Kings
335991,2008,2008-04-25,"Punjab Cricket Association Stadium, Mohali",Punjab Kings,Mumbai Indians,Punjab Kings,1,0,0,field,1,0,182.0,116.0,66.0,Punjab Kings vs Mumbai Indians
335992,2008,2008-04-26,M Chinnaswamy Stadium,Rajasthan Royals,Royal Challengers Bengaluru,Rajasthan Royals,1,0,1,field,0,1,138.0,135.0,3.0,Rajasthan Royals vs Royal Challengers Bengaluru
335992,2008,2008-04-26,M Chinnaswamy Stadium,Royal Challengers Bengaluru,Rajasthan Royals,Rajasthan Royals,0,1,0,field,1,0,135.0,138.0,-3.0,Royal Challengers Bengaluru vs Rajasthan Royals
335993,2008,2008-04-26,"MA Chidambaram Stadium, Chepauk",Chennai Super Kings,Kolkata Knight Riders,Chennai Super Kings,1,0,0,bat,0,1,152.0,147.0,5.0,Chennai Super Kings vs Kolkata Knight Riders
335993,2008,2008-04-26,"MA Chidambaram Stadium, Chepauk",Kolkata Knight Riders,Chennai Super Kings,Chennai Super Kings,0,1,1,bat,1,0,147.0,152.0,-5.0,Kolkata Knight Riders vs Chennai Super Kings
335994,2008,2008-04-27,Dr DY Patil Sports Academy,Deccan Chargers,Mumbai Indians,Deccan Chargers,1,0,1,field,0,1,155.0,154.0,1.0,Deccan Chargers vs Mumbai Indians
335994,2008,2008-04-27,Dr DY Patil Sports Academy,Mumbai Indians,Deccan Chargers,Deccan Chargers,0,1,0,field,1,0,154.0,155.0,-1.0,Mumbai Indians vs Deccan Chargers
335995,2008,2008-04-27,"Punjab Cricket Association Stadium, Mohali",Delhi Capitals,Punjab Kings,Punjab Kings,0,1,1,bat,1,0,158.0,162.0,-4.0,Delhi Capitals vs Punjab Kings
335995,2008,2008-04-27,"Punjab Cricket Association Stadium, Mohali",Punjab Kings,Delhi Capitals,Punjab Kings,1,0,0,bat,0,1,162.0,158.0,4.0,Punjab Kings vs Delhi Capitals
335996,2008,2008-04-28,M Chinnaswamy Stadium,Chennai Super Kings,Royal Challengers Bengaluru,Chennai Super Kings,1,0,1,bat,1,0,178.0,165.0,13.0,Chennai Super Kings vs Royal Challengers Bengaluru
335996,2008,2008-04-28,M Chinnaswamy Stadium,Royal Challengers Bengaluru,Chennai Super Kings,Chennai Super Kings,0,1,0,bat,0,1,165.0,178.0,-13.0,Royal Challengers Bengaluru vs Chennai Super Kings
335997,2008,2008-04-29,Eden Gardens,Kolkata Knight Riders,Mumbai Indians,Mumbai Indians,0,1,1,bat,1,0,137.0,138.0,-1.0,Kolkata Knight Riders vs Mumbai Indians
335997,2008,2008-04-29,Eden Gardens,Mumbai Indians,Kolkata Knight Riders,Mumbai Indians,1,0,0,bat,0,1,138.0,137.0,1.0,Mumbai Indians vs Kolkata Knight Riders
335998,2008,2008-04-30,Feroz Shah Kotla,Delhi Capitals,Royal Challengers Bengaluru,Delhi Capitals,1,0,0,field,1,0,191.0,181.0,10.0,Delhi Capitals vs Royal Challengers Bengaluru
335998,2008,2008-04-30,Feroz Shah Kotla,Royal Challengers Bengaluru,Delhi Capitals,Delhi Capitals,0,1,1,field,0,1,181.0,191.0,-10.0,Royal Challengers Bengaluru vs Delhi Capitals
335999,2008,2008-05-01,"Rajiv Gandhi International Stadium, Uppal",Deccan Chargers,Punjab Kings,Punjab Kings,0,1,0,field,1,0,164.0,167.0,-3.0,Deccan Chargers vs Punjab Kings
335999,2008,2008-05-01,"Rajiv Gandhi International Stadium, Uppal",Punjab Kings,Deccan Chargers,Punjab Kings,1,0,1,field,0,1,167.0,164.0,3.0,Punjab Kings vs Deccan Chargers
336000,2008,2008-05-01,Sawai Mansingh Stadium,Kolkata Knight Riders,Rajasthan Royals,Rajasthan Royals,0,1,0,bat,0,1,151.0,196.0,-45.0,Kolkata Knight Riders vs Rajasthan Royals
336000,2008,2008-05-01,Sawai Mansingh Stadium,Rajasthan Royals,Kolkata Knight Riders,Rajasthan Royals,1,0,1,bat,1,0,196.0,151.0,45.0,Rajasthan Royals vs Kolkata Knight Riders
336001,2008,2008-05-02,"MA Chidambaram Stadium, Chepauk",Chennai Super Kings,Delhi Capitals,Delhi Capitals,0,1,1,bat,1,0,169.0,172.0,-3.0,Chennai Super Kings vs Delhi Capitals
336001,2008,2008-05-02,"MA Chidambaram Stadium, Chepauk",Delhi Capitals,Chennai Super Kings,Delhi Capitals,1,0,0,bat,0,1,172.0,169.0,3.0,Delhi Capitals vs Chennai Super Kings
336003,2008,2008-05-03,"Punjab Cricket Association Stadium, Mohali",Kolkata Knight Riders,Punjab Kings,Punjab Kings,0,1,0,bat,0,1,169.0,178.0,-9.0,Kolkata Knight Riders vs Punjab Kings
336003,2008,2008-05-03,"Punjab Cricket Association Stadium, Mohali",Punjab Kings,Kolkata Knight Riders,Punjab Kings,1,0,1,bat,1,0,178.0,169.0,9.0,Punjab Kings vs Kolkata Knight Riders
336034,2008,2008-05-03,M Chinnaswamy Stadium,Deccan Chargers,Royal Challengers Bengaluru,Royal Challengers Bengaluru,0,1,1,field,0,1,153.0,156.0,-3.0,Deccan Chargers vs Royal Challengers Bengaluru
336034,2008,2008-05-03,M Chinnaswamy Stadium,Royal Challengers Bengaluru,Deccan Chargers,Royal Challengers Bengaluru,1,0,0,field,1,0,156.0,153.0,3.0,Royal Challengers Bengaluru vs Deccan Chargers
336004,2008,2008-05-04,Dr DY Patil Sports Academy,Delhi Capitals,Mumbai Indians,Mumbai Indians,0,1,1,field,0,1,133.0,162.0,-29.0,Delhi Capitals vs Mumbai Indians
336004,2008,2008-05-04,Dr DY Patil Sports Academy,Mumbai Indians,Delhi Capitals,Mumbai Indians,1,0,0,field,1,0,162.0,133.0,29.0,Mumbai Indians vs Delhi Capitals
336005,2008,2008-05-04,Sawai Mansingh Stadium,Chennai Super Kings,Rajasthan Royals,Rajasthan Royals,0,1,1,bat,1,0,109.0,110.0,-1.0,Chennai Super Kings vs Rajasthan Royals
336005,2008,2008-05-04,Sawai Mansingh Stadium,Rajasthan Royals,Chennai Super Kings,Rajasthan Royals,1,0,0,bat,0,1,110.0,109.0,1.0,Rajasthan Royals vs Chennai Super Kings
336006,2008,2008-05-05,M Chinnaswamy Stadium,Punjab Kings,Royal Challengers Bengaluru,Punjab Kings,1,0,1,field,0,1,127.0,126.0,1.0,Punjab Kings vs Royal Challengers Bengaluru
336006,2008,2008-05-05,M Chinnaswamy Stadium,Royal Challengers Bengaluru,Punjab Kings,Punjab Kings,0,1,0,field,1,0,126.0,127.0,-1.0,Royal Challengers Bengaluru vs Punjab Kings
336007,2008,2008-05-06,"MA Chidambaram Stadium, Chepauk",Chennai Super Kings,Deccan Chargers,Deccan Chargers,0,1,0,field,1,0,144.0,148.0,-4.0,Chennai Super Kings vs Deccan Chargers
336007,2008,2008-05-06,"MA Chidambaram Stadium, Chepauk",Deccan Chargers,Chennai Super Kings,Deccan Chargers,1,0,1,field,0,1,148.0,144.0,4.0,Deccan Chargers vs Chennai Super Kings
336008,2008,2008-05-07,Dr DY Patil Sports Academy,Mumbai Indians,Rajasthan Royals,Mumbai Indians,1,0,1,field,0,1,104.0,103.0,1.0,Mumbai Indians vs Rajasthan Royals
336008,2008,2008-05-07,Dr DY Patil Sports Academy,Rajasthan Royals,Mumbai Indians,Mumbai Indians,0,1,0,field,1,0,103.0,104.0,-1.0,Rajasthan Royals vs Mumbai Indians
336009,2008,2008-05-08,Feroz Shah Kotla,Chennai Super Kings,Delhi Capitals,Chennai Super Kings,1,0,1,field,0,1,188.0,187.0,1.0,Chennai Super Kings vs Delhi Capitals
336009,2008,2008-05-08,Feroz Shah Kotla,Delhi Capitals,Chennai Super Kings,Chennai Super Kings,0,1,0,field,1,0,187.0,188.0,-1.0,Delhi Capitals vs Chennai Super Kings
336010,2008,2008-05-08,Eden Gardens,Kolkata Knight Riders,Royal Challengers Bengaluru,Kolkata Knight Riders,1,0,1,bat,1,0,129.0,124.0,5.0,Kolkata Knight Riders vs Royal Challengers Bengaluru
336010,2008,2008-05-08,Eden Gardens,Royal Challengers Bengaluru,Kolkata Knight Riders,Kolkata Knight Riders,0,1,0,bat,0,1,124.0,129.0,-5.0,Royal Challengers Bengaluru vs Kolkata Knight Riders
336011,2008,2008-05-09,Sawai Mansingh Stadium,Deccan Chargers,Rajasthan Royals,Rajasthan Royals,0,1,0,field,1,0,140.0,141.0,-1.0,Deccan Chargers vs Rajasthan Royals
336011,2008,2008-05-09,Sawai Mansingh Stadium,Rajasthan Royals,Deccan Chargers,Rajasthan Royals,1,0,1,field,0,1,141.0,140.0,1.0,Rajasthan Royals vs Deccan Chargers
336013,2008,2008-05-10,"MA Chidambaram Stadium, Chepauk",Chennai Super Kings,Punjab Kings,Chennai Super Kings,1,0,0,field,1,0,181.0,163.0,18.0,Chennai Super Kings vs Punjab Kings
336013,2008,2008-05-10,"MA Chidambaram Stadium, Chepauk",Punjab Kings,Chennai Super Kings,Chennai Super Kings,0,1,1,field,0,1,163.0,181.0,-18.0,Punjab Kings vs Chennai Super Kings
336014,2008,2008-05-11,"Rajiv Gandhi International Stadium, Uppal",Deccan Chargers,Kolkata Knight Riders,Kolkata Knight Riders,0,1,0,bat,0,1,181.0,204.0,-23.0,Deccan Chargers vs Kolkata Knight Riders
336014,2008,2008-05-11,"Rajiv Gandhi International Stadium, Uppal",Kolkata Knight Riders,Deccan Chargers,Kolkata Knight Riders,1,0,1,bat,1,0,204.0,181.0,23.0,Kolkata Knight Riders vs Deccan Chargers
336015,2008,2008-05-11,Sawai Mansingh Stadium,Delhi Capitals,Rajasthan Royals,Rajasthan Royals,0,1,0,field,1,0,156.0,159.0,-3.0,Delhi Capitals vs Rajasthan Royals
336015,2008,2008-05-11,Sawai Mansingh Stadium,Rajasthan Royals,Delhi Capitals,Rajasthan Royals,1,0,1,field,0,1,159.0,156.0,3.0,Rajasthan Royals vs Delhi Capitals
336016,2008,2008-05-12,"Punjab Cricket Association Stadium, Mohali",Punjab Kings,Royal Challengers Bengaluru,Punjab Kings,1,0,0,bat,0,1,144.0,143.0,1.0,Punjab Kings vs Royal Challengers Bengaluru
336016,2008,2008-05-12,"Punjab Cricket Association Stadium, Mohali",Royal Challengers Bengaluru,Punjab Kings,Punjab Kings,0,1,1,bat,1,0,143.0,144.0,-1.0,Royal Challengers Bengaluru vs Punjab Kings
336017,2008,2008-05-13,Eden Gardens,Delhi Capitals,Kolkata Knight Riders,Kolkata Knight Riders,0,1,0,bat,0,1,110.0,133.0,-23.0,Delhi Capitals vs Kolkata Knight Riders
336017,2008,2008-05-13,Eden Gardens,Kolkata Knight Riders,Delhi Capitals,Kolkata Knight Riders,1,0,1,bat,1,0,133.0,110.0,23.0,Kolkata Knight Riders vs Delhi Capitals
336018,2008,2008-05-14,Wankhede Stadium,Chennai Super Kings,Mumbai Indians,Mumbai Indians,0,1,0,field,1,0,156.0,158.0,-2.0,Chennai Super Kings vs Mumbai Indians
336018,2008,2008-05-14,Wankhede Stadium,Mumbai Indians,Chennai Super Kings,Mumbai Indians,1,0,1,field,0,1,158.0,156.0,2.0,Mumbai Indians vs Chennai Super Kings
336020,2008,2008-05-15,Feroz Shah Kotla,Deccan Chargers,Delhi Capitals,Delhi Capitals,0,1,1,field,0,1,182.0,194.0,-12.0,Deccan Chargers vs Delhi Capitals
336020,2008,2008-05-15,Feroz Shah Kotla,Delhi Capitals,Deccan Chargers,Delhi Capitals,1,0,0,field,1,0,194.0,182.0,12.0,Delhi Capitals vs Deccan Chargers
336021,2008,2008-05-16,Wankhede Stadium,Kolkata Knight Riders,Mumbai Indians,Mumbai Indians,0,1,0,field,1,0,67.0,68.0,-1.0,Kolkata Knight Riders vs Mumbai Indians
336021,2008,2008-05-16,Wankhede Stadium,Mumbai Indians,Kolkata Knight Riders,Mumbai Indians,1,0,1,field,0,1,68.0,67.0,1.0,Mumbai Indians vs Kolkata Knight Riders
336022,2008,2008-05-17,Feroz Shah Kotla,Delhi Capitals,Punjab Kings,Punjab Kings,0,1,1,bat,1,0,118.0,94.0,24.0,Delhi Capitals vs Punjab Kings
336022,2008,2008-05-17,Feroz Shah Kotla,Punjab Kings,Delhi Capitals,Punjab Kings,1,0,0,bat,0,1,94.0,118.0,-24.0,Punjab Kings vs Delhi Capitals
336023,2008,2008-05-17,Sawai Mansingh Stadium,Rajasthan Royals,Royal Challengers Bengaluru,Rajasthan Royals,1,0,0,field,1,0,197.0,132.0,65.0,Rajasthan Royals vs Royal Challengers Bengaluru
336023,2008,2008-05-17,Sawai Mansingh Stadium,Royal Challengers Bengaluru,Rajasthan Royals,Rajasthan Royals,0,1,1,field,0,1,132.0,197.0,-65.0,Royal Challengers Bengaluru vs Rajasthan Royals
336024,2008,2008-05-18,"Rajiv Gandhi International Stadium, Uppal",Deccan Chargers,Mumbai Indians,Mumbai Indians,0,1,1,field,0,1,153.0,178.0,-25.0,Deccan Chargers vs Mumbai Indians
336024,2008,2008-05-18,"Rajiv Gandhi International Stadium, Uppal",Mumbai Indians,Deccan Chargers,Mumbai Indians,1,0,0,field,1,0,178.0,153.0,25.0,Mumbai Indians vs Deccan Chargers
336025,2008,2008-05-18,Eden Gardens,Chennai Super Kings,Kolkata Knight Riders,Chennai Super Kings,1,0,0,bat,0,1,55.0,149.0,-94.0,Chennai Super Kings vs Kolkata Knight Riders
336025,2008,2008-05-18,Eden Gardens,Kolkata Knight Riders,Chennai Super Kings,Chennai Super Kings,0,1,1,bat,1,0,149.0,55.0,94.0,Kolkata Knight Riders vs Chennai Super Kings
336026,2008,2008-05-19,M Chinnaswamy Stadium,Delhi Capitals,Royal Challengers Bengaluru,Delhi Capitals,1,0,1,field,0,1,158.0,154.0,4.0,Delhi Capitals vs Royal Challengers Bengaluru
336026,2008,2008-05-19,M Chinnaswamy Stadium,Royal Challengers Bengaluru,Delhi Capitals,Delhi Capitals,0,1,0,field,1,0,154.0,158.0,-4.0,Royal Challengers Bengaluru vs Delhi Capitals
336027,2008,2008-05-20,Eden Gardens,Kolkata Knight Riders,Rajasthan Royals,Rajasthan Royals,0,1,0,field,1,0,147.0,150.0,-3.0,Kolkata Knight Riders vs Rajasthan Royals
336027,2008,2008-05-20,Eden Gardens,Rajasthan Royals,Kolkata Knight Riders,Rajasthan Royals,1,0,1,field,0,1,150.0,147.0,3.0,Rajasthan Royals vs Kolkata Knight Riders
336028,2008,2008-05-21,Wankhede Stadium,Mumbai Indians,Punjab Kings,Punjab Kings,0,1,1,field,0,1,188.0,189.0,-1.0,Mumbai Indians vs Punjab Kings
336028,2008,2008-05-21,Wankhede Stadium,Punjab Kings,Mumbai Indians,Punjab Kings,1,0,0,field,1,0,189.0,188.0,1.0,Punjab Kings vs Mumbai Indians
336029,2008,2008-05-21,"MA Chidambaram Stadium, Chepauk",Chennai Super Kings,Royal Challengers Bengaluru,Royal Challengers Bengaluru,0,1,0,bat,0,1,112.0,126.0,-14.0,Chennai Super Kings vs Royal Challengers Bengaluru
336029,2008,2008-05-21,"MA Chidambaram Stadium, Chepauk",Royal Challengers Bengaluru,Chennai Super Kings,Royal Challengers Bengaluru,1,0,1,bat,1,0,126.0,112.0,14.0,Royal Challengers Bengaluru vs Chennai Super Kings
336031,2008,2008-05-23,"Punjab Cricket Association Stadium, Mohali",Deccan Chargers,Punjab Kings,Punjab Kings,0,1,0,field,1,0,175.0,178.0,-3.0,Deccan Chargers vs Punjab Kings
336031,2008,2008-05-23,"Punjab Cricket Association Stadium, Mohali",Punjab Kings,Deccan Chargers,Punjab Kings,1,0,1,field,0,1,178.0,175.0,3.0,Punjab Kings vs Deccan Chargers
336032,2008,2008-05-24,Feroz Shah Kotla,Delhi Capitals,Mumbai Indians,Delhi Capitals,1,0,1,field,0,1,179.0,176.0,3.0,Delhi Capitals vs Mumbai Indians
336032,2008,2008-05-24,Feroz Shah Kotla,Mumbai Indians,Delhi Capitals,Delhi Capitals,0,1,0,field,1,0,176.0,179.0,-3.0,Mumbai Indians vs Delhi Capitals
336033,2008,2008-05-24,"MA Chidambaram Stadium, Chepauk",Chennai Super Kings,Rajasthan Royals,Rajasthan Royals,0,1,0,bat,0,1,201.0,211.0,-10.0,Chennai Super Kings vs Rajasthan Royals
336033,2008,2008-05-24,"MA Chidambaram Stadium, Chepauk",Rajasthan Royals,Chennai Super Kings,Rajasthan Royals,1,0,1,bat,1,0,211.0,201.0,10.0,Rajasthan Royals vs Chennai Super Kings
336002,2008,2008-05-25,"Rajiv Gandhi International Stadium, Uppal",Deccan Chargers,Royal Challengers Bengaluru,Royal Challengers Bengaluru,0,1,1,bat,1,0,165.0,171.0,-6.0,Deccan Chargers vs Royal Challengers Bengaluru
336002,2008,2008-05-25,"Rajiv Gandhi International Stadium, Uppal",Royal Challengers Bengaluru,Deccan Chargers,Royal Challengers Bengaluru,1,0,0,bat,0,1,171.0,165.0,6.0,Royal Challengers Bengaluru vs Deccan Chargers
336035,2008,2008-05-25,Eden Gardens,Kolkata Knight Riders,Punjab Kings,Kolkata Knight Riders,1,0,0,bat,0,1,175.0,174.0,1.0,Kolkata Knight Riders vs Punjab Kings
336035,2008,2008-05-25,Eden Gardens,Punjab Kings,Kolkata Knight Riders,Kolkata Knight Riders,0,1,1,bat,1,0,174.0,175.0,-1.0,Punjab Kings vs Kolkata Knight Riders
336036,2008,2008-05-26,Sawai Mansingh Stadium,Mumbai Indians,Rajasthan Royals,Rajasthan Royals,0,1,0,field,1,0,145.0,146.0,-1.0,Mumbai Indians vs Rajasthan Royals
336036,2008,2008-05-26,Sawai Mansingh Stadium,Rajasthan Royals,Mumbai Indians,Rajasthan Royals,1,0,1,field,0,1,146.0,145.0,1.0,Rajasthan Royals vs Mumbai Indians
336037,2008,2008-05-27,"Rajiv Gandhi International Stadium, Uppal",Chennai Super Kings,Deccan Chargers,Chennai Super Kings,1,0,0,bat,0,1,148.0,147.0,1.0,Chennai Super Kings vs Deccan Chargers
336037,2008,2008-05-27,"Rajiv Gandhi International Stadium, Uppal",Deccan Chargers,Chennai Super Kings,Chennai Super Kings,0,1,1,bat,1,0,147.0,148.0,-1.0,Deccan Chargers vs Chennai Super Kings
336012,2008,2008-05-28,M Chinnaswamy Stadium,Mumbai Indians,Royal Challengers Bengaluru,Mumbai Indians,1,0,1,field,0,1,126.0,122.0,4.0,Mumbai Indians vs Royal Challengers Bengaluru
336012,2008,2008-05-28,M Chinnaswamy Stadium,Royal Challengers Bengaluru,Mumbai Indians,Mumbai Indians,0,1,0,field,1,0,122.0,126.0,-4.0,Royal Challengers Bengaluru vs Mumbai Indians
336019,2008,2008-05-28,"Punjab Cricket Association Stadium, Mohali",Punjab Kings,Rajasthan Royals,Punjab Kings,1,0,0,field,1,0,221.0,180.0,41.0,Punjab Kings vs Rajasthan Royals
336019,2008,2008-05-28,"Punjab Cricket Association Stadium, Mohali",Rajasthan Royals,Punjab Kings,Punjab Kings,0,1,1,field,0,1,180.0,221.0,-41.0,Rajasthan Royals vs Punjab Kings
336038,2008,2008-05-30,Wankhede Stadium,Delhi Capitals,Rajasthan Royals,Rajasthan Royals,0,1,1,field,0,1,87.0,192.0,-105.0,Delhi Capitals vs Rajasthan Royals
336038,2008,2008-05-30,Wankhede Stadium,Rajasthan Royals,Delhi Capitals,Rajasthan Royals,1,0,0,field,1,0,192.0,87.0,105.0,Rajasthan Royals vs Delhi Capitals
336039,2008,2008-05-31,Wankhede Stadium,Chennai Super Kings,Punjab Kings,Chennai Super Kings,1,0,0,bat,0,1,116.0,112.0,4.0,Chennai Super Kings vs Punjab Kings
336039,2008,2008-05-31,Wankhede Stadium,Punjab Kings,Chennai Super Kings,Chennai Super Kings,0,1,1,bat,1,0,112.0,116.0,-4.0,Punjab Kings vs Chennai Super Kings
336040,2008,2008-06-01,Dr DY Patil Sports Academy,Chennai Super Kings,Rajasthan Royals,Rajasthan Royals,0,1,0,field,1,0,163.0,164.0,-1.0,Chennai Super Kings vs Rajasthan Royals
336040,2008,2008-06-01,Dr DY Patil Sports Academy,Rajasthan Royals,Chennai Super Kings,Rajasthan Royals,1,0,1,field,0,1,164.0,163.0,1.0,Rajasthan Royals vs Chennai Super Kings
392181,2009,2009-04-18,Newlands,Chennai Super Kings,Mumbai Indians,Mumbai Indians,0,1,1,field,0,1,146.0,165.0,-19.0,Chennai Super Kings vs Mumbai Indians
392181,2009,2009-04-18,Newlands,Mumbai Indians,Chennai Super Kings,Mumbai Indians,1,0,0,field,1,0,165.0,146.0,19.0,Mumbai Indians vs Chennai Super Kings
392182,2009,2009-04-18,Newlands,Rajasthan Royals,Royal Challengers Bengaluru,Royal Challengers Bengaluru,0,1,0,bat,0,1,58.0,133.0,-75.0,Rajasthan Royals vs Royal Challengers Bengaluru
392182,2009,2009-04-18,Newlands,Royal Challengers Bengaluru,Rajasthan Royals,Royal Challengers Bengaluru,1,0,1,bat,1,0,133.0,58.0,75.0,Royal Challengers Bengaluru vs Rajasthan Royals
392183,2009,2009-04-19,Newlands,Delhi Capitals,Punjab Kings,Delhi Capitals,1,0,1,field,0,1,58.0,104.0,-46.0,Delhi Capitals vs Punjab Kings
392183,2009,2009-04-19,Newlands,Punjab Kings,Delhi Capitals,Delhi Capitals,0,1,0,field,1,0,104.0,58.0,46.0,Punjab Kings vs Delhi Capitals
392184,2009,2009-04-19,Newlands,Deccan Chargers,Kolkata Knight Riders,Deccan Chargers,1,0,0,bat,0,1,104.0,101.0,3.0,Deccan Chargers vs Kolkata Knight Riders
392184,2009,2009-04-19,Newlands,Kolkata Knight Riders,Deccan Chargers,Deccan Chargers,0,1,1,bat,1,0,101.0,104.0,-3.0,Kolkata Knight Riders vs Deccan Chargers
392185,2009,2009-04-20,St George's Park,Chennai Super Kings,Royal Challengers Bengaluru,Chennai Super Kings,1,0,1,bat,1,0,179.0,87.0,92.0,Chennai Super Kings vs Royal Challengers Bengaluru
392185,2009,2009-04-20,St George's Park,Royal Challengers Bengaluru,Chennai Super Kings,Chennai Super Kings,0,1,0,bat,0,1,87.0,179.0,-92.0,Royal Challengers Bengaluru vs Chennai Super Kings
392186,2009,2009-04-21,Kingsmead,Kolkata Knight Riders,Punjab Kings,Kolkata Knight Riders,1,0,1,field,0,1,79.0,158.0,-79.0,Kolkata Knight Riders vs Punjab Kings
392186,2009,2009-04-21,Kingsmead,Punjab Kings,Kolkata Knight Riders,Kolkata Knight Riders,0,1,0,field,1,0,158.0,79.0,79.0,Punjab Kings vs Kolkata Knight Riders
392188,2009,2009-04-22,Newlands,Deccan Chargers,Royal Challengers Bengaluru,Deccan Chargers,1,0,1,bat,1,0,184.0,160.0,24.0,Deccan Chargers vs Royal Challengers Bengaluru
392188,2009,2009-04-22,Newlands,Royal Challengers Bengaluru,Deccan Chargers,Deccan Chargers,0,1,0,bat,0,1,160.0,184.0,-24.0,Royal Challengers Bengaluru vs Deccan Chargers
392189,2009,2009-04-23,Kingsmead,Chennai Super Kings,Delhi Capitals,Delhi Capitals,0,1,0,bat,0,1,180.0,189.0,-9.0,Chennai Super Kings vs Delhi Capitals
392189,2009,2009-04-23,Kingsmead,Delhi Capitals,Chennai Super Kings,Delhi Capitals,1,0,1,bat,1,0,189.0,180.0,9.0,Delhi Capitals vs Chennai Super Kings
392190,2009,2009-04-23,Newlands,Kolkata Knight Riders,Rajasthan Royals,Rajasthan Royals,0,1,1,field,0,1,150.0,150.0,0.0,Kolkata Knight Riders vs Rajasthan Royals
392190,2009,2009-04-23,Newlands,Rajasthan Royals,Kolkata Knight Riders,Rajasthan Royals,1,0,0,field,1,0,150.0,150.0,0.0,Rajasthan Royals vs Kolkata Knight Riders
392191,2009,2009-04-24,Kingsmead,Punjab Kings,Royal Challengers Bengaluru,Punjab Kings,1,0,0,bat,0,1,173.0,168.0,5.0,Punjab Kings vs Royal Challengers Bengaluru
392191,2009,2009-04-24,Kingsmead,Royal Challengers Bengaluru,Punjab Kings,Punjab Kings,0,1,1,bat,1,0,168.0,173.0,-5.0,Royal Challengers Bengaluru vs Punjab Kings
392192,2009,2009-04-25,Kingsmead,Deccan Chargers,Mumbai Indians,Deccan Chargers,1,0,1,bat,1,0,168.0,156.0,12.0,Deccan Chargers vs Mumbai Indians
392192,2009,2009-04-25,Kingsmead,Mumbai Indians,Deccan Chargers,Deccan Chargers,0,1,0,bat,0,1,156.0,168.0,-12.0,Mumbai Indians vs Deccan Chargers
392194,2009,2009-04-26,St George's Park,Delhi Capitals,Royal Challengers Bengaluru,Delhi Capitals,1,0,0,bat,0,1,150.0,149.0,1.0,Delhi Capitals vs Royal Challengers Bengaluru
392194,2009,2009-04-26,St George's Park,Royal Challengers Bengaluru,Delhi Capitals,Delhi Capitals,0,1,1,bat,1,0,149.0,150.0,-1.0,Royal Challengers Bengaluru vs Delhi Capitals
392195,2009,2009-04-26,Newlands,Punjab Kings,Rajasthan Royals,Punjab Kings,1,0,1,bat,1,0,139.0,112.0,27.0,Punjab Kings vs Rajasthan Royals
392195,2009,2009-04-26,Newlands,Rajasthan Royals,Punjab Kings,Punjab Kings,0,1,0,bat,0,1,112.0,139.0,-27.0,Rajasthan Royals vs Punjab Kings
392196,2009,2009-04-27,Kingsmead,Chennai Super Kings,Deccan Chargers,Deccan Chargers,0,1,0,field,1,0,165.0,169.0,-4.0,Chennai Super Kings vs Deccan Chargers
392196,2009,2009-04-27,Kingsmead,Deccan Chargers,Chennai Super Kings,Deccan Chargers,1,0,1,field,0,1,169.0,165.0,4.0,Deccan Chargers vs Chennai Super Kings
392197,2009,2009-04-27,St George's Park,Kolkata Knight Riders,Mumbai Indians,Mumbai Indians,0,1,0,bat,0,1,95.0,187.0,-92.0,Kolkata Knight Riders vs Mumbai Indians
392197,2009,2009-04-27,St George's Park,Mumbai Indians,Kolkata Knight Riders,Mumbai Indians,1,0,1,bat,1,0,187.0,95.0,92.0,Mumbai Indians vs Kolkata Knight Riders
392198,2009,2009-04-28,SuperSport Park,Delhi Capitals,Rajasthan Royals,Rajasthan Royals,0,1,1,bat,1,0,143.0,147.0,-4.0,Delhi Capitals vs Rajasthan Royals
392198,2009,2009-04-28,SuperSport Park,Rajasthan Royals,Delhi Capitals,Rajasthan Royals,1,0,0,bat,0,1,147.0,143.0,4.0,Rajasthan Royals vs Delhi Capitals
392199,2009,2009-04-29,Kingsmead,Kolkata Knight Riders,Royal Challengers Bengaluru,Royal Challengers Bengaluru,0,1,1,bat,1,0,139.0,143.0,-4.0,Kolkata Knight Riders vs Royal Challengers Bengaluru
392199,2009,2009-04-29,Kingsmead,Royal Challengers Bengaluru,Kolkata Knight Riders,Royal Challengers Bengaluru,1,0,0,bat,0,1,143.0,139.0,4.0,Royal Challengers Bengaluru vs Kolkata Knight Riders
392200,2009,2009-04-29,Kingsmead,Mumbai Indians,Punjab Kings,Punjab Kings,0,1,0,bat,0,1,116.0,119.0,-3.0,Mumbai Indians vs Punjab Kings
392200,2009,2009-04-29,Kingsmead,Punjab Kings,Mumbai Indians,Punjab Kings,1,0,1,bat,1,0,119.0,116.0,3.0,Punjab Kings vs Mumbai Indians
392201,2009,2009-04-30,SuperSport Park,Deccan Chargers,Delhi Capitals,Delhi Capitals,0,1,0,field,1,0,148.0,150.0,-2.0,Deccan Chargers vs Delhi Capitals
392201,2009,2009-04-30,SuperSport Park,Delhi Capitals,Deccan Chargers,Delhi Capitals,1,0,1,field,0,1,150.0,148.0,2.0,Delhi Capitals vs Deccan Chargers
392202,2009,2009-04-30,SuperSport Park,Chennai Super Kings,Rajasthan Royals,Chennai Super Kings,1,0,0,field,1,0,164.0,126.0,38.0,Chennai Super Kings vs Rajasthan Royals
392202,2009,2009-04-30,SuperSport Park,Rajasthan Royals,Chennai Super Kings,Chennai Super Kings,0,1,1,field,0,1,126.0,164.0,-38.0,Rajasthan Royals vs Chennai Super Kings
392203,2009,2009-05-01,Buffalo Park,Kolkata Knight Riders,Mumbai Indians,Mumbai Indians,0,1,0,bat,0,1,139.0,148.0,-9.0,Kolkata Knight Riders vs Mumbai Indians
392203,2009,2009-05-01,Buffalo Park,Mumbai Indians,Kolkata Knight Riders,Mumbai Indians,1,0,1,bat,1,0,148.0,139.0,9.0,Mumbai Indians vs Kolkata Knight Riders
392204,2009,2009-05-01,Kingsmead,Punjab Kings,Royal Challengers Bengaluru,Royal Challengers Bengaluru,0,1,0,bat,0,1,137.0,145.0,-8.0,Punjab Kings vs Royal Challengers Bengaluru
392204,2009,2009-05-01,Kingsmead,Royal Challengers Bengaluru,Punjab Kings,Royal Challengers Bengaluru,1,0,1,bat,1,0,145.0,137.0,8.0,Royal Challengers Bengaluru vs Punjab Kings
392205,2009,2009-05-02,St George's Park,Deccan Chargers,Rajasthan Royals,Rajasthan Royals,0,1,1,bat,1,0,141.0,142.0,-1.0,Deccan Chargers vs Rajasthan Royals
392205,2009,2009-05-02,St George's Park,Rajasthan Royals,Deccan Chargers,Rajasthan Royals,1,0,0,bat,0,1,142.0,141.0,1.0,Rajasthan Royals vs Deccan Chargers
392206,2009,2009-05-02,New Wanderers Stadium,Chennai Super Kings,Delhi Capitals,Chennai Super Kings,1,0,0,field,1,0,163.0,145.0,18.0,Chennai Super Kings vs Delhi Capitals
392206,2009,2009-05-02,New Wanderers Stadium,Delhi Capitals,Chennai Super Kings,Chennai Super Kings,0,1,1,field,0,1,145.0,163.0,-18.0,Delhi Capitals vs Chennai Super Kings
392207,2009,2009-05-03,St George's Park,Kolkata Knight Riders,Punjab Kings,Punjab Kings,0,1,1,bat,1,0,153.0,154.0,-1.0,Kolkata Knight Riders vs Punjab Kings
392207,2009,2009-05-03,St George's Park,Punjab Kings,Kolkata Knight Riders,Punjab Kings,1,0,0,bat,0,1,154.0,153.0,1.0,Punjab Kings vs Kolkata Knight Riders
392208,2009,2009-05-03,New Wanderers Stadium,Mumbai Indians,Royal Challengers Bengaluru,Royal Challengers Bengaluru,0,1,1,bat,1,0,149.0,150.0,-1.0,Mumbai Indians vs Royal Challengers Bengaluru
392208,2009,2009-05-03,New Wanderers Stadium,Royal Challengers Bengaluru,Mumbai Indians,Royal Challengers Bengaluru,1,0,0,bat,0,1,150.0,149.0,1.0,Royal Challengers Bengaluru vs Mumbai Indians
392209,2009,2009-05-04,Buffalo Park,Chennai Super Kings,Deccan Chargers,Chennai Super Kings,1,0,1,bat,1,0,178.0,100.0,78.0,Chennai Super Kings vs Deccan Chargers
392209,2009,2009-05-04,Buffalo Park,Deccan Chargers,Chennai Super Kings,Chennai Super Kings,0,1,0,bat,0,1,100.0,178.0,-78.0,Deccan Chargers vs Chennai Super Kings
392210,2009,2009-05-05,Kingsmead,Punjab Kings,Rajasthan Royals,Rajasthan Royals,0,1,1,field,0,1,133.0,211.0,-78.0,Punjab Kings vs Rajasthan Royals
392210,2009,2009-05-05,Kingsmead,Rajasthan Royals,Punjab Kings,Rajasthan Royals,1,0,0,field,1,0,211.0,133.0,78.0,Rajasthan Royals vs Punjab Kings
392211,2009,2009-05-05,Kingsmead,Delhi Capitals,Kolkata Knight Riders,Delhi Capitals,1,0,0,bat,0,1,157.0,154.0,3.0,Delhi Capitals vs Kolkata Knight Riders
392211,2009,2009-05-05,Kingsmead,Kolkata Knight Riders,Delhi Capitals,Delhi Capitals,0,1,1,bat,1,0,154.0,157.0,-3.0,Kolkata Knight Riders vs Delhi Capitals
392212,2009,2009-05-06,SuperSport Park,Deccan Chargers,Mumbai Indians,Deccan Chargers,1,0,1,bat,1,0,145.0,126.0,19.0,Deccan Chargers vs Mumbai Indians
392212,2009,2009-05-06,SuperSport Park,Mumbai Indians,Deccan Chargers,Deccan Chargers,0,1,0,bat,0,1,126.0,145.0,-19.0,Mumbai Indians vs Deccan Chargers
392213,2009,2009-05-07,SuperSport Park,Rajasthan Royals,Royal Challengers Bengaluru,Rajasthan Royals,1,0,1,field,0,1,107.0,105.0,2.0,Rajasthan Royals vs Royal Challengers Bengaluru
392213,2009,2009-05-07,SuperSport Park,Royal Challengers Bengaluru,Rajasthan Royals,Rajasthan Royals,0,1,0,field,1,0,105.0,107.0,-2.0,Royal Challengers Bengaluru vs Rajasthan Royals
392214,2009,2009-05-07,SuperSport Park,Chennai Super Kings,Punjab Kings,Chennai Super Kings,1,0,1,bat,1,0,185.0,174.0,11.0,Chennai Super Kings vs Punjab Kings
392214,2009,2009-05-07,SuperSport Park,Punjab Kings,Chennai Super Kings,Chennai Super Kings,0,1,0,bat,0,1,174.0,185.0,-11.0,Punjab Kings vs Chennai Super Kings
392215,2009,2009-05-08,Buffalo Park,Delhi Capitals,Mumbai Indians,Delhi Capitals,1,0,0,bat,0,1,118.0,116.0,2.0,Delhi Capitals vs Mumbai Indians
392215,2009,2009-05-08,Buffalo Park,Mumbai Indians,Delhi Capitals,Delhi Capitals,0,1,1,bat,1,0,116.0,118.0,-2.0,Mumbai Indians vs Delhi Capitals
392216,2009,2009-05-09,De Beers Diamond Oval,Deccan Chargers,Punjab Kings,Punjab Kings,0,1,0,field,1,0,168.0,169.0,-1.0,Deccan Chargers vs Punjab Kings
392216,2009,2009-05-09,De Beers Diamond Oval,Punjab Kings,Deccan Chargers,Punjab Kings,1,0,1,field,0,1,169.0,168.0,1.0,Punjab Kings vs Deccan Chargers
392217,2009,2009-05-09,De Beers Diamond Oval,Chennai Super Kings,Rajasthan Royals,Chennai Super Kings,1,0,0,bat,0,1,141.0,140.0,1.0,Chennai Super Kings vs Rajasthan Royals
392217,2009,2009-05-09,De Beers Diamond Oval,Rajasthan Royals,Chennai Super Kings,Chennai Super Kings,0,1,1,bat,1,0,140.0,141.0,-1.0,Rajasthan Royals vs Chennai Super Kings
392218,2009,2009-05-10,St George's Park,Mumbai Indians,Royal Challengers Bengaluru,Mumbai Indians,1,0,1,bat,1,0,157.0,141.0,16.0,Mumbai Indians vs Royal Challengers Bengaluru
392218,2009,2009-05-10,St George's Park,Royal Challengers Bengaluru,Mumbai Indians,Mumbai Indians,0,1,0,bat,0,1,141.0,157.0,-16.0,Royal Challengers Bengaluru vs Mumbai Indians
392219,2009,2009-05-10,New Wanderers Stadium,Delhi Capitals,Kolkata Knight Riders,Delhi Capitals,1,0,1,field,0,1,125.0,123.0,2.0,Delhi Capitals vs Kolkata Knight Riders
392219,2009,2009-05-10,New Wanderers Stadium,Kolkata Knight Riders,Delhi Capitals,Delhi Capitals,0,1,0,field,1,0,123.0,125.0,-2.0,Kolkata Knight Riders vs Delhi Capitals
392220,2009,2009-05-11,De Beers Diamond Oval,Deccan Chargers,Rajasthan Royals,Deccan Chargers,1,0,1,bat,1,0,166.0,113.0,53.0,Deccan Chargers vs Rajasthan Royals
392220,2009,2009-05-11,De Beers Diamond Oval,Rajasthan Royals,Deccan Chargers,Deccan Chargers,0,1,0,bat,0,1,113.0,166.0,-53.0,Rajasthan Royals vs Deccan Chargers
392221,2009,2009-05-12,SuperSport Park,Kolkata Knight Riders,Royal Challengers Bengaluru,Royal Challengers Bengaluru,0,1,0,field,1,0,173.0,176.0,-3.0,Kolkata Knight Riders vs Royal Challengers Bengaluru
392221,2009,2009-05-12,SuperSport Park,Royal Challengers Bengaluru,Kolkata Knight Riders,Royal Challengers Bengaluru,1,0,1,field,0,1,176.0,173.0,3.0,Royal Challengers Bengaluru vs Kolkata Knight Riders
392222,2009,2009-05-12,SuperSport Park,Mumbai Indians,Punjab Kings,Mumbai Indians,1,0,0,bat,0,1,122.0,119.0,3.0,Mumbai Indians vs Punjab Kings
392222,2009,2009-05-12,SuperSport Park,Punjab Kings,Mumbai Indians,Mumbai Indians,0,1,1,bat,1,0,119.0,122.0,-3.0,Punjab Kings vs Mumbai Indians
392223,2009,2009-05-13,Kingsmead,Deccan Chargers,Delhi Capitals,Delhi Capitals,0,1,1,field,0,1,161.0,173.0,-12.0,Deccan Chargers vs Delhi Capitals
392223,2009,2009-05-13,Kingsmead,Delhi Capitals,Deccan Chargers,Delhi Capitals,1,0,0,field,1,0,173.0,161.0,12.0,Delhi Capitals vs Deccan Chargers
392224,2009,2009-05-14,Kingsmead,Chennai Super Kings,Royal Challengers Bengaluru,Royal Challengers Bengaluru,0,1,1,bat,1,0,129.0,132.0,-3.0,Chennai Super Kings vs Royal Challengers Bengaluru
392224,2009,2009-05-14,Kingsmead,Royal Challengers Bengaluru,Chennai Super Kings,Royal Challengers Bengaluru,1,0,0,bat,0,1,132.0,129.0,3.0,Royal Challengers Bengaluru vs Chennai Super Kings
392225,2009,2009-05-14,Kingsmead,Mumbai Indians,Rajasthan Royals,Rajasthan Royals,0,1,0,bat,0,1,143.0,145.0,-2.0,Mumbai Indians vs Rajasthan Royals
392225,2009,2009-05-14,Kingsmead,Rajasthan Royals,Mumbai Indians,Rajasthan Royals,1,0,1,bat,1,0,145.0,143.0,2.0,Rajasthan Royals vs Mumbai Indians
392226,2009,2009-05-15,OUTsurance Oval,Delhi Capitals,Punjab Kings,Punjab Kings,0,1,0,field,1,0,120.0,123.0,-3.0,Delhi Capitals vs Punjab Kings
392226,2009,2009-05-15,OUTsurance Oval,Punjab Kings,Delhi Capitals,Punjab Kings,1,0,1,field,0,1,123.0,120.0,3.0,Punjab Kings vs Delhi Capitals
392227,2009,2009-05-16,St George's Park,Chennai Super Kings,Mumbai Indians,Chennai Super Kings,1,0,0,bat,0,1,151.0,147.0,4.0,Chennai Super Kings vs Mumbai Indians
392227,2009,2009-05-16,St George's Park,Mumbai Indians,Chennai Super Kings,Chennai Super Kings,0,1,1,bat,1,0,147.0,151.0,-4.0,Mumbai Indians vs Chennai Super Kings
392228,2009,2009-05-16,New Wanderers Stadium,Deccan Chargers,Kolkata Knight Riders,Deccan Chargers,1,0,1,field,0,1,166.0,160.0,6.0,Deccan Chargers vs Kolkata Knight Riders
392228,2009,2009-05-16,New Wanderers Stadium,Kolkata Knight Riders,Deccan Chargers,Deccan Chargers,0,1,0,field,1,0,160.0,166.0,-6.0,Kolkata Knight Riders vs Deccan Chargers
392229,2009,2009-05-17,New Wanderers Stadium,Deccan Chargers,Punjab Kings,Punjab Kings,0,1,1,field,0,1,133.0,134.0,-1.0,Deccan Chargers vs Punjab Kings
392229,2009,2009-05-17,New Wanderers Stadium,Punjab Kings,Deccan Chargers,Punjab Kings,1,0,0,field,1,0,134.0,133.0,1.0,Punjab Kings vs Deccan Chargers
392230,2009,2009-05-17,OUTsurance Oval,Delhi Capitals,Rajasthan Royals,Delhi Capitals,1,0,1,bat,1,0,150.0,136.0,14.0,Delhi Capitals vs Rajasthan Royals
392230,2009,2009-05-17,OUTsurance Oval,Rajasthan Royals,Delhi Capitals,Delhi Capitals,0,1,0,bat,0,1,136.0,150.0,-14.0,Rajasthan Royals vs Delhi Capitals
392231,2009,2009-05-18,SuperSport Park,Chennai Super Kings,Kolkata Knight Riders,Kolkata Knight Riders,0,1,1,bat,1,0,188.0,189.0,-1.0,Chennai Super Kings vs Kolkata Knight Riders
392231,2009,2009-05-18,SuperSport Park,Kolkata Knight Riders,Chennai Super Kings,Kolkata Knight Riders,1,0,0,bat,0,1,189.0,188.0,1.0,Kolkata Knight Riders vs Chennai Super Kings
392232,2009,2009-05-19,New Wanderers Stadium,Delhi Capitals,Royal Challengers Bengaluru,Royal Challengers Bengaluru,0,1,1,bat,1,0,134.0,135.0,-1.0,Delhi Capitals vs Royal Challengers Bengaluru
392232,2009,2009-05-19,New Wanderers Stadium,Royal Challengers Bengaluru,Delhi Capitals,Royal Challengers Bengaluru,1,0,0,bat,0,1,135.0,134.0,1.0,Royal Challengers Bengaluru vs Delhi Capitals
392233,2009,2009-05-20,Kingsmead,Kolkata Knight Riders,Rajasthan Royals,Kolkata Knight Riders,1,0,1,field,0,1,102.0,101.0,1.0,Kolkata Knight Riders vs Rajasthan Royals
392233,2009,2009-05-20,Kingsmead,Rajasthan Royals,Kolkata Knight Riders,Kolkata Knight Riders,0,1,0,field,1,0,101.0,102.0,-1.0,Rajasthan Royals vs Kolkata Knight Riders
392234,2009,2009-05-20,Kingsmead,Chennai Super Kings,Punjab Kings,Chennai Super Kings,1,0,1,bat,1,0,116.0,92.0,24.0,Chennai Super Kings vs Punjab Kings
392234,2009,2009-05-20,Kingsmead,Punjab Kings,Chennai Super Kings,Chennai Super Kings,0,1,0,bat,0,1,92.0,116.0,-24.0,Punjab Kings vs Chennai Super Kings
392235,2009,2009-05-21,SuperSport Park,Delhi Capitals,Mumbai Indians,Delhi Capitals,1,0,1,field,0,1,166.0,165.0,1.0,Delhi Capitals vs Mumbai Indians
392235,2009,2009-05-21,SuperSport Park,Mumbai Indians,Delhi Capitals,Delhi Capitals,0,1,0,field,1,0,165.0,166.0,-1.0,Mumbai Indians vs Delhi Capitals
392236,2009,2009-05-21,SuperSport Park,Deccan Chargers,Royal Challengers Bengaluru,Royal Challengers Bengaluru,0,1,0,bat,0,1,158.0,170.0,-12.0,Deccan Chargers vs Royal Challengers Bengaluru
392236,2009,2009-05-21,SuperSport Park,Royal Challengers Bengaluru,Deccan Chargers,Royal Challengers Bengaluru,1,0,1,bat,1,0,170.0,158.0,12.0,Royal Challengers Bengaluru vs Deccan Chargers
392237,2009,2009-05-22,SuperSport Park,Deccan Chargers,Delhi Capitals,Deccan Chargers,1,0,1,field,0,1,154.0,153.0,1.0,Deccan Chargers vs Delhi Capitals
392237,2009,2009-05-22,SuperSport Park,Delhi Capitals,Deccan Chargers,Deccan Chargers,0,1,0,field,1,0,153.0,154.0,-1.0,Delhi Capitals vs Deccan Chargers
392238,2009,2009-05-23,New Wanderers Stadium,Chennai Super Kings,Royal Challengers Bengaluru,Royal Challengers Bengaluru,0,1,0,field,1,0,146.0,149.0,-3.0,Chennai Super Kings vs Royal Challengers Bengaluru
392238,2009,2009-05-23,New Wanderers Stadium,Royal Challengers Bengaluru,Chennai Super Kings,Royal Challengers Bengaluru,1,0,1,field,0,1,149.0,146.0,3.0,Royal Challengers Bengaluru vs Chennai Super Kings
392239,2009,2009-05-24,New Wanderers Stadium,Deccan Chargers,Royal Challengers Bengaluru,Deccan Chargers,1,0,0,field,1,0,143.0,137.0,6.0,Deccan Chargers vs Royal Challengers Bengaluru
392239,2009,2009-05-24,New Wanderers Stadium,Royal Challengers Bengaluru,Deccan Chargers,Deccan Chargers,0,1,1,field,0,1,137.0,143.0,-6.0,Royal Challengers Bengaluru vs Deccan Chargers
419106,2010,2010-03-12,Dr DY Patil Sports Academy,Deccan Chargers,Kolkata Knight Riders,Kolkata Knight Riders,0,1,1,field,0,1,150.0,161.0,-11.0,Deccan Chargers vs Kolkata Knight Riders
419106,2010,2010-03-12,Dr DY Patil Sports Academy,Kolkata Knight Riders,Deccan Chargers,Kolkata Knight Riders,1,0,0,field,1,0,161.0,150.0,11.0,Kolkata Knight Riders vs Deccan Chargers
419107,2010,2010-03-13,Brabourne Stadium,Mumbai Indians,Rajasthan Royals,Mumbai Indians,1,0,1,bat,1,0,212.0,208.0,4.0,Mumbai Indians vs Rajasthan Royals
419107,2010,2010-03-13,Brabourne Stadium,Rajasthan Royals,Mumbai Indians,Mumbai Indians,0,1,0,bat,0,1,208.0,212.0,-4.0,Rajasthan Royals vs Mumbai Indians
419108,2010,2010-03-13,"Punjab Cricket Association Stadium, Mohali",Delhi Capitals,Punjab Kings,Delhi Capitals,1,0,1,field,0,1,146.0,142.0,4.0,Delhi Capitals vs Punjab Kings
419108,2010,2010-03-13,"Punjab Cricket Association Stadium, Mohali",Punjab Kings,Delhi Capitals,Delhi Capitals,0,1,0,field,1,0,142.0,146.0,-4.0,Punjab Kings vs Delhi Capitals
419109,2010,2010-03-14,Eden Gardens,Kolkata Knight Riders,Royal Challengers Bengaluru,Kolkata Knight Riders,1,0,1,field,0,1,136.0,135.0,1.0,Kolkata Knight Riders vs Royal Challengers Bengaluru
419109,2010,2010-03-14,Eden Gardens,Royal Challengers Bengaluru,Kolkata Knight Riders,Kolkata Knight Riders,0,1,0,field,1,0,135.0,136.0,-1.0,Royal Challengers Bengaluru vs Kolkata Knight Riders
419110,2010,2010-03-14,"MA Chidambaram Stadium, Chepauk",Chennai Super Kings,Deccan Chargers,Deccan Chargers,0,1,0,bat,0,1,159.0,190.0,-31.0,Chennai Super Kings vs Deccan Chargers
419110,2010,2010-03-14,"MA Chidambaram Stadium, Chepauk",Deccan Chargers,Chennai Super Kings,Deccan Chargers,1,0,1,bat,1,0,190.0,159.0,31.0,Deccan Chargers vs Chennai Super Kings
419111,2010,2010-03-15,"Sardar Patel Stadium, Motera",Delhi Capitals,Rajasthan Royals,Delhi Capitals,1,0,1,field,0,1,142.0,141.0,1.0,Delhi Capitals vs Rajasthan Royals
419111,2010,2010-03-15,"Sardar Patel Stadium, Motera",Rajasthan Royals,Delhi Capitals,Delhi Capitals,0,1,0,field,1,0,141.0,142.0,-1.0,Rajasthan Royals vs Delhi Capitals
419112,2010,2010-03-16,M Chinnaswamy Stadium,Punjab Kings,Royal Challengers Bengaluru,Royal Challengers Bengaluru,0,1,1,bat,1,0,203.0,204.0,-1.0,Punjab Kings vs Royal Challengers Bengaluru
419112,2010,2010-03-16,M Chinnaswamy Stadium,Royal Challengers Bengaluru,Punjab Kings,Royal Challengers Bengaluru,1,0,0,bat,0,1,204.0,203.0,1.0,Royal Challengers Bengaluru vs Punjab Kings
419113,2010,2010-03-16,Eden Gardens,Chennai Super Kings,Kolkata Knight Riders,Chennai Super Kings,1,0,1,bat,1,0,164.0,109.0,55.0,Chennai Super Kings vs Kolkata Knight Riders
419113,2010,2010-03-16,Eden Gardens,Kolkata Knight Riders,Chennai Super Kings,Chennai Super Kings,0,1,0,bat,0,1,109.0,164.0,-55.0,Kolkata Knight Riders vs Chennai Super Kings
419114,2010,2010-03-17,Feroz Shah Kotla,Delhi Capitals,Mumbai Indians,Mumbai Indians,0,1,1,field,0,1,120.0,218.0,-98.0,Delhi Capitals vs Mumbai Indians
419114,2010,2010-03-17,Feroz Shah Kotla,Mumbai Indians,Delhi Capitals,Mumbai Indians,1,0,0,field,1,0,218.0,120.0,98.0,Mumbai Indians vs Delhi Capitals
419115,2010,2010-03-18,M Chinnaswamy Stadium,Rajasthan Royals,Royal Challengers Bengaluru,Royal Challengers Bengaluru,0,1,0,field,1,0,92.0,93.0,-1.0,Rajasthan Royals vs Royal Challengers Bengaluru
419115,2010,2010-03-18,M Chinnaswamy Stadium,Royal Challengers Bengaluru,Rajasthan Royals,Royal Challengers Bengaluru,1,0,1,field,0,1,93.0,92.0,1.0,Royal Challengers Bengaluru vs Rajasthan Royals
419116,2010,2010-03-19,Feroz Shah Kotla,Chennai Super Kings,Delhi Capitals,Chennai Super Kings,1,0,0,bat,0,1,190.0,185.0,5.0,Chennai Super Kings vs Delhi Capitals
419116,2010,2010-03-19,Feroz Shah Kotla,Delhi Capitals,Chennai Super Kings,Chennai Super Kings,0,1,1,bat,1,0,185.0,190.0,-5.0,Delhi Capitals vs Chennai Super Kings
419117,2010,2010-03-19,Barabati Stadium,Deccan Chargers,Punjab Kings,Deccan Chargers,1,0,0,field,1,0,170.0,164.0,6.0,Deccan Chargers vs Punjab Kings
419117,2010,2010-03-19,Barabati Stadium,Punjab Kings,Deccan Chargers,Deccan Chargers,0,1,1,field,0,1,164.0,170.0,-6.0,Punjab Kings vs Deccan Chargers
419118,2010,2010-03-20,"Sardar Patel Stadium, Motera",Kolkata Knight Riders,Rajasthan Royals,Rajasthan Royals,0,1,0,bat,0,1,134.0,168.0,-34.0,Kolkata Knight Riders vs Rajasthan Royals
419118,2010,2010-03-20,"Sardar Patel Stadium, Motera",Rajasthan Royals,Kolkata Knight Riders,Rajasthan Royals,1,0,1,bat,1,0,168.0,134.0,34.0,Rajasthan Royals vs Kolkata Knight Riders
419119,2010,2010-03-20,Brabourne Stadium,Mumbai Indians,Royal Challengers Bengaluru,Royal Challengers Bengaluru,0,1,1,bat,1,0,151.0,155.0,-4.0,Mumbai Indians vs Royal Challengers Bengaluru
419119,2010,2010-03-20,Brabourne Stadium,Royal Challengers Bengaluru,Mumbai Indians,Royal Challengers Bengaluru,1,0,0,bat,0,1,155.0,151.0,4.0,Royal Challengers Bengaluru vs Mumbai Indians
419120,2010,2010-03-21,Barabati Stadium,Deccan Chargers,Delhi Capitals,Deccan Chargers,1,0,1,bat,1,0,171.0,161.0,10.0,Deccan Chargers vs Delhi Capitals
419120,2010,2010-03-21,Barabati Stadium,Delhi Capitals,Deccan Chargers,Deccan Chargers,0,1,0,bat,0,1,161.0,171.0,-10.0,Delhi Capitals vs Deccan Chargers
419121,2010,2010-03-21,"MA Chidambaram Stadium, Chepauk",Chennai Super Kings,Punjab Kings,Punjab Kings,0,1,1,field,0,1,136.0,136.0,0.0,Chennai Super Kings vs Punjab Kings
419121,2010,2010-03-21,"MA Chidambaram Stadium, Chepauk",Punjab Kings,Chennai Super Kings,Punjab Kings,1,0,0,field,1,0,136.0,136.0,0.0,Punjab Kings vs Chennai Super Kings
419122,2010,2010-03-22,Brabourne Stadium,Kolkata Knight Riders,Mumbai Indians,Mumbai Indians,0,1,1,bat,1,0,155.0,156.0,-1.0,Kolkata Knight Riders vs Mumbai Indians
419122,2010,2010-03-22,Brabourne Stadium,Mumbai Indians,Kolkata Knight Riders,Mumbai Indians,1,0,0,bat,0,1,156.0,155.0,1.0,Mumbai Indians vs Kolkata Knight Riders
419123,2010,2010-03-23,M Chinnaswamy Stadium,Chennai Super Kings,Royal Challengers Bengaluru,Royal Challengers Bengaluru,0,1,1,field,0,1,135.0,171.0,-36.0,Chennai Super Kings vs Royal Challengers Bengaluru
419123,2010,2010-03-23,M Chinnaswamy Stadium,Royal Challengers Bengaluru,Chennai Super Kings,Royal Challengers Bengaluru,1,0,0,field,1,0,171.0,135.0,36.0,Royal Challengers Bengaluru vs Chennai Super Kings
419124,2010,2010-03-24,"Punjab Cricket Association Stadium, Mohali",Punjab Kings,Rajasthan Royals,Rajasthan Royals,0,1,1,field,0,1,152.0,183.0,-31.0,Punjab Kings vs Rajasthan Royals
419124,2010,2010-03-24,"Punjab Cricket Association Stadium, Mohali",Rajasthan Royals,Punjab Kings,Rajasthan Royals,1,0,0,field,1,0,183.0,152.0,31.0,Rajasthan Royals vs Punjab Kings
419125,2010,2010-03-25,"Brabourne Stadium, Mumbai",Chennai Super Kings,Mumbai Indians,Mumbai Indians,0,1,0,field,1,0,180.0,181.0,-1.0,Chennai Super Kings vs Mumbai Indians
419125,2010,2010-03-25,"Brabourne Stadium, Mumbai",Mumbai Indians,Chennai Super Kings,Mumbai Indians,1,0,1,field,0,1,181.0,180.0,1.0,Mumbai Indians vs Chennai Super Kings
419128,2010,2010-03-25,M Chinnaswamy Stadium,Delhi Capitals,Royal Challengers Bengaluru,Delhi Capitals,1,0,0,field,1,0,183.0,166.0,17.0,Delhi Capitals vs Royal Challengers Bengaluru
419128,2010,2010-03-25,M Chinnaswamy Stadium,Royal Challengers Bengaluru,Delhi Capitals,Delhi Capitals,0,1,1,field,0,1,166.0,183.0,-17.0,Royal Challengers Bengaluru vs Delhi Capitals
419126,2010,2010-03-26,"Sardar Patel Stadium, Motera",Deccan Chargers,Rajasthan Royals,Rajasthan Royals,0,1,1,bat,1,0,148.0,151.0,-3.0,Deccan Chargers vs Rajasthan Royals
419126,2010,2010-03-26,"Sardar Patel Stadium, Motera",Rajasthan Royals,Deccan Chargers,Rajasthan Royals,1,0,0,bat,0,1,151.0,148.0,3.0,Rajasthan Royals vs Deccan Chargers
419127,2010,2010-03-27,"Punjab Cricket Association Stadium, Mohali",Kolkata Knight Riders,Punjab Kings,Kolkata Knight Riders,1,0,1,bat,1,0,183.0,144.0,39.0,Kolkata Knight Riders vs Punjab Kings
419127,2010,2010-03-27,"Punjab Cricket Association Stadium, Mohali",Punjab Kings,Kolkata Knight Riders,Kolkata Knight Riders,0,1,0,bat,0,1,144.0,183.0,-39.0,Punjab Kings vs Kolkata Knight Riders
419129,2010,2010-03-28,"Sardar Patel Stadium, Motera",Chennai Super Kings,Rajasthan Royals,Rajasthan Royals,0,1,0,bat,0,1,160.0,177.0,-17.0,Chennai Super Kings vs Rajasthan Royals
419129,2010,2010-03-28,"Sardar Patel Stadium, Motera",Rajasthan Royals,Chennai Super Kings,Rajasthan Royals,1,0,1,bat,1,0,177.0,160.0,17.0,Rajasthan Royals vs Chennai Super Kings
419130,2010,2010-03-28,Dr DY Patil Sports Academy,Deccan Chargers,Mumbai Indians,Mumbai Indians,0,1,1,field,0,1,131.0,172.0,-41.0,Deccan Chargers vs Mumbai Indians
419130,2010,2010-03-28,Dr DY Patil Sports Academy,Mumbai Indians,Deccan Chargers,Mumbai Indians,1,0,0,field,1,0,172.0,131.0,41.0,Mumbai Indians vs Deccan Chargers
419131,2010,2010-03-29,Feroz Shah Kotla,Delhi Capitals,Kolkata Knight Riders,Delhi Capitals,1,0,1,bat,1,0,177.0,137.0,40.0,Delhi Capitals vs Kolkata Knight Riders
419131,2010,2010-03-29,Feroz Shah Kotla,Kolkata Knight Riders,Delhi Capitals,Delhi Capitals,0,1,0,bat,0,1,137.0,177.0,-40.0,Kolkata Knight Riders vs Delhi Capitals
419132,2010,2010-03-30,Brabourne Stadium,Mumbai Indians,Punjab Kings,Mumbai Indians,1,0,1,field,0,1,164.0,163.0,1.0,Mumbai Indians vs Punjab Kings
419132,2010,2010-03-30,Brabourne Stadium,Punjab Kings,Mumbai Indians,Mumbai Indians,0,1,0,field,1,0,163.0,164.0,-1.0,Punjab Kings vs Mumbai Indians
419133,2010,2010-03-31,"MA Chidambaram Stadium, Chepauk",Chennai Super Kings,Royal Challengers Bengaluru,Chennai Super Kings,1,0,0,bat,0,1,162.0,161.0,1.0,Chennai Super Kings vs Royal Challengers Bengaluru
419133,2010,2010-03-31,"MA Chidambaram Stadium, Chepauk",Royal Challengers Bengaluru,Chennai Super Kings,Chennai Super Kings,0,1,1,bat,1,0,161.0,162.0,-1.0,Royal Challengers Bengaluru vs Chennai Super Kings
419134,2010,2010-03-31,Feroz Shah Kotla,Delhi Capitals,Rajasthan Royals,Delhi Capitals,1,0,1,bat,1,0,188.0,121.0,67.0,Delhi Capitals vs Rajasthan Royals
419134,2010,2010-03-31,Feroz Shah Kotla,Rajasthan Royals,Delhi Capitals,Delhi Capitals,0,1,0,bat,0,1,121.0,188.0,-67.0,Rajasthan Royals vs Delhi Capitals
419135,2010,2010-04-01,Eden Gardens,Deccan Chargers,Kolkata Knight Riders,Kolkata Knight Riders,0,1,0,bat,0,1,157.0,181.0,-24.0,Deccan Chargers vs Kolkata Knight Riders
419135,2010,2010-04-01,Eden Gardens,Kolkata Knight Riders,Deccan Chargers,Kolkata Knight Riders,1,0,1,bat,1,0,181.0,157.0,24.0,Kolkata Knight Riders vs Deccan Chargers
419136,2010,2010-04-02,"Punjab Cricket Association Stadium, Mohali",Punjab Kings,Royal Challengers Bengaluru,Royal Challengers Bengaluru,0,1,1,bat,1,0,181.0,184.0,-3.0,Punjab Kings vs Royal Challengers Bengaluru
419136,2010,2010-04-02,"Punjab Cricket Association Stadium, Mohali",Royal Challengers Bengaluru,Punjab Kings,Royal Challengers Bengaluru,1,0,0,bat,0,1,184.0,181.0,3.0,Royal Challengers Bengaluru vs Punjab Kings
419137,2010,2010-04-03,"MA Chidambaram Stadium, Chepauk",Chennai Super Kings,Rajasthan Royals,Chennai Super Kings,1,0,1,bat,1,0,246.0,223.0,23.0,Chennai Super Kings vs Rajasthan Royals
419137,2010,2010-04-03,"MA Chidambaram Stadium, Chepauk",Rajasthan Royals,Chennai Super Kings,Chennai Super Kings,0,1,0,bat,0,1,223.0,246.0,-23.0,Rajasthan Royals vs Chennai Super Kings
419138,2010,2010-04-03,Brabourne Stadium,Deccan Chargers,Mumbai Indians,Mumbai Indians,0,1,0,bat,0,1,115.0,178.0,-63.0,Deccan Chargers vs Mumbai Indians
419138,2010,2010-04-03,Brabourne Stadium,Mumbai Indians,Deccan Chargers,Mumbai Indians,1,0,1,bat,1,0,178.0,115.0,63.0,Mumbai Indians vs Deccan Chargers
419139,2010,2010-04-04,Eden Gardens,Kolkata Knight Riders,Punjab Kings,Punjab Kings,0,1,1,bat,1,0,200.0,204.0,-4.0,Kolkata Knight Riders vs Punjab Kings
419139,2010,2010-04-04,Eden Gardens,Punjab Kings,Kolkata Knight Riders,Punjab Kings,1,0,0,bat,0,1,204.0,200.0,4.0,Punjab Kings vs Kolkata Knight Riders
419140,2010,2010-04-04,Feroz Shah Kotla,Delhi Capitals,Royal Challengers Bengaluru,Delhi Capitals,1,0,1,bat,1,0,184.0,147.0,37.0,Delhi Capitals vs Royal Challengers Bengaluru
419140,2010,2010-04-04,Feroz Shah Kotla,Royal Challengers Bengaluru,Delhi Capitals,Delhi Capitals,0,1,0,bat,0,1,147.0,184.0,-37.0,Royal Challengers Bengaluru vs Delhi Capitals
419141,2010,2010-04-05,"Vidarbha Cricket Association Stadium, Jamtha",Deccan Chargers,Rajasthan Royals,Rajasthan Royals,0,1,0,bat,0,1,157.0,159.0,-2.0,Deccan Chargers vs Rajasthan Royals
419141,2010,2010-04-05,"Vidarbha Cricket Association Stadium, Jamtha",Rajasthan Royals,Deccan Chargers,Rajasthan Royals,1,0,1,bat,1,0,159.0,157.0,2.0,Rajasthan Royals vs Deccan Chargers
419142,2010,2010-04-06,"MA Chidambaram Stadium, Chepauk",Chennai Super Kings,Mumbai Indians,Chennai Super Kings,1,0,1,bat,1,0,165.0,141.0,24.0,Chennai Super Kings vs Mumbai Indians
419142,2010,2010-04-06,"MA Chidambaram Stadium, Chepauk",Mumbai Indians,Chennai Super Kings,Chennai Super Kings,0,1,0,bat,0,1,141.0,165.0,-24.0,Mumbai Indians vs Chennai Super Kings
419143,2010,2010-04-07,Sawai Mansingh Stadium,Punjab Kings,Rajasthan Royals,Rajasthan Royals,0,1,1,bat,1,0,153.0,157.0,-4.0,Punjab Kings vs Rajasthan Royals
419143,2010,2010-04-07,Sawai Mansingh Stadium,Rajasthan Royals,Punjab Kings,Rajasthan Royals,1,0,0,bat,0,1,157.0,153.0,4.0,Rajasthan Royals vs Punjab Kings
419144,2010,2010-04-07,Eden Gardens,Delhi Capitals,Kolkata Knight Riders,Kolkata Knight Riders,0,1,0,bat,0,1,167.0,181.0,-14.0,Delhi Capitals vs Kolkata Knight Riders
419144,2010,2010-04-07,Eden Gardens,Kolkata Knight Riders,Delhi Capitals,Kolkata Knight Riders,1,0,1,bat,1,0,181.0,167.0,14.0,Kolkata Knight Riders vs Delhi Capitals
419145,2010,2010-04-08,M Chinnaswamy Stadium,Deccan Chargers,Royal Challengers Bengaluru,Deccan Chargers,1,0,1,field,0,1,186.0,184.0,2.0,Deccan Chargers vs Royal Challengers Bengaluru
419145,2010,2010-04-08,M Chinnaswamy Stadium,Royal Challengers Bengaluru,Deccan Chargers,Deccan Chargers,0,1,0,field,1,0,184.0,186.0,-2.0,Royal Challengers Bengaluru vs Deccan Chargers
419146,2010,2010-04-09,"Punjab Cricket Association Stadium, Mohali",Mumbai Indians,Punjab Kings,Punjab Kings,0,1,1,bat,1,0,154.0,158.0,-4.0,Mumbai Indians vs Punjab Kings
419146,2010,2010-04-09,"Punjab Cricket Association Stadium, Mohali",Punjab Kings,Mumbai Indians,Punjab Kings,1,0,0,bat,0,1,158.0,154.0,4.0,Punjab Kings vs Mumbai Indians
419147,2010,2010-04-10,"Vidarbha Cricket Association Stadium, Jamtha",Chennai Super Kings,Deccan Chargers,Deccan Chargers,0,1,1,bat,1,0,138.0,139.0,-1.0,Chennai Super Kings vs Deccan Chargers
419147,2010,2010-04-10,"Vidarbha Cricket Association Stadium, Jamtha",Deccan Chargers,Chennai Super Kings,Deccan Chargers,1,0,0,bat,0,1,139.0,138.0,1.0,Deccan Chargers vs Chennai Super Kings
419148,2010,2010-04-10,M Chinnaswamy Stadium,Kolkata Knight Riders,Royal Challengers Bengaluru,Royal Challengers Bengaluru,0,1,0,field,1,0,160.0,162.0,-2.0,Kolkata Knight Riders vs Royal Challengers Bengaluru
419148,2010,2010-04-10,M Chinnaswamy Stadium,Royal Challengers Bengaluru,Kolkata Knight Riders,Royal Challengers Bengaluru,1,0,1,field,0,1,162.0,160.0,2.0,Royal Challengers Bengaluru vs Kolkata Knight Riders
419149,2010,2010-04-11,Feroz Shah Kotla,Delhi Capitals,Punjab Kings,Punjab Kings,0,1,1,bat,1,0,111.0,112.0,-1.0,Delhi Capitals vs Punjab Kings
419149,2010,2010-04-11,Feroz Shah Kotla,Punjab Kings,Delhi Capitals,Punjab Kings,1,0,0,bat,0,1,112.0,111.0,1.0,Punjab Kings vs Delhi Capitals
419150,2010,2010-04-11,Sawai Mansingh Stadium,Mumbai Indians,Rajasthan Royals,Mumbai Indians,1,0,0,field,1,0,174.0,137.0,37.0,Mumbai Indians vs Rajasthan Royals
419150,2010,2010-04-11,Sawai Mansingh Stadium,Rajasthan Royals,Mumbai Indians,Mumbai Indians,0,1,1,field,0,1,137.0,174.0,-37.0,Rajasthan Royals vs Mumbai Indians
419151,2010,2010-04-12,"Vidarbha Cricket Association Stadium, Jamtha",Deccan Chargers,Royal Challengers Bengaluru,Deccan Chargers,1,0,0,field,1,0,151.0,138.0,13.0,Deccan Chargers vs Royal Challengers Bengaluru
419151,2010,2010-04-12,"Vidarbha Cricket Association Stadium, Jamtha",Royal Challengers Bengaluru,Deccan Chargers,Deccan Chargers,0,1,1,field,0,1,138.0,151.0,-13.0,Royal Challengers Bengaluru vs Deccan Chargers
419152,2010,2010-04-13,Brabourne Stadium,Delhi Capitals,Mumbai Indians,Mumbai Indians,0,1,0,bat,0,1,144.0,183.0,-39.0,Delhi Capitals vs Mumbai Indians
419152,2010,2010-04-13,Brabourne Stadium,Mumbai Indians,Delhi Capitals,Mumbai Indians,1,0,1,bat,1,0,183.0,144.0,39.0,Mumbai Indians vs Delhi Capitals
419153,2010,2010-04-13,"MA Chidambaram Stadium, Chepauk",Chennai Super Kings,Kolkata Knight Riders,Chennai Super Kings,1,0,0,bat,0,1,143.0,139.0,4.0,Chennai Super Kings vs Kolkata Knight Riders
419153,2010,2010-04-13,"MA Chidambaram Stadium, Chepauk",Kolkata Knight Riders,Chennai Super Kings,Chennai Super Kings,0,1,1,bat,1,0,139.0,143.0,-4.0,Kolkata Knight Riders vs Chennai Super Kings
419154,2010,2010-04-14,Sawai Mansingh Stadium,Rajasthan Royals,Royal Challengers Bengaluru,Royal Challengers Bengaluru,0,1,1,bat,1,0,130.0,132.0,-2.0,Rajasthan Royals vs Royal Challengers Bengaluru
419154,2010,2010-04-14,Sawai Mansingh Stadium,Royal Challengers Bengaluru,Rajasthan Royals,Royal Challengers Bengaluru,1,0,0,bat,0,1,132.0,130.0,2.0,Royal Challengers Bengaluru vs Rajasthan Royals
419155,2010,2010-04-15,"MA Chidambaram Stadium, Chepauk",Chennai Super Kings,Delhi Capitals,Delhi Capitals,0,1,1,bat,1,0,112.0,113.0,-1.0,Chennai Super Kings vs Delhi Capitals
419155,2010,2010-04-15,"MA Chidambaram Stadium, Chepauk",Delhi Capitals,Chennai Super Kings,Delhi Capitals,1,0,0,bat,0,1,113.0,112.0,1.0,Delhi Capitals vs Chennai Super Kings
419156,2010,2010-04-16,Himachal Pradesh Cricket Association Stadium,Deccan Chargers,Punjab Kings,Deccan Chargers,1,0,1,field,0,1,178.0,174.0,4.0,Deccan Chargers vs Punjab Kings
419156,2010,2010-04-16,Himachal Pradesh Cricket Association Stadium,Punjab Kings,Deccan Chargers,Deccan Chargers,0,1,0,field,1,0,174.0,178.0,-4.0,Punjab Kings vs Deccan Chargers
419157,2010,2010-04-17,M Chinnaswamy Stadium,Mumbai Indians,Royal Challengers Bengaluru,Mumbai Indians,1,0,0,field,1,0,191.0,134.0,57.0,Mumbai Indians vs Royal Challengers Bengaluru
419157,2010,2010-04-17,M Chinnaswamy Stadium,Royal Challengers Bengaluru,Mumbai Indians,Mumbai Indians,0,1,1,field,0,1,134.0,191.0,-57.0,Royal Challengers Bengaluru vs Mumbai Indians
419158,2010,2010-04-17,Eden Gardens,Kolkata Knight Riders,Rajasthan Royals,Kolkata Knight Riders,1,0,0,bat,0,1,133.0,132.0,1.0,Kolkata Knight Riders vs Rajasthan Royals
419158,2010,2010-04-17,Eden Gardens,Rajasthan Royals,Kolkata Knight Riders,Kolkata Knight Riders,0,1,1,bat,1,0,132.0,133.0,-1.0,Rajasthan Royals vs Kolkata Knight Riders
419159,2010,2010-04-18,Himachal Pradesh Cricket Association Stadium,Chennai Super Kings,Punjab Kings,Chennai Super Kings,1,0,1,field,0,1,195.0,192.0,3.0,Chennai Super Kings vs Punjab Kings
419159,2010,2010-04-18,Himachal Pradesh Cricket Association Stadium,Punjab Kings,Chennai Super Kings,Chennai Super Kings,0,1,0,field,1,0,192.0,195.0,-3.0,Punjab Kings vs Chennai Super Kings
419160,2010,2010-04-18,Feroz Shah Kotla,Deccan Chargers,Delhi Capitals,Deccan Chargers,1,0,1,bat,1,0,145.0,134.0,11.0,Deccan Chargers vs Delhi Capitals
419160,2010,2010-04-18,Feroz Shah Kotla,Delhi Capitals,Deccan Chargers,Deccan Chargers,0,1,0,bat,0,1,134.0,145.0,-11.0,Delhi Capitals vs Deccan Chargers
419161,2010,2010-04-19,Eden Gardens,Kolkata Knight Riders,Mumbai Indians,Kolkata Knight Riders,1,0,0,bat,0,1,135.0,133.0,2.0,Kolkata Knight Riders vs Mumbai Indians
419161,2010,2010-04-19,Eden Gardens,Mumbai Indians,Kolkata Knight Riders,Kolkata Knight Riders,0,1,1,bat,1,0,133.0,135.0,-2.0,Mumbai Indians vs Kolkata Knight Riders
419162,2010,2010-04-21,Dr DY Patil Sports Academy,Mumbai Indians,Royal Challengers Bengaluru,Mumbai Indians,1,0,1,bat,1,0,184.0,149.0,35.0,Mumbai Indians vs Royal Challengers Bengaluru
419162,2010,2010-04-21,Dr DY Patil Sports Academy,Royal Challengers Bengaluru,Mumbai Indians,Mumbai Indians,0,1,0,bat,0,1,149.0,184.0,-35.0,Royal Challengers Bengaluru vs Mumbai Indians
419163,2010,2010-04-22,Dr DY Patil Sports Academy,Chennai Super Kings,Deccan Chargers,Chennai Super Kings,1,0,1,bat,1,0,142.0,104.0,38.0,Chennai Super Kings vs Deccan Chargers
419163,2010,2010-04-22,Dr DY Patil Sports Academy,Deccan Chargers,Chennai Super Kings,Chennai Super Kings,0,1,0,bat,0,1,104.0,142.0,-38.0,Deccan Chargers vs Chennai Super Kings
419164,2010,2010-04-24,Dr DY Patil Sports Academy,Deccan Chargers,Royal Challengers Bengaluru,Royal Challengers Bengaluru,0,1,1,bat,1,0,82.0,86.0,-4.0,Deccan Chargers vs Royal Challengers Bengaluru
419164,2010,2010-04-24,Dr DY Patil Sports Academy,Royal Challengers Bengaluru,Deccan Chargers,Royal Challengers Bengaluru,1,0,0,bat,0,1,86.0,82.0,4.0,Royal Challengers Bengaluru vs Deccan Chargers
419165,2010,2010-04-25,Dr DY Patil Sports Academy,Chennai Super Kings,Mumbai Indians,Chennai Super Kings,1,0,1,bat,1,0,168.0,146.0,22.0,Chennai Super Kings vs Mumbai Indians
419165,2010,2010-04-25,Dr DY Patil Sports Academy,Mumbai Indians,Chennai Super Kings,Chennai Super Kings,0,1,0,bat,0,1,146.0,168.0,-22.0,Mumbai Indians vs Chennai Super Kings
501198,2011,2011-04-08,"MA Chidambaram Stadium, Chepauk",Chennai Super Kings,Kolkata Knight Riders,Chennai Super Kings,1,0,1,bat,1,0,153.0,151.0,2.0,Chennai Super Kings vs Kolkata Knight Riders
501198,2011,2011-04-08,"MA Chidambaram Stadium, Chepauk",Kolkata Knight Riders,Chennai Super Kings,Chennai Super Kings,0,1,0,bat,0,1,151.0,153.0,-2.0,Kolkata Knight Riders vs Chennai Super Kings
501199,2011,2011-04-09,"Rajiv Gandhi International Stadium, Uppal",Deccan Chargers,Rajasthan Royals,Rajasthan Royals,0,1,0,field,1,0,137.0,141.0,-4.0,Deccan Chargers vs Rajasthan Royals
501199,2011,2011-04-09,"Rajiv Gandhi International Stadium, Uppal",Rajasthan Royals,Deccan Chargers,Rajasthan Royals,1,0,1,field,0,1,141.0,137.0,4.0,Rajasthan Royals vs Deccan Chargers
501200,2011,2011-04-09,Nehru Stadium,Kochi Tuskers Kerala,Royal Challengers Bengaluru,Royal Challengers Bengaluru,0,1,1,bat,1,0,161.0,162.0,-1.0,Kochi Tuskers Kerala vs Royal Challengers Bengaluru
501200,2011,2011-04-09,Nehru Stadium,Royal Challengers Bengaluru,Kochi Tuskers Kerala,Royal Challengers Bengaluru,1,0,0,bat,0,1,162.0,161.0,1.0,Royal Challengers Bengaluru vs Kochi Tuskers Kerala
501201,2011,2011-04-10,Feroz Shah Kotla,Delhi Capitals,Mumbai Indians,Mumbai Indians,0,1,1,bat,1,0,95.0,99.0,-4.0,Delhi Capitals vs Mumbai Indians
501201,2011,2011-04-10,Feroz Shah Kotla,Mumbai Indians,Delhi Capitals,Mumbai Indians,1,0,0,bat,0,1,99.0,95.0,4.0,Mumbai Indians vs Delhi Capitals
501202,2011,2011-04-10,Dr DY Patil Sports Academy,Pune Warriors,Punjab Kings,Pune Warriors,1,0,0,bat,0,1,113.0,112.0,1.0,Pune Warriors vs Punjab Kings
501202,2011,2011-04-10,Dr DY Patil Sports Academy,Punjab Kings,Pune Warriors,Pune Warriors,0,1,1,bat,1,0,112.0,113.0,-1.0,Punjab Kings vs Pune Warriors
501203,2011,2011-04-11,Eden Gardens,Deccan Chargers,Kolkata Knight Riders,Kolkata Knight Riders,0,1,0,bat,0,1,154.0,163.0,-9.0,Deccan Chargers vs Kolkata Knight Riders
501203,2011,2011-04-11,Eden Gardens,Kolkata Knight Riders,Deccan Chargers,Kolkata Knight Riders,1,0,1,bat,1,0,163.0,154.0,9.0,Kolkata Knight Riders vs Deccan Chargers
501204,2011,2011-04-12,Sawai Mansingh Stadium,Delhi Capitals,Rajasthan Royals,Rajasthan Royals,0,1,1,bat,1,0,151.0,152.0,-1.0,Delhi Capitals vs Rajasthan Royals
501204,2011,2011-04-12,Sawai Mansingh Stadium,Rajasthan Royals,Delhi Capitals,Rajasthan Royals,1,0,0,bat,0,1,152.0,151.0,1.0,Rajasthan Royals vs Delhi Capitals
501205,2011,2011-04-12,M Chinnaswamy Stadium,Mumbai Indians,Royal Challengers Bengaluru,Mumbai Indians,1,0,1,field,0,1,143.0,140.0,3.0,Mumbai Indians vs Royal Challengers Bengaluru
501205,2011,2011-04-12,M Chinnaswamy Stadium,Royal Challengers Bengaluru,Mumbai Indians,Mumbai Indians,0,1,0,field,1,0,140.0,143.0,-3.0,Royal Challengers Bengaluru vs Mumbai Indians
501206,2011,2011-04-13,"Punjab Cricket Association Stadium, Mohali",Chennai Super Kings,Punjab Kings,Punjab Kings,0,1,0,field,1,0,188.0,193.0,-5.0,Chennai Super Kings vs Punjab Kings
501206,2011,2011-04-13,"Punjab Cricket Association Stadium, Mohali",Punjab Kings,Chennai Super Kings,Punjab Kings,1,0,1,field,0,1,193.0,188.0,5.0,Punjab Kings vs Chennai Super Kings
501207,2011,2011-04-13,Dr DY Patil Sports Academy,Kochi Tuskers Kerala,Pune Warriors,Pune Warriors,0,1,1,bat,1,0,148.0,151.0,-3.0,Kochi Tuskers Kerala vs Pune Warriors
501207,2011,2011-04-13,Dr DY Patil Sports Academy,Pune Warriors,Kochi Tuskers Kerala,Pune Warriors,1,0,0,bat,0,1,151.0,148.0,3.0,Pune Warriors vs Kochi Tuskers Kerala
501208,2011,2011-04-14,"Rajiv Gandhi International Stadium, Uppal",Deccan Chargers,Royal Challengers Bengaluru,Deccan Chargers,1,0,0,field,1,0,175.0,142.0,33.0,Deccan Chargers vs Royal Challengers Bengaluru
501208,2011,2011-04-14,"Rajiv Gandhi International Stadium, Uppal",Royal Challengers Bengaluru,Deccan Chargers,Deccan Chargers,0,1,1,field,0,1,142.0,175.0,-33.0,Royal Challengers Bengaluru vs Deccan Chargers
501209,2011,2011-04-15,Sawai Mansingh Stadium,Kolkata Knight Riders,Rajasthan Royals,Kolkata Knight Riders,1,0,1,field,0,1,160.0,159.0,1.0,Kolkata Knight Riders vs Rajasthan Royals
501209,2011,2011-04-15,Sawai Mansingh Stadium,Rajasthan Royals,Kolkata Knight Riders,Kolkata Knight Riders,0,1,0,field,1,0,159.0,160.0,-1.0,Rajasthan Royals vs Kolkata Knight Riders
501210,2011,2011-04-15,Wankhede Stadium,Kochi Tuskers Kerala,Mumbai Indians,Kochi Tuskers Kerala,1,0,1,field,0,1,184.0,182.0,2.0,Kochi Tuskers Kerala vs Mumbai Indians
501210,2011,2011-04-15,Wankhede Stadium,Mumbai Indians,Kochi Tuskers Kerala,Kochi Tuskers Kerala,0,1,0,field,1,0,182.0,184.0,-2.0,Mumbai Indians vs Kochi Tuskers Kerala
501211,2011,2011-04-16,"MA Chidambaram Stadium, Chepauk",Chennai Super Kings,Royal Challengers Bengaluru,Chennai Super Kings,1,0,1,bat,1,0,183.0,162.0,21.0,Chennai Super Kings vs Royal Challengers Bengaluru
501211,2011,2011-04-16,"MA Chidambaram Stadium, Chepauk",Royal Challengers Bengaluru,Chennai Super Kings,Chennai Super Kings,0,1,0,bat,0,1,162.0,183.0,-21.0,Royal Challengers Bengaluru vs Chennai Super Kings
501212,2011,2011-04-16,"Rajiv Gandhi International Stadium, Uppal",Deccan Chargers,Punjab Kings,Punjab Kings,0,1,0,field,1,0,165.0,166.0,-1.0,Deccan Chargers vs Punjab Kings
501212,2011,2011-04-16,"Rajiv Gandhi International Stadium, Uppal",Punjab Kings,Deccan Chargers,Punjab Kings,1,0,1,field,0,1,166.0,165.0,1.0,Punjab Kings vs Deccan Chargers
501213,2011,2011-04-17,Dr DY Patil Sports Academy,Delhi Capitals,Pune Warriors,Delhi Capitals,1,0,1,field,0,1,190.0,187.0,3.0,Delhi Capitals vs Pune Warriors
501213,2011,2011-04-17,Dr DY Patil Sports Academy,Pune Warriors,Delhi Capitals,Delhi Capitals,0,1,0,field,1,0,187.0,190.0,-3.0,Pune Warriors vs Delhi Capitals
501214,2011,2011-04-17,Eden Gardens,Kolkata Knight Riders,Rajasthan Royals,Kolkata Knight Riders,1,0,1,field,0,1,85.0,81.0,4.0,Kolkata Knight Riders vs Rajasthan Royals
501214,2011,2011-04-17,Eden Gardens,Rajasthan Royals,Kolkata Knight Riders,Kolkata Knight Riders,0,1,0,field,1,0,81.0,85.0,-4.0,Rajasthan Royals vs Kolkata Knight Riders
501215,2011,2011-04-18,Nehru Stadium,Chennai Super Kings,Kochi Tuskers Kerala,Kochi Tuskers Kerala,0,1,0,field,1,0,131.0,135.0,-4.0,Chennai Super Kings vs Kochi Tuskers Kerala
501215,2011,2011-04-18,Nehru Stadium,Kochi Tuskers Kerala,Chennai Super Kings,Kochi Tuskers Kerala,1,0,1,field,0,1,135.0,131.0,4.0,Kochi Tuskers Kerala vs Chennai Super Kings
501216,2011,2011-04-19,Feroz Shah Kotla,Deccan Chargers,Delhi Capitals,Deccan Chargers,1,0,1,bat,1,0,168.0,152.0,16.0,Deccan Chargers vs Delhi Capitals
501216,2011,2011-04-19,Feroz Shah Kotla,Delhi Capitals,Deccan Chargers,Deccan Chargers,0,1,0,bat,0,1,152.0,168.0,-16.0,Delhi Capitals vs Deccan Chargers
501218,2011,2011-04-20,Wankhede Stadium,Mumbai Indians,Pune Warriors,Mumbai Indians,1,0,0,bat,0,1,124.0,118.0,6.0,Mumbai Indians vs Pune Warriors
501218,2011,2011-04-20,Wankhede Stadium,Pune Warriors,Mumbai Indians,Mumbai Indians,0,1,1,bat,1,0,118.0,124.0,-6.0,Pune Warriors vs Mumbai Indians
501219,2011,2011-04-20,Eden Gardens,Kochi Tuskers Kerala,Kolkata Knight Riders,Kochi Tuskers Kerala,1,0,0,field,1,0,132.0,126.0,6.0,Kochi Tuskers Kerala vs Kolkata Knight Riders
501219,2011,2011-04-20,Eden Gardens,Kolkata Knight Riders,Kochi Tuskers Kerala,Kochi Tuskers Kerala,0,1,1,field,0,1,126.0,132.0,-6.0,Kolkata Knight Riders vs Kochi Tuskers Kerala
501220,2011,2011-04-21,"Punjab Cricket Association Stadium, Mohali",Punjab Kings,Rajasthan Royals,Punjab Kings,1,0,0,field,1,0,195.0,147.0,48.0,Punjab Kings vs Rajasthan Royals
501220,2011,2011-04-21,"Punjab Cricket Association Stadium, Mohali",Rajasthan Royals,Punjab Kings,Punjab Kings,0,1,1,field,0,1,147.0,195.0,-48.0,Rajasthan Royals vs Punjab Kings
501221,2011,2011-04-22,Wankhede Stadium,Chennai Super Kings,Mumbai Indians,Mumbai Indians,0,1,1,field,0,1,156.0,164.0,-8.0,Chennai Super Kings vs Mumbai Indians
501221,2011,2011-04-22,Wankhede Stadium,Mumbai Indians,Chennai Super Kings,Mumbai Indians,1,0,0,field,1,0,164.0,156.0,8.0,Mumbai Indians vs Chennai Super Kings
501222,2011,2011-04-22,Eden Gardens,Kolkata Knight Riders,Royal Challengers Bengaluru,Royal Challengers Bengaluru,0,1,0,field,1,0,171.0,175.0,-4.0,Kolkata Knight Riders vs Royal Challengers Bengaluru
501222,2011,2011-04-22,Eden Gardens,Royal Challengers Bengaluru,Kolkata Knight Riders,Royal Challengers Bengaluru,1,0,1,field,0,1,175.0,171.0,4.0,Royal Challengers Bengaluru vs Kolkata Knight Riders
501223,2011,2011-04-23,Feroz Shah Kotla,Delhi Capitals,Punjab Kings,Delhi Capitals,1,0,0,field,1,0,231.0,202.0,29.0,Delhi Capitals vs Punjab Kings
501223,2011,2011-04-23,Feroz Shah Kotla,Punjab Kings,Delhi Capitals,Delhi Capitals,0,1,1,field,0,1,202.0,231.0,-29.0,Punjab Kings vs Delhi Capitals
501224,2011,2011-04-24,"Rajiv Gandhi International Stadium, Uppal",Deccan Chargers,Mumbai Indians,Mumbai Indians,0,1,1,field,0,1,135.0,172.0,-37.0,Deccan Chargers vs Mumbai Indians
501224,2011,2011-04-24,"Rajiv Gandhi International Stadium, Uppal",Mumbai Indians,Deccan Chargers,Mumbai Indians,1,0,0,field,1,0,172.0,135.0,37.0,Mumbai Indians vs Deccan Chargers
501225,2011,2011-04-24,Sawai Mansingh Stadium,Kochi Tuskers Kerala,Rajasthan Royals,Rajasthan Royals,0,1,0,field,1,0,109.0,111.0,-2.0,Kochi Tuskers Kerala vs Rajasthan Royals
501225,2011,2011-04-24,Sawai Mansingh Stadium,Rajasthan Royals,Kochi Tuskers Kerala,Rajasthan Royals,1,0,1,field,0,1,111.0,109.0,2.0,Rajasthan Royals vs Kochi Tuskers Kerala
501226,2011,2011-04-25,"MA Chidambaram Stadium, Chepauk",Chennai Super Kings,Pune Warriors,Chennai Super Kings,1,0,0,field,1,0,142.0,117.0,25.0,Chennai Super Kings vs Pune Warriors
501226,2011,2011-04-25,"MA Chidambaram Stadium, Chepauk",Pune Warriors,Chennai Super Kings,Chennai Super Kings,0,1,1,field,0,1,117.0,142.0,-25.0,Pune Warriors vs Chennai Super Kings
501227,2011,2011-04-26,Feroz Shah Kotla,Delhi Capitals,Royal Challengers Bengaluru,Royal Challengers Bengaluru,0,1,0,field,1,0,160.0,161.0,-1.0,Delhi Capitals vs Royal Challengers Bengaluru
501227,2011,2011-04-26,Feroz Shah Kotla,Royal Challengers Bengaluru,Delhi Capitals,Royal Challengers Bengaluru,1,0,1,field,0,1,161.0,160.0,1.0,Royal Challengers Bengaluru vs Delhi Capitals
501228,2011,2011-04-27,Dr DY Patil Sports Academy,Chennai Super Kings,Pune Warriors,Chennai Super Kings,1,0,0,bat,0,1,145.0,141.0,4.0,Chennai Super Kings vs Pune Warriors
501228,2011,2011-04-27,Dr DY Patil Sports Academy,Pune Warriors,Chennai Super Kings,Chennai Super Kings,0,1,1,bat,1,0,141.0,145.0,-4.0,Pune Warriors vs Chennai Super Kings
501229,2011,2011-04-27,Nehru Stadium,Deccan Chargers,Kochi Tuskers Kerala,Deccan Chargers,1,0,0,field,1,0,129.0,74.0,55.0,Deccan Chargers vs Kochi Tuskers Kerala
501229,2011,2011-04-27,Nehru Stadium,Kochi Tuskers Kerala,Deccan Chargers,Deccan Chargers,0,1,1,field,0,1,74.0,129.0,-55.0,Kochi Tuskers Kerala vs Deccan Chargers
501230,2011,2011-04-28,Feroz Shah Kotla,Delhi Capitals,Kolkata Knight Riders,Kolkata Knight Riders,0,1,1,field,0,1,131.0,148.0,-17.0,Delhi Capitals vs Kolkata Knight Riders
501230,2011,2011-04-28,Feroz Shah Kotla,Kolkata Knight Riders,Delhi Capitals,Kolkata Knight Riders,1,0,0,field,1,0,148.0,131.0,17.0,Kolkata Knight Riders vs Delhi Capitals
501231,2011,2011-04-29,Sawai Mansingh Stadium,Mumbai Indians,Rajasthan Royals,Rajasthan Royals,0,1,0,field,1,0,94.0,95.0,-1.0,Mumbai Indians vs Rajasthan Royals
501231,2011,2011-04-29,Sawai Mansingh Stadium,Rajasthan Royals,Mumbai Indians,Rajasthan Royals,1,0,1,field,0,1,95.0,94.0,1.0,Rajasthan Royals vs Mumbai Indians
501232,2011,2011-04-29,M Chinnaswamy Stadium,Pune Warriors,Royal Challengers Bengaluru,Royal Challengers Bengaluru,0,1,1,field,0,1,155.0,181.0,-26.0,Pune Warriors vs Royal Challengers Bengaluru
501232,2011,2011-04-29,M Chinnaswamy Stadium,Royal Challengers Bengaluru,Pune Warriors,Royal Challengers Bengaluru,1,0,0,field,1,0,181.0,155.0,26.0,Royal Challengers Bengaluru vs Pune Warriors
501233,2011,2011-04-30,Nehru Stadium,Delhi Capitals,Kochi Tuskers Kerala,Delhi Capitals,1,0,1,bat,1,0,157.0,119.0,38.0,Delhi Capitals vs Kochi Tuskers Kerala
501233,2011,2011-04-30,Nehru Stadium,Kochi Tuskers Kerala,Delhi Capitals,Delhi Capitals,0,1,0,bat,0,1,119.0,157.0,-38.0,Kochi Tuskers Kerala vs Delhi Capitals
501234,2011,2011-04-30,Eden Gardens,Kolkata Knight Riders,Punjab Kings,Kolkata Knight Riders,1,0,1,field,0,1,120.0,119.0,1.0,Kolkata Knight Riders vs Punjab Kings
501234,2011,2011-04-30,Eden Gardens,Punjab Kings,Kolkata Knight Riders,Kolkata Knight Riders,0,1,0,field,1,0,119.0,120.0,-1.0,Punjab Kings vs Kolkata Knight Riders
501235,2011,2011-05-01,Sawai Mansingh Stadium,Pune Warriors,Rajasthan Royals,Rajasthan Royals,0,1,0,field,1,0,143.0,144.0,-1.0,Pune Warriors vs Rajasthan Royals
501235,2011,2011-05-01,Sawai Mansingh Stadium,Rajasthan Royals,Pune Warriors,Rajasthan Royals,1,0,1,field,0,1,144.0,143.0,1.0,Rajasthan Royals vs Pune Warriors
501236,2011,2011-05-01,"MA Chidambaram Stadium, Chepauk",Chennai Super Kings,Deccan Chargers,Chennai Super Kings,1,0,1,bat,1,0,165.0,146.0,19.0,Chennai Super Kings vs Deccan Chargers
501236,2011,2011-05-01,"MA Chidambaram Stadium, Chepauk",Deccan Chargers,Chennai Super Kings,Chennai Super Kings,0,1,0,bat,0,1,146.0,165.0,-19.0,Deccan Chargers vs Chennai Super Kings
501237,2011,2011-05-02,Wankhede Stadium,Mumbai Indians,Punjab Kings,Mumbai Indians,1,0,0,field,1,0,159.0,136.0,23.0,Mumbai Indians vs Punjab Kings
501237,2011,2011-05-02,Wankhede Stadium,Punjab Kings,Mumbai Indians,Mumbai Indians,0,1,1,field,0,1,136.0,159.0,-23.0,Punjab Kings vs Mumbai Indians
501238,2011,2011-05-02,Feroz Shah Kotla,Delhi Capitals,Kochi Tuskers Kerala,Kochi Tuskers Kerala,0,1,0,field,1,0,140.0,141.0,-1.0,Delhi Capitals vs Kochi Tuskers Kerala
501238,2011,2011-05-02,Feroz Shah Kotla,Kochi Tuskers Kerala,Delhi Capitals,Kochi Tuskers Kerala,1,0,1,field,0,1,141.0,140.0,1.0,Kochi Tuskers Kerala vs Delhi Capitals
501239,2011,2011-05-03,"Rajiv Gandhi International Stadium, Uppal",Deccan Chargers,Kolkata Knight Riders,Kolkata Knight Riders,0,1,1,field,0,1,149.0,169.0,-20.0,Deccan Chargers vs Kolkata Knight Riders
501239,2011,2011-05-03,"Rajiv Gandhi International Stadium, Uppal",Kolkata Knight Riders,Deccan Chargers,Kolkata Knight Riders,1,0,0,field,1,0,169.0,149.0,20.0,Kolkata Knight Riders vs Deccan Chargers
501240,2011,2011-05-04,"MA Chidambaram Stadium, Chepauk",Chennai Super Kings,Rajasthan Royals,Chennai Super Kings,1,0,0,bat,0,1,149.0,147.0,2.0,Chennai Super Kings vs Rajasthan Royals
501240,2011,2011-05-04,"MA Chidambaram Stadium, Chepauk",Rajasthan Royals,Chennai Super Kings,Chennai Super Kings,0,1,1,bat,1,0,147.0,149.0,-2.0,Rajasthan Royals vs Chennai Super Kings
501241,2011,2011-05-04,Dr DY Patil Sports Academy,Mumbai Indians,Pune Warriors,Mumbai Indians,1,0,0,field,1,0,160.0,139.0,21.0,Mumbai Indians vs Pune Warriors
501241,2011,2011-05-04,Dr DY Patil Sports Academy,Pune Warriors,Mumbai Indians,Mumbai Indians,0,1,1,field,0,1,139.0,160.0,-21.0,Pune Warriors vs Mumbai Indians
501242,2011,2011-05-05,Nehru Stadium,Kochi Tuskers Kerala,Kolkata Knight Riders,Kochi Tuskers Kerala,1,0,0,field,1,0,156.0,139.0,17.0,Kochi Tuskers Kerala vs Kolkata Knight Riders
501242,2011,2011-05-05,Nehru Stadium,Kolkata Knight Riders,Kochi Tuskers Kerala,Kochi Tuskers Kerala,0,1,1,field,0,1,139.0,156.0,-17.0,Kolkata Knight Riders vs Kochi Tuskers Kerala
501243,2011,2011-05-05,"Rajiv Gandhi International Stadium, Uppal",Deccan Chargers,Delhi Capitals,Delhi Capitals,0,1,0,field,1,0,175.0,179.0,-4.0,Deccan Chargers vs Delhi Capitals
501243,2011,2011-05-05,"Rajiv Gandhi International Stadium, Uppal",Delhi Capitals,Deccan Chargers,Delhi Capitals,1,0,1,field,0,1,179.0,175.0,4.0,Delhi Capitals vs Deccan Chargers
501244,2011,2011-05-06,M Chinnaswamy Stadium,Punjab Kings,Royal Challengers Bengaluru,Royal Challengers Bengaluru,0,1,1,field,0,1,120.0,205.0,-85.0,Punjab Kings vs Royal Challengers Bengaluru
501244,2011,2011-05-06,M Chinnaswamy Stadium,Royal Challengers Bengaluru,Punjab Kings,Royal Challengers Bengaluru,1,0,0,field,1,0,205.0,120.0,85.0,Royal Challengers Bengaluru vs Punjab Kings
501245,2011,2011-05-07,Eden Gardens,Chennai Super Kings,Kolkata Knight Riders,Kolkata Knight Riders,0,1,1,bat,1,0,114.0,61.0,53.0,Chennai Super Kings vs Kolkata Knight Riders
501245,2011,2011-05-07,Eden Gardens,Kolkata Knight Riders,Chennai Super Kings,Kolkata Knight Riders,1,0,0,bat,0,1,61.0,114.0,-53.0,Kolkata Knight Riders vs Chennai Super Kings
501246,2011,2011-05-07,Wankhede Stadium,Delhi Capitals,Mumbai Indians,Mumbai Indians,0,1,1,field,0,1,146.0,178.0,-32.0,Delhi Capitals vs Mumbai Indians
501246,2011,2011-05-07,Wankhede Stadium,Mumbai Indians,Delhi Capitals,Mumbai Indians,1,0,0,field,1,0,178.0,146.0,32.0,Mumbai Indians vs Delhi Capitals
501247,2011,2011-05-08,M Chinnaswamy Stadium,Kochi Tuskers Kerala,Royal Challengers Bengaluru,Royal Challengers Bengaluru,0,1,1,bat,1,0,125.0,128.0,-3.0,Kochi Tuskers Kerala vs Royal Challengers Bengaluru
501247,2011,2011-05-08,M Chinnaswamy Stadium,Royal Challengers Bengaluru,Kochi Tuskers Kerala,Royal Challengers Bengaluru,1,0,0,bat,0,1,128.0,125.0,3.0,Royal Challengers Bengaluru vs Kochi Tuskers Kerala
501248,2011,2011-05-08,"Punjab Cricket Association Stadium, Mohali",Pune Warriors,Punjab Kings,Pune Warriors,1,0,0,bat,0,1,120.0,119.0,1.0,Pune Warriors vs Punjab Kings
501248,2011,2011-05-08,"Punjab Cricket Association Stadium, Mohali",Punjab Kings,Pune Warriors,Pune Warriors,0,1,1,bat,1,0,119.0,120.0,-1.0,Punjab Kings vs Pune Warriors
501249,2011,2011-05-09,Sawai Mansingh Stadium,Chennai Super Kings,Rajasthan Royals,Chennai Super Kings,1,0,0,field,1,0,196.0,133.0,63.0,Chennai Super Kings vs Rajasthan Royals
501249,2011,2011-05-09,Sawai Mansingh Stadium,Rajasthan Royals,Chennai Super Kings,Chennai Super Kings,0,1,1,field,0,1,133.0,196.0,-63.0,Rajasthan Royals vs Chennai Super Kings
501250,2011,2011-05-10,"Rajiv Gandhi International Stadium, Uppal",Deccan Chargers,Pune Warriors,Pune Warriors,0,1,1,bat,1,0,136.0,137.0,-1.0,Deccan Chargers vs Pune Warriors
501250,2011,2011-05-10,"Rajiv Gandhi International Stadium, Uppal",Pune Warriors,Deccan Chargers,Pune Warriors,1,0,0,bat,0,1,137.0,136.0,1.0,Pune Warriors vs Deccan Chargers
501251,2011,2011-05-10,"Punjab Cricket Association Stadium, Mohali",Mumbai Indians,Punjab Kings,Punjab Kings,0,1,1,field,0,1,87.0,163.0,-76.0,Mumbai Indians vs Punjab Kings
501251,2011,2011-05-10,"Punjab Cricket Association Stadium, Mohali",Punjab Kings,Mumbai Indians,Punjab Kings,1,0,0,field,1,0,163.0,87.0,76.0,Punjab Kings vs Mumbai Indians
501252,2011,2011-05-11,Sawai Mansingh Stadium,Rajasthan Royals,Royal Challengers Bengaluru,Royal Challengers Bengaluru,0,1,0,field,1,0,146.0,151.0,-5.0,Rajasthan Royals vs Royal Challengers Bengaluru
501252,2011,2011-05-11,Sawai Mansingh Stadium,Royal Challengers Bengaluru,Rajasthan Royals,Royal Challengers Bengaluru,1,0,1,field,0,1,151.0,146.0,5.0,Royal Challengers Bengaluru vs Rajasthan Royals
501253,2011,2011-05-12,"MA Chidambaram Stadium, Chepauk",Chennai Super Kings,Delhi Capitals,Chennai Super Kings,1,0,1,bat,1,0,176.0,158.0,18.0,Chennai Super Kings vs Delhi Capitals
501253,2011,2011-05-12,"MA Chidambaram Stadium, Chepauk",Delhi Capitals,Chennai Super Kings,Chennai Super Kings,0,1,0,bat,0,1,158.0,176.0,-18.0,Delhi Capitals vs Chennai Super Kings
501254,2011,2011-05-13,Holkar Cricket Stadium,Kochi Tuskers Kerala,Punjab Kings,Punjab Kings,0,1,0,field,1,0,178.0,181.0,-3.0,Kochi Tuskers Kerala vs Punjab Kings
501254,2011,2011-05-13,Holkar Cricket Stadium,Punjab Kings,Kochi Tuskers Kerala,Punjab Kings,1,0,1,field,0,1,181.0,178.0,3.0,Punjab Kings vs Kochi Tuskers Kerala
501255,2011,2011-05-14,M Chinnaswamy Stadium,Kolkata Knight Riders,Royal Challengers Bengaluru,Royal Challengers Bengaluru,0,1,0,field,1,0,89.0,105.0,-16.0,Kolkata Knight Riders vs Royal Challengers Bengaluru
501255,2011,2011-05-14,M Chinnaswamy Stadium,Royal Challengers Bengaluru,Kolkata Knight Riders,Royal Challengers Bengaluru,1,0,1,field,0,1,105.0,89.0,16.0,Royal Challengers Bengaluru vs Kolkata Knight Riders
501256,2011,2011-05-14,Wankhede Stadium,Deccan Chargers,Mumbai Indians,Deccan Chargers,1,0,1,bat,1,0,135.0,125.0,10.0,Deccan Chargers vs Mumbai Indians
501256,2011,2011-05-14,Wankhede Stadium,Mumbai Indians,Deccan Chargers,Deccan Chargers,0,1,0,bat,0,1,125.0,135.0,-10.0,Mumbai Indians vs Deccan Chargers
501257,2011,2011-05-15,Himachal Pradesh Cricket Association Stadium,Delhi Capitals,Punjab Kings,Punjab Kings,0,1,1,field,0,1,141.0,170.0,-29.0,Delhi Capitals vs Punjab Kings
501257,2011,2011-05-15,Himachal Pradesh Cricket Association Stadium,Punjab Kings,Delhi Capitals,Punjab Kings,1,0,0,field,1,0,170.0,141.0,29.0,Punjab Kings vs Delhi Capitals
501258,2011,2011-05-15,Holkar Cricket Stadium,Kochi Tuskers Kerala,Rajasthan Royals,Kochi Tuskers Kerala,1,0,1,field,0,1,98.0,97.0,1.0,Kochi Tuskers Kerala vs Rajasthan Royals
501258,2011,2011-05-15,Holkar Cricket Stadium,Rajasthan Royals,Kochi Tuskers Kerala,Kochi Tuskers Kerala,0,1,0,field,1,0,97.0,98.0,-1.0,Rajasthan Royals vs Kochi Tuskers Kerala
501259,2011,2011-05-16,Dr DY Patil Sports Academy,Deccan Chargers,Pune Warriors,Deccan Chargers,1,0,1,field,0,1,138.0,136.0,2.0,Deccan Chargers vs Pune Warriors
501259,2011,2011-05-16,Dr DY Patil Sports Academy,Pune Warriors,Deccan Chargers,Deccan Chargers,0,1,0,field,1,0,136.0,138.0,-2.0,Pune Warriors vs Deccan Chargers
501260,2011,2011-05-17,Himachal Pradesh Cricket Association Stadium,Punjab Kings,Royal Challengers Bengaluru,Punjab Kings,1,0,1,bat,1,0,232.0,121.0,111.0,Punjab Kings vs Royal Challengers Bengaluru
501260,2011,2011-05-17,Himachal Pradesh Cricket Association Stadium,Royal Challengers Bengaluru,Punjab Kings,Punjab Kings,0,1,0,bat,0,1,121.0,232.0,-111.0,Royal Challengers Bengaluru vs Punjab Kings
501261,2011,2011-05-18,"MA Chidambaram Stadium, Chepauk",Chennai Super Kings,Kochi Tuskers Kerala,Chennai Super Kings,1,0,1,bat,1,0,152.0,141.0,11.0,Chennai Super Kings vs Kochi Tuskers Kerala
501261,2011,2011-05-18,"MA Chidambaram Stadium, Chepauk",Kochi Tuskers Kerala,Chennai Super Kings,Chennai Super Kings,0,1,0,bat,0,1,141.0,152.0,-11.0,Kochi Tuskers Kerala vs Chennai Super Kings
501262,2011,2011-05-19,Dr DY Patil Sports Academy,Kolkata Knight Riders,Pune Warriors,Kolkata Knight Riders,1,0,1,field,0,1,119.0,118.0,1.0,Kolkata Knight Riders vs Pune Warriors
501262,2011,2011-05-19,Dr DY Patil Sports Academy,Pune Warriors,Kolkata Knight Riders,Kolkata Knight Riders,0,1,0,field,1,0,118.0,119.0,-1.0,Pune Warriors vs Kolkata Knight Riders
501263,2011,2011-05-20,Wankhede Stadium,Mumbai Indians,Rajasthan Royals,Rajasthan Royals,0,1,1,bat,1,0,133.0,134.0,-1.0,Mumbai Indians vs Rajasthan Royals
501263,2011,2011-05-20,Wankhede Stadium,Rajasthan Royals,Mumbai Indians,Rajasthan Royals,1,0,0,bat,0,1,134.0,133.0,1.0,Rajasthan Royals vs Mumbai Indians
501264,2011,2011-05-21,Himachal Pradesh Cricket Association Stadium,Deccan Chargers,Punjab Kings,Deccan Chargers,1,0,0,field,1,0,198.0,116.0,82.0,Deccan Chargers vs Punjab Kings
501264,2011,2011-05-21,Himachal Pradesh Cricket Association Stadium,Punjab Kings,Deccan Chargers,Deccan Chargers,0,1,1,field,0,1,116.0,198.0,-82.0,Punjab Kings vs Deccan Chargers
501265,2011,2011-05-21,Feroz Shah Kotla,Delhi Capitals,Pune Warriors,,0,0,1,bat,1,0,56.0,,,Delhi Capitals vs Pune Warriors
501265,2011,2011-05-21,Feroz Shah Kotla,Pune Warriors,Delhi Capitals,,0,0,0,bat,0,0,,56.0,,Pune Warriors vs Delhi Capitals
501266,2011,2011-05-22,M Chinnaswamy Stadium,Chennai Super Kings,Royal Challengers Bengaluru,Royal Challengers Bengaluru,0,1,0,field,1,0,128.0,129.0,-1.0,Chennai Super Kings vs Royal Challengers Bengaluru
501266,2011,2011-05-22,M Chinnaswamy Stadium,Royal Challengers Bengaluru,Chennai Super Kings,Royal Challengers Bengaluru,1,0,1,field,0,1,129.0,128.0,1.0,Royal Challengers Bengaluru vs Chennai Super Kings
501267,2011,2011-05-22,Eden Gardens,Kolkata Knight Riders,Mumbai Indians,Mumbai Indians,0,1,0,field,1,0,175.0,178.0,-3.0,Kolkata Knight Riders vs Mumbai Indians
501267,2011,2011-05-22,Eden Gardens,Mumbai Indians,Kolkata Knight Riders,Mumbai Indians,1,0,1,field,0,1,178.0,175.0,3.0,Mumbai Indians vs Kolkata Knight Riders
501268,2011,2011-05-24,Wankhede Stadium,Chennai Super Kings,Royal Challengers Bengaluru,Chennai Super Kings,1,0,1,field,0,1,177.0,175.0,2.0,Chennai Super Kings vs Royal Challengers Bengaluru
501268,2011,2011-05-24,Wankhede Stadium,Royal Challengers Bengaluru,Chennai Super Kings,Chennai Super Kings,0,1,0,field,1,0,175.0,177.0,-2.0,Royal Challengers Bengaluru vs Chennai Super Kings
501269,2011,2011-05-25,Wankhede Stadium,Kolkata Knight Riders,Mumbai Indians,Mumbai Indians,0,1,0,field,1,0,147.0,148.0,-1.0,Kolkata Knight Riders vs Mumbai Indians
501269,2011,2011-05-25,Wankhede Stadium,Mumbai Indians,Kolkata Knight Riders,Mumbai Indians,1,0,1,field,0,1,148.0,147.0,1.0,Mumbai Indians vs Kolkata Knight Riders
501270,2011,2011-05-27,"MA Chidambaram Stadium, Chepauk",Mumbai Indians,Royal Challengers Bengaluru,Royal Challengers Bengaluru,0,1,1,field,0,1,142.0,185.0,-43.0,Mumbai Indians vs Royal Challengers Bengaluru
501270,2011,2011-05-27,"MA Chidambaram Stadium, Chepauk",Royal Challengers Bengaluru,Mumbai Indians,Royal Challengers Bengaluru,1,0,0,field,1,0,185.0,142.0,43.0,Royal Challengers Bengaluru vs Mumbai Indians
501271,2011,2011-05-28,"MA Chidambaram Stadium, Chepauk",Chennai Super Kings,Royal Challengers Bengaluru,Chennai Super Kings,1,0,1,bat,1,0,205.0,147.0,58.0,Chennai Super Kings vs Royal Challengers Bengaluru
501271,2011,2011-05-28,"MA Chidambaram Stadium, Chepauk",Royal Challengers Bengaluru,Chennai Super Kings,Chennai Super Kings,0,1,0,bat,0,1,147.0,205.0,-58.0,Royal Challengers Bengaluru vs Chennai Super Kings
548306,2012,2012-04-04,"MA Chidambaram Stadium, Chepauk",Chennai Super Kings,Mumbai Indians,Mumbai Indians,0,1,0,field,1,0,112.0,115.0,-3.0,Chennai Super Kings vs Mumbai Indians
548306,2012,2012-04-04,"MA Chidambaram Stadium, Chepauk",Mumbai Indians,Chennai Super Kings,Mumbai Indians,1,0,1,field,0,1,115.0,112.0,3.0,Mumbai Indians vs Chennai Super Kings
548307,2012,2012-04-05,Eden Gardens,Delhi Capitals,Kolkata Knight Riders,Delhi Capitals,1,0,1,field,0,1,100.0,97.0,3.0,Delhi Capitals vs Kolkata Knight Riders
548307,2012,2012-04-05,Eden Gardens,Kolkata Knight Riders,Delhi Capitals,Delhi Capitals,0,1,0,field,1,0,97.0,100.0,-3.0,Kolkata Knight Riders vs Delhi Capitals
548308,2012,2012-04-06,Wankhede Stadium,Mumbai Indians,Pune Warriors,Pune Warriors,0,1,1,field,0,1,101.0,129.0,-28.0,Mumbai Indians vs Pune Warriors
548308,2012,2012-04-06,Wankhede Stadium,Pune Warriors,Mumbai Indians,Pune Warriors,1,0,0,field,1,0,129.0,101.0,28.0,Pune Warriors vs Mumbai Indians
548309,2012,2012-04-06,Sawai Mansingh Stadium,Punjab Kings,Rajasthan Royals,Rajasthan Royals,0,1,1,field,0,1,160.0,191.0,-31.0,Punjab Kings vs Rajasthan Royals
548309,2012,2012-04-06,Sawai Mansingh Stadium,Rajasthan Royals,Punjab Kings,Rajasthan Royals,1,0,0,field,1,0,191.0,160.0,31.0,Rajasthan Royals vs Punjab Kings
548310,2012,2012-04-07,M Chinnaswamy Stadium,Delhi Capitals,Royal Challengers Bengaluru,Royal Challengers Bengaluru,0,1,1,field,0,1,137.0,157.0,-20.0,Delhi Capitals vs Royal Challengers Bengaluru
548310,2012,2012-04-07,M Chinnaswamy Stadium,Royal Challengers Bengaluru,Delhi Capitals,Royal Challengers Bengaluru,1,0,0,field,1,0,157.0,137.0,20.0,Royal Challengers Bengaluru vs Delhi Capitals
548311,2012,2012-04-07,Dr. Y.S. Rajasekhara Reddy ACA-VDCA Cricket Stadium,Chennai Super Kings,Deccan Chargers,Chennai Super Kings,1,0,0,field,1,0,193.0,119.0,74.0,Chennai Super Kings vs Deccan Chargers
548311,2012,2012-04-07,Dr. Y.S. Rajasekhara Reddy ACA-VDCA Cricket Stadium,Deccan Chargers,Chennai Super Kings,Chennai Super Kings,0,1,1,field,0,1,119.0,193.0,-74.0,Deccan Chargers vs Chennai Super Kings
548312,2012,2012-04-08,Sawai Mansingh Stadium,Kolkata Knight Riders,Rajasthan Royals,Rajasthan Royals,0,1,1,field,0,1,142.0,164.0,-22.0,Kolkata Knight Riders vs Rajasthan Royals
548312,2012,2012-04-08,Sawai Mansingh Stadium,Rajasthan Royals,Kolkata Knight Riders,Rajasthan Royals,1,0,0,field,1,0,164.0,142.0,22.0,Rajasthan Royals vs Kolkata Knight Riders
548313,2012,2012-04-08,Subrata Roy Sahara Stadium,Pune Warriors,Punjab Kings,Pune Warriors,1,0,1,bat,1,0,166.0,144.0,22.0,Pune Warriors vs Punjab Kings
548313,2012,2012-04-08,Subrata Roy Sahara Stadium,Punjab Kings,Pune Warriors,Pune Warriors,0,1,0,bat,0,1,144.0,166.0,-22.0,Punjab Kings vs Pune Warriors
548314,2012,2012-04-09,Dr. Y.S. Rajasekhara Reddy ACA-VDCA Cricket Stadium,Deccan Chargers,Mumbai Indians,Mumbai Indians,0,1,1,bat,1,0,138.0,142.0,-4.0,Deccan Chargers vs Mumbai Indians
548314,2012,2012-04-09,Dr. Y.S. Rajasekhara Reddy ACA-VDCA Cricket Stadium,Mumbai Indians,Deccan Chargers,Mumbai Indians,1,0,0,bat,0,1,142.0,138.0,4.0,Mumbai Indians vs Deccan Chargers
548315,2012,2012-04-10,M Chinnaswamy Stadium,Kolkata Knight Riders,Royal Challengers Bengaluru,Kolkata Knight Riders,1,0,0,field,1,0,165.0,123.0,42.0,Kolkata Knight Riders vs Royal Challengers Bengaluru
548315,2012,2012-04-10,M Chinnaswamy Stadium,Royal Challengers Bengaluru,Kolkata Knight Riders,Kolkata Knight Riders,0,1,1,field,0,1,123.0,165.0,-42.0,Royal Challengers Bengaluru vs Kolkata Knight Riders
548316,2012,2012-04-10,Feroz Shah Kotla,Chennai Super Kings,Delhi Capitals,Delhi Capitals,0,1,0,field,1,0,110.0,111.0,-1.0,Chennai Super Kings vs Delhi Capitals
548316,2012,2012-04-10,Feroz Shah Kotla,Delhi Capitals,Chennai Super Kings,Delhi Capitals,1,0,1,field,0,1,111.0,110.0,1.0,Delhi Capitals vs Chennai Super Kings
548317,2012,2012-04-11,Wankhede Stadium,Mumbai Indians,Rajasthan Royals,Mumbai Indians,1,0,0,field,1,0,197.0,170.0,27.0,Mumbai Indians vs Rajasthan Royals
548317,2012,2012-04-11,Wankhede Stadium,Rajasthan Royals,Mumbai Indians,Mumbai Indians,0,1,1,field,0,1,170.0,197.0,-27.0,Rajasthan Royals vs Mumbai Indians
548318,2012,2012-04-12,"MA Chidambaram Stadium, Chepauk",Chennai Super Kings,Royal Challengers Bengaluru,Chennai Super Kings,1,0,0,bat,0,1,208.0,205.0,3.0,Chennai Super Kings vs Royal Challengers Bengaluru
548318,2012,2012-04-12,"MA Chidambaram Stadium, Chepauk",Royal Challengers Bengaluru,Chennai Super Kings,Chennai Super Kings,0,1,1,bat,1,0,205.0,208.0,-3.0,Royal Challengers Bengaluru vs Chennai Super Kings
548319,2012,2012-04-12,"Punjab Cricket Association Stadium, Mohali",Pune Warriors,Punjab Kings,Punjab Kings,0,1,0,field,1,0,115.0,116.0,-1.0,Pune Warriors vs Punjab Kings
548319,2012,2012-04-12,"Punjab Cricket Association Stadium, Mohali",Punjab Kings,Pune Warriors,Punjab Kings,1,0,1,field,0,1,116.0,115.0,1.0,Punjab Kings vs Pune Warriors
548320,2012,2012-04-13,Eden Gardens,Kolkata Knight Riders,Rajasthan Royals,Kolkata Knight Riders,1,0,0,bat,0,1,137.0,131.0,6.0,Kolkata Knight Riders vs Rajasthan Royals
548320,2012,2012-04-13,Eden Gardens,Rajasthan Royals,Kolkata Knight Riders,Kolkata Knight Riders,0,1,1,bat,1,0,131.0,137.0,-6.0,Rajasthan Royals vs Kolkata Knight Riders
548322,2012,2012-04-14,Subrata Roy Sahara Stadium,Chennai Super Kings,Pune Warriors,Pune Warriors,0,1,1,bat,1,0,155.0,156.0,-1.0,Chennai Super Kings vs Pune Warriors
548322,2012,2012-04-14,Subrata Roy Sahara Stadium,Pune Warriors,Chennai Super Kings,Pune Warriors,1,0,0,bat,0,1,156.0,155.0,1.0,Pune Warriors vs Chennai Super Kings
548323,2012,2012-04-15,Eden Gardens,Kolkata Knight Riders,Punjab Kings,Punjab Kings,0,1,1,field,0,1,132.0,134.0,-2.0,Kolkata Knight Riders vs Punjab Kings
548323,2012,2012-04-15,Eden Gardens,Punjab Kings,Kolkata Knight Riders,Punjab Kings,1,0,0,field,1,0,134.0,132.0,2.0,Punjab Kings vs Kolkata Knight Riders
548324,2012,2012-04-15,M Chinnaswamy Stadium,Rajasthan Royals,Royal Challengers Bengaluru,Rajasthan Royals,1,0,1,bat,1,0,195.0,136.0,59.0,Rajasthan Royals vs Royal Challengers Bengaluru
548324,2012,2012-04-15,M Chinnaswamy Stadium,Royal Challengers Bengaluru,Rajasthan Royals,Rajasthan Royals,0,1,0,bat,0,1,136.0,195.0,-59.0,Royal Challengers Bengaluru vs Rajasthan Royals
548325,2012,2012-04-16,Wankhede Stadium,Delhi Capitals,Mumbai Indians,Delhi Capitals,1,0,1,field,0,1,93.0,92.0,1.0,Delhi Capitals vs Mumbai Indians
548325,2012,2012-04-16,Wankhede Stadium,Mumbai Indians,Delhi Capitals,Delhi Capitals,0,1,0,field,1,0,92.0,93.0,-1.0,Mumbai Indians vs Delhi Capitals
548326,2012,2012-04-17,Sawai Mansingh Stadium,Deccan Chargers,Rajasthan Royals,Rajasthan Royals,0,1,1,bat,1,0,196.0,197.0,-1.0,Deccan Chargers vs Rajasthan Royals
548326,2012,2012-04-17,Sawai Mansingh Stadium,Rajasthan Royals,Deccan Chargers,Rajasthan Royals,1,0,0,bat,0,1,197.0,196.0,1.0,Rajasthan Royals vs Deccan Chargers
548327,2012,2012-04-17,M Chinnaswamy Stadium,Pune Warriors,Royal Challengers Bengaluru,Royal Challengers Bengaluru,0,1,1,bat,1,0,182.0,186.0,-4.0,Pune Warriors vs Royal Challengers Bengaluru
548327,2012,2012-04-17,M Chinnaswamy Stadium,Royal Challengers Bengaluru,Pune Warriors,Royal Challengers Bengaluru,1,0,0,bat,0,1,186.0,182.0,4.0,Royal Challengers Bengaluru vs Pune Warriors
548328,2012,2012-04-18,"Punjab Cricket Association Stadium, Mohali",Kolkata Knight Riders,Punjab Kings,Kolkata Knight Riders,1,0,0,bat,0,1,127.0,124.0,3.0,Kolkata Knight Riders vs Punjab Kings
548328,2012,2012-04-18,"Punjab Cricket Association Stadium, Mohali",Punjab Kings,Kolkata Knight Riders,Kolkata Knight Riders,0,1,1,bat,1,0,124.0,127.0,-3.0,Punjab Kings vs Kolkata Knight Riders
548321,2012,2012-04-19,Feroz Shah Kotla,Deccan Chargers,Delhi Capitals,Delhi Capitals,0,1,1,bat,1,0,157.0,162.0,-5.0,Deccan Chargers vs Delhi Capitals
548321,2012,2012-04-19,Feroz Shah Kotla,Delhi Capitals,Deccan Chargers,Delhi Capitals,1,0,0,bat,0,1,162.0,157.0,5.0,Delhi Capitals vs Deccan Chargers
548330,2012,2012-04-19,"MA Chidambaram Stadium, Chepauk",Chennai Super Kings,Pune Warriors,Chennai Super Kings,1,0,0,field,1,0,164.0,151.0,13.0,Chennai Super Kings vs Pune Warriors
548330,2012,2012-04-19,"MA Chidambaram Stadium, Chepauk",Pune Warriors,Chennai Super Kings,Chennai Super Kings,0,1,1,field,0,1,151.0,164.0,-13.0,Pune Warriors vs Chennai Super Kings
548331,2012,2012-04-20,"Punjab Cricket Association Stadium, Mohali",Punjab Kings,Royal Challengers Bengaluru,Royal Challengers Bengaluru,0,1,0,field,1,0,163.0,166.0,-3.0,Punjab Kings vs Royal Challengers Bengaluru
548331,2012,2012-04-20,"Punjab Cricket Association Stadium, Mohali",Royal Challengers Bengaluru,Punjab Kings,Royal Challengers Bengaluru,1,0,1,field,0,1,166.0,163.0,3.0,Royal Challengers Bengaluru vs Punjab Kings
548332,2012,2012-04-21,"MA Chidambaram Stadium, Chepauk",Chennai Super Kings,Rajasthan Royals,Chennai Super Kings,1,0,0,bat,0,1,147.0,146.0,1.0,Chennai Super Kings vs Rajasthan Royals
548332,2012,2012-04-21,"MA Chidambaram Stadium, Chepauk",Rajasthan Royals,Chennai Super Kings,Chennai Super Kings,0,1,1,bat,1,0,146.0,147.0,-1.0,Rajasthan Royals vs Chennai Super Kings
548333,2012,2012-04-21,Feroz Shah Kotla,Delhi Capitals,Pune Warriors,Pune Warriors,0,1,1,field,0,1,172.0,192.0,-20.0,Delhi Capitals vs Pune Warriors
548333,2012,2012-04-21,Feroz Shah Kotla,Pune Warriors,Delhi Capitals,Pune Warriors,1,0,0,field,1,0,192.0,172.0,20.0,Pune Warriors vs Delhi Capitals
548334,2012,2012-04-22,Wankhede Stadium,Mumbai Indians,Punjab Kings,Punjab Kings,0,1,1,bat,1,0,163.0,164.0,-1.0,Mumbai Indians vs Punjab Kings
548334,2012,2012-04-22,Wankhede Stadium,Punjab Kings,Mumbai Indians,Punjab Kings,1,0,0,bat,0,1,164.0,163.0,1.0,Punjab Kings vs Mumbai Indians
548335,2012,2012-04-22,Barabati Stadium,Deccan Chargers,Kolkata Knight Riders,Kolkata Knight Riders,0,1,0,field,1,0,126.0,127.0,-1.0,Deccan Chargers vs Kolkata Knight Riders
548335,2012,2012-04-22,Barabati Stadium,Kolkata Knight Riders,Deccan Chargers,Kolkata Knight Riders,1,0,1,field,0,1,127.0,126.0,1.0,Kolkata Knight Riders vs Deccan Chargers
548336,2012,2012-04-23,Sawai Mansingh Stadium,Rajasthan Royals,Royal Challengers Bengaluru,Royal Challengers Bengaluru,0,1,1,field,0,1,143.0,189.0,-46.0,Rajasthan Royals vs Royal Challengers Bengaluru
548336,2012,2012-04-23,Sawai Mansingh Stadium,Royal Challengers Bengaluru,Rajasthan Royals,Royal Challengers Bengaluru,1,0,0,field,1,0,189.0,143.0,46.0,Royal Challengers Bengaluru vs Rajasthan Royals
548337,2012,2012-04-24,Subrata Roy Sahara Stadium,Delhi Capitals,Pune Warriors,Delhi Capitals,1,0,0,bat,0,1,148.0,146.0,2.0,Delhi Capitals vs Pune Warriors
548337,2012,2012-04-24,Subrata Roy Sahara Stadium,Pune Warriors,Delhi Capitals,Delhi Capitals,0,1,1,bat,1,0,146.0,148.0,-2.0,Pune Warriors vs Delhi Capitals
548339,2012,2012-04-25,"Punjab Cricket Association Stadium, Mohali",Mumbai Indians,Punjab Kings,Mumbai Indians,1,0,0,bat,0,1,171.0,168.0,3.0,Mumbai Indians vs Punjab Kings
548339,2012,2012-04-25,"Punjab Cricket Association Stadium, Mohali",Punjab Kings,Mumbai Indians,Mumbai Indians,0,1,1,bat,1,0,168.0,171.0,-3.0,Punjab Kings vs Mumbai Indians
548341,2012,2012-04-26,Subrata Roy Sahara Stadium,Deccan Chargers,Pune Warriors,Deccan Chargers,1,0,1,bat,1,0,177.0,159.0,18.0,Deccan Chargers vs Pune Warriors
548341,2012,2012-04-26,Subrata Roy Sahara Stadium,Pune Warriors,Deccan Chargers,Deccan Chargers,0,1,0,bat,0,1,159.0,177.0,-18.0,Pune Warriors vs Deccan Chargers
548342,2012,2012-04-27,Feroz Shah Kotla,Delhi Capitals,Mumbai Indians,Delhi Capitals,1,0,0,field,1,0,207.0,170.0,37.0,Delhi Capitals vs Mumbai Indians
548342,2012,2012-04-27,Feroz Shah Kotla,Mumbai Indians,Delhi Capitals,Delhi Capitals,0,1,1,field,0,1,170.0,207.0,-37.0,Mumbai Indians vs Delhi Capitals
548343,2012,2012-04-28,"MA Chidambaram Stadium, Chepauk",Chennai Super Kings,Punjab Kings,Punjab Kings,0,1,0,bat,0,1,149.0,156.0,-7.0,Chennai Super Kings vs Punjab Kings
548343,2012,2012-04-28,"MA Chidambaram Stadium, Chepauk",Punjab Kings,Chennai Super Kings,Punjab Kings,1,0,1,bat,1,0,156.0,149.0,7.0,Punjab Kings vs Chennai Super Kings
548344,2012,2012-04-28,Eden Gardens,Kolkata Knight Riders,Royal Challengers Bengaluru,Kolkata Knight Riders,1,0,1,bat,1,0,190.0,143.0,47.0,Kolkata Knight Riders vs Royal Challengers Bengaluru
548344,2012,2012-04-28,Eden Gardens,Royal Challengers Bengaluru,Kolkata Knight Riders,Kolkata Knight Riders,0,1,0,bat,0,1,143.0,190.0,-47.0,Royal Challengers Bengaluru vs Kolkata Knight Riders
548345,2012,2012-04-29,Feroz Shah Kotla,Delhi Capitals,Rajasthan Royals,Delhi Capitals,1,0,1,bat,1,0,152.0,151.0,1.0,Delhi Capitals vs Rajasthan Royals
548345,2012,2012-04-29,Feroz Shah Kotla,Rajasthan Royals,Delhi Capitals,Delhi Capitals,0,1,0,bat,0,1,151.0,152.0,-1.0,Rajasthan Royals vs Delhi Capitals
548346,2012,2012-04-29,Wankhede Stadium,Deccan Chargers,Mumbai Indians,Mumbai Indians,0,1,0,field,1,0,100.0,101.0,-1.0,Deccan Chargers vs Mumbai Indians
548346,2012,2012-04-29,Wankhede Stadium,Mumbai Indians,Deccan Chargers,Mumbai Indians,1,0,1,field,0,1,101.0,100.0,1.0,Mumbai Indians vs Deccan Chargers
548347,2012,2012-04-30,"MA Chidambaram Stadium, Chepauk",Chennai Super Kings,Kolkata Knight Riders,Kolkata Knight Riders,0,1,1,bat,1,0,139.0,140.0,-1.0,Chennai Super Kings vs Kolkata Knight Riders
548347,2012,2012-04-30,"MA Chidambaram Stadium, Chepauk",Kolkata Knight Riders,Chennai Super Kings,Kolkata Knight Riders,1,0,0,bat,0,1,140.0,139.0,1.0,Kolkata Knight Riders vs Chennai Super Kings
548348,2012,2012-05-01,Barabati Stadium,Deccan Chargers,Pune Warriors,Deccan Chargers,1,0,1,bat,1,0,186.0,173.0,13.0,Deccan Chargers vs Pune Warriors
548348,2012,2012-05-01,Barabati Stadium,Pune Warriors,Deccan Chargers,Deccan Chargers,0,1,0,bat,0,1,173.0,186.0,-13.0,Pune Warriors vs Deccan Chargers
548349,2012,2012-05-01,Sawai Mansingh Stadium,Delhi Capitals,Rajasthan Royals,Delhi Capitals,1,0,0,bat,0,1,144.0,141.0,3.0,Delhi Capitals vs Rajasthan Royals
548349,2012,2012-05-01,Sawai Mansingh Stadium,Rajasthan Royals,Delhi Capitals,Delhi Capitals,0,1,1,bat,1,0,141.0,144.0,-3.0,Rajasthan Royals vs Delhi Capitals
548350,2012,2012-05-02,M Chinnaswamy Stadium,Punjab Kings,Royal Challengers Bengaluru,Punjab Kings,1,0,1,field,0,1,163.0,158.0,5.0,Punjab Kings vs Royal Challengers Bengaluru
548350,2012,2012-05-02,M Chinnaswamy Stadium,Royal Challengers Bengaluru,Punjab Kings,Punjab Kings,0,1,0,field,1,0,158.0,163.0,-5.0,Royal Challengers Bengaluru vs Punjab Kings
548351,2012,2012-05-03,Subrata Roy Sahara Stadium,Mumbai Indians,Pune Warriors,Mumbai Indians,1,0,1,bat,1,0,120.0,119.0,1.0,Mumbai Indians vs Pune Warriors
548351,2012,2012-05-03,Subrata Roy Sahara Stadium,Pune Warriors,Mumbai Indians,Mumbai Indians,0,1,0,bat,0,1,119.0,120.0,-1.0,Pune Warriors vs Mumbai Indians
548352,2012,2012-05-04,"MA Chidambaram Stadium, Chepauk",Chennai Super Kings,Deccan Chargers,Chennai Super Kings,1,0,1,bat,1,0,160.0,150.0,10.0,Chennai Super Kings vs Deccan Chargers
548352,2012,2012-05-04,"MA Chidambaram Stadium, Chepauk",Deccan Chargers,Chennai Super Kings,Chennai Super Kings,0,1,0,bat,0,1,150.0,160.0,-10.0,Deccan Chargers vs Chennai Super Kings
548353,2012,2012-05-05,Eden Gardens,Kolkata Knight Riders,Pune Warriors,Kolkata Knight Riders,1,0,1,bat,1,0,150.0,143.0,7.0,Kolkata Knight Riders vs Pune Warriors
548353,2012,2012-05-05,Eden Gardens,Pune Warriors,Kolkata Knight Riders,Kolkata Knight Riders,0,1,0,bat,0,1,143.0,150.0,-7.0,Pune Warriors vs Kolkata Knight Riders
548354,2012,2012-05-05,"Punjab Cricket Association Stadium, Mohali",Punjab Kings,Rajasthan Royals,Rajasthan Royals,0,1,0,bat,0,1,134.0,177.0,-43.0,Punjab Kings vs Rajasthan Royals
548354,2012,2012-05-05,"Punjab Cricket Association Stadium, Mohali",Rajasthan Royals,Punjab Kings,Rajasthan Royals,1,0,1,bat,1,0,177.0,134.0,43.0,Rajasthan Royals vs Punjab Kings
548355,2012,2012-05-06,Wankhede Stadium,Chennai Super Kings,Mumbai Indians,Mumbai Indians,0,1,0,field,1,0,173.0,174.0,-1.0,Chennai Super Kings vs Mumbai Indians
548355,2012,2012-05-06,Wankhede Stadium,Mumbai Indians,Chennai Super Kings,Mumbai Indians,1,0,1,field,0,1,174.0,173.0,1.0,Mumbai Indians vs Chennai Super Kings
548356,2012,2012-05-06,M Chinnaswamy Stadium,Deccan Chargers,Royal Challengers Bengaluru,Royal Challengers Bengaluru,0,1,0,field,1,0,181.0,185.0,-4.0,Deccan Chargers vs Royal Challengers Bengaluru
548356,2012,2012-05-06,M Chinnaswamy Stadium,Royal Challengers Bengaluru,Deccan Chargers,Royal Challengers Bengaluru,1,0,1,field,0,1,185.0,181.0,4.0,Royal Challengers Bengaluru vs Deccan Chargers
548357,2012,2012-05-07,Feroz Shah Kotla,Delhi Capitals,Kolkata Knight Riders,Kolkata Knight Riders,0,1,1,bat,1,0,153.0,154.0,-1.0,Delhi Capitals vs Kolkata Knight Riders
548357,2012,2012-05-07,Feroz Shah Kotla,Kolkata Knight Riders,Delhi Capitals,Kolkata Knight Riders,1,0,0,bat,0,1,154.0,153.0,1.0,Kolkata Knight Riders vs Delhi Capitals
548358,2012,2012-05-08,Subrata Roy Sahara Stadium,Pune Warriors,Rajasthan Royals,Rajasthan Royals,0,1,1,bat,1,0,125.0,126.0,-1.0,Pune Warriors vs Rajasthan Royals
548358,2012,2012-05-08,Subrata Roy Sahara Stadium,Rajasthan Royals,Pune Warriors,Rajasthan Royals,1,0,0,bat,0,1,126.0,125.0,1.0,Rajasthan Royals vs Pune Warriors
548359,2012,2012-05-08,"Rajiv Gandhi International Stadium, Uppal",Deccan Chargers,Punjab Kings,Punjab Kings,0,1,1,field,0,1,145.0,170.0,-25.0,Deccan Chargers vs Punjab Kings
548359,2012,2012-05-08,"Rajiv Gandhi International Stadium, Uppal",Punjab Kings,Deccan Chargers,Punjab Kings,1,0,0,field,1,0,170.0,145.0,25.0,Punjab Kings vs Deccan Chargers
548360,2012,2012-05-09,Wankhede Stadium,Mumbai Indians,Royal Challengers Bengaluru,Royal Challengers Bengaluru,0,1,0,field,1,0,141.0,142.0,-1.0,Mumbai Indians vs Royal Challengers Bengaluru
548360,2012,2012-05-09,Wankhede Stadium,Royal Challengers Bengaluru,Mumbai Indians,Royal Challengers Bengaluru,1,0,1,field,0,1,142.0,141.0,1.0,Royal Challengers Bengaluru vs Mumbai Indians
548329,2012,2012-05-10,"Rajiv Gandhi International Stadium, Uppal",Deccan Chargers,Delhi Capitals,Delhi Capitals,0,1,1,bat,1,0,187.0,193.0,-6.0,Deccan Chargers vs Delhi Capitals
548329,2012,2012-05-10,"Rajiv Gandhi International Stadium, Uppal",Delhi Capitals,Deccan Chargers,Delhi Capitals,1,0,0,bat,0,1,193.0,187.0,6.0,Delhi Capitals vs Deccan Chargers
548361,2012,2012-05-10,Sawai Mansingh Stadium,Chennai Super Kings,Rajasthan Royals,Chennai Super Kings,1,0,1,field,0,1,127.0,126.0,1.0,Chennai Super Kings vs Rajasthan Royals
548361,2012,2012-05-10,Sawai Mansingh Stadium,Rajasthan Royals,Chennai Super Kings,Chennai Super Kings,0,1,0,field,1,0,126.0,127.0,-1.0,Rajasthan Royals vs Chennai Super Kings
548362,2012,2012-05-11,Subrata Roy Sahara Stadium,Pune Warriors,Royal Challengers Bengaluru,Royal Challengers Bengaluru,0,1,1,field,0,1,138.0,173.0,-35.0,Pune Warriors vs Royal Challengers Bengaluru
548362,2012,2012-05-11,Subrata Roy Sahara Stadium,Royal Challengers Bengaluru,Pune Warriors,Royal Challengers Bengaluru,1,0,0,field,1,0,173.0,138.0,35.0,Royal Challengers Bengaluru vs Pune Warriors
548363,2012,2012-05-12,Eden Gardens,Kolkata Knight Riders,Mumbai Indians,Mumbai Indians,0,1,0,bat,0,1,155.0,182.0,-27.0,Kolkata Knight Riders vs Mumbai Indians
548363,2012,2012-05-12,Eden Gardens,Mumbai Indians,Kolkata Knight Riders,Mumbai Indians,1,0,1,bat,1,0,182.0,155.0,27.0,Mumbai Indians vs Kolkata Knight Riders
548364,2012,2012-05-12,"MA Chidambaram Stadium, Chepauk",Chennai Super Kings,Delhi Capitals,Chennai Super Kings,1,0,1,field,0,1,115.0,114.0,1.0,Chennai Super Kings vs Delhi Capitals
548364,2012,2012-05-12,"MA Chidambaram Stadium, Chepauk",Delhi Capitals,Chennai Super Kings,Chennai Super Kings,0,1,0,field,1,0,114.0,115.0,-1.0,Delhi Capitals vs Chennai Super Kings
548365,2012,2012-05-13,Sawai Mansingh Stadium,Pune Warriors,Rajasthan Royals,Rajasthan Royals,0,1,0,bat,0,1,125.0,170.0,-45.0,Pune Warriors vs Rajasthan Royals
548365,2012,2012-05-13,Sawai Mansingh Stadium,Rajasthan Royals,Pune Warriors,Rajasthan Royals,1,0,1,bat,1,0,170.0,125.0,45.0,Rajasthan Royals vs Pune Warriors
548366,2012,2012-05-13,"Punjab Cricket Association Stadium, Mohali",Deccan Chargers,Punjab Kings,Punjab Kings,0,1,1,bat,1,0,190.0,194.0,-4.0,Deccan Chargers vs Punjab Kings
548366,2012,2012-05-13,"Punjab Cricket Association Stadium, Mohali",Punjab Kings,Deccan Chargers,Punjab Kings,1,0,0,bat,0,1,194.0,190.0,4.0,Punjab Kings vs Deccan Chargers
548367,2012,2012-05-14,M Chinnaswamy Stadium,Mumbai Indians,Royal Challengers Bengaluru,Mumbai Indians,1,0,1,field,0,1,173.0,171.0,2.0,Mumbai Indians vs Royal Challengers Bengaluru
548367,2012,2012-05-14,M Chinnaswamy Stadium,Royal Challengers Bengaluru,Mumbai Indians,Mumbai Indians,0,1,0,field,1,0,171.0,173.0,-2.0,Royal Challengers Bengaluru vs Mumbai Indians
548368,2012,2012-05-14,Eden Gardens,Chennai Super Kings,Kolkata Knight Riders,Chennai Super Kings,1,0,1,field,0,1,160.0,158.0,2.0,Chennai Super Kings vs Kolkata Knight Riders
548368,2012,2012-05-14,Eden Gardens,Kolkata Knight Riders,Chennai Super Kings,Chennai Super Kings,0,1,0,field,1,0,158.0,160.0,-2.0,Kolkata Knight Riders vs Chennai Super Kings
548369,2012,2012-05-15,Feroz Shah Kotla,Delhi Capitals,Punjab Kings,Delhi Capitals,1,0,0,bat,0,1,140.0,136.0,4.0,Delhi Capitals vs Punjab Kings
548369,2012,2012-05-15,Feroz Shah Kotla,Punjab Kings,Delhi Capitals,Delhi Capitals,0,1,1,bat,1,0,136.0,140.0,-4.0,Punjab Kings vs Delhi Capitals
548370,2012,2012-05-16,Wankhede Stadium,Kolkata Knight Riders,Mumbai Indians,Kolkata Knight Riders,1,0,0,field,1,0,140.0,108.0,32.0,Kolkata Knight Riders vs Mumbai Indians
548370,2012,2012-05-16,Wankhede Stadium,Mumbai Indians,Kolkata Knight Riders,Kolkata Knight Riders,0,1,1,field,0,1,108.0,140.0,-32.0,Mumbai Indians vs Kolkata Knight Riders
548371,2012,2012-05-17,Himachal Pradesh Cricket Association Stadium,Chennai Super Kings,Punjab Kings,Punjab Kings,0,1,0,field,1,0,120.0,123.0,-3.0,Chennai Super Kings vs Punjab Kings
548371,2012,2012-05-17,Himachal Pradesh Cricket Association Stadium,Punjab Kings,Chennai Super Kings,Punjab Kings,1,0,1,field,0,1,123.0,120.0,3.0,Punjab Kings vs Chennai Super Kings
548372,2012,2012-05-17,Feroz Shah Kotla,Delhi Capitals,Royal Challengers Bengaluru,Royal Challengers Bengaluru,0,1,1,field,0,1,194.0,215.0,-21.0,Delhi Capitals vs Royal Challengers Bengaluru
548372,2012,2012-05-17,Feroz Shah Kotla,Royal Challengers Bengaluru,Delhi Capitals,Royal Challengers Bengaluru,1,0,0,field,1,0,215.0,194.0,21.0,Royal Challengers Bengaluru vs Delhi Capitals
548373,2012,2012-05-18,"Rajiv Gandhi International Stadium, Uppal",Deccan Chargers,Rajasthan Royals,Deccan Chargers,1,0,0,bat,0,1,128.0,126.0,2.0,Deccan Chargers vs Rajasthan Royals
548373,2012,2012-05-18,"Rajiv Gandhi International Stadium, Uppal",Rajasthan Royals,Deccan Chargers,Deccan Chargers,0,1,1,bat,1,0,126.0,128.0,-2.0,Rajasthan Royals vs Deccan Chargers
548374,2012,2012-05-19,Himachal Pradesh Cricket Association Stadium,Delhi Capitals,Punjab Kings,Delhi Capitals,1,0,1,field,0,1,145.0,141.0,4.0,Delhi Capitals vs Punjab Kings
548374,2012,2012-05-19,Himachal Pradesh Cricket Association Stadium,Punjab Kings,Delhi Capitals,Delhi Capitals,0,1,0,field,1,0,141.0,145.0,-4.0,Punjab Kings vs Delhi Capitals
548375,2012,2012-05-19,Subrata Roy Sahara Stadium,Kolkata Knight Riders,Pune Warriors,Kolkata Knight Riders,1,0,1,bat,1,0,136.0,102.0,34.0,Kolkata Knight Riders vs Pune Warriors
548375,2012,2012-05-19,Subrata Roy Sahara Stadium,Pune Warriors,Kolkata Knight Riders,Kolkata Knight Riders,0,1,0,bat,0,1,102.0,136.0,-34.0,Pune Warriors vs Kolkata Knight Riders
548376,2012,2012-05-20,"Rajiv Gandhi International Stadium, Uppal",Deccan Chargers,Royal Challengers Bengaluru,Deccan Chargers,1,0,0,field,1,0,132.0,123.0,9.0,Deccan Chargers vs Royal Challengers Bengaluru
548376,2012,2012-05-20,"Rajiv Gandhi International Stadium, Uppal",Royal Challengers Bengaluru,Deccan Chargers,Deccan Chargers,0,1,1,field,0,1,123.0,132.0,-9.0,Royal Challengers Bengaluru vs Deccan Chargers
548377,2012,2012-05-20,Sawai Mansingh Stadium,Mumbai Indians,Rajasthan Royals,Mumbai Indians,1,0,0,bat,0,1,163.0,162.0,1.0,Mumbai Indians vs Rajasthan Royals
548377,2012,2012-05-20,Sawai Mansingh Stadium,Rajasthan Royals,Mumbai Indians,Mumbai Indians,0,1,1,bat,1,0,162.0,163.0,-1.0,Rajasthan Royals vs Mumbai Indians
548378,2012,2012-05-22,Subrata Roy Sahara Stadium,Delhi Capitals,Kolkata Knight Riders,Kolkata Knight Riders,0,1,0,bat,0,1,144.0,162.0,-18.0,Delhi Capitals vs Kolkata Knight Riders
548378,2012,2012-05-22,Subrata Roy Sahara Stadium,Kolkata Knight Riders,Delhi Capitals,Kolkata Knight Riders,1,0,1,bat,1,0,162.0,144.0,18.0,Kolkata Knight Riders vs Delhi Capitals
548379,2012,2012-05-23,M Chinnaswamy Stadium,Chennai Super Kings,Mumbai Indians,Chennai Super Kings,1,0,0,field,1,0,187.0,149.0,38.0,Chennai Super Kings vs Mumbai Indians
548379,2012,2012-05-23,M Chinnaswamy Stadium,Mumbai Indians,Chennai Super Kings,Chennai Super Kings,0,1,1,field,0,1,149.0,187.0,-38.0,Mumbai Indians vs Chennai Super Kings
548380,2012,2012-05-25,"MA Chidambaram Stadium, Chepauk",Chennai Super Kings,Delhi Capitals,Chennai Super Kings,1,0,0,field,1,0,222.0,136.0,86.0,Chennai Super Kings vs Delhi Capitals
548380,2012,2012-05-25,"MA Chidambaram Stadium, Chepauk",Delhi Capitals,Chennai Super Kings,Chennai Super Kings,0,1,1,field,0,1,136.0,222.0,-86.0,Delhi Capitals vs Chennai Super Kings
548381,2012,2012-05-27,"MA Chidambaram Stadium, Chepauk",Chennai Super Kings,Kolkata Knight Riders,Kolkata Knight Riders,0,1,1,bat,1,0,190.0,192.0,-2.0,Chennai Super Kings vs Kolkata Knight Riders
548381,2012,2012-05-27,"MA Chidambaram Stadium, Chepauk",Kolkata Knight Riders,Chennai Super Kings,Kolkata Knight Riders,1,0,0,bat,0,1,192.0,190.0,2.0,Kolkata Knight Riders vs Chennai Super Kings
597998,2013,2013-04-03,Eden Gardens,Delhi Capitals,Kolkata Knight Riders,Kolkata Knight Riders,0,1,0,field,1,0,128.0,129.0,-1.0,Delhi Capitals vs Kolkata Knight Riders
597998,2013,2013-04-03,Eden Gardens,Kolkata Knight Riders,Delhi Capitals,Kolkata Knight Riders,1,0,1,field,0,1,129.0,128.0,1.0,Kolkata Knight Riders vs Delhi Capitals
597999,2013,2013-04-04,M Chinnaswamy Stadium,Mumbai Indians,Royal Challengers Bengaluru,Royal Challengers Bengaluru,0,1,1,field,0,1,154.0,156.0,-2.0,Mumbai Indians vs Royal Challengers Bengaluru
597999,2013,2013-04-04,M Chinnaswamy Stadium,Royal Challengers Bengaluru,Mumbai Indians,Royal Challengers Bengaluru,1,0,0,field,1,0,156.0,154.0,2.0,Royal Challengers Bengaluru vs Mumbai Indians
598000,2013,2013-04-05,"Rajiv Gandhi International Stadium, Uppal",Pune Warriors,Sunrisers Hyderabad,Sunrisers Hyderabad,0,1,1,field,0,1,104.0,126.0,-22.0,Pune Warriors vs Sunrisers Hyderabad
598000,2013,2013-04-05,"Rajiv Gandhi International Stadium, Uppal",Sunrisers Hyderabad,Pune Warriors,Sunrisers Hyderabad,1,0,0,field,1,0,126.0,104.0,22.0,Sunrisers Hyderabad vs Pune Warriors
598001,2013,2013-04-06,Feroz Shah Kotla,Delhi Capitals,Rajasthan Royals,Rajasthan Royals,0,1,0,bat,0,1,160.0,165.0,-5.0,Delhi Capitals vs Rajasthan Royals
598001,2013,2013-04-06,Feroz Shah Kotla,Rajasthan Royals,Delhi Capitals,Rajasthan Royals,1,0,1,bat,1,0,165.0,160.0,5.0,Rajasthan Royals vs Delhi Capitals
598002,2013,2013-04-06,"MA Chidambaram Stadium, Chepauk",Chennai Super Kings,Mumbai Indians,Mumbai Indians,0,1,0,bat,0,1,139.0,148.0,-9.0,Chennai Super Kings vs Mumbai Indians
598002,2013,2013-04-06,"MA Chidambaram Stadium, Chepauk",Mumbai Indians,Chennai Super Kings,Mumbai Indians,1,0,1,bat,1,0,148.0,139.0,9.0,Mumbai Indians vs Chennai Super Kings
598003,2013,2013-04-07,Subrata Roy Sahara Stadium,Pune Warriors,Punjab Kings,Punjab Kings,0,1,1,bat,1,0,99.0,100.0,-1.0,Pune Warriors vs Punjab Kings
598003,2013,2013-04-07,Subrata Roy Sahara Stadium,Punjab Kings,Pune Warriors,Punjab Kings,1,0,0,bat,0,1,100.0,99.0,1.0,Punjab Kings vs Pune Warriors
598004,2013,2013-04-07,"Rajiv Gandhi International Stadium, Uppal",Royal Challengers Bengaluru,Sunrisers Hyderabad,Sunrisers Hyderabad,0,1,1,bat,1,0,130.0,130.0,0.0,Royal Challengers Bengaluru vs Sunrisers Hyderabad
598004,2013,2013-04-07,"Rajiv Gandhi International Stadium, Uppal",Sunrisers Hyderabad,Royal Challengers Bengaluru,Sunrisers Hyderabad,1,0,0,bat,0,1,130.0,130.0,0.0,Sunrisers Hyderabad vs Royal Challengers Bengaluru
598005,2013,2013-04-08,Sawai Mansingh Stadium,Kolkata Knight Riders,Rajasthan Royals,Rajasthan Royals,0,1,1,field,0,1,125.0,144.0,-19.0,Kolkata Knight Riders vs Rajasthan Royals
598005,2013,2013-04-08,Sawai Mansingh Stadium,Rajasthan Royals,Kolkata Knight Riders,Rajasthan Royals,1,0,0,field,1,0,144.0,125.0,19.0,Rajasthan Royals vs Kolkata Knight Riders
598006,2013,2013-04-09,Wankhede Stadium,Delhi Capitals,Mumbai Indians,Mumbai Indians,0,1,0,bat,0,1,165.0,209.0,-44.0,Delhi Capitals vs Mumbai Indians
598006,2013,2013-04-09,Wankhede Stadium,Mumbai Indians,Delhi Capitals,Mumbai Indians,1,0,1,bat,1,0,209.0,165.0,44.0,Mumbai Indians vs Delhi Capitals
598048,2013,2013-04-09,M Chinnaswamy Stadium,Royal Challengers Bengaluru,Sunrisers Hyderabad,Royal Challengers Bengaluru,1,0,0,bat,0,1,162.0,161.0,1.0,Royal Challengers Bengaluru vs Sunrisers Hyderabad
598048,2013,2013-04-09,M Chinnaswamy Stadium,Sunrisers Hyderabad,Royal Challengers Bengaluru,Royal Challengers Bengaluru,0,1,1,bat,1,0,161.0,162.0,-1.0,Sunrisers Hyderabad vs Royal Challengers Bengaluru
598007,2013,2013-04-10,"Punjab Cricket Association Stadium, Mohali",Chennai Super Kings,Punjab Kings,Chennai Super Kings,1,0,1,field,0,1,139.0,138.0,1.0,Chennai Super Kings vs Punjab Kings
598007,2013,2013-04-10,"Punjab Cricket Association Stadium, Mohali",Punjab Kings,Chennai Super Kings,Chennai Super Kings,0,1,0,field,1,0,138.0,139.0,-1.0,Punjab Kings vs Chennai Super Kings
598008,2013,2013-04-11,M Chinnaswamy Stadium,Kolkata Knight Riders,Royal Challengers Bengaluru,Royal Challengers Bengaluru,0,1,0,field,1,0,154.0,158.0,-4.0,Kolkata Knight Riders vs Royal Challengers Bengaluru
598008,2013,2013-04-11,M Chinnaswamy Stadium,Royal Challengers Bengaluru,Kolkata Knight Riders,Royal Challengers Bengaluru,1,0,1,field,0,1,158.0,154.0,4.0,Royal Challengers Bengaluru vs Kolkata Knight Riders
598009,2013,2013-04-11,Subrata Roy Sahara Stadium,Pune Warriors,Rajasthan Royals,Pune Warriors,1,0,0,bat,0,1,148.0,145.0,3.0,Pune Warriors vs Rajasthan Royals
598009,2013,2013-04-11,Subrata Roy Sahara Stadium,Rajasthan Royals,Pune Warriors,Pune Warriors,0,1,1,bat,1,0,145.0,148.0,-3.0,Rajasthan Royals vs Pune Warriors
598010,2013,2013-04-12,Feroz Shah Kotla,Delhi Capitals,Sunrisers Hyderabad,Sunrisers Hyderabad,0,1,1,bat,1,0,114.0,115.0,-1.0,Delhi Capitals vs Sunrisers Hyderabad
598010,2013,2013-04-12,Feroz Shah Kotla,Sunrisers Hyderabad,Delhi Capitals,Sunrisers Hyderabad,1,0,0,bat,0,1,115.0,114.0,1.0,Sunrisers Hyderabad vs Delhi Capitals
598011,2013,2013-04-13,Wankhede Stadium,Mumbai Indians,Pune Warriors,Mumbai Indians,1,0,1,bat,1,0,183.0,142.0,41.0,Mumbai Indians vs Pune Warriors
598011,2013,2013-04-13,Wankhede Stadium,Pune Warriors,Mumbai Indians,Mumbai Indians,0,1,0,bat,0,1,142.0,183.0,-41.0,Pune Warriors vs Mumbai Indians
598012,2013,2013-04-13,"MA Chidambaram Stadium, Chepauk",Chennai Super Kings,Royal Challengers Bengaluru,Chennai Super Kings,1,0,1,field,0,1,166.0,165.0,1.0,Chennai Super Kings vs Royal Challengers Bengaluru
598012,2013,2013-04-13,"MA Chidambaram Stadium, Chepauk",Royal Challengers Bengaluru,Chennai Super Kings,Chennai Super Kings,0,1,0,field,1,0,165.0,166.0,-1.0,Royal Challengers Bengaluru vs Chennai Super Kings
598013,2013,2013-04-14,Eden Gardens,Kolkata Knight Riders,Sunrisers Hyderabad,Kolkata Knight Riders,1,0,1,bat,1,0,180.0,132.0,48.0,Kolkata Knight Riders vs Sunrisers Hyderabad
598013,2013,2013-04-14,Eden Gardens,Sunrisers Hyderabad,Kolkata Knight Riders,Kolkata Knight Riders,0,1,0,bat,0,1,132.0,180.0,-48.0,Sunrisers Hyderabad vs Kolkata Knight Riders
598014,2013,2013-04-14,Sawai Mansingh Stadium,Punjab Kings,Rajasthan Royals,Rajasthan Royals,0,1,0,field,1,0,124.0,126.0,-2.0,Punjab Kings vs Rajasthan Royals
598014,2013,2013-04-14,Sawai Mansingh Stadium,Rajasthan Royals,Punjab Kings,Rajasthan Royals,1,0,1,field,0,1,126.0,124.0,2.0,Rajasthan Royals vs Punjab Kings
598015,2013,2013-04-15,"MA Chidambaram Stadium, Chepauk",Chennai Super Kings,Pune Warriors,Pune Warriors,0,1,0,bat,0,1,135.0,159.0,-24.0,Chennai Super Kings vs Pune Warriors
598015,2013,2013-04-15,"MA Chidambaram Stadium, Chepauk",Pune Warriors,Chennai Super Kings,Pune Warriors,1,0,1,bat,1,0,159.0,135.0,24.0,Pune Warriors vs Chennai Super Kings
598016,2013,2013-04-16,"Punjab Cricket Association Stadium, Mohali",Kolkata Knight Riders,Punjab Kings,Punjab Kings,0,1,1,field,0,1,153.0,157.0,-4.0,Kolkata Knight Riders vs Punjab Kings
598016,2013,2013-04-16,"Punjab Cricket Association Stadium, Mohali",Punjab Kings,Kolkata Knight Riders,Punjab Kings,1,0,0,field,1,0,157.0,153.0,4.0,Punjab Kings vs Kolkata Knight Riders
598017,2013,2013-04-16,M Chinnaswamy Stadium,Delhi Capitals,Royal Challengers Bengaluru,Royal Challengers Bengaluru,0,1,0,field,1,0,152.0,152.0,0.0,Delhi Capitals vs Royal Challengers Bengaluru
598017,2013,2013-04-16,M Chinnaswamy Stadium,Royal Challengers Bengaluru,Delhi Capitals,Royal Challengers Bengaluru,1,0,1,field,0,1,152.0,152.0,0.0,Royal Challengers Bengaluru vs Delhi Capitals
598018,2013,2013-04-17,Maharashtra Cricket Association Stadium,Pune Warriors,Sunrisers Hyderabad,Sunrisers Hyderabad,0,1,1,field,0,1,108.0,119.0,-11.0,Pune Warriors vs Sunrisers Hyderabad
598018,2013,2013-04-17,Maharashtra Cricket Association Stadium,Sunrisers Hyderabad,Pune Warriors,Sunrisers Hyderabad,1,0,0,field,1,0,119.0,108.0,11.0,Sunrisers Hyderabad vs Pune Warriors
598019,2013,2013-04-17,Sawai Mansingh Stadium,Mumbai Indians,Rajasthan Royals,Rajasthan Royals,0,1,0,bat,0,1,92.0,179.0,-87.0,Mumbai Indians vs Rajasthan Royals
598019,2013,2013-04-17,Sawai Mansingh Stadium,Rajasthan Royals,Mumbai Indians,Rajasthan Royals,1,0,1,bat,1,0,179.0,92.0,87.0,Rajasthan Royals vs Mumbai Indians
598020,2013,2013-04-18,Feroz Shah Kotla,Chennai Super Kings,Delhi Capitals,Chennai Super Kings,1,0,1,bat,1,0,169.0,83.0,86.0,Chennai Super Kings vs Delhi Capitals
598020,2013,2013-04-18,Feroz Shah Kotla,Delhi Capitals,Chennai Super Kings,Chennai Super Kings,0,1,0,bat,0,1,83.0,169.0,-86.0,Delhi Capitals vs Chennai Super Kings
598021,2013,2013-04-19,"Rajiv Gandhi International Stadium, Uppal",Punjab Kings,Sunrisers Hyderabad,Sunrisers Hyderabad,0,1,1,bat,1,0,123.0,127.0,-4.0,Punjab Kings vs Sunrisers Hyderabad
598021,2013,2013-04-19,"Rajiv Gandhi International Stadium, Uppal",Sunrisers Hyderabad,Punjab Kings,Sunrisers Hyderabad,1,0,0,bat,0,1,127.0,123.0,4.0,Sunrisers Hyderabad vs Punjab Kings
598022,2013,2013-04-20,Eden Gardens,Chennai Super Kings,Kolkata Knight Riders,Chennai Super Kings,1,0,0,bat,0,1,124.0,119.0,5.0,Chennai Super Kings vs Kolkata Knight Riders
598022,2013,2013-04-20,Eden Gardens,Kolkata Knight Riders,Chennai Super Kings,Chennai Super Kings,0,1,1,bat,1,0,119.0,124.0,-5.0,Kolkata Knight Riders vs Chennai Super Kings
598023,2013,2013-04-20,M Chinnaswamy Stadium,Rajasthan Royals,Royal Challengers Bengaluru,Royal Challengers Bengaluru,0,1,0,field,1,0,117.0,123.0,-6.0,Rajasthan Royals vs Royal Challengers Bengaluru
598023,2013,2013-04-20,M Chinnaswamy Stadium,Royal Challengers Bengaluru,Rajasthan Royals,Royal Challengers Bengaluru,1,0,1,field,0,1,123.0,117.0,6.0,Royal Challengers Bengaluru vs Rajasthan Royals
598024,2013,2013-04-21,Feroz Shah Kotla,Delhi Capitals,Mumbai Indians,Delhi Capitals,1,0,0,bat,0,1,165.0,161.0,4.0,Delhi Capitals vs Mumbai Indians
598024,2013,2013-04-21,Feroz Shah Kotla,Mumbai Indians,Delhi Capitals,Delhi Capitals,0,1,1,bat,1,0,161.0,165.0,-4.0,Mumbai Indians vs Delhi Capitals
598025,2013,2013-04-21,"Punjab Cricket Association Stadium, Mohali",Pune Warriors,Punjab Kings,Punjab Kings,0,1,0,field,1,0,185.0,186.0,-1.0,Pune Warriors vs Punjab Kings
598025,2013,2013-04-21,"Punjab Cricket Association Stadium, Mohali",Punjab Kings,Pune Warriors,Punjab Kings,1,0,1,field,0,1,186.0,185.0,1.0,Punjab Kings vs Pune Warriors
598026,2013,2013-04-22,"MA Chidambaram Stadium, Chepauk",Chennai Super Kings,Rajasthan Royals,Chennai Super Kings,1,0,0,bat,0,1,186.0,185.0,1.0,Chennai Super Kings vs Rajasthan Royals
598026,2013,2013-04-22,"MA Chidambaram Stadium, Chepauk",Rajasthan Royals,Chennai Super Kings,Chennai Super Kings,0,1,1,bat,1,0,185.0,186.0,-1.0,Rajasthan Royals vs Chennai Super Kings
598027,2013,2013-04-23,M Chinnaswamy Stadium,Pune Warriors,Royal Challengers Bengaluru,Royal Challengers Bengaluru,0,1,1,field,0,1,133.0,263.0,-130.0,Pune Warriors vs Royal Challengers Bengaluru
598027,2013,2013-04-23,M Chinnaswamy Stadium,Royal Challengers Bengaluru,Pune Warriors,Royal Challengers Bengaluru,1,0,0,field,1,0,263.0,133.0,130.0,Royal Challengers Bengaluru vs Pune Warriors
598059,2013,2013-04-23,Feroz Shah Kotla,Delhi Capitals,Punjab Kings,Punjab Kings,0,1,0,field,1,0,120.0,121.0,-1.0,Delhi Capitals vs Punjab Kings
598059,2013,2013-04-23,Feroz Shah Kotla,Punjab Kings,Delhi Capitals,Punjab Kings,1,0,1,field,0,1,121.0,120.0,1.0,Punjab Kings vs Delhi Capitals
598029,2013,2013-04-24,Eden Gardens,Kolkata Knight Riders,Mumbai Indians,Mumbai Indians,0,1,1,bat,1,0,159.0,162.0,-3.0,Kolkata Knight Riders vs Mumbai Indians
598029,2013,2013-04-24,Eden Gardens,Mumbai Indians,Kolkata Knight Riders,Mumbai Indians,1,0,0,bat,0,1,162.0,159.0,3.0,Mumbai Indians vs Kolkata Knight Riders
598030,2013,2013-04-25,"MA Chidambaram Stadium, Chepauk",Chennai Super Kings,Sunrisers Hyderabad,Chennai Super Kings,1,0,0,bat,0,1,160.0,159.0,1.0,Chennai Super Kings vs Sunrisers Hyderabad
598030,2013,2013-04-25,"MA Chidambaram Stadium, Chepauk",Sunrisers Hyderabad,Chennai Super Kings,Chennai Super Kings,0,1,1,bat,1,0,159.0,160.0,-1.0,Sunrisers Hyderabad vs Chennai Super Kings
598031,2013,2013-04-26,Eden Gardens,Kolkata Knight Riders,Punjab Kings,Kolkata Knight Riders,1,0,0,bat,0,1,150.0,149.0,1.0,Kolkata Knight Riders vs Punjab Kings
598031,2013,2013-04-26,Eden Gardens,Punjab Kings,Kolkata Knight Riders,Kolkata Knight Riders,0,1,1,bat,1,0,149.0,150.0,-1.0,Punjab Kings vs Kolkata Knight Riders
598032,2013,2013-04-27,Sawai Mansingh Stadium,Rajasthan Royals,Sunrisers Hyderabad,Rajasthan Royals,1,0,0,bat,0,1,146.0,144.0,2.0,Rajasthan Royals vs Sunrisers Hyderabad
598032,2013,2013-04-27,Sawai Mansingh Stadium,Sunrisers Hyderabad,Rajasthan Royals,Rajasthan Royals,0,1,1,bat,1,0,144.0,146.0,-2.0,Sunrisers Hyderabad vs Rajasthan Royals
598033,2013,2013-04-27,Wankhede Stadium,Mumbai Indians,Royal Challengers Bengaluru,Mumbai Indians,1,0,1,bat,1,0,194.0,136.0,58.0,Mumbai Indians vs Royal Challengers Bengaluru
598033,2013,2013-04-27,Wankhede Stadium,Royal Challengers Bengaluru,Mumbai Indians,Mumbai Indians,0,1,0,bat,0,1,136.0,194.0,-58.0,Royal Challengers Bengaluru vs Mumbai Indians
598034,2013,2013-04-28,"MA Chidambaram Stadium, Chepauk",Chennai Super Kings,Kolkata Knight Riders,Chennai Super Kings,1,0,0,field,1,0,200.0,186.0,14.0,Chennai Super Kings vs Kolkata Knight Riders
598034,2013,2013-04-28,"MA Chidambaram Stadium, Chepauk",Kolkata Knight Riders,Chennai Super Kings,Chennai Super Kings,0,1,1,field,0,1,186.0,200.0,-14.0,Kolkata Knight Riders vs Chennai Super Kings
598035,2013,2013-04-28,Shaheed Veer Narayan Singh International Stadium,Delhi Capitals,Pune Warriors,Delhi Capitals,1,0,0,field,1,0,164.0,149.0,15.0,Delhi Capitals vs Pune Warriors
598035,2013,2013-04-28,Shaheed Veer Narayan Singh International Stadium,Pune Warriors,Delhi Capitals,Delhi Capitals,0,1,1,field,0,1,149.0,164.0,-15.0,Pune Warriors vs Delhi Capitals
598036,2013,2013-04-29,Sawai Mansingh Stadium,Rajasthan Royals,Royal Challengers Bengaluru,Rajasthan Royals,1,0,1,field,0,1,173.0,171.0,2.0,Rajasthan Royals vs Royal Challengers Bengaluru
598036,2013,2013-04-29,Sawai Mansingh Stadium,Royal Challengers Bengaluru,Rajasthan Royals,Rajasthan Royals,0,1,0,field,1,0,171.0,173.0,-2.0,Royal Challengers Bengaluru vs Rajasthan Royals
598037,2013,2013-04-29,Wankhede Stadium,Mumbai Indians,Punjab Kings,Mumbai Indians,1,0,1,bat,1,0,174.0,170.0,4.0,Mumbai Indians vs Punjab Kings
598037,2013,2013-04-29,Wankhede Stadium,Punjab Kings,Mumbai Indians,Mumbai Indians,0,1,0,bat,0,1,170.0,174.0,-4.0,Punjab Kings vs Mumbai Indians
598038,2013,2013-04-30,Subrata Roy Sahara Stadium,Chennai Super Kings,Pune Warriors,Chennai Super Kings,1,0,1,bat,1,0,164.0,127.0,37.0,Chennai Super Kings vs Pune Warriors
598038,2013,2013-04-30,Subrata Roy Sahara Stadium,Pune Warriors,Chennai Super Kings,Chennai Super Kings,0,1,0,bat,0,1,127.0,164.0,-37.0,Pune Warriors vs Chennai Super Kings
598039,2013,2013-05-01,"Rajiv Gandhi International Stadium, Uppal",Mumbai Indians,Sunrisers Hyderabad,Sunrisers Hyderabad,0,1,1,bat,1,0,129.0,130.0,-1.0,Mumbai Indians vs Sunrisers Hyderabad
598039,2013,2013-05-01,"Rajiv Gandhi International Stadium, Uppal",Sunrisers Hyderabad,Mumbai Indians,Sunrisers Hyderabad,1,0,0,bat,0,1,130.0,129.0,1.0,Sunrisers Hyderabad vs Mumbai Indians
598040,2013,2013-05-01,Shaheed Veer Narayan Singh International Stadium,Delhi Capitals,Kolkata Knight Riders,Delhi Capitals,1,0,0,bat,0,1,137.0,136.0,1.0,Delhi Capitals vs Kolkata Knight Riders
598040,2013,2013-05-01,Shaheed Veer Narayan Singh International Stadium,Kolkata Knight Riders,Delhi Capitals,Delhi Capitals,0,1,1,bat,1,0,136.0,137.0,-1.0,Kolkata Knight Riders vs Delhi Capitals
598041,2013,2013-05-02,"MA Chidambaram Stadium, Chepauk",Chennai Super Kings,Punjab Kings,Chennai Super Kings,1,0,1,bat,1,0,186.0,171.0,15.0,Chennai Super Kings vs Punjab Kings
598041,2013,2013-05-02,"MA Chidambaram Stadium, Chepauk",Punjab Kings,Chennai Super Kings,Chennai Super Kings,0,1,0,bat,0,1,171.0,186.0,-15.0,Punjab Kings vs Chennai Super Kings
598042,2013,2013-05-02,Subrata Roy Sahara Stadium,Pune Warriors,Royal Challengers Bengaluru,Royal Challengers Bengaluru,0,1,0,bat,0,1,170.0,187.0,-17.0,Pune Warriors vs Royal Challengers Bengaluru
598042,2013,2013-05-02,Subrata Roy Sahara Stadium,Royal Challengers Bengaluru,Pune Warriors,Royal Challengers Bengaluru,1,0,1,bat,1,0,187.0,170.0,17.0,Royal Challengers Bengaluru vs Pune Warriors
598043,2013,2013-05-03,Eden Gardens,Kolkata Knight Riders,Rajasthan Royals,Kolkata Knight Riders,1,0,0,bat,0,1,133.0,132.0,1.0,Kolkata Knight Riders vs Rajasthan Royals
598043,2013,2013-05-03,Eden Gardens,Rajasthan Royals,Kolkata Knight Riders,Kolkata Knight Riders,0,1,1,bat,1,0,132.0,133.0,-1.0,Rajasthan Royals vs Kolkata Knight Riders
598044,2013,2013-05-04,"Rajiv Gandhi International Stadium, Uppal",Delhi Capitals,Sunrisers Hyderabad,Sunrisers Hyderabad,0,1,1,bat,1,0,80.0,81.0,-1.0,Delhi Capitals vs Sunrisers Hyderabad
598044,2013,2013-05-04,"Rajiv Gandhi International Stadium, Uppal",Sunrisers Hyderabad,Delhi Capitals,Sunrisers Hyderabad,1,0,0,bat,0,1,81.0,80.0,1.0,Sunrisers Hyderabad vs Delhi Capitals
598046,2013,2013-05-05,Wankhede Stadium,Chennai Super Kings,Mumbai Indians,Mumbai Indians,0,1,0,bat,0,1,79.0,139.0,-60.0,Chennai Super Kings vs Mumbai Indians
598046,2013,2013-05-05,Wankhede Stadium,Mumbai Indians,Chennai Super Kings,Mumbai Indians,1,0,1,bat,1,0,139.0,79.0,60.0,Mumbai Indians vs Chennai Super Kings
598047,2013,2013-05-05,Sawai Mansingh Stadium,Pune Warriors,Rajasthan Royals,Rajasthan Royals,0,1,1,bat,1,0,178.0,182.0,-4.0,Pune Warriors vs Rajasthan Royals
598047,2013,2013-05-05,Sawai Mansingh Stadium,Rajasthan Royals,Pune Warriors,Rajasthan Royals,1,0,0,bat,0,1,182.0,178.0,4.0,Rajasthan Royals vs Pune Warriors
598064,2013,2013-05-06,"Punjab Cricket Association Stadium, Mohali",Punjab Kings,Royal Challengers Bengaluru,Punjab Kings,1,0,1,field,0,1,194.0,190.0,4.0,Punjab Kings vs Royal Challengers Bengaluru
598064,2013,2013-05-06,"Punjab Cricket Association Stadium, Mohali",Royal Challengers Bengaluru,Punjab Kings,Punjab Kings,0,1,0,field,1,0,190.0,194.0,-4.0,Royal Challengers Bengaluru vs Punjab Kings
598049,2013,2013-05-07,Sawai Mansingh Stadium,Delhi Capitals,Rajasthan Royals,Rajasthan Royals,0,1,1,bat,1,0,154.0,155.0,-1.0,Delhi Capitals vs Rajasthan Royals
598049,2013,2013-05-07,Sawai Mansingh Stadium,Rajasthan Royals,Delhi Capitals,Rajasthan Royals,1,0,0,bat,0,1,155.0,154.0,1.0,Rajasthan Royals vs Delhi Capitals
598050,2013,2013-05-07,Wankhede Stadium,Kolkata Knight Riders,Mumbai Indians,Mumbai Indians,0,1,0,bat,0,1,105.0,170.0,-65.0,Kolkata Knight Riders vs Mumbai Indians
598050,2013,2013-05-07,Wankhede Stadium,Mumbai Indians,Kolkata Knight Riders,Mumbai Indians,1,0,1,bat,1,0,170.0,105.0,65.0,Mumbai Indians vs Kolkata Knight Riders
598051,2013,2013-05-08,"Rajiv Gandhi International Stadium, Uppal",Chennai Super Kings,Sunrisers Hyderabad,Chennai Super Kings,1,0,0,field,1,0,223.0,146.0,77.0,Chennai Super Kings vs Sunrisers Hyderabad
598051,2013,2013-05-08,"Rajiv Gandhi International Stadium, Uppal",Sunrisers Hyderabad,Chennai Super Kings,Chennai Super Kings,0,1,1,field,0,1,146.0,223.0,-77.0,Sunrisers Hyderabad vs Chennai Super Kings
598052,2013,2013-05-09,"Punjab Cricket Association Stadium, Mohali",Punjab Kings,Rajasthan Royals,Rajasthan Royals,0,1,0,field,1,0,145.0,147.0,-2.0,Punjab Kings vs Rajasthan Royals
598052,2013,2013-05-09,"Punjab Cricket Association Stadium, Mohali",Rajasthan Royals,Punjab Kings,Rajasthan Royals,1,0,1,field,0,1,147.0,145.0,2.0,Rajasthan Royals vs Punjab Kings
598053,2013,2013-05-09,Subrata Roy Sahara Stadium,Kolkata Knight Riders,Pune Warriors,Kolkata Knight Riders,1,0,1,bat,1,0,152.0,106.0,46.0,Kolkata Knight Riders vs Pune Warriors
598053,2013,2013-05-09,Subrata Roy Sahara Stadium,Pune Warriors,Kolkata Knight Riders,Kolkata Knight Riders,0,1,0,bat,0,1,106.0,152.0,-46.0,Pune Warriors vs Kolkata Knight Riders
598054,2013,2013-05-10,Feroz Shah Kotla,Delhi Capitals,Royal Challengers Bengaluru,Royal Challengers Bengaluru,0,1,1,field,0,1,179.0,183.0,-4.0,Delhi Capitals vs Royal Challengers Bengaluru
598054,2013,2013-05-10,Feroz Shah Kotla,Royal Challengers Bengaluru,Delhi Capitals,Royal Challengers Bengaluru,1,0,0,field,1,0,183.0,179.0,4.0,Royal Challengers Bengaluru vs Delhi Capitals
598055,2013,2013-05-11,Subrata Roy Sahara Stadium,Mumbai Indians,Pune Warriors,Mumbai Indians,1,0,0,bat,0,1,116.0,112.0,4.0,Mumbai Indians vs Pune Warriors
598055,2013,2013-05-11,Subrata Roy Sahara Stadium,Pune Warriors,Mumbai Indians,Mumbai Indians,0,1,1,bat,1,0,112.0,116.0,-4.0,Pune Warriors vs Mumbai Indians
598056,2013,2013-05-11,"Punjab Cricket Association Stadium, Mohali",Punjab Kings,Sunrisers Hyderabad,Sunrisers Hyderabad,0,1,1,field,0,1,120.0,150.0,-30.0,Punjab Kings vs Sunrisers Hyderabad
598056,2013,2013-05-11,"Punjab Cricket Association Stadium, Mohali",Sunrisers Hyderabad,Punjab Kings,Sunrisers Hyderabad,1,0,0,field,1,0,150.0,120.0,30.0,Sunrisers Hyderabad vs Punjab Kings
598057,2013,2013-05-12,JSCA International Stadium Complex,Kolkata Knight Riders,Royal Challengers Bengaluru,Kolkata Knight Riders,1,0,1,field,0,1,116.0,115.0,1.0,Kolkata Knight Riders vs Royal Challengers Bengaluru
598057,2013,2013-05-12,JSCA International Stadium Complex,Royal Challengers Bengaluru,Kolkata Knight Riders,Kolkata Knight Riders,0,1,0,field,1,0,115.0,116.0,-1.0,Royal Challengers Bengaluru vs Kolkata Knight Riders
598058,2013,2013-05-12,Sawai Mansingh Stadium,Chennai Super Kings,Rajasthan Royals,Rajasthan Royals,0,1,0,field,1,0,141.0,144.0,-3.0,Chennai Super Kings vs Rajasthan Royals
598058,2013,2013-05-12,Sawai Mansingh Stadium,Rajasthan Royals,Chennai Super Kings,Rajasthan Royals,1,0,1,field,0,1,144.0,141.0,3.0,Rajasthan Royals vs Chennai Super Kings
598060,2013,2013-05-13,Wankhede Stadium,Mumbai Indians,Sunrisers Hyderabad,Mumbai Indians,1,0,0,bat,0,1,184.0,178.0,6.0,Mumbai Indians vs Sunrisers Hyderabad
598060,2013,2013-05-13,Wankhede Stadium,Sunrisers Hyderabad,Mumbai Indians,Mumbai Indians,0,1,1,bat,1,0,178.0,184.0,-6.0,Sunrisers Hyderabad vs Mumbai Indians
598045,2013,2013-05-14,M Chinnaswamy Stadium,Punjab Kings,Royal Challengers Bengaluru,Punjab Kings,1,0,1,field,0,1,176.0,174.0,2.0,Punjab Kings vs Royal Challengers Bengaluru
598045,2013,2013-05-14,M Chinnaswamy Stadium,Royal Challengers Bengaluru,Punjab Kings,Punjab Kings,0,1,0,field,1,0,174.0,176.0,-2.0,Royal Challengers Bengaluru vs Punjab Kings
598062,2013,2013-05-14,"MA Chidambaram Stadium, Chepauk",Chennai Super Kings,Delhi Capitals,Chennai Super Kings,1,0,1,bat,1,0,168.0,135.0,33.0,Chennai Super Kings vs Delhi Capitals
598062,2013,2013-05-14,"MA Chidambaram Stadium, Chepauk",Delhi Capitals,Chennai Super Kings,Chennai Super Kings,0,1,0,bat,0,1,135.0,168.0,-33.0,Delhi Capitals vs Chennai Super Kings
598061,2013,2013-05-15,JSCA International Stadium Complex,Kolkata Knight Riders,Pune Warriors,Pune Warriors,0,1,1,field,0,1,163.0,170.0,-7.0,Kolkata Knight Riders vs Pune Warriors
598061,2013,2013-05-15,JSCA International Stadium Complex,Pune Warriors,Kolkata Knight Riders,Pune Warriors,1,0,0,field,1,0,170.0,163.0,7.0,Pune Warriors vs Kolkata Knight Riders
598063,2013,2013-05-15,Wankhede Stadium,Mumbai Indians,Rajasthan Royals,Mumbai Indians,1,0,0,field,1,0,166.0,152.0,14.0,Mumbai Indians vs Rajasthan Royals
598063,2013,2013-05-15,Wankhede Stadium,Rajasthan Royals,Mumbai Indians,Mumbai Indians,0,1,1,field,0,1,152.0,166.0,-14.0,Rajasthan Royals vs Mumbai Indians
598028,2013,2013-05-16,Himachal Pradesh Cricket Association Stadium,Delhi Capitals,Punjab Kings,Punjab Kings,0,1,1,field,0,1,164.0,171.0,-7.0,Delhi Capitals vs Punjab Kings
598028,2013,2013-05-16,Himachal Pradesh Cricket Association Stadium,Punjab Kings,Delhi Capitals,Punjab Kings,1,0,0,field,1,0,171.0,164.0,7.0,Punjab Kings vs Delhi Capitals
598065,2013,2013-05-17,"Rajiv Gandhi International Stadium, Uppal",Rajasthan Royals,Sunrisers Hyderabad,Sunrisers Hyderabad,0,1,0,bat,0,1,113.0,136.0,-23.0,Rajasthan Royals vs Sunrisers Hyderabad
598065,2013,2013-05-17,"Rajiv Gandhi International Stadium, Uppal",Sunrisers Hyderabad,Rajasthan Royals,Sunrisers Hyderabad,1,0,1,bat,1,0,136.0,113.0,23.0,Sunrisers Hyderabad vs Rajasthan Royals
598066,2013,2013-05-18,Himachal Pradesh Cricket Association Stadium,Mumbai Indians,Punjab Kings,Punjab Kings,0,1,1,field,0,1,133.0,183.0,-50.0,Mumbai Indians vs Punjab Kings
598066,2013,2013-05-18,Himachal Pradesh Cricket Association Stadium,Punjab Kings,Mumbai Indians,Punjab Kings,1,0,0,field,1,0,183.0,133.0,50.0,Punjab Kings vs Mumbai Indians
598068,2013,2013-05-18,M Chinnaswamy Stadium,Chennai Super Kings,Royal Challengers Bengaluru,Royal Challengers Bengaluru,0,1,1,field,0,1,82.0,106.0,-24.0,Chennai Super Kings vs Royal Challengers Bengaluru
598068,2013,2013-05-18,M Chinnaswamy Stadium,Royal Challengers Bengaluru,Chennai Super Kings,Royal Challengers Bengaluru,1,0,0,field,1,0,106.0,82.0,24.0,Royal Challengers Bengaluru vs Chennai Super Kings
598067,2013,2013-05-19,Subrata Roy Sahara Stadium,Delhi Capitals,Pune Warriors,Pune Warriors,0,1,0,bat,0,1,134.0,172.0,-38.0,Delhi Capitals vs Pune Warriors
598067,2013,2013-05-19,Subrata Roy Sahara Stadium,Pune Warriors,Delhi Capitals,Pune Warriors,1,0,1,bat,1,0,172.0,134.0,38.0,Pune Warriors vs Delhi Capitals
598069,2013,2013-05-19,"Rajiv Gandhi International Stadium, Uppal",Kolkata Knight Riders,Sunrisers Hyderabad,Sunrisers Hyderabad,0,1,1,bat,1,0,130.0,132.0,-2.0,Kolkata Knight Riders vs Sunrisers Hyderabad
598069,2013,2013-05-19,"Rajiv Gandhi International Stadium, Uppal",Sunrisers Hyderabad,Kolkata Knight Riders,Sunrisers Hyderabad,1,0,0,bat,0,1,132.0,130.0,2.0,Sunrisers Hyderabad vs Kolkata Knight Riders
598070,2013,2013-05-21,Feroz Shah Kotla,Chennai Super Kings,Mumbai Indians,Chennai Super Kings,1,0,1,bat,1,0,192.0,144.0,48.0,Chennai Super Kings vs Mumbai Indians
598070,2013,2013-05-21,Feroz Shah Kotla,Mumbai Indians,Chennai Super Kings,Chennai Super Kings,0,1,0,bat,0,1,144.0,192.0,-48.0,Mumbai Indians vs Chennai Super Kings
598071,2013,2013-05-22,Feroz Shah Kotla,Rajasthan Royals,Sunrisers Hyderabad,Rajasthan Royals,1,0,0,bat,0,1,135.0,132.0,3.0,Rajasthan Royals vs Sunrisers Hyderabad
598071,2013,2013-05-22,Feroz Shah Kotla,Sunrisers Hyderabad,Rajasthan Royals,Rajasthan Royals,0,1,1,bat,1,0,132.0,135.0,-3.0,Sunrisers Hyderabad vs Rajasthan Royals
598072,2013,2013-05-24,Eden Gardens,Mumbai Indians,Rajasthan Royals,Mumbai Indians,1,0,0,bat,0,1,169.0,165.0,4.0,Mumbai Indians vs Rajasthan Royals
598072,2013,2013-05-24,Eden Gardens,Rajasthan Royals,Mumbai Indians,Mumbai Indians,0,1,1,bat,1,0,165.0,169.0,-4.0,Rajasthan Royals vs Mumbai Indians
598073,2013,2013-05-26,Eden Gardens,Chennai Super Kings,Mumbai Indians,Mumbai Indians,0,1,0,bat,0,1,125.0,148.0,-23.0,Chennai Super Kings vs Mumbai Indians
598073,2013,2013-05-26,Eden Gardens,Mumbai Indians,Chennai Super Kings,Mumbai Indians,1,0,1,bat,1,0,148.0,125.0,23.0,Mumbai Indians vs Chennai Super Kings
729279,2014,2014-04-16,Sheikh Zayed Stadium,Kolkata Knight Riders,Mumbai Indians,Kolkata Knight Riders,1,0,1,bat,1,0,163.0,122.0,41.0,Kolkata Knight Riders vs Mumbai Indians
729279,2014,2014-04-16,Sheikh Zayed Stadium,Mumbai Indians,Kolkata Knight Riders,Kolkata Knight Riders,0,1,0,bat,0,1,122.0,163.0,-41.0,Mumbai Indians vs Kolkata Knight Riders
729281,2014,2014-04-17,Sharjah Cricket Stadium,Delhi Capitals,Royal Challengers Bengaluru,Royal Challengers Bengaluru,0,1,0,field,1,0,145.0,146.0,-1.0,Delhi Capitals vs Royal Challengers Bengaluru
729281,2014,2014-04-17,Sharjah Cricket Stadium,Royal Challengers Bengaluru,Delhi Capitals,Royal Challengers Bengaluru,1,0,1,field,0,1,146.0,145.0,1.0,Royal Challengers Bengaluru vs Delhi Capitals
729283,2014,2014-04-18,Sheikh Zayed Stadium,Chennai Super Kings,Punjab Kings,Punjab Kings,0,1,1,bat,1,0,205.0,206.0,-1.0,Chennai Super Kings vs Punjab Kings
729283,2014,2014-04-18,Sheikh Zayed Stadium,Punjab Kings,Chennai Super Kings,Punjab Kings,1,0,0,bat,0,1,206.0,205.0,1.0,Punjab Kings vs Chennai Super Kings
729285,2014,2014-04-18,Sheikh Zayed Stadium,Rajasthan Royals,Sunrisers Hyderabad,Rajasthan Royals,1,0,1,field,0,1,135.0,133.0,2.0,Rajasthan Royals vs Sunrisers Hyderabad
729285,2014,2014-04-18,Sheikh Zayed Stadium,Sunrisers Hyderabad,Rajasthan Royals,Rajasthan Royals,0,1,0,field,1,0,133.0,135.0,-2.0,Sunrisers Hyderabad vs Rajasthan Royals
729287,2014,2014-04-19,Dubai International Cricket Stadium,Mumbai Indians,Royal Challengers Bengaluru,Royal Challengers Bengaluru,0,1,0,field,1,0,115.0,116.0,-1.0,Mumbai Indians vs Royal Challengers Bengaluru
729287,2014,2014-04-19,Dubai International Cricket Stadium,Royal Challengers Bengaluru,Mumbai Indians,Royal Challengers Bengaluru,1,0,1,field,0,1,116.0,115.0,1.0,Royal Challengers Bengaluru vs Mumbai Indians
729289,2014,2014-04-19,Dubai International Cricket Stadium,Delhi Capitals,Kolkata Knight Riders,Delhi Capitals,1,0,0,bat,0,1,167.0,166.0,1.0,Delhi Capitals vs Kolkata Knight Riders
729289,2014,2014-04-19,Dubai International Cricket Stadium,Kolkata Knight Riders,Delhi Capitals,Delhi Capitals,0,1,1,bat,1,0,166.0,167.0,-1.0,Kolkata Knight Riders vs Delhi Capitals
729291,2014,2014-04-20,Sharjah Cricket Stadium,Punjab Kings,Rajasthan Royals,Punjab Kings,1,0,1,field,0,1,193.0,191.0,2.0,Punjab Kings vs Rajasthan Royals
729291,2014,2014-04-20,Sharjah Cricket Stadium,Rajasthan Royals,Punjab Kings,Punjab Kings,0,1,0,field,1,0,191.0,193.0,-2.0,Rajasthan Royals vs Punjab Kings
729293,2014,2014-04-21,Sheikh Zayed Stadium,Chennai Super Kings,Delhi Capitals,Chennai Super Kings,1,0,1,bat,1,0,177.0,84.0,93.0,Chennai Super Kings vs Delhi Capitals
729293,2014,2014-04-21,Sheikh Zayed Stadium,Delhi Capitals,Chennai Super Kings,Chennai Super Kings,0,1,0,bat,0,1,84.0,177.0,-93.0,Delhi Capitals vs Chennai Super Kings
729295,2014,2014-04-22,Sharjah Cricket Stadium,Punjab Kings,Sunrisers Hyderabad,Punjab Kings,1,0,0,field,1,0,193.0,121.0,72.0,Punjab Kings vs Sunrisers Hyderabad
729295,2014,2014-04-22,Sharjah Cricket Stadium,Sunrisers Hyderabad,Punjab Kings,Punjab Kings,0,1,1,field,0,1,121.0,193.0,-72.0,Sunrisers Hyderabad vs Punjab Kings
729297,2014,2014-04-23,Dubai International Cricket Stadium,Chennai Super Kings,Rajasthan Royals,Chennai Super Kings,1,0,0,field,1,0,140.0,133.0,7.0,Chennai Super Kings vs Rajasthan Royals
729297,2014,2014-04-23,Dubai International Cricket Stadium,Rajasthan Royals,Chennai Super Kings,Chennai Super Kings,0,1,1,field,0,1,133.0,140.0,-7.0,Rajasthan Royals vs Chennai Super Kings
729299,2014,2014-04-24,Sharjah Cricket Stadium,Kolkata Knight Riders,Royal Challengers Bengaluru,Kolkata Knight Riders,1,0,0,field,1,0,150.0,148.0,2.0,Kolkata Knight Riders vs Royal Challengers Bengaluru
729299,2014,2014-04-24,Sharjah Cricket Stadium,Royal Challengers Bengaluru,Kolkata Knight Riders,Kolkata Knight Riders,0,1,1,field,0,1,148.0,150.0,-2.0,Royal Challengers Bengaluru vs Kolkata Knight Riders
729301,2014,2014-04-25,Dubai International Cricket Stadium,Delhi Capitals,Sunrisers Hyderabad,Sunrisers Hyderabad,0,1,0,bat,0,1,180.0,184.0,-4.0,Delhi Capitals vs Sunrisers Hyderabad
729301,2014,2014-04-25,Dubai International Cricket Stadium,Sunrisers Hyderabad,Delhi Capitals,Sunrisers Hyderabad,1,0,1,bat,1,0,184.0,180.0,4.0,Sunrisers Hyderabad vs Delhi Capitals
729303,2014,2014-04-25,Dubai International Cricket Stadium,Chennai Super Kings,Mumbai Indians,Chennai Super Kings,1,0,0,bat,0,1,142.0,141.0,1.0,Chennai Super Kings vs Mumbai Indians
729303,2014,2014-04-25,Dubai International Cricket Stadium,Mumbai Indians,Chennai Super Kings,Chennai Super Kings,0,1,1,bat,1,0,141.0,142.0,-1.0,Mumbai Indians vs Chennai Super Kings
729305,2014,2014-04-26,Sheikh Zayed Stadium,Rajasthan Royals,Royal Challengers Bengaluru,Rajasthan Royals,1,0,1,field,0,1,71.0,70.0,1.0,Rajasthan Royals vs Royal Challengers Bengaluru
729305,2014,2014-04-26,Sheikh Zayed Stadium,Royal Challengers Bengaluru,Rajasthan Royals,Rajasthan Royals,0,1,0,field,1,0,70.0,71.0,-1.0,Royal Challengers Bengaluru vs Rajasthan Royals
729307,2014,2014-04-26,Sheikh Zayed Stadium,Kolkata Knight Riders,Punjab Kings,Punjab Kings,0,1,1,field,0,1,109.0,132.0,-23.0,Kolkata Knight Riders vs Punjab Kings
729307,2014,2014-04-26,Sheikh Zayed Stadium,Punjab Kings,Kolkata Knight Riders,Punjab Kings,1,0,0,field,1,0,132.0,109.0,23.0,Punjab Kings vs Kolkata Knight Riders
729309,2014,2014-04-27,Sharjah Cricket Stadium,Delhi Capitals,Mumbai Indians,Delhi Capitals,1,0,0,bat,0,1,126.0,125.0,1.0,Delhi Capitals vs Mumbai Indians
729309,2014,2014-04-27,Sharjah Cricket Stadium,Mumbai Indians,Delhi Capitals,Delhi Capitals,0,1,1,bat,1,0,125.0,126.0,-1.0,Mumbai Indians vs Delhi Capitals
729311,2014,2014-04-27,Sharjah Cricket Stadium,Chennai Super Kings,Sunrisers Hyderabad,Chennai Super Kings,1,0,0,bat,0,1,146.0,145.0,1.0,Chennai Super Kings vs Sunrisers Hyderabad
729311,2014,2014-04-27,Sharjah Cricket Stadium,Sunrisers Hyderabad,Chennai Super Kings,Chennai Super Kings,0,1,1,bat,1,0,145.0,146.0,-1.0,Sunrisers Hyderabad vs Chennai Super Kings
729313,2014,2014-04-28,Dubai International Cricket Stadium,Punjab Kings,Royal Challengers Bengaluru,Punjab Kings,1,0,1,field,0,1,127.0,124.0,3.0,Punjab Kings vs Royal Challengers Bengaluru
729313,2014,2014-04-28,Dubai International Cricket Stadium,Royal Challengers Bengaluru,Punjab Kings,Punjab Kings,0,1,0,field,1,0,124.0,127.0,-3.0,Royal Challengers Bengaluru vs Punjab Kings
729315,2014,2014-04-29,Sheikh Zayed Stadium,Kolkata Knight Riders,Rajasthan Royals,Rajasthan Royals,0,1,0,bat,0,1,152.0,152.0,0.0,Kolkata Knight Riders vs Rajasthan Royals
729315,2014,2014-04-29,Sheikh Zayed Stadium,Rajasthan Royals,Kolkata Knight Riders,Rajasthan Royals,1,0,1,bat,1,0,152.0,152.0,0.0,Rajasthan Royals vs Kolkata Knight Riders
729317,2014,2014-04-30,Dubai International Cricket Stadium,Mumbai Indians,Sunrisers Hyderabad,Sunrisers Hyderabad,0,1,1,field,0,1,157.0,172.0,-15.0,Mumbai Indians vs Sunrisers Hyderabad
729317,2014,2014-04-30,Dubai International Cricket Stadium,Sunrisers Hyderabad,Mumbai Indians,Sunrisers Hyderabad,1,0,0,field,1,0,172.0,157.0,15.0,Sunrisers Hyderabad vs Mumbai Indians
733971,2014,2014-05-02,JSCA International Stadium Complex,Chennai Super Kings,Kolkata Knight Riders,Chennai Super Kings,1,0,1,bat,1,0,148.0,114.0,34.0,Chennai Super Kings vs Kolkata Knight Riders
733971,2014,2014-05-02,JSCA International Stadium Complex,Kolkata Knight Riders,Chennai Super Kings,Chennai Super Kings,0,1,0,bat,0,1,114.0,148.0,-34.0,Kolkata Knight Riders vs Chennai Super Kings
733973,2014,2014-05-03,Wankhede Stadium,Mumbai Indians,Punjab Kings,Mumbai Indians,1,0,0,bat,0,1,170.0,168.0,2.0,Mumbai Indians vs Punjab Kings
733973,2014,2014-05-03,Wankhede Stadium,Punjab Kings,Mumbai Indians,Mumbai Indians,0,1,1,bat,1,0,168.0,170.0,-2.0,Punjab Kings vs Mumbai Indians
733975,2014,2014-05-03,Feroz Shah Kotla,Delhi Capitals,Rajasthan Royals,Rajasthan Royals,0,1,0,field,1,0,152.0,156.0,-4.0,Delhi Capitals vs Rajasthan Royals
733975,2014,2014-05-03,Feroz Shah Kotla,Rajasthan Royals,Delhi Capitals,Rajasthan Royals,1,0,1,field,0,1,156.0,152.0,4.0,Rajasthan Royals vs Delhi Capitals
733977,2014,2014-05-04,M Chinnaswamy Stadium,Royal Challengers Bengaluru,Sunrisers Hyderabad,Royal Challengers Bengaluru,1,0,1,field,0,1,158.0,155.0,3.0,Royal Challengers Bengaluru vs Sunrisers Hyderabad
733977,2014,2014-05-04,M Chinnaswamy Stadium,Sunrisers Hyderabad,Royal Challengers Bengaluru,Royal Challengers Bengaluru,0,1,0,field,1,0,155.0,158.0,-3.0,Sunrisers Hyderabad vs Royal Challengers Bengaluru
733979,2014,2014-05-05,"Sardar Patel Stadium, Motera",Kolkata Knight Riders,Rajasthan Royals,Rajasthan Royals,0,1,1,field,0,1,160.0,170.0,-10.0,Kolkata Knight Riders vs Rajasthan Royals
733979,2014,2014-05-05,"Sardar Patel Stadium, Motera",Rajasthan Royals,Kolkata Knight Riders,Rajasthan Royals,1,0,0,field,1,0,170.0,160.0,10.0,Rajasthan Royals vs Kolkata Knight Riders
733981,2014,2014-05-05,Feroz Shah Kotla,Chennai Super Kings,Delhi Capitals,Chennai Super Kings,1,0,1,field,0,1,181.0,178.0,3.0,Chennai Super Kings vs Delhi Capitals
733981,2014,2014-05-05,Feroz Shah Kotla,Delhi Capitals,Chennai Super Kings,Chennai Super Kings,0,1,0,field,1,0,178.0,181.0,-3.0,Delhi Capitals vs Chennai Super Kings
733983,2014,2014-05-06,Wankhede Stadium,Mumbai Indians,Royal Challengers Bengaluru,Mumbai Indians,1,0,0,field,1,0,187.0,168.0,19.0,Mumbai Indians vs Royal Challengers Bengaluru
733983,2014,2014-05-06,Wankhede Stadium,Royal Challengers Bengaluru,Mumbai Indians,Mumbai Indians,0,1,1,field,0,1,168.0,187.0,-19.0,Royal Challengers Bengaluru vs Mumbai Indians
733985,2014,2014-05-07,Feroz Shah Kotla,Delhi Capitals,Kolkata Knight Riders,Kolkata Knight Riders,0,1,1,bat,1,0,160.0,161.0,-1.0,Delhi Capitals vs Kolkata Knight Riders
733985,2014,2014-05-07,Feroz Shah Kotla,Kolkata Knight Riders,Delhi Capitals,Kolkata Knight Riders,1,0,0,bat,0,1,161.0,160.0,1.0,Kolkata Knight Riders vs Delhi Capitals
733987,2014,2014-05-07,Barabati Stadium,Chennai Super Kings,Punjab Kings,Punjab Kings,0,1,1,field,0,1,187.0,231.0,-44.0,Chennai Super Kings vs Punjab Kings
733987,2014,2014-05-07,Barabati Stadium,Punjab Kings,Chennai Super Kings,Punjab Kings,1,0,0,field,1,0,231.0,187.0,44.0,Punjab Kings vs Chennai Super Kings
733989,2014,2014-05-08,"Sardar Patel Stadium, Motera",Rajasthan Royals,Sunrisers Hyderabad,Sunrisers Hyderabad,0,1,1,field,0,1,102.0,134.0,-32.0,Rajasthan Royals vs Sunrisers Hyderabad
733989,2014,2014-05-08,"Sardar Patel Stadium, Motera",Sunrisers Hyderabad,Rajasthan Royals,Sunrisers Hyderabad,1,0,0,field,1,0,134.0,102.0,32.0,Sunrisers Hyderabad vs Rajasthan Royals
733991,2014,2014-05-09,M Chinnaswamy Stadium,Punjab Kings,Royal Challengers Bengaluru,Punjab Kings,1,0,0,field,1,0,198.0,166.0,32.0,Punjab Kings vs Royal Challengers Bengaluru
733991,2014,2014-05-09,M Chinnaswamy Stadium,Royal Challengers Bengaluru,Punjab Kings,Punjab Kings,0,1,1,field,0,1,166.0,198.0,-32.0,Royal Challengers Bengaluru vs Punjab Kings
733993,2014,2014-05-10,Feroz Shah Kotla,Delhi Capitals,Sunrisers Hyderabad,Sunrisers Hyderabad,0,1,0,field,1,0,143.0,44.0,99.0,Delhi Capitals vs Sunrisers Hyderabad
733993,2014,2014-05-10,Feroz Shah Kotla,Sunrisers Hyderabad,Delhi Capitals,Sunrisers Hyderabad,1,0,1,field,0,1,44.0,143.0,-99.0,Sunrisers Hyderabad vs Delhi Capitals
733995,2014,2014-05-10,Wankhede Stadium,Chennai Super Kings,Mumbai Indians,Chennai Super Kings,1,0,1,field,0,1,160.0,157.0,3.0,Chennai Super Kings vs Mumbai Indians
733995,2014,2014-05-10,Wankhede Stadium,Mumbai Indians,Chennai Super Kings,Chennai Super Kings,0,1,0,field,1,0,157.0,160.0,-3.0,Mumbai Indians vs Chennai Super Kings
733997,2014,2014-05-11,Barabati Stadium,Kolkata Knight Riders,Punjab Kings,Kolkata Knight Riders,1,0,1,field,0,1,150.0,149.0,1.0,Kolkata Knight Riders vs Punjab Kings
733997,2014,2014-05-11,Barabati Stadium,Punjab Kings,Kolkata Knight Riders,Kolkata Knight Riders,0,1,0,field,1,0,149.0,150.0,-1.0,Punjab Kings vs Kolkata Knight Riders
733999,2014,2014-05-11,M Chinnaswamy Stadium,Rajasthan Royals,Royal Challengers Bengaluru,Rajasthan Royals,1,0,0,bat,0,1,191.0,190.0,1.0,Rajasthan Royals vs Royal Challengers Bengaluru
733999,2014,2014-05-11,M Chinnaswamy Stadium,Royal Challengers Bengaluru,Rajasthan Royals,Rajasthan Royals,0,1,1,bat,1,0,190.0,191.0,-1.0,Royal Challengers Bengaluru vs Rajasthan Royals
734001,2014,2014-05-12,"Rajiv Gandhi International Stadium, Uppal",Mumbai Indians,Sunrisers Hyderabad,Mumbai Indians,1,0,0,bat,0,1,160.0,157.0,3.0,Mumbai Indians vs Sunrisers Hyderabad
734001,2014,2014-05-12,"Rajiv Gandhi International Stadium, Uppal",Sunrisers Hyderabad,Mumbai Indians,Mumbai Indians,0,1,1,bat,1,0,157.0,160.0,-3.0,Sunrisers Hyderabad vs Mumbai Indians
734003,2014,2014-05-13,JSCA International Stadium Complex,Chennai Super Kings,Rajasthan Royals,Chennai Super Kings,1,0,0,bat,0,1,149.0,148.0,1.0,Chennai Super Kings vs Rajasthan Royals
734003,2014,2014-05-13,JSCA International Stadium Complex,Rajasthan Royals,Chennai Super Kings,Chennai Super Kings,0,1,1,bat,1,0,148.0,149.0,-1.0,Rajasthan Royals vs Chennai Super Kings
734005,2014,2014-05-13,M Chinnaswamy Stadium,Delhi Capitals,Royal Challengers Bengaluru,Royal Challengers Bengaluru,0,1,1,field,0,1,170.0,186.0,-16.0,Delhi Capitals vs Royal Challengers Bengaluru
734005,2014,2014-05-13,M Chinnaswamy Stadium,Royal Challengers Bengaluru,Delhi Capitals,Royal Challengers Bengaluru,1,0,0,field,1,0,186.0,170.0,16.0,Royal Challengers Bengaluru vs Delhi Capitals
734007,2014,2014-05-14,"Rajiv Gandhi International Stadium, Uppal",Punjab Kings,Sunrisers Hyderabad,Punjab Kings,1,0,1,field,0,1,211.0,205.0,6.0,Punjab Kings vs Sunrisers Hyderabad
734007,2014,2014-05-14,"Rajiv Gandhi International Stadium, Uppal",Sunrisers Hyderabad,Punjab Kings,Punjab Kings,0,1,0,field,1,0,205.0,211.0,-6.0,Sunrisers Hyderabad vs Punjab Kings
734009,2014,2014-05-14,Barabati Stadium,Kolkata Knight Riders,Mumbai Indians,Kolkata Knight Riders,1,0,1,field,0,1,142.0,141.0,1.0,Kolkata Knight Riders vs Mumbai Indians
734009,2014,2014-05-14,Barabati Stadium,Mumbai Indians,Kolkata Knight Riders,Kolkata Knight Riders,0,1,0,field,1,0,141.0,142.0,-1.0,Mumbai Indians vs Kolkata Knight Riders
734011,2014,2014-05-15,"Sardar Patel Stadium, Motera",Delhi Capitals,Rajasthan Royals,Rajasthan Royals,0,1,1,field,0,1,139.0,201.0,-62.0,Delhi Capitals vs Rajasthan Royals
734011,2014,2014-05-15,"Sardar Patel Stadium, Motera",Rajasthan Royals,Delhi Capitals,Rajasthan Royals,1,0,0,field,1,0,201.0,139.0,62.0,Rajasthan Royals vs Delhi Capitals
734013,2014,2014-05-18,JSCA International Stadium Complex,Chennai Super Kings,Royal Challengers Bengaluru,Royal Challengers Bengaluru,0,1,1,bat,1,0,138.0,142.0,-4.0,Chennai Super Kings vs Royal Challengers Bengaluru
734013,2014,2014-05-18,JSCA International Stadium Complex,Royal Challengers Bengaluru,Chennai Super Kings,Royal Challengers Bengaluru,1,0,0,bat,0,1,142.0,138.0,4.0,Royal Challengers Bengaluru vs Chennai Super Kings
734015,2014,2014-05-18,"Rajiv Gandhi International Stadium, Uppal",Kolkata Knight Riders,Sunrisers Hyderabad,Kolkata Knight Riders,1,0,0,bat,0,1,146.0,142.0,4.0,Kolkata Knight Riders vs Sunrisers Hyderabad
734015,2014,2014-05-18,"Rajiv Gandhi International Stadium, Uppal",Sunrisers Hyderabad,Kolkata Knight Riders,Kolkata Knight Riders,0,1,1,bat,1,0,142.0,146.0,-4.0,Sunrisers Hyderabad vs Kolkata Knight Riders
734017,2014,2014-05-19,"Sardar Patel Stadium, Motera",Mumbai Indians,Rajasthan Royals,Mumbai Indians,1,0,1,bat,1,0,178.0,153.0,25.0,Mumbai Indians vs Rajasthan Royals
734017,2014,2014-05-19,"Sardar Patel Stadium, Motera",Rajasthan Royals,Mumbai Indians,Mumbai Indians,0,1,0,bat,0,1,153.0,178.0,-25.0,Rajasthan Royals vs Mumbai Indians
734019,2014,2014-05-19,Feroz Shah Kotla,Delhi Capitals,Punjab Kings,Punjab Kings,0,1,0,field,1,0,164.0,165.0,-1.0,Delhi Capitals vs Punjab Kings
734019,2014,2014-05-19,Feroz Shah Kotla,Punjab Kings,Delhi Capitals,Punjab Kings,1,0,1,field,0,1,165.0,164.0,1.0,Punjab Kings vs Delhi Capitals
734021,2014,2014-05-20,"Rajiv Gandhi International Stadium, Uppal",Royal Challengers Bengaluru,Sunrisers Hyderabad,Sunrisers Hyderabad,0,1,1,bat,1,0,160.0,161.0,-1.0,Royal Challengers Bengaluru vs Sunrisers Hyderabad
734021,2014,2014-05-20,"Rajiv Gandhi International Stadium, Uppal",Sunrisers Hyderabad,Royal Challengers Bengaluru,Sunrisers Hyderabad,1,0,0,bat,0,1,161.0,160.0,1.0,Sunrisers Hyderabad vs Royal Challengers Bengaluru
734023,2014,2014-05-20,Eden Gardens,Chennai Super Kings,Kolkata Knight Riders,Kolkata Knight Riders,0,1,0,field,1,0,154.0,156.0,-2.0,Chennai Super Kings vs Kolkata Knight Riders
734023,2014,2014-05-20,Eden Gardens,Kolkata Knight Riders,Chennai Super Kings,Kolkata Knight Riders,1,0,1,field,0,1,156.0,154.0,2.0,Kolkata Knight Riders vs Chennai Super Kings
734025,2014,2014-05-21,"Punjab Cricket Association Stadium, Mohali",Mumbai Indians,Punjab Kings,Mumbai Indians,1,0,1,field,0,1,159.0,156.0,3.0,Mumbai Indians vs Punjab Kings
734025,2014,2014-05-21,"Punjab Cricket Association Stadium, Mohali",Punjab Kings,Mumbai Indians,Mumbai Indians,0,1,0,field,1,0,156.0,159.0,-3.0,Punjab Kings vs Mumbai Indians
734027,2014,2014-05-22,Eden Gardens,Kolkata Knight Riders,Royal Challengers Bengaluru,Kolkata Knight Riders,1,0,0,field,1,0,195.0,165.0,30.0,Kolkata Knight Riders vs Royal Challengers Bengaluru
734027,2014,2014-05-22,Eden Gardens,Royal Challengers Bengaluru,Kolkata Knight Riders,Kolkata Knight Riders,0,1,1,field,0,1,165.0,195.0,-30.0,Royal Challengers Bengaluru vs Kolkata Knight Riders
734029,2014,2014-05-22,JSCA International Stadium Complex,Chennai Super Kings,Sunrisers Hyderabad,Sunrisers Hyderabad,0,1,0,field,1,0,185.0,189.0,-4.0,Chennai Super Kings vs Sunrisers Hyderabad
734029,2014,2014-05-22,JSCA International Stadium Complex,Sunrisers Hyderabad,Chennai Super Kings,Sunrisers Hyderabad,1,0,1,field,0,1,189.0,185.0,4.0,Sunrisers Hyderabad vs Chennai Super Kings
734031,2014,2014-05-23,Wankhede Stadium,Delhi Capitals,Mumbai Indians,Mumbai Indians,0,1,1,field,0,1,158.0,173.0,-15.0,Delhi Capitals vs Mumbai Indians
734031,2014,2014-05-23,Wankhede Stadium,Mumbai Indians,Delhi Capitals,Mumbai Indians,1,0,0,field,1,0,173.0,158.0,15.0,Mumbai Indians vs Delhi Capitals
734033,2014,2014-05-23,"Punjab Cricket Association Stadium, Mohali",Punjab Kings,Rajasthan Royals,Punjab Kings,1,0,0,field,1,0,179.0,163.0,16.0,Punjab Kings vs Rajasthan Royals
734033,2014,2014-05-23,"Punjab Cricket Association Stadium, Mohali",Rajasthan Royals,Punjab Kings,Punjab Kings,0,1,1,field,0,1,163.0,179.0,-16.0,Rajasthan Royals vs Punjab Kings
734035,2014,2014-05-24,M Chinnaswamy Stadium,Chennai Super Kings,Royal Challengers Bengaluru,Chennai Super Kings,1,0,1,field,0,1,160.0,154.0,6.0,Chennai Super Kings vs Royal Challengers Bengaluru
734035,2014,2014-05-24,M Chinnaswamy Stadium,Royal Challengers Bengaluru,Chennai Super Kings,Chennai Super Kings,0,1,0,field,1,0,154.0,160.0,-6.0,Royal Challengers Bengaluru vs Chennai Super Kings
734037,2014,2014-05-24,Eden Gardens,Kolkata Knight Riders,Sunrisers Hyderabad,Kolkata Knight Riders,1,0,1,field,0,1,161.0,160.0,1.0,Kolkata Knight Riders vs Sunrisers Hyderabad
734037,2014,2014-05-24,Eden Gardens,Sunrisers Hyderabad,Kolkata Knight Riders,Kolkata Knight Riders,0,1,0,field,1,0,160.0,161.0,-1.0,Sunrisers Hyderabad vs Kolkata Knight Riders
734039,2014,2014-05-25,"Punjab Cricket Association Stadium, Mohali",Delhi Capitals,Punjab Kings,Punjab Kings,0,1,0,field,1,0,115.0,119.0,-4.0,Delhi Capitals vs Punjab Kings
734039,2014,2014-05-25,"Punjab Cricket Association Stadium, Mohali",Punjab Kings,Delhi Capitals,Punjab Kings,1,0,1,field,0,1,119.0,115.0,4.0,Punjab Kings vs Delhi Capitals
734041,2014,2014-05-25,Wankhede Stadium,Mumbai Indians,Rajasthan Royals,Mumbai Indians,1,0,1,field,0,1,195.0,189.0,6.0,Mumbai Indians vs Rajasthan Royals
734041,2014,2014-05-25,Wankhede Stadium,Rajasthan Royals,Mumbai Indians,Mumbai Indians,0,1,0,field,1,0,189.0,195.0,-6.0,Rajasthan Royals vs Mumbai Indians
734043,2014,2014-05-27,Eden Gardens,Kolkata Knight Riders,Punjab Kings,Kolkata Knight Riders,1,0,0,field,1,0,163.0,135.0,28.0,Kolkata Knight Riders vs Punjab Kings
734043,2014,2014-05-27,Eden Gardens,Punjab Kings,Kolkata Knight Riders,Kolkata Knight Riders,0,1,1,field,0,1,135.0,163.0,-28.0,Punjab Kings vs Kolkata Knight Riders
734045,2014,2014-05-28,Brabourne Stadium,Chennai Super Kings,Mumbai Indians,Chennai Super Kings,1,0,1,field,0,1,176.0,173.0,3.0,Chennai Super Kings vs Mumbai Indians
734045,2014,2014-05-28,Brabourne Stadium,Mumbai Indians,Chennai Super Kings,Chennai Super Kings,0,1,0,field,1,0,173.0,176.0,-3.0,Mumbai Indians vs Chennai Super Kings
734047,2014,2014-05-30,Wankhede Stadium,Chennai Super Kings,Punjab Kings,Punjab Kings,0,1,1,field,0,1,202.0,226.0,-24.0,Chennai Super Kings vs Punjab Kings
734047,2014,2014-05-30,Wankhede Stadium,Punjab Kings,Chennai Super Kings,Punjab Kings,1,0,0,field,1,0,226.0,202.0,24.0,Punjab Kings vs Chennai Super Kings
734049,2014,2014-06-01,M Chinnaswamy Stadium,Kolkata Knight Riders,Punjab Kings,Kolkata Knight Riders,1,0,1,field,0,1,200.0,199.0,1.0,Kolkata Knight Riders vs Punjab Kings
734049,2014,2014-06-01,M Chinnaswamy Stadium,Punjab Kings,Kolkata Knight Riders,Kolkata Knight Riders,0,1,0,field,1,0,199.0,200.0,-1.0,Punjab Kings vs Kolkata Knight Riders
829705,2015,2015-04-08,Eden Gardens,Kolkata Knight Riders,Mumbai Indians,Kolkata Knight Riders,1,0,1,field,0,1,170.0,168.0,2.0,Kolkata Knight Riders vs Mumbai Indians
829705,2015,2015-04-08,Eden Gardens,Mumbai Indians,Kolkata Knight Riders,Kolkata Knight Riders,0,1,0,field,1,0,168.0,170.0,-2.0,Mumbai Indians vs Kolkata Knight Riders
829707,2015,2015-04-09,"MA Chidambaram Stadium, Chepauk",Chennai Super Kings,Delhi Capitals,Chennai Super Kings,1,0,0,field,1,0,150.0,149.0,1.0,Chennai Super Kings vs Delhi Capitals
829707,2015,2015-04-09,"MA Chidambaram Stadium, Chepauk",Delhi Capitals,Chennai Super Kings,Chennai Super Kings,0,1,1,field,0,1,149.0,150.0,-1.0,Delhi Capitals vs Chennai Super Kings
829709,2015,2015-04-10,Maharashtra Cricket Association Stadium,Punjab Kings,Rajasthan Royals,Rajasthan Royals,0,1,1,field,0,1,136.0,162.0,-26.0,Punjab Kings vs Rajasthan Royals
829709,2015,2015-04-10,Maharashtra Cricket Association Stadium,Rajasthan Royals,Punjab Kings,Rajasthan Royals,1,0,0,field,1,0,162.0,136.0,26.0,Rajasthan Royals vs Punjab Kings
829711,2015,2015-04-11,"MA Chidambaram Stadium, Chepauk",Chennai Super Kings,Sunrisers Hyderabad,Chennai Super Kings,1,0,1,bat,1,0,209.0,164.0,45.0,Chennai Super Kings vs Sunrisers Hyderabad
829711,2015,2015-04-11,"MA Chidambaram Stadium, Chepauk",Sunrisers Hyderabad,Chennai Super Kings,Chennai Super Kings,0,1,0,bat,0,1,164.0,209.0,-45.0,Sunrisers Hyderabad vs Chennai Super Kings
829713,2015,2015-04-11,Eden Gardens,Kolkata Knight Riders,Royal Challengers Bengaluru,Royal Challengers Bengaluru,0,1,0,field,1,0,177.0,179.0,-2.0,Kolkata Knight Riders vs Royal Challengers Bengaluru
829713,2015,2015-04-11,Eden Gardens,Royal Challengers Bengaluru,Kolkata Knight Riders,Royal Challengers Bengaluru,1,0,1,field,0,1,179.0,177.0,2.0,Royal Challengers Bengaluru vs Kolkata Knight Riders
829715,2015,2015-04-12,Feroz Shah Kotla,Delhi Capitals,Rajasthan Royals,Rajasthan Royals,0,1,0,field,1,0,184.0,186.0,-2.0,Delhi Capitals vs Rajasthan Royals
829715,2015,2015-04-12,Feroz Shah Kotla,Rajasthan Royals,Delhi Capitals,Rajasthan Royals,1,0,1,field,0,1,186.0,184.0,2.0,Rajasthan Royals vs Delhi Capitals
829717,2015,2015-04-12,Wankhede Stadium,Mumbai Indians,Punjab Kings,Punjab Kings,0,1,1,field,0,1,159.0,177.0,-18.0,Mumbai Indians vs Punjab Kings
829717,2015,2015-04-12,Wankhede Stadium,Punjab Kings,Mumbai Indians,Punjab Kings,1,0,0,field,1,0,177.0,159.0,18.0,Punjab Kings vs Mumbai Indians
829719,2015,2015-04-13,M Chinnaswamy Stadium,Royal Challengers Bengaluru,Sunrisers Hyderabad,Sunrisers Hyderabad,0,1,0,field,1,0,166.0,172.0,-6.0,Royal Challengers Bengaluru vs Sunrisers Hyderabad
829719,2015,2015-04-13,M Chinnaswamy Stadium,Sunrisers Hyderabad,Royal Challengers Bengaluru,Sunrisers Hyderabad,1,0,1,field,0,1,172.0,166.0,6.0,Sunrisers Hyderabad vs Royal Challengers Bengaluru
829721,2015,2015-04-14,"Sardar Patel Stadium, Motera",Mumbai Indians,Rajasthan Royals,Rajasthan Royals,0,1,1,bat,1,0,164.0,165.0,-1.0,Mumbai Indians vs Rajasthan Royals
829721,2015,2015-04-14,"Sardar Patel Stadium, Motera",Rajasthan Royals,Mumbai Indians,Rajasthan Royals,1,0,0,bat,0,1,165.0,164.0,1.0,Rajasthan Royals vs Mumbai Indians
829725,2015,2015-04-15,Maharashtra Cricket Association Stadium,Delhi Capitals,Punjab Kings,Delhi Capitals,1,0,0,bat,0,1,169.0,165.0,4.0,Delhi Capitals vs Punjab Kings
829725,2015,2015-04-15,Maharashtra Cricket Association Stadium,Punjab Kings,Delhi Capitals,Delhi Capitals,0,1,1,bat,1,0,165.0,169.0,-4.0,Punjab Kings vs Delhi Capitals
829727,2015,2015-04-16,Dr. Y.S. Rajasekhara Reddy ACA-VDCA Cricket Stadium,Rajasthan Royals,Sunrisers Hyderabad,Rajasthan Royals,1,0,1,field,0,1,131.0,127.0,4.0,Rajasthan Royals vs Sunrisers Hyderabad
829727,2015,2015-04-16,Dr. Y.S. Rajasekhara Reddy ACA-VDCA Cricket Stadium,Sunrisers Hyderabad,Rajasthan Royals,Rajasthan Royals,0,1,0,field,1,0,127.0,131.0,-4.0,Sunrisers Hyderabad vs Rajasthan Royals
829729,2015,2015-04-17,Wankhede Stadium,Chennai Super Kings,Mumbai Indians,Chennai Super Kings,1,0,0,bat,0,1,189.0,183.0,6.0,Chennai Super Kings vs Mumbai Indians
829729,2015,2015-04-17,Wankhede Stadium,Mumbai Indians,Chennai Super Kings,Chennai Super Kings,0,1,1,bat,1,0,183.0,189.0,-6.0,Mumbai Indians vs Chennai Super Kings
829731,2015,2015-04-18,Dr. Y.S. Rajasekhara Reddy ACA-VDCA Cricket Stadium,Delhi Capitals,Sunrisers Hyderabad,Delhi Capitals,1,0,1,bat,1,0,167.0,163.0,4.0,Delhi Capitals vs Sunrisers Hyderabad
829731,2015,2015-04-18,Dr. Y.S. Rajasekhara Reddy ACA-VDCA Cricket Stadium,Sunrisers Hyderabad,Delhi Capitals,Delhi Capitals,0,1,0,bat,0,1,163.0,167.0,-4.0,Sunrisers Hyderabad vs Delhi Capitals
829733,2015,2015-04-18,Maharashtra Cricket Association Stadium,Kolkata Knight Riders,Punjab Kings,Kolkata Knight Riders,1,0,1,field,0,1,159.0,155.0,4.0,Kolkata Knight Riders vs Punjab Kings
829733,2015,2015-04-18,Maharashtra Cricket Association Stadium,Punjab Kings,Kolkata Knight Riders,Kolkata Knight Riders,0,1,0,field,1,0,155.0,159.0,-4.0,Punjab Kings vs Kolkata Knight Riders
829735,2015,2015-04-19,"Sardar Patel Stadium, Motera",Chennai Super Kings,Rajasthan Royals,Rajasthan Royals,0,1,1,bat,1,0,156.0,157.0,-1.0,Chennai Super Kings vs Rajasthan Royals
829735,2015,2015-04-19,"Sardar Patel Stadium, Motera",Rajasthan Royals,Chennai Super Kings,Rajasthan Royals,1,0,0,bat,0,1,157.0,156.0,1.0,Rajasthan Royals vs Chennai Super Kings
829737,2015,2015-04-19,M Chinnaswamy Stadium,Mumbai Indians,Royal Challengers Bengaluru,Mumbai Indians,1,0,0,field,1,0,209.0,191.0,18.0,Mumbai Indians vs Royal Challengers Bengaluru
829737,2015,2015-04-19,M Chinnaswamy Stadium,Royal Challengers Bengaluru,Mumbai Indians,Mumbai Indians,0,1,1,field,0,1,191.0,209.0,-18.0,Royal Challengers Bengaluru vs Mumbai Indians
829739,2015,2015-04-20,Feroz Shah Kotla,Delhi Capitals,Kolkata Knight Riders,Kolkata Knight Riders,0,1,0,field,1,0,146.0,147.0,-1.0,Delhi Capitals vs Kolkata Knight Riders
829739,2015,2015-04-20,Feroz Shah Kotla,Kolkata Knight Riders,Delhi Capitals,Kolkata Knight Riders,1,0,1,field,0,1,147.0,146.0,1.0,Kolkata Knight Riders vs Delhi Capitals
829741,2015,2015-04-21,"Sardar Patel Stadium, Motera",Punjab Kings,Rajasthan Royals,Punjab Kings,1,0,1,field,0,1,191.0,191.0,0.0,Punjab Kings vs Rajasthan Royals
829741,2015,2015-04-21,"Sardar Patel Stadium, Motera",Rajasthan Royals,Punjab Kings,Punjab Kings,0,1,0,field,1,0,191.0,191.0,0.0,Rajasthan Royals vs Punjab Kings
829743,2015,2015-04-22,Dr. Y.S. Rajasekhara Reddy ACA-VDCA Cricket Stadium,Kolkata Knight Riders,Sunrisers Hyderabad,Sunrisers Hyderabad,0,1,1,field,0,1,101.0,176.0,-75.0,Kolkata Knight Riders vs Sunrisers Hyderabad
829743,2015,2015-04-22,Dr. Y.S. Rajasekhara Reddy ACA-VDCA Cricket Stadium,Sunrisers Hyderabad,Kolkata Knight Riders,Sunrisers Hyderabad,1,0,0,field,1,0,176.0,101.0,75.0,Sunrisers Hyderabad vs Kolkata Knight Riders
829745,2015,2015-04-22,M Chinnaswamy Stadium,Chennai Super Kings,Royal Challengers Bengaluru,Chennai Super Kings,1,0,0,field,1,0,181.0,154.0,27.0,Chennai Super Kings vs Royal Challengers Bengaluru
829745,2015,2015-04-22,M Chinnaswamy Stadium,Royal Challengers Bengaluru,Chennai Super Kings,Chennai Super Kings,0,1,1,field,0,1,154.0,181.0,-27.0,Royal Challengers Bengaluru vs Chennai Super Kings
829747,2015,2015-04-23,Feroz Shah Kotla,Delhi Capitals,Mumbai Indians,Delhi Capitals,1,0,0,field,1,0,190.0,153.0,37.0,Delhi Capitals vs Mumbai Indians
829747,2015,2015-04-23,Feroz Shah Kotla,Mumbai Indians,Delhi Capitals,Delhi Capitals,0,1,1,field,0,1,153.0,190.0,-37.0,Mumbai Indians vs Delhi Capitals
829749,2015,2015-04-24,"Sardar Patel Stadium, Motera",Rajasthan Royals,Royal Challengers Bengaluru,Royal Challengers Bengaluru,0,1,0,field,1,0,130.0,134.0,-4.0,Rajasthan Royals vs Royal Challengers Bengaluru
829749,2015,2015-04-24,"Sardar Patel Stadium, Motera",Royal Challengers Bengaluru,Rajasthan Royals,Royal Challengers Bengaluru,1,0,1,field,0,1,134.0,130.0,4.0,Royal Challengers Bengaluru vs Rajasthan Royals
829751,2015,2015-04-25,Wankhede Stadium,Mumbai Indians,Sunrisers Hyderabad,Mumbai Indians,1,0,1,bat,1,0,157.0,137.0,20.0,Mumbai Indians vs Sunrisers Hyderabad
829751,2015,2015-04-25,Wankhede Stadium,Sunrisers Hyderabad,Mumbai Indians,Mumbai Indians,0,1,0,bat,0,1,137.0,157.0,-20.0,Sunrisers Hyderabad vs Mumbai Indians
829753,2015,2015-04-25,"MA Chidambaram Stadium, Chepauk",Chennai Super Kings,Punjab Kings,Chennai Super Kings,1,0,1,bat,1,0,192.0,95.0,97.0,Chennai Super Kings vs Punjab Kings
829753,2015,2015-04-25,"MA Chidambaram Stadium, Chepauk",Punjab Kings,Chennai Super Kings,Chennai Super Kings,0,1,0,bat,0,1,95.0,192.0,-97.0,Punjab Kings vs Chennai Super Kings
829757,2015,2015-04-26,Feroz Shah Kotla,Delhi Capitals,Royal Challengers Bengaluru,Royal Challengers Bengaluru,0,1,0,field,1,0,95.0,99.0,-4.0,Delhi Capitals vs Royal Challengers Bengaluru
829757,2015,2015-04-26,Feroz Shah Kotla,Royal Challengers Bengaluru,Delhi Capitals,Royal Challengers Bengaluru,1,0,1,field,0,1,99.0,95.0,4.0,Royal Challengers Bengaluru vs Delhi Capitals
829759,2015,2015-04-27,"Punjab Cricket Association Stadium, Mohali",Punjab Kings,Sunrisers Hyderabad,Sunrisers Hyderabad,0,1,1,field,0,1,130.0,150.0,-20.0,Punjab Kings vs Sunrisers Hyderabad
829759,2015,2015-04-27,"Punjab Cricket Association Stadium, Mohali",Sunrisers Hyderabad,Punjab Kings,Sunrisers Hyderabad,1,0,0,field,1,0,150.0,130.0,20.0,Sunrisers Hyderabad vs Punjab Kings
829765,2015,2015-04-28,"MA Chidambaram Stadium, Chepauk",Chennai Super Kings,Kolkata Knight Riders,Chennai Super Kings,1,0,0,field,1,0,134.0,132.0,2.0,Chennai Super Kings vs Kolkata Knight Riders
829765,2015,2015-04-28,"MA Chidambaram Stadium, Chepauk",Kolkata Knight Riders,Chennai Super Kings,Chennai Super Kings,0,1,1,field,0,1,132.0,134.0,-2.0,Kolkata Knight Riders vs Chennai Super Kings
829763,2015,2015-04-29,M Chinnaswamy Stadium,Rajasthan Royals,Royal Challengers Bengaluru,,0,0,1,field,0,0,,200.0,,Rajasthan Royals vs Royal Challengers Bengaluru
829763,2015,2015-04-29,M Chinnaswamy Stadium,Royal Challengers Bengaluru,Rajasthan Royals,,0,0,0,field,1,0,200.0,,,Royal Challengers Bengaluru vs Rajasthan Royals
829723,2015,2015-04-30,Eden Gardens,Chennai Super Kings,Kolkata Knight Riders,Kolkata Knight Riders,0,1,0,field,1,0,165.0,169.0,-4.0,Chennai Super Kings vs Kolkata Knight Riders
829723,2015,2015-04-30,Eden Gardens,Kolkata Knight Riders,Chennai Super Kings,Kolkata Knight Riders,1,0,1,field,0,1,169.0,165.0,4.0,Kolkata Knight Riders vs Chennai Super Kings
829767,2015,2015-05-01,Feroz Shah Kotla,Delhi Capitals,Punjab Kings,Delhi Capitals,1,0,1,field,0,1,119.0,118.0,1.0,Delhi Capitals vs Punjab Kings
829767,2015,2015-05-01,Feroz Shah Kotla,Punjab Kings,Delhi Capitals,Delhi Capitals,0,1,0,field,1,0,118.0,119.0,-1.0,Punjab Kings vs Delhi Capitals
829769,2015,2015-05-01,Wankhede Stadium,Mumbai Indians,Rajasthan Royals,Mumbai Indians,1,0,0,field,1,0,187.0,179.0,8.0,Mumbai Indians vs Rajasthan Royals
829769,2015,2015-05-01,Wankhede Stadium,Rajasthan Royals,Mumbai Indians,Mumbai Indians,0,1,1,field,0,1,179.0,187.0,-8.0,Rajasthan Royals vs Mumbai Indians
829771,2015,2015-05-02,M Chinnaswamy Stadium,Kolkata Knight Riders,Royal Challengers Bengaluru,Royal Challengers Bengaluru,0,1,0,field,1,0,111.0,115.0,-4.0,Kolkata Knight Riders vs Royal Challengers Bengaluru
829771,2015,2015-05-02,M Chinnaswamy Stadium,Royal Challengers Bengaluru,Kolkata Knight Riders,Royal Challengers Bengaluru,1,0,1,field,0,1,115.0,111.0,4.0,Royal Challengers Bengaluru vs Kolkata Knight Riders
829773,2015,2015-05-02,"Rajiv Gandhi International Stadium, Uppal",Chennai Super Kings,Sunrisers Hyderabad,Sunrisers Hyderabad,0,1,1,field,0,1,170.0,192.0,-22.0,Chennai Super Kings vs Sunrisers Hyderabad
829773,2015,2015-05-02,"Rajiv Gandhi International Stadium, Uppal",Sunrisers Hyderabad,Chennai Super Kings,Sunrisers Hyderabad,1,0,0,field,1,0,192.0,170.0,22.0,Sunrisers Hyderabad vs Chennai Super Kings
829775,2015,2015-05-03,"Punjab Cricket Association Stadium, Mohali",Mumbai Indians,Punjab Kings,Mumbai Indians,1,0,1,bat,1,0,172.0,149.0,23.0,Mumbai Indians vs Punjab Kings
829775,2015,2015-05-03,"Punjab Cricket Association Stadium, Mohali",Punjab Kings,Mumbai Indians,Mumbai Indians,0,1,0,bat,0,1,149.0,172.0,-23.0,Punjab Kings vs Mumbai Indians
829777,2015,2015-05-03,Brabourne Stadium,Delhi Capitals,Rajasthan Royals,Rajasthan Royals,0,1,1,field,0,1,175.0,189.0,-14.0,Delhi Capitals vs Rajasthan Royals
829777,2015,2015-05-03,Brabourne Stadium,Rajasthan Royals,Delhi Capitals,Rajasthan Royals,1,0,0,field,1,0,189.0,175.0,14.0,Rajasthan Royals vs Delhi Capitals
829779,2015,2015-05-04,"MA Chidambaram Stadium, Chepauk",Chennai Super Kings,Royal Challengers Bengaluru,Chennai Super Kings,1,0,1,bat,1,0,148.0,124.0,24.0,Chennai Super Kings vs Royal Challengers Bengaluru
829779,2015,2015-05-04,"MA Chidambaram Stadium, Chepauk",Royal Challengers Bengaluru,Chennai Super Kings,Chennai Super Kings,0,1,0,bat,0,1,124.0,148.0,-24.0,Royal Challengers Bengaluru vs Chennai Super Kings
829781,2015,2015-05-04,Eden Gardens,Kolkata Knight Riders,Sunrisers Hyderabad,Kolkata Knight Riders,1,0,0,field,1,0,167.0,132.0,35.0,Kolkata Knight Riders vs Sunrisers Hyderabad
829781,2015,2015-05-04,Eden Gardens,Sunrisers Hyderabad,Kolkata Knight Riders,Kolkata Knight Riders,0,1,1,field,0,1,132.0,167.0,-35.0,Sunrisers Hyderabad vs Kolkata Knight Riders
829783,2015,2015-05-05,Wankhede Stadium,Delhi Capitals,Mumbai Indians,Mumbai Indians,0,1,1,bat,1,0,152.0,153.0,-1.0,Delhi Capitals vs Mumbai Indians
829783,2015,2015-05-05,Wankhede Stadium,Mumbai Indians,Delhi Capitals,Mumbai Indians,1,0,0,bat,0,1,153.0,152.0,1.0,Mumbai Indians vs Delhi Capitals
829785,2015,2015-05-06,M Chinnaswamy Stadium,Punjab Kings,Royal Challengers Bengaluru,Royal Challengers Bengaluru,0,1,1,field,0,1,88.0,226.0,-138.0,Punjab Kings vs Royal Challengers Bengaluru
829785,2015,2015-05-06,M Chinnaswamy Stadium,Royal Challengers Bengaluru,Punjab Kings,Royal Challengers Bengaluru,1,0,0,field,1,0,226.0,88.0,138.0,Royal Challengers Bengaluru vs Punjab Kings
829761,2015,2015-05-07,Eden Gardens,Delhi Capitals,Kolkata Knight Riders,Kolkata Knight Riders,0,1,0,bat,0,1,158.0,171.0,-13.0,Delhi Capitals vs Kolkata Knight Riders
829761,2015,2015-05-07,Eden Gardens,Kolkata Knight Riders,Delhi Capitals,Kolkata Knight Riders,1,0,1,bat,1,0,171.0,158.0,13.0,Kolkata Knight Riders vs Delhi Capitals
829787,2015,2015-05-07,Brabourne Stadium,Rajasthan Royals,Sunrisers Hyderabad,Sunrisers Hyderabad,0,1,1,field,0,1,194.0,201.0,-7.0,Rajasthan Royals vs Sunrisers Hyderabad
829787,2015,2015-05-07,Brabourne Stadium,Sunrisers Hyderabad,Rajasthan Royals,Sunrisers Hyderabad,1,0,0,field,1,0,201.0,194.0,7.0,Sunrisers Hyderabad vs Rajasthan Royals
829789,2015,2015-05-08,"MA Chidambaram Stadium, Chepauk",Chennai Super Kings,Mumbai Indians,Mumbai Indians,0,1,1,bat,1,0,158.0,159.0,-1.0,Chennai Super Kings vs Mumbai Indians
829789,2015,2015-05-08,"MA Chidambaram Stadium, Chepauk",Mumbai Indians,Chennai Super Kings,Mumbai Indians,1,0,0,bat,0,1,159.0,158.0,1.0,Mumbai Indians vs Chennai Super Kings
829791,2015,2015-05-09,Eden Gardens,Kolkata Knight Riders,Punjab Kings,Kolkata Knight Riders,1,0,0,bat,0,1,184.0,183.0,1.0,Kolkata Knight Riders vs Punjab Kings
829791,2015,2015-05-09,Eden Gardens,Punjab Kings,Kolkata Knight Riders,Kolkata Knight Riders,0,1,1,bat,1,0,183.0,184.0,-1.0,Punjab Kings vs Kolkata Knight Riders
829793,2015,2015-05-09,Shaheed Veer Narayan Singh International Stadium,Delhi Capitals,Sunrisers Hyderabad,Sunrisers Hyderabad,0,1,0,bat,0,1,157.0,163.0,-6.0,Delhi Capitals vs Sunrisers Hyderabad
829793,2015,2015-05-09,Shaheed Veer Narayan Singh International Stadium,Sunrisers Hyderabad,Delhi Capitals,Sunrisers Hyderabad,1,0,1,bat,1,0,163.0,157.0,6.0,Sunrisers Hyderabad vs Delhi Capitals
829795,2015,2015-05-10,Wankhede Stadium,Mumbai Indians,Royal Challengers Bengaluru,Royal Challengers Bengaluru,0,1,0,bat,0,1,196.0,235.0,-39.0,Mumbai Indians vs Royal Challengers Bengaluru
829795,2015,2015-05-10,Wankhede Stadium,Royal Challengers Bengaluru,Mumbai Indians,Royal Challengers Bengaluru,1,0,1,bat,1,0,235.0,196.0,39.0,Royal Challengers Bengaluru vs Mumbai Indians
829797,2015,2015-05-10,"MA Chidambaram Stadium, Chepauk",Chennai Super Kings,Rajasthan Royals,Chennai Super Kings,1,0,1,bat,1,0,157.0,145.0,12.0,Chennai Super Kings vs Rajasthan Royals
829797,2015,2015-05-10,"MA Chidambaram Stadium, Chepauk",Rajasthan Royals,Chennai Super Kings,Chennai Super Kings,0,1,0,bat,0,1,145.0,157.0,-12.0,Rajasthan Royals vs Chennai Super Kings
829799,2015,2015-05-11,"Rajiv Gandhi International Stadium, Uppal",Punjab Kings,Sunrisers Hyderabad,Sunrisers Hyderabad,0,1,0,bat,0,1,180.0,185.0,-5.0,Punjab Kings vs Sunrisers Hyderabad
829799,2015,2015-05-11,"Rajiv Gandhi International Stadium, Uppal",Sunrisers Hyderabad,Punjab Kings,Sunrisers Hyderabad,1,0,1,bat,1,0,185.0,180.0,5.0,Sunrisers Hyderabad vs Punjab Kings
829801,2015,2015-05-12,Shaheed Veer Narayan Singh International Stadium,Chennai Super Kings,Delhi Capitals,Delhi Capitals,0,1,1,bat,1,0,119.0,120.0,-1.0,Chennai Super Kings vs Delhi Capitals
829801,2015,2015-05-12,Shaheed Veer Narayan Singh International Stadium,Delhi Capitals,Chennai Super Kings,Delhi Capitals,1,0,0,bat,0,1,120.0,119.0,1.0,Delhi Capitals vs Chennai Super Kings
829803,2015,2015-05-13,"Punjab Cricket Association Stadium, Mohali",Punjab Kings,Royal Challengers Bengaluru,Punjab Kings,1,0,0,field,1,0,106.0,84.0,22.0,Punjab Kings vs Royal Challengers Bengaluru
829803,2015,2015-05-13,"Punjab Cricket Association Stadium, Mohali",Royal Challengers Bengaluru,Punjab Kings,Punjab Kings,0,1,1,field,0,1,84.0,106.0,-22.0,Royal Challengers Bengaluru vs Punjab Kings
829805,2015,2015-05-14,Wankhede Stadium,Kolkata Knight Riders,Mumbai Indians,Mumbai Indians,0,1,1,field,0,1,166.0,171.0,-5.0,Kolkata Knight Riders vs Mumbai Indians
829805,2015,2015-05-14,Wankhede Stadium,Mumbai Indians,Kolkata Knight Riders,Mumbai Indians,1,0,0,field,1,0,171.0,166.0,5.0,Mumbai Indians vs Kolkata Knight Riders
829807,2015,2015-05-15,"Rajiv Gandhi International Stadium, Uppal",Royal Challengers Bengaluru,Sunrisers Hyderabad,Royal Challengers Bengaluru,1,0,0,bat,0,1,83.0,135.0,-52.0,Royal Challengers Bengaluru vs Sunrisers Hyderabad
829807,2015,2015-05-15,"Rajiv Gandhi International Stadium, Uppal",Sunrisers Hyderabad,Royal Challengers Bengaluru,Royal Challengers Bengaluru,0,1,1,bat,1,0,135.0,83.0,52.0,Sunrisers Hyderabad vs Royal Challengers Bengaluru
829809,2015,2015-05-16,"Punjab Cricket Association Stadium, Mohali",Chennai Super Kings,Punjab Kings,Chennai Super Kings,1,0,0,bat,0,1,134.0,130.0,4.0,Chennai Super Kings vs Punjab Kings
829809,2015,2015-05-16,"Punjab Cricket Association Stadium, Mohali",Punjab Kings,Chennai Super Kings,Chennai Super Kings,0,1,1,bat,1,0,130.0,134.0,-4.0,Punjab Kings vs Chennai Super Kings
829811,2015,2015-05-16,Brabourne Stadium,Kolkata Knight Riders,Rajasthan Royals,Rajasthan Royals,0,1,0,bat,0,1,190.0,199.0,-9.0,Kolkata Knight Riders vs Rajasthan Royals
829811,2015,2015-05-16,Brabourne Stadium,Rajasthan Royals,Kolkata Knight Riders,Rajasthan Royals,1,0,1,bat,1,0,199.0,190.0,9.0,Rajasthan Royals vs Kolkata Knight Riders
829813,2015,2015-05-17,M Chinnaswamy Stadium,Delhi Capitals,Royal Challengers Bengaluru,,0,0,0,field,1,0,187.0,2.0,185.0,Delhi Capitals vs Royal Challengers Bengaluru
829813,2015,2015-05-17,M Chinnaswamy Stadium,Royal Challengers Bengaluru,Delhi Capitals,,0,0,1,field,0,1,2.0,187.0,-185.0,Royal Challengers Bengaluru vs Delhi Capitals
829815,2015,2015-05-17,"Rajiv Gandhi International Stadium, Uppal",Mumbai Indians,Sunrisers Hyderabad,Mumbai Indians,1,0,0,bat,0,1,114.0,113.0,1.0,Mumbai Indians vs Sunrisers Hyderabad
829815,2015,2015-05-17,"Rajiv Gandhi International Stadium, Uppal",Sunrisers Hyderabad,Mumbai Indians,Mumbai Indians,0,1,1,bat,1,0,113.0,114.0,-1.0,Sunrisers Hyderabad vs Mumbai Indians
829817,2015,2015-05-19,Wankhede Stadium,Chennai Super Kings,Mumbai Indians,Mumbai Indians,0,1,0,bat,0,1,162.0,187.0,-25.0,Chennai Super Kings vs Mumbai Indians
829817,2015,2015-05-19,Wankhede Stadium,Mumbai Indians,Chennai Super Kings,Mumbai Indians,1,0,1,bat,1,0,187.0,162.0,25.0,Mumbai Indians vs Chennai Super Kings
829819,2015,2015-05-20,Maharashtra Cricket Association Stadium,Rajasthan Royals,Royal Challengers Bengaluru,Royal Challengers Bengaluru,0,1,0,bat,0,1,109.0,180.0,-71.0,Rajasthan Royals vs Royal Challengers Bengaluru
829819,2015,2015-05-20,Maharashtra Cricket Association Stadium,Royal Challengers Bengaluru,Rajasthan Royals,Royal Challengers Bengaluru,1,0,1,bat,1,0,180.0,109.0,71.0,Royal Challengers Bengaluru vs Rajasthan Royals
829821,2015,2015-05-22,JSCA International Stadium Complex,Chennai Super Kings,Royal Challengers Bengaluru,Chennai Super Kings,1,0,1,field,0,1,140.0,139.0,1.0,Chennai Super Kings vs Royal Challengers Bengaluru
829821,2015,2015-05-22,JSCA International Stadium Complex,Royal Challengers Bengaluru,Chennai Super Kings,Chennai Super Kings,0,1,0,field,1,0,139.0,140.0,-1.0,Royal Challengers Bengaluru vs Chennai Super Kings
829823,2015,2015-05-24,Eden Gardens,Chennai Super Kings,Mumbai Indians,Mumbai Indians,0,1,1,field,0,1,161.0,202.0,-41.0,Chennai Super Kings vs Mumbai Indians
829823,2015,2015-05-24,Eden Gardens,Mumbai Indians,Chennai Super Kings,Mumbai Indians,1,0,0,field,1,0,202.0,161.0,41.0,Mumbai Indians vs Chennai Super Kings
980901,2016,2016-04-09,Wankhede Stadium,Mumbai Indians,Rising Pune Supergiants,Rising Pune Supergiants,0,1,1,bat,1,0,121.0,126.0,-5.0,Mumbai Indians vs Rising Pune Supergiants
980901,2016,2016-04-09,Wankhede Stadium,Rising Pune Supergiants,Mumbai Indians,Rising Pune Supergiants,1,0,0,bat,0,1,126.0,121.0,5.0,Rising Pune Supergiants vs Mumbai Indians
980903,2016,2016-04-10,Eden Gardens,Delhi Capitals,Kolkata Knight Riders,Kolkata Knight Riders,0,1,0,field,1,0,98.0,99.0,-1.0,Delhi Capitals vs Kolkata Knight Riders
980903,2016,2016-04-10,Eden Gardens,Kolkata Knight Riders,Delhi Capitals,Kolkata Knight Riders,1,0,1,field,0,1,99.0,98.0,1.0,Kolkata Knight Riders vs Delhi Capitals
980905,2016,2016-04-11,"Punjab Cricket Association IS Bindra Stadium, Mohali",Gujarat Lions,Punjab Kings,Gujarat Lions,1,0,1,field,0,1,162.0,161.0,1.0,Gujarat Lions vs Punjab Kings
980905,2016,2016-04-11,"Punjab Cricket Association IS Bindra Stadium, Mohali",Punjab Kings,Gujarat Lions,Gujarat Lions,0,1,0,field,1,0,161.0,162.0,-1.0,Punjab Kings vs Gujarat Lions
980907,2016,2016-04-12,M Chinnaswamy Stadium,Royal Challengers Bengaluru,Sunrisers Hyderabad,Royal Challengers Bengaluru,1,0,0,field,1,0,227.0,182.0,45.0,Royal Challengers Bengaluru vs Sunrisers Hyderabad
980907,2016,2016-04-12,M Chinnaswamy Stadium,Sunrisers Hyderabad,Royal Challengers Bengaluru,Royal Challengers Bengaluru,0,1,1,field,0,1,182.0,227.0,-45.0,Sunrisers Hyderabad vs Royal Challengers Bengaluru
980909,2016,2016-04-13,Eden Gardens,Kolkata Knight Riders,Mumbai Indians,Mumbai Indians,0,1,0,field,1,0,187.0,188.0,-1.0,Kolkata Knight Riders vs Mumbai Indians
980909,2016,2016-04-13,Eden Gardens,Mumbai Indians,Kolkata Knight Riders,Mumbai Indians,1,0,1,field,0,1,188.0,187.0,1.0,Mumbai Indians vs Kolkata Knight Riders
980911,2016,2016-04-14,Saurashtra Cricket Association Stadium,Gujarat Lions,Rising Pune Supergiants,Gujarat Lions,1,0,0,bat,0,1,164.0,163.0,1.0,Gujarat Lions vs Rising Pune Supergiants
980911,2016,2016-04-14,Saurashtra Cricket Association Stadium,Rising Pune Supergiants,Gujarat Lions,Gujarat Lions,0,1,1,bat,1,0,163.0,164.0,-1.0,Rising Pune Supergiants vs Gujarat Lions
980913,2016,2016-04-15,Feroz Shah Kotla,Delhi Capitals,Punjab Kings,Delhi Capitals,1,0,1,field,0,1,113.0,111.0,2.0,Delhi Capitals vs Punjab Kings
980913,2016,2016-04-15,Feroz Shah Kotla,Punjab Kings,Delhi Capitals,Delhi Capitals,0,1,0,field,1,0,111.0,113.0,-2.0,Punjab Kings vs Delhi Capitals
980915,2016,2016-04-16,"Rajiv Gandhi International Stadium, Uppal",Kolkata Knight Riders,Sunrisers Hyderabad,Kolkata Knight Riders,1,0,0,bat,0,1,146.0,142.0,4.0,Kolkata Knight Riders vs Sunrisers Hyderabad
980915,2016,2016-04-16,"Rajiv Gandhi International Stadium, Uppal",Sunrisers Hyderabad,Kolkata Knight Riders,Kolkata Knight Riders,0,1,1,bat,1,0,142.0,146.0,-4.0,Sunrisers Hyderabad vs Kolkata Knight Riders
980917,2016,2016-04-16,Wankhede Stadium,Gujarat Lions,Mumbai Indians,Gujarat Lions,1,0,1,field,0,1,147.0,143.0,4.0,Gujarat Lions vs Mumbai Indians
980917,2016,2016-04-16,Wankhede Stadium,Mumbai Indians,Gujarat Lions,Gujarat Lions,0,1,0,field,1,0,143.0,147.0,-4.0,Mumbai Indians vs Gujarat Lions
980919,2016,2016-04-17,"Punjab Cricket Association IS Bindra Stadium, Mohali",Punjab Kings,Rising Pune Supergiants,Punjab Kings,1,0,0,bat,0,1,153.0,152.0,1.0,Punjab Kings vs Rising Pune Supergiants
980919,2016,2016-04-17,"Punjab Cricket Association IS Bindra Stadium, Mohali",Rising Pune Supergiants,Punjab Kings,Punjab Kings,0,1,1,bat,1,0,152.0,153.0,-1.0,Rising Pune Supergiants vs Punjab Kings
980921,2016,2016-04-17,M Chinnaswamy Stadium,Delhi Capitals,Royal Challengers Bengaluru,Delhi Capitals,1,0,1,field,0,1,192.0,191.0,1.0,Delhi Capitals vs Royal Challengers Bengaluru
980921,2016,2016-04-17,M Chinnaswamy Stadium,Royal Challengers Bengaluru,Delhi Capitals,Delhi Capitals,0,1,0,field,1,0,191.0,192.0,-1.0,Royal Challengers Bengaluru vs Delhi Capitals
980923,2016,2016-04-18,"Rajiv Gandhi International Stadium, Uppal",Mumbai Indians,Sunrisers Hyderabad,Sunrisers Hyderabad,0,1,0,field,1,0,142.0,145.0,-3.0,Mumbai Indians vs Sunrisers Hyderabad
980923,2016,2016-04-18,"Rajiv Gandhi International Stadium, Uppal",Sunrisers Hyderabad,Mumbai Indians,Sunrisers Hyderabad,1,0,1,field,0,1,145.0,142.0,3.0,Sunrisers Hyderabad vs Mumbai Indians
980925,2016,2016-04-19,"Punjab Cricket Association IS Bindra Stadium, Mohali",Kolkata Knight Riders,Punjab Kings,Kolkata Knight Riders,1,0,1,field,0,1,141.0,138.0,3.0,Kolkata Knight Riders vs Punjab Kings
980925,2016,2016-04-19,"Punjab Cricket Association IS Bindra Stadium, Mohali",Punjab Kings,Kolkata Knight Riders,Kolkata Knight Riders,0,1,0,field,1,0,138.0,141.0,-3.0,Punjab Kings vs Kolkata Knight Riders
980927,2016,2016-04-20,Wankhede Stadium,Mumbai Indians,Royal Challengers Bengaluru,Mumbai Indians,1,0,1,field,0,1,171.0,170.0,1.0,Mumbai Indians vs Royal Challengers Bengaluru
980927,2016,2016-04-20,Wankhede Stadium,Royal Challengers Bengaluru,Mumbai Indians,Mumbai Indians,0,1,0,field,1,0,170.0,171.0,-1.0,Royal Challengers Bengaluru vs Mumbai Indians
980929,2016,2016-04-21,Saurashtra Cricket Association Stadium,Gujarat Lions,Sunrisers Hyderabad,Sunrisers Hyderabad,0,1,0,field,1,0,135.0,137.0,-2.0,Gujarat Lions vs Sunrisers Hyderabad
980929,2016,2016-04-21,Saurashtra Cricket Association Stadium,Sunrisers Hyderabad,Gujarat Lions,Sunrisers Hyderabad,1,0,1,field,0,1,137.0,135.0,2.0,Sunrisers Hyderabad vs Gujarat Lions
980931,2016,2016-04-22,Maharashtra Cricket Association Stadium,Rising Pune Supergiants,Royal Challengers Bengaluru,Royal Challengers Bengaluru,0,1,1,field,0,1,172.0,185.0,-13.0,Rising Pune Supergiants vs Royal Challengers Bengaluru
980931,2016,2016-04-22,Maharashtra Cricket Association Stadium,Royal Challengers Bengaluru,Rising Pune Supergiants,Royal Challengers Bengaluru,1,0,0,field,1,0,185.0,172.0,13.0,Royal Challengers Bengaluru vs Rising Pune Supergiants
980933,2016,2016-04-23,Feroz Shah Kotla,Delhi Capitals,Mumbai Indians,Delhi Capitals,1,0,0,field,1,0,164.0,154.0,10.0,Delhi Capitals vs Mumbai Indians
980933,2016,2016-04-23,Feroz Shah Kotla,Mumbai Indians,Delhi Capitals,Delhi Capitals,0,1,1,field,0,1,154.0,164.0,-10.0,Mumbai Indians vs Delhi Capitals
980935,2016,2016-04-23,"Rajiv Gandhi International Stadium, Uppal",Punjab Kings,Sunrisers Hyderabad,Sunrisers Hyderabad,0,1,0,field,1,0,143.0,146.0,-3.0,Punjab Kings vs Sunrisers Hyderabad
980935,2016,2016-04-23,"Rajiv Gandhi International Stadium, Uppal",Sunrisers Hyderabad,Punjab Kings,Sunrisers Hyderabad,1,0,1,field,0,1,146.0,143.0,3.0,Sunrisers Hyderabad vs Punjab Kings
980937,2016,2016-04-24,Saurashtra Cricket Association Stadium,Gujarat Lions,Royal Challengers Bengaluru,Gujarat Lions,1,0,0,bat,0,1,182.0,180.0,2.0,Gujarat Lions vs Royal Challengers Bengaluru
980937,2016,2016-04-24,Saurashtra Cricket Association Stadium,Royal Challengers Bengaluru,Gujarat Lions,Gujarat Lions,0,1,1,bat,1,0,180.0,182.0,-2.0,Royal Challengers Bengaluru vs Gujarat Lions
980939,2016,2016-04-24,Maharashtra Cricket Association Stadium,Kolkata Knight Riders,Rising Pune Supergiants,Kolkata Knight Riders,1,0,1,field,0,1,162.0,160.0,2.0,Kolkata Knight Riders vs Rising Pune Supergiants
980939,2016,2016-04-24,Maharashtra Cricket Association Stadium,Rising Pune Supergiants,Kolkata Knight Riders,Kolkata Knight Riders,0,1,0,field,1,0,160.0,162.0,-2.0,Rising Pune Supergiants vs Kolkata Knight Riders
980941,2016,2016-04-25,"Punjab Cricket Association IS Bindra Stadium, Mohali",Mumbai Indians,Punjab Kings,Mumbai Indians,1,0,0,field,1,0,189.0,164.0,25.0,Mumbai Indians vs Punjab Kings
980941,2016,2016-04-25,"Punjab Cricket Association IS Bindra Stadium, Mohali",Punjab Kings,Mumbai Indians,Mumbai Indians,0,1,1,field,0,1,164.0,189.0,-25.0,Punjab Kings vs Mumbai Indians
980943,2016,2016-04-26,"Rajiv Gandhi International Stadium, Uppal",Rising Pune Supergiants,Sunrisers Hyderabad,Rising Pune Supergiants,1,0,1,field,0,1,94.0,118.0,-24.0,Rising Pune Supergiants vs Sunrisers Hyderabad
980943,2016,2016-04-26,"Rajiv Gandhi International Stadium, Uppal",Sunrisers Hyderabad,Rising Pune Supergiants,Rising Pune Supergiants,0,1,0,field,1,0,118.0,94.0,24.0,Sunrisers Hyderabad vs Rising Pune Supergiants
980945,2016,2016-04-27,Feroz Shah Kotla,Delhi Capitals,Gujarat Lions,Gujarat Lions,0,1,1,field,0,1,171.0,172.0,-1.0,Delhi Capitals vs Gujarat Lions
980945,2016,2016-04-27,Feroz Shah Kotla,Gujarat Lions,Delhi Capitals,Gujarat Lions,1,0,0,field,1,0,172.0,171.0,1.0,Gujarat Lions vs Delhi Capitals
980947,2016,2016-04-28,Wankhede Stadium,Kolkata Knight Riders,Mumbai Indians,Mumbai Indians,0,1,0,field,1,0,174.0,178.0,-4.0,Kolkata Knight Riders vs Mumbai Indians
980947,2016,2016-04-28,Wankhede Stadium,Mumbai Indians,Kolkata Knight Riders,Mumbai Indians,1,0,1,field,0,1,178.0,174.0,4.0,Mumbai Indians vs Kolkata Knight Riders
980949,2016,2016-04-29,Maharashtra Cricket Association Stadium,Gujarat Lions,Rising Pune Supergiants,Gujarat Lions,1,0,1,field,0,1,196.0,195.0,1.0,Gujarat Lions vs Rising Pune Supergiants
980949,2016,2016-04-29,Maharashtra Cricket Association Stadium,Rising Pune Supergiants,Gujarat Lions,Gujarat Lions,0,1,0,field,1,0,195.0,196.0,-1.0,Rising Pune Supergiants vs Gujarat Lions
980951,2016,2016-04-30,Feroz Shah Kotla,Delhi Capitals,Kolkata Knight Riders,Delhi Capitals,1,0,0,field,1,0,186.0,159.0,27.0,Delhi Capitals vs Kolkata Knight Riders
980951,2016,2016-04-30,Feroz Shah Kotla,Kolkata Knight Riders,Delhi Capitals,Delhi Capitals,0,1,1,field,0,1,159.0,186.0,-27.0,Kolkata Knight Riders vs Delhi Capitals
980953,2016,2016-04-30,"Rajiv Gandhi International Stadium, Uppal",Royal Challengers Bengaluru,Sunrisers Hyderabad,Sunrisers Hyderabad,0,1,1,field,0,1,179.0,194.0,-15.0,Royal Challengers Bengaluru vs Sunrisers Hyderabad
980953,2016,2016-04-30,"Rajiv Gandhi International Stadium, Uppal",Sunrisers Hyderabad,Royal Challengers Bengaluru,Sunrisers Hyderabad,1,0,0,field,1,0,194.0,179.0,15.0,Sunrisers Hyderabad vs Royal Challengers Bengaluru
980955,2016,2016-05-01,Saurashtra Cricket Association Stadium,Gujarat Lions,Punjab Kings,Punjab Kings,0,1,1,field,0,1,131.0,154.0,-23.0,Gujarat Lions vs Punjab Kings
980955,2016,2016-05-01,Saurashtra Cricket Association Stadium,Punjab Kings,Gujarat Lions,Punjab Kings,1,0,0,field,1,0,154.0,131.0,23.0,Punjab Kings vs Gujarat Lions
980957,2016,2016-05-01,Maharashtra Cricket Association Stadium,Mumbai Indians,Rising Pune Supergiants,Mumbai Indians,1,0,1,field,0,1,161.0,159.0,2.0,Mumbai Indians vs Rising Pune Supergiants
980957,2016,2016-05-01,Maharashtra Cricket Association Stadium,Rising Pune Supergiants,Mumbai Indians,Mumbai Indians,0,1,0,field,1,0,159.0,161.0,-2.0,Rising Pune Supergiants vs Mumbai Indians
980959,2016,2016-05-02,M Chinnaswamy Stadium,Kolkata Knight Riders,Royal Challengers Bengaluru,Kolkata Knight Riders,1,0,1,field,0,1,189.0,185.0,4.0,Kolkata Knight Riders vs Royal Challengers Bengaluru
980959,2016,2016-05-02,M Chinnaswamy Stadium,Royal Challengers Bengaluru,Kolkata Knight Riders,Kolkata Knight Riders,0,1,0,field,1,0,185.0,189.0,-4.0,Royal Challengers Bengaluru vs Kolkata Knight Riders
980961,2016,2016-05-03,Saurashtra Cricket Association Stadium,Delhi Capitals,Gujarat Lions,Delhi Capitals,1,0,1,field,0,1,150.0,149.0,1.0,Delhi Capitals vs Gujarat Lions
980961,2016,2016-05-03,Saurashtra Cricket Association Stadium,Gujarat Lions,Delhi Capitals,Delhi Capitals,0,1,0,field,1,0,149.0,150.0,-1.0,Gujarat Lions vs Delhi Capitals
980963,2016,2016-05-04,Eden Gardens,Kolkata Knight Riders,Punjab Kings,Kolkata Knight Riders,1,0,0,field,1,0,164.0,157.0,7.0,Kolkata Knight Riders vs Punjab Kings
980963,2016,2016-05-04,Eden Gardens,Punjab Kings,Kolkata Knight Riders,Kolkata Knight Riders,0,1,1,field,0,1,157.0,164.0,-7.0,Punjab Kings vs Kolkata Knight Riders
980965,2016,2016-05-05,Feroz Shah Kotla,Delhi Capitals,Rising Pune Supergiants,Rising Pune Supergiants,0,1,0,field,1,0,162.0,166.0,-4.0,Delhi Capitals vs Rising Pune Supergiants
980965,2016,2016-05-05,Feroz Shah Kotla,Rising Pune Supergiants,Delhi Capitals,Rising Pune Supergiants,1,0,1,field,0,1,166.0,162.0,4.0,Rising Pune Supergiants vs Delhi Capitals
980967,2016,2016-05-06,"Rajiv Gandhi International Stadium, Uppal",Gujarat Lions,Sunrisers Hyderabad,Sunrisers Hyderabad,0,1,0,field,1,0,126.0,129.0,-3.0,Gujarat Lions vs Sunrisers Hyderabad
980967,2016,2016-05-06,"Rajiv Gandhi International Stadium, Uppal",Sunrisers Hyderabad,Gujarat Lions,Sunrisers Hyderabad,1,0,1,field,0,1,129.0,126.0,3.0,Sunrisers Hyderabad vs Gujarat Lions
980969,2016,2016-05-07,M Chinnaswamy Stadium,Rising Pune Supergiants,Royal Challengers Bengaluru,Royal Challengers Bengaluru,0,1,0,field,1,0,191.0,195.0,-4.0,Rising Pune Supergiants vs Royal Challengers Bengaluru
980969,2016,2016-05-07,M Chinnaswamy Stadium,Royal Challengers Bengaluru,Rising Pune Supergiants,Royal Challengers Bengaluru,1,0,1,field,0,1,195.0,191.0,4.0,Royal Challengers Bengaluru vs Rising Pune Supergiants
980971,2016,2016-05-07,"Punjab Cricket Association IS Bindra Stadium, Mohali",Delhi Capitals,Punjab Kings,Punjab Kings,0,1,1,field,0,1,172.0,181.0,-9.0,Delhi Capitals vs Punjab Kings
980971,2016,2016-05-07,"Punjab Cricket Association IS Bindra Stadium, Mohali",Punjab Kings,Delhi Capitals,Punjab Kings,1,0,0,field,1,0,181.0,172.0,9.0,Punjab Kings vs Delhi Capitals
980973,2016,2016-05-08,Dr. Y.S. Rajasekhara Reddy ACA-VDCA Cricket Stadium,Mumbai Indians,Sunrisers Hyderabad,Sunrisers Hyderabad,0,1,1,field,0,1,92.0,177.0,-85.0,Mumbai Indians vs Sunrisers Hyderabad
980973,2016,2016-05-08,Dr. Y.S. Rajasekhara Reddy ACA-VDCA Cricket Stadium,Sunrisers Hyderabad,Mumbai Indians,Sunrisers Hyderabad,1,0,0,field,1,0,177.0,92.0,85.0,Sunrisers Hyderabad vs Mumbai Indians
980975,2016,2016-05-08,Eden Gardens,Gujarat Lions,Kolkata Knight Riders,Gujarat Lions,1,0,1,field,0,1,164.0,158.0,6.0,Gujarat Lions vs Kolkata Knight Riders
980975,2016,2016-05-08,Eden Gardens,Kolkata Knight Riders,Gujarat Lions,Gujarat Lions,0,1,0,field,1,0,158.0,164.0,-6.0,Kolkata Knight Riders vs Gujarat Lions
980977,2016,2016-05-09,"Punjab Cricket Association IS Bindra Stadium, Mohali",Punjab Kings,Royal Challengers Bengaluru,Royal Challengers Bengaluru,0,1,1,field,0,1,174.0,175.0,-1.0,Punjab Kings vs Royal Challengers Bengaluru
980977,2016,2016-05-09,"Punjab Cricket Association IS Bindra Stadium, Mohali",Royal Challengers Bengaluru,Punjab Kings,Royal Challengers Bengaluru,1,0,0,field,1,0,175.0,174.0,1.0,Royal Challengers Bengaluru vs Punjab Kings
980979,2016,2016-05-10,Dr. Y.S. Rajasekhara Reddy ACA-VDCA Cricket Stadium,Rising Pune Supergiants,Sunrisers Hyderabad,Sunrisers Hyderabad,0,1,0,bat,0,1,133.0,137.0,-4.0,Rising Pune Supergiants vs Sunrisers Hyderabad
980979,2016,2016-05-10,Dr. Y.S. Rajasekhara Reddy ACA-VDCA Cricket Stadium,Sunrisers Hyderabad,Rising Pune Supergiants,Sunrisers Hyderabad,1,0,1,bat,1,0,137.0,133.0,4.0,Sunrisers Hyderabad vs Rising Pune Supergiants
980981,2016,2016-05-11,M Chinnaswamy Stadium,Mumbai Indians,Royal Challengers Bengaluru,Mumbai Indians,1,0,1,field,0,1,153.0,151.0,2.0,Mumbai Indians vs Royal Challengers Bengaluru
980981,2016,2016-05-11,M Chinnaswamy Stadium,Royal Challengers Bengaluru,Mumbai Indians,Mumbai Indians,0,1,0,field,1,0,151.0,153.0,-2.0,Royal Challengers Bengaluru vs Mumbai Indians
980983,2016,2016-05-12,"Rajiv Gandhi International Stadium, Uppal",Delhi Capitals,Sunrisers Hyderabad,Delhi Capitals,1,0,1,field,0,1,150.0,146.0,4.0,Delhi Capitals vs Sunrisers Hyderabad
980983,2016,2016-05-12,"Rajiv Gandhi International Stadium, Uppal",Sunrisers Hyderabad,Delhi Capitals,Delhi Capitals,0,1,0,field,1,0,146.0,150.0,-4.0,Sunrisers Hyderabad vs Delhi Capitals
980985,2016,2016-05-13,Dr. Y.S. Rajasekhara Reddy ACA-VDCA Cricket Stadium,Mumbai Indians,Punjab Kings,Punjab Kings,0,1,1,bat,1,0,124.0,127.0,-3.0,Mumbai Indians vs Punjab Kings
980985,2016,2016-05-13,Dr. Y.S. Rajasekhara Reddy ACA-VDCA Cricket Stadium,Punjab Kings,Mumbai Indians,Punjab Kings,1,0,0,bat,0,1,127.0,124.0,3.0,Punjab Kings vs Mumbai Indians
980987,2016,2016-05-14,M Chinnaswamy Stadium,Gujarat Lions,Royal Challengers Bengaluru,Royal Challengers Bengaluru,0,1,1,field,0,1,104.0,248.0,-144.0,Gujarat Lions vs Royal Challengers Bengaluru
980987,2016,2016-05-14,M Chinnaswamy Stadium,Royal Challengers Bengaluru,Gujarat Lions,Royal Challengers Bengaluru,1,0,0,field,1,0,248.0,104.0,144.0,Royal Challengers Bengaluru vs Gujarat Lions
980989,2016,2016-05-14,Eden Gardens,Kolkata Knight Riders,Rising Pune Supergiants,Kolkata Knight Riders,1,0,0,bat,0,1,66.0,103.0,-37.0,Kolkata Knight Riders vs Rising Pune Supergiants
980989,2016,2016-05-14,Eden Gardens,Rising Pune Supergiants,Kolkata Knight Riders,Kolkata Knight Riders,0,1,1,bat,1,0,103.0,66.0,37.0,Rising Pune Supergiants vs Kolkata Knight Riders
980991,2016,2016-05-15,"Punjab Cricket Association IS Bindra Stadium, Mohali",Punjab Kings,Sunrisers Hyderabad,Sunrisers Hyderabad,0,1,1,bat,1,0,179.0,180.0,-1.0,Punjab Kings vs Sunrisers Hyderabad
980991,2016,2016-05-15,"Punjab Cricket Association IS Bindra Stadium, Mohali",Sunrisers Hyderabad,Punjab Kings,Sunrisers Hyderabad,1,0,0,bat,0,1,180.0,179.0,1.0,Sunrisers Hyderabad vs Punjab Kings
980993,2016,2016-05-15,Dr. Y.S. Rajasekhara Reddy ACA-VDCA Cricket Stadium,Delhi Capitals,Mumbai Indians,Mumbai Indians,0,1,1,field,0,1,126.0,206.0,-80.0,Delhi Capitals vs Mumbai Indians
980993,2016,2016-05-15,Dr. Y.S. Rajasekhara Reddy ACA-VDCA Cricket Stadium,Mumbai Indians,Delhi Capitals,Mumbai Indians,1,0,0,field,1,0,206.0,126.0,80.0,Mumbai Indians vs Delhi Capitals
980995,2016,2016-05-16,Eden Gardens,Kolkata Knight Riders,Royal Challengers Bengaluru,Royal Challengers Bengaluru,0,1,0,field,1,0,183.0,186.0,-3.0,Kolkata Knight Riders vs Royal Challengers Bengaluru
980995,2016,2016-05-16,Eden Gardens,Royal Challengers Bengaluru,Kolkata Knight Riders,Royal Challengers Bengaluru,1,0,1,field,0,1,186.0,183.0,3.0,Royal Challengers Bengaluru vs Kolkata Knight Riders
980997,2016,2016-05-17,Dr. Y.S. Rajasekhara Reddy ACA-VDCA Cricket Stadium,Delhi Capitals,Rising Pune Supergiants,Rising Pune Supergiants,0,1,0,field,1,0,121.0,76.0,45.0,Delhi Capitals vs Rising Pune Supergiants
980997,2016,2016-05-17,Dr. Y.S. Rajasekhara Reddy ACA-VDCA Cricket Stadium,Rising Pune Supergiants,Delhi Capitals,Rising Pune Supergiants,1,0,1,field,0,1,76.0,121.0,-45.0,Rising Pune Supergiants vs Delhi Capitals
980999,2016,2016-05-18,M Chinnaswamy Stadium,Punjab Kings,Royal Challengers Bengaluru,Royal Challengers Bengaluru,0,1,1,field,0,1,120.0,211.0,-91.0,Punjab Kings vs Royal Challengers Bengaluru
980999,2016,2016-05-18,M Chinnaswamy Stadium,Royal Challengers Bengaluru,Punjab Kings,Royal Challengers Bengaluru,1,0,0,field,1,0,211.0,120.0,91.0,Royal Challengers Bengaluru vs Punjab Kings
981001,2016,2016-05-19,Green Park,Gujarat Lions,Kolkata Knight Riders,Gujarat Lions,1,0,1,field,0,1,125.0,124.0,1.0,Gujarat Lions vs Kolkata Knight Riders
981001,2016,2016-05-19,Green Park,Kolkata Knight Riders,Gujarat Lions,Gujarat Lions,0,1,0,field,1,0,124.0,125.0,-1.0,Kolkata Knight Riders vs Gujarat Lions
981003,2016,2016-05-20,Shaheed Veer Narayan Singh International Stadium,Delhi Capitals,Sunrisers Hyderabad,Delhi Capitals,1,0,1,field,0,1,161.0,158.0,3.0,Delhi Capitals vs Sunrisers Hyderabad
981003,2016,2016-05-20,Shaheed Veer Narayan Singh International Stadium,Sunrisers Hyderabad,Delhi Capitals,Delhi Capitals,0,1,0,field,1,0,158.0,161.0,-3.0,Sunrisers Hyderabad vs Delhi Capitals
981005,2016,2016-05-21,Dr. Y.S. Rajasekhara Reddy ACA-VDCA Cricket Stadium,Punjab Kings,Rising Pune Supergiants,Rising Pune Supergiants,0,1,1,bat,1,0,172.0,173.0,-1.0,Punjab Kings vs Rising Pune Supergiants
981005,2016,2016-05-21,Dr. Y.S. Rajasekhara Reddy ACA-VDCA Cricket Stadium,Rising Pune Supergiants,Punjab Kings,Rising Pune Supergiants,1,0,0,bat,0,1,173.0,172.0,1.0,Rising Pune Supergiants vs Punjab Kings
981007,2016,2016-05-21,Green Park,Gujarat Lions,Mumbai Indians,Gujarat Lions,1,0,1,field,0,1,173.0,172.0,1.0,Gujarat Lions vs Mumbai Indians
981007,2016,2016-05-21,Green Park,Mumbai Indians,Gujarat Lions,Gujarat Lions,0,1,0,field,1,0,172.0,173.0,-1.0,Mumbai Indians vs Gujarat Lions
981009,2016,2016-05-22,Eden Gardens,Kolkata Knight Riders,Sunrisers Hyderabad,Kolkata Knight Riders,1,0,0,field,1,0,171.0,149.0,22.0,Kolkata Knight Riders vs Sunrisers Hyderabad
981009,2016,2016-05-22,Eden Gardens,Sunrisers Hyderabad,Kolkata Knight Riders,Kolkata Knight Riders,0,1,1,field,0,1,149.0,171.0,-22.0,Sunrisers Hyderabad vs Kolkata Knight Riders
981011,2016,2016-05-22,Shaheed Veer Narayan Singh International Stadium,Delhi Capitals,Royal Challengers Bengaluru,Royal Challengers Bengaluru,0,1,0,field,1,0,138.0,139.0,-1.0,Delhi Capitals vs Royal Challengers Bengaluru
981011,2016,2016-05-22,Shaheed Veer Narayan Singh International Stadium,Royal Challengers Bengaluru,Delhi Capitals,Royal Challengers Bengaluru,1,0,1,field,0,1,139.0,138.0,1.0,Royal Challengers Bengaluru vs Delhi Capitals
981013,2016,2016-05-24,M Chinnaswamy Stadium,Gujarat Lions,Royal Challengers Bengaluru,Royal Challengers Bengaluru,0,1,0,field,1,0,158.0,159.0,-1.0,Gujarat Lions vs Royal Challengers Bengaluru
981013,2016,2016-05-24,M Chinnaswamy Stadium,Royal Challengers Bengaluru,Gujarat Lions,Royal Challengers Bengaluru,1,0,1,field,0,1,159.0,158.0,1.0,Royal Challengers Bengaluru vs Gujarat Lions
981015,2016,2016-05-25,Feroz Shah Kotla,Kolkata Knight Riders,Sunrisers Hyderabad,Sunrisers Hyderabad,0,1,1,field,0,1,140.0,162.0,-22.0,Kolkata Knight Riders vs Sunrisers Hyderabad
981015,2016,2016-05-25,Feroz Shah Kotla,Sunrisers Hyderabad,Kolkata Knight Riders,Sunrisers Hyderabad,1,0,0,field,1,0,162.0,140.0,22.0,Sunrisers Hyderabad vs Kolkata Knight Riders
981017,2016,2016-05-27,Feroz Shah Kotla,Gujarat Lions,Sunrisers Hyderabad,Sunrisers Hyderabad,0,1,0,field,1,0,162.0,163.0,-1.0,Gujarat Lions vs Sunrisers Hyderabad
981017,2016,2016-05-27,Feroz Shah Kotla,Sunrisers Hyderabad,Gujarat Lions,Sunrisers Hyderabad,1,0,1,field,0,1,163.0,162.0,1.0,Sunrisers Hyderabad vs Gujarat Lions
981019,2016,2016-05-29,M Chinnaswamy Stadium,Royal Challengers Bengaluru,Sunrisers Hyderabad,Sunrisers Hyderabad,0,1,0,bat,0,1,200.0,208.0,-8.0,Royal Challengers Bengaluru vs Sunrisers Hyderabad
981019,2016,2016-05-29,M Chinnaswamy Stadium,Sunrisers Hyderabad,Royal Challengers Bengaluru,Sunrisers Hyderabad,1,0,1,bat,1,0,208.0,200.0,8.0,Sunrisers Hyderabad vs Royal Challengers Bengaluru
1082591,2017,2017-04-05,"Rajiv Gandhi International Stadium, Uppal",Royal Challengers Bengaluru,Sunrisers Hyderabad,Sunrisers Hyderabad,0,1,1,field,0,1,172.0,207.0,-35.0,Royal Challengers Bengaluru vs Sunrisers Hyderabad
1082591,2017,2017-04-05,"Rajiv Gandhi International Stadium, Uppal",Sunrisers Hyderabad,Royal Challengers Bengaluru,Sunrisers Hyderabad,1,0,0,field,1,0,207.0,172.0,35.0,Sunrisers Hyderabad vs Royal Challengers Bengaluru
1082592,2017,2017-04-06,Maharashtra Cricket Association Stadium,Mumbai Indians,Rising Pune Supergiants,Rising Pune Supergiants,0,1,0,field,1,0,184.0,187.0,-3.0,Mumbai Indians vs Rising Pune Supergiants
1082592,2017,2017-04-06,Maharashtra Cricket Association Stadium,Rising Pune Supergiants,Mumbai Indians,Rising Pune Supergiants,1,0,1,field,0,1,187.0,184.0,3.0,Rising Pune Supergiants vs Mumbai Indians
1082593,2017,2017-04-07,Saurashtra Cricket Association Stadium,Gujarat Lions,Kolkata Knight Riders,Kolkata Knight Riders,0,1,0,field,1,0,183.0,184.0,-1.0,Gujarat Lions vs Kolkata Knight Riders
1082593,2017,2017-04-07,Saurashtra Cricket Association Stadium,Kolkata Knight Riders,Gujarat Lions,Kolkata Knight Riders,1,0,1,field,0,1,184.0,183.0,1.0,Kolkata Knight Riders vs Gujarat Lions
1082594,2017,2017-04-08,Holkar Cricket Stadium,Punjab Kings,Rising Pune Supergiants,Punjab Kings,1,0,1,field,0,1,164.0,163.0,1.0,Punjab Kings vs Rising Pune Supergiants
1082594,2017,2017-04-08,Holkar Cricket Stadium,Rising Pune Supergiants,Punjab Kings,Punjab Kings,0,1,0,field,1,0,163.0,164.0,-1.0,Rising Pune Supergiants vs Punjab Kings
1082595,2017,2017-04-08,M.Chinnaswamy Stadium,Delhi Capitals,Royal Challengers Bengaluru,Royal Challengers Bengaluru,0,1,0,bat,0,1,142.0,157.0,-15.0,Delhi Capitals vs Royal Challengers Bengaluru
1082595,2017,2017-04-08,M.Chinnaswamy Stadium,Royal Challengers Bengaluru,Delhi Capitals,Royal Challengers Bengaluru,1,0,1,bat,1,0,157.0,142.0,15.0,Royal Challengers Bengaluru vs Delhi Capitals
1082596,2017,2017-04-09,"Rajiv Gandhi International Stadium, Uppal",Gujarat Lions,Sunrisers Hyderabad,Sunrisers Hyderabad,0,1,0,field,1,0,135.0,140.0,-5.0,Gujarat Lions vs Sunrisers Hyderabad
1082596,2017,2017-04-09,"Rajiv Gandhi International Stadium, Uppal",Sunrisers Hyderabad,Gujarat Lions,Sunrisers Hyderabad,1,0,1,field,0,1,140.0,135.0,5.0,Sunrisers Hyderabad vs Gujarat Lions
1082597,2017,2017-04-09,Wankhede Stadium,Kolkata Knight Riders,Mumbai Indians,Mumbai Indians,0,1,0,field,1,0,178.0,180.0,-2.0,Kolkata Knight Riders vs Mumbai Indians
1082597,2017,2017-04-09,Wankhede Stadium,Mumbai Indians,Kolkata Knight Riders,Mumbai Indians,1,0,1,field,0,1,180.0,178.0,2.0,Mumbai Indians vs Kolkata Knight Riders
1082598,2017,2017-04-10,Holkar Cricket Stadium,Punjab Kings,Royal Challengers Bengaluru,Punjab Kings,1,0,0,bat,0,1,150.0,148.0,2.0,Punjab Kings vs Royal Challengers Bengaluru
1082598,2017,2017-04-10,Holkar Cricket Stadium,Royal Challengers Bengaluru,Punjab Kings,Punjab Kings,0,1,1,bat,1,0,148.0,150.0,-2.0,Royal Challengers Bengaluru vs Punjab Kings
1082599,2017,2017-04-11,Maharashtra Cricket Association Stadium,Delhi Capitals,Rising Pune Supergiants,Delhi Capitals,1,0,0,field,1,0,205.0,108.0,97.0,Delhi Capitals vs Rising Pune Supergiants
1082599,2017,2017-04-11,Maharashtra Cricket Association Stadium,Rising Pune Supergiants,Delhi Capitals,Delhi Capitals,0,1,1,field,0,1,108.0,205.0,-97.0,Rising Pune Supergiants vs Delhi Capitals
1082600,2017,2017-04-12,Wankhede Stadium,Mumbai Indians,Sunrisers Hyderabad,Mumbai Indians,1,0,1,field,0,1,159.0,158.0,1.0,Mumbai Indians vs Sunrisers Hyderabad
1082600,2017,2017-04-12,Wankhede Stadium,Sunrisers Hyderabad,Mumbai Indians,Mumbai Indians,0,1,0,field,1,0,158.0,159.0,-1.0,Sunrisers Hyderabad vs Mumbai Indians
1082601,2017,2017-04-13,Eden Gardens,Kolkata Knight Riders,Punjab Kings,Kolkata Knight Riders,1,0,1,field,0,1,171.0,170.0,1.0,Kolkata Knight Riders vs Punjab Kings
1082601,2017,2017-04-13,Eden Gardens,Punjab Kings,Kolkata Knight Riders,Kolkata Knight Riders,0,1,0,field,1,0,170.0,171.0,-1.0,Punjab Kings vs Kolkata Knight Riders
1082602,2017,2017-04-14,M Chinnaswamy Stadium,Mumbai Indians,Royal Challengers Bengaluru,Mumbai Indians,1,0,1,field,0,1,145.0,142.0,3.0,Mumbai Indians vs Royal Challengers Bengaluru
1082602,2017,2017-04-14,M Chinnaswamy Stadium,Royal Challengers Bengaluru,Mumbai Indians,Mumbai Indians,0,1,0,field,1,0,142.0,145.0,-3.0,Royal Challengers Bengaluru vs Mumbai Indians
1082603,2017,2017-04-14,Saurashtra Cricket Association Stadium,Gujarat Lions,Rising Pune Supergiants,Gujarat Lions,1,0,1,field,0,1,172.0,171.0,1.0,Gujarat Lions vs Rising Pune Supergiants
1082603,2017,2017-04-14,Saurashtra Cricket Association Stadium,Rising Pune Supergiants,Gujarat Lions,Gujarat Lions,0,1,0,field,1,0,171.0,172.0,-1.0,Rising Pune Supergiants vs Gujarat Lions
1082604,2017,2017-04-15,Eden Gardens,Kolkata Knight Riders,Sunrisers Hyderabad,Kolkata Knight Riders,1,0,0,field,1,0,172.0,155.0,17.0,Kolkata Knight Riders vs Sunrisers Hyderabad
1082604,2017,2017-04-15,Eden Gardens,Sunrisers Hyderabad,Kolkata Knight Riders,Kolkata Knight Riders,0,1,1,field,0,1,155.0,172.0,-17.0,Sunrisers Hyderabad vs Kolkata Knight Riders
1082605,2017,2017-04-15,Feroz Shah Kotla,Delhi Capitals,Punjab Kings,Delhi Capitals,1,0,1,bat,1,0,188.0,137.0,51.0,Delhi Capitals vs Punjab Kings
1082605,2017,2017-04-15,Feroz Shah Kotla,Punjab Kings,Delhi Capitals,Delhi Capitals,0,1,0,bat,0,1,137.0,188.0,-51.0,Punjab Kings vs Delhi Capitals
1082606,2017,2017-04-16,Wankhede Stadium,Gujarat Lions,Mumbai Indians,Mumbai Indians,0,1,0,field,1,0,176.0,177.0,-1.0,Gujarat Lions vs Mumbai Indians
1082606,2017,2017-04-16,Wankhede Stadium,Mumbai Indians,Gujarat Lions,Mumbai Indians,1,0,1,field,0,1,177.0,176.0,1.0,Mumbai Indians vs Gujarat Lions
1082607,2017,2017-04-16,M Chinnaswamy Stadium,Rising Pune Supergiants,Royal Challengers Bengaluru,Rising Pune Supergiants,1,0,0,field,1,0,161.0,134.0,27.0,Rising Pune Supergiants vs Royal Challengers Bengaluru
1082607,2017,2017-04-16,M Chinnaswamy Stadium,Royal Challengers Bengaluru,Rising Pune Supergiants,Rising Pune Supergiants,0,1,1,field,0,1,134.0,161.0,-27.0,Royal Challengers Bengaluru vs Rising Pune Supergiants
1082608,2017,2017-04-17,Feroz Shah Kotla,Delhi Capitals,Kolkata Knight Riders,Kolkata Knight Riders,0,1,1,bat,1,0,168.0,169.0,-1.0,Delhi Capitals vs Kolkata Knight Riders
1082608,2017,2017-04-17,Feroz Shah Kotla,Kolkata Knight Riders,Delhi Capitals,Kolkata Knight Riders,1,0,0,bat,0,1,169.0,168.0,1.0,Kolkata Knight Riders vs Delhi Capitals
1082609,2017,2017-04-17,"Rajiv Gandhi International Stadium, Uppal",Punjab Kings,Sunrisers Hyderabad,Sunrisers Hyderabad,0,1,1,field,0,1,154.0,159.0,-5.0,Punjab Kings vs Sunrisers Hyderabad
1082609,2017,2017-04-17,"Rajiv Gandhi International Stadium, Uppal",Sunrisers Hyderabad,Punjab Kings,Sunrisers Hyderabad,1,0,0,field,1,0,159.0,154.0,5.0,Sunrisers Hyderabad vs Punjab Kings
1082610,2017,2017-04-18,Saurashtra Cricket Association Stadium,Gujarat Lions,Royal Challengers Bengaluru,Royal Challengers Bengaluru,0,1,1,field,0,1,192.0,213.0,-21.0,Gujarat Lions vs Royal Challengers Bengaluru
1082610,2017,2017-04-18,Saurashtra Cricket Association Stadium,Royal Challengers Bengaluru,Gujarat Lions,Royal Challengers Bengaluru,1,0,0,field,1,0,213.0,192.0,21.0,Royal Challengers Bengaluru vs Gujarat Lions
1082611,2017,2017-04-19,"Rajiv Gandhi International Stadium, Uppal",Delhi Capitals,Sunrisers Hyderabad,Sunrisers Hyderabad,0,1,0,bat,0,1,176.0,191.0,-15.0,Delhi Capitals vs Sunrisers Hyderabad
1082611,2017,2017-04-19,"Rajiv Gandhi International Stadium, Uppal",Sunrisers Hyderabad,Delhi Capitals,Sunrisers Hyderabad,1,0,1,bat,1,0,191.0,176.0,15.0,Sunrisers Hyderabad vs Delhi Capitals
1082612,2017,2017-04-20,Holkar Cricket Stadium,Mumbai Indians,Punjab Kings,Mumbai Indians,1,0,1,field,0,1,199.0,198.0,1.0,Mumbai Indians vs Punjab Kings
1082612,2017,2017-04-20,Holkar Cricket Stadium,Punjab Kings,Mumbai Indians,Mumbai Indians,0,1,0,field,1,0,198.0,199.0,-1.0,Punjab Kings vs Mumbai Indians
1082613,2017,2017-04-21,Eden Gardens,Gujarat Lions,Kolkata Knight Riders,Gujarat Lions,1,0,1,field,0,1,188.0,187.0,1.0,Gujarat Lions vs Kolkata Knight Riders
1082613,2017,2017-04-21,Eden Gardens,Kolkata Knight Riders,Gujarat Lions,Gujarat Lions,0,1,0,field,1,0,187.0,188.0,-1.0,Kolkata Knight Riders vs Gujarat Lions
1082614,2017,2017-04-22,Wankhede Stadium,Delhi Capitals,Mumbai Indians,Mumbai Indians,0,1,1,field,0,1,128.0,142.0,-14.0,Delhi Capitals vs Mumbai Indians
1082614,2017,2017-04-22,Wankhede Stadium,Mumbai Indians,Delhi Capitals,Mumbai Indians,1,0,0,field,1,0,142.0,128.0,14.0,Mumbai Indians vs Delhi Capitals
1082615,2017,2017-04-22,Maharashtra Cricket Association Stadium,Rising Pune Supergiants,Sunrisers Hyderabad,Rising Pune Supergiants,1,0,1,field,0,1,179.0,176.0,3.0,Rising Pune Supergiants vs Sunrisers Hyderabad
1082615,2017,2017-04-22,Maharashtra Cricket Association Stadium,Sunrisers Hyderabad,Rising Pune Supergiants,Rising Pune Supergiants,0,1,0,field,1,0,176.0,179.0,-3.0,Sunrisers Hyderabad vs Rising Pune Supergiants
1082616,2017,2017-04-23,Saurashtra Cricket Association Stadium,Gujarat Lions,Punjab Kings,Punjab Kings,0,1,1,field,0,1,162.0,188.0,-26.0,Gujarat Lions vs Punjab Kings
1082616,2017,2017-04-23,Saurashtra Cricket Association Stadium,Punjab Kings,Gujarat Lions,Punjab Kings,1,0,0,field,1,0,188.0,162.0,26.0,Punjab Kings vs Gujarat Lions
1082617,2017,2017-04-23,Eden Gardens,Kolkata Knight Riders,Royal Challengers Bengaluru,Kolkata Knight Riders,1,0,0,field,1,0,131.0,49.0,82.0,Kolkata Knight Riders vs Royal Challengers Bengaluru
1082617,2017,2017-04-23,Eden Gardens,Royal Challengers Bengaluru,Kolkata Knight Riders,Kolkata Knight Riders,0,1,1,field,0,1,49.0,131.0,-82.0,Royal Challengers Bengaluru vs Kolkata Knight Riders
1082618,2017,2017-04-24,Wankhede Stadium,Mumbai Indians,Rising Pune Supergiants,Rising Pune Supergiants,0,1,1,field,0,1,157.0,160.0,-3.0,Mumbai Indians vs Rising Pune Supergiants
1082618,2017,2017-04-24,Wankhede Stadium,Rising Pune Supergiants,Mumbai Indians,Rising Pune Supergiants,1,0,0,field,1,0,160.0,157.0,3.0,Rising Pune Supergiants vs Mumbai Indians
1082620,2017,2017-04-26,Maharashtra Cricket Association Stadium,Kolkata Knight Riders,Rising Pune Supergiants,Kolkata Knight Riders,1,0,1,field,0,1,184.0,182.0,2.0,Kolkata Knight Riders vs Rising Pune Supergiants
1082620,2017,2017-04-26,Maharashtra Cricket Association Stadium,Rising Pune Supergiants,Kolkata Knight Riders,Kolkata Knight Riders,0,1,0,field,1,0,182.0,184.0,-2.0,Rising Pune Supergiants vs Kolkata Knight Riders
1082621,2017,2017-04-27,M Chinnaswamy Stadium,Gujarat Lions,Royal Challengers Bengaluru,Gujarat Lions,1,0,1,field,0,1,135.0,134.0,1.0,Gujarat Lions vs Royal Challengers Bengaluru
1082621,2017,2017-04-27,M Chinnaswamy Stadium,Royal Challengers Bengaluru,Gujarat Lions,Gujarat Lions,0,1,0,field,1,0,134.0,135.0,-1.0,Royal Challengers Bengaluru vs Gujarat Lions
1082622,2017,2017-04-28,Eden Gardens,Delhi Capitals,Kolkata Knight Riders,Kolkata Knight Riders,0,1,0,field,1,0,160.0,161.0,-1.0,Delhi Capitals vs Kolkata Knight Riders
1082622,2017,2017-04-28,Eden Gardens,Kolkata Knight Riders,Delhi Capitals,Kolkata Knight Riders,1,0,1,field,0,1,161.0,160.0,1.0,Kolkata Knight Riders vs Delhi Capitals
1082623,2017,2017-04-28,"Punjab Cricket Association IS Bindra Stadium, Mohali",Punjab Kings,Sunrisers Hyderabad,Sunrisers Hyderabad,0,1,1,field,0,1,181.0,207.0,-26.0,Punjab Kings vs Sunrisers Hyderabad
1082623,2017,2017-04-28,"Punjab Cricket Association IS Bindra Stadium, Mohali",Sunrisers Hyderabad,Punjab Kings,Sunrisers Hyderabad,1,0,0,field,1,0,207.0,181.0,26.0,Sunrisers Hyderabad vs Punjab Kings
1082624,2017,2017-04-29,Maharashtra Cricket Association Stadium,Rising Pune Supergiants,Royal Challengers Bengaluru,Rising Pune Supergiants,1,0,0,field,1,0,157.0,96.0,61.0,Rising Pune Supergiants vs Royal Challengers Bengaluru
1082624,2017,2017-04-29,Maharashtra Cricket Association Stadium,Royal Challengers Bengaluru,Rising Pune Supergiants,Rising Pune Supergiants,0,1,1,field,0,1,96.0,157.0,-61.0,Royal Challengers Bengaluru vs Rising Pune Supergiants
1082625,2017,2017-04-29,Saurashtra Cricket Association Stadium,Gujarat Lions,Mumbai Indians,Mumbai Indians,0,1,1,bat,1,0,153.0,153.0,0.0,Gujarat Lions vs Mumbai Indians
1082625,2017,2017-04-29,Saurashtra Cricket Association Stadium,Mumbai Indians,Gujarat Lions,Mumbai Indians,1,0,0,bat,0,1,153.0,153.0,0.0,Mumbai Indians vs Gujarat Lions
1082626,2017,2017-04-30,"Punjab Cricket Association IS Bindra Stadium, Mohali",Delhi Capitals,Punjab Kings,Punjab Kings,0,1,0,field,1,0,67.0,68.0,-1.0,Delhi Capitals vs Punjab Kings
1082626,2017,2017-04-30,"Punjab Cricket Association IS Bindra Stadium, Mohali",Punjab Kings,Delhi Capitals,Punjab Kings,1,0,1,field,0,1,68.0,67.0,1.0,Punjab Kings vs Delhi Capitals
1082627,2017,2017-04-30,"Rajiv Gandhi International Stadium, Uppal",Kolkata Knight Riders,Sunrisers Hyderabad,Sunrisers Hyderabad,0,1,1,field,0,1,161.0,209.0,-48.0,Kolkata Knight Riders vs Sunrisers Hyderabad
1082627,2017,2017-04-30,"Rajiv Gandhi International Stadium, Uppal",Sunrisers Hyderabad,Kolkata Knight Riders,Sunrisers Hyderabad,1,0,0,field,1,0,209.0,161.0,48.0,Sunrisers Hyderabad vs Kolkata Knight Riders
1082628,2017,2017-05-01,Wankhede Stadium,Mumbai Indians,Royal Challengers Bengaluru,Mumbai Indians,1,0,0,bat,0,1,165.0,162.0,3.0,Mumbai Indians vs Royal Challengers Bengaluru
1082628,2017,2017-05-01,Wankhede Stadium,Royal Challengers Bengaluru,Mumbai Indians,Mumbai Indians,0,1,1,bat,1,0,162.0,165.0,-3.0,Royal Challengers Bengaluru vs Mumbai Indians
1082629,2017,2017-05-01,Maharashtra Cricket Association Stadium,Gujarat Lions,Rising Pune Supergiants,Rising Pune Supergiants,0,1,0,field,1,0,161.0,167.0,-6.0,Gujarat Lions vs Rising Pune Supergiants
1082629,2017,2017-05-01,Maharashtra Cricket Association Stadium,Rising Pune Supergiants,Gujarat Lions,Rising Pune Supergiants,1,0,1,field,0,1,167.0,161.0,6.0,Rising Pune Supergiants vs Gujarat Lions
1082630,2017,2017-05-02,Feroz Shah Kotla,Delhi Capitals,Sunrisers Hyderabad,Delhi Capitals,1,0,1,field,0,1,189.0,185.0,4.0,Delhi Capitals vs Sunrisers Hyderabad
1082630,2017,2017-05-02,Feroz Shah Kotla,Sunrisers Hyderabad,Delhi Capitals,Delhi Capitals,0,1,0,field,1,0,185.0,189.0,-4.0,Sunrisers Hyderabad vs Delhi Capitals
1082631,2017,2017-05-03,Eden Gardens,Kolkata Knight Riders,Rising Pune Supergiants,Rising Pune Supergiants,0,1,0,field,1,0,155.0,158.0,-3.0,Kolkata Knight Riders vs Rising Pune Supergiants
1082631,2017,2017-05-03,Eden Gardens,Rising Pune Supergiants,Kolkata Knight Riders,Rising Pune Supergiants,1,0,1,field,0,1,158.0,155.0,3.0,Rising Pune Supergiants vs Kolkata Knight Riders
1082632,2017,2017-05-04,Feroz Shah Kotla,Delhi Capitals,Gujarat Lions,Delhi Capitals,1,0,1,field,0,1,214.0,208.0,6.0,Delhi Capitals vs Gujarat Lions
1082632,2017,2017-05-04,Feroz Shah Kotla,Gujarat Lions,Delhi Capitals,Delhi Capitals,0,1,0,field,1,0,208.0,214.0,-6.0,Gujarat Lions vs Delhi Capitals
1082633,2017,2017-05-05,M Chinnaswamy Stadium,Punjab Kings,Royal Challengers Bengaluru,Punjab Kings,1,0,0,field,1,0,138.0,119.0,19.0,Punjab Kings vs Royal Challengers Bengaluru
1082633,2017,2017-05-05,M Chinnaswamy Stadium,Royal Challengers Bengaluru,Punjab Kings,Punjab Kings,0,1,1,field,0,1,119.0,138.0,-19.0,Royal Challengers Bengaluru vs Punjab Kings
1082634,2017,2017-05-06,"Rajiv Gandhi International Stadium, Uppal",Rising Pune Supergiants,Sunrisers Hyderabad,Rising Pune Supergiants,1,0,0,field,1,0,148.0,136.0,12.0,Rising Pune Supergiants vs Sunrisers Hyderabad
1082634,2017,2017-05-06,"Rajiv Gandhi International Stadium, Uppal",Sunrisers Hyderabad,Rising Pune Supergiants,Rising Pune Supergiants,0,1,1,field,0,1,136.0,148.0,-12.0,Sunrisers Hyderabad vs Rising Pune Supergiants
1082635,2017,2017-05-06,Feroz Shah Kotla,Delhi Capitals,Mumbai Indians,Mumbai Indians,0,1,1,field,0,1,66.0,212.0,-146.0,Delhi Capitals vs Mumbai Indians
1082635,2017,2017-05-06,Feroz Shah Kotla,Mumbai Indians,Delhi Capitals,Mumbai Indians,1,0,0,field,1,0,212.0,66.0,146.0,Mumbai Indians vs Delhi Capitals
1082636,2017,2017-05-07,M Chinnaswamy Stadium,Kolkata Knight Riders,Royal Challengers Bengaluru,Kolkata Knight Riders,1,0,1,field,0,1,159.0,158.0,1.0,Kolkata Knight Riders vs Royal Challengers Bengaluru
1082636,2017,2017-05-07,M Chinnaswamy Stadium,Royal Challengers Bengaluru,Kolkata Knight Riders,Kolkata Knight Riders,0,1,0,field,1,0,158.0,159.0,-1.0,Royal Challengers Bengaluru vs Kolkata Knight Riders
1082637,2017,2017-05-07,"Punjab Cricket Association IS Bindra Stadium, Mohali",Gujarat Lions,Punjab Kings,Gujarat Lions,1,0,1,field,0,1,192.0,189.0,3.0,Gujarat Lions vs Punjab Kings
1082637,2017,2017-05-07,"Punjab Cricket Association IS Bindra Stadium, Mohali",Punjab Kings,Gujarat Lions,Gujarat Lions,0,1,0,field,1,0,189.0,192.0,-3.0,Punjab Kings vs Gujarat Lions
1082638,2017,2017-05-08,"Rajiv Gandhi International Stadium, Uppal",Mumbai Indians,Sunrisers Hyderabad,Sunrisers Hyderabad,0,1,1,bat,1,0,138.0,140.0,-2.0,Mumbai Indians vs Sunrisers Hyderabad
1082638,2017,2017-05-08,"Rajiv Gandhi International Stadium, Uppal",Sunrisers Hyderabad,Mumbai Indians,Sunrisers Hyderabad,1,0,0,bat,0,1,140.0,138.0,2.0,Sunrisers Hyderabad vs Mumbai Indians
1082639,2017,2017-05-09,"Punjab Cricket Association IS Bindra Stadium, Mohali",Kolkata Knight Riders,Punjab Kings,Punjab Kings,0,1,1,field,0,1,153.0,167.0,-14.0,Kolkata Knight Riders vs Punjab Kings
1082639,2017,2017-05-09,"Punjab Cricket Association IS Bindra Stadium, Mohali",Punjab Kings,Kolkata Knight Riders,Punjab Kings,1,0,0,field,1,0,167.0,153.0,14.0,Punjab Kings vs Kolkata Knight Riders
1082640,2017,2017-05-10,Green Park,Delhi Capitals,Gujarat Lions,Delhi Capitals,1,0,1,field,0,1,197.0,195.0,2.0,Delhi Capitals vs Gujarat Lions
1082640,2017,2017-05-10,Green Park,Gujarat Lions,Delhi Capitals,Delhi Capitals,0,1,0,field,1,0,195.0,197.0,-2.0,Gujarat Lions vs Delhi Capitals
1082641,2017,2017-05-11,Wankhede Stadium,Mumbai Indians,Punjab Kings,Punjab Kings,0,1,1,field,0,1,223.0,230.0,-7.0,Mumbai Indians vs Punjab Kings
1082641,2017,2017-05-11,Wankhede Stadium,Punjab Kings,Mumbai Indians,Punjab Kings,1,0,0,field,1,0,230.0,223.0,7.0,Punjab Kings vs Mumbai Indians
1082642,2017,2017-05-12,Feroz Shah Kotla,Delhi Capitals,Rising Pune Supergiants,Delhi Capitals,1,0,1,bat,1,0,168.0,161.0,7.0,Delhi Capitals vs Rising Pune Supergiants
1082642,2017,2017-05-12,Feroz Shah Kotla,Rising Pune Supergiants,Delhi Capitals,Delhi Capitals,0,1,0,bat,0,1,161.0,168.0,-7.0,Rising Pune Supergiants vs Delhi Capitals
1082643,2017,2017-05-13,Green Park,Gujarat Lions,Sunrisers Hyderabad,Sunrisers Hyderabad,0,1,0,field,1,0,154.0,158.0,-4.0,Gujarat Lions vs Sunrisers Hyderabad
1082643,2017,2017-05-13,Green Park,Sunrisers Hyderabad,Gujarat Lions,Sunrisers Hyderabad,1,0,1,field,0,1,158.0,154.0,4.0,Sunrisers Hyderabad vs Gujarat Lions
1082644,2017,2017-05-13,Eden Gardens,Kolkata Knight Riders,Mumbai Indians,Mumbai Indians,0,1,1,field,0,1,164.0,173.0,-9.0,Kolkata Knight Riders vs Mumbai Indians
1082644,2017,2017-05-13,Eden Gardens,Mumbai Indians,Kolkata Knight Riders,Mumbai Indians,1,0,0,field,1,0,173.0,164.0,9.0,Mumbai Indians vs Kolkata Knight Riders
1082645,2017,2017-05-14,Maharashtra Cricket Association Stadium,Punjab Kings,Rising Pune Supergiants,Rising Pune Supergiants,0,1,0,field,1,0,73.0,78.0,-5.0,Punjab Kings vs Rising Pune Supergiants
1082645,2017,2017-05-14,Maharashtra Cricket Association Stadium,Rising Pune Supergiants,Punjab Kings,Rising Pune Supergiants,1,0,1,field,0,1,78.0,73.0,5.0,Rising Pune Supergiants vs Punjab Kings
1082646,2017,2017-05-14,Feroz Shah Kotla,Delhi Capitals,Royal Challengers Bengaluru,Royal Challengers Bengaluru,0,1,0,bat,0,1,151.0,161.0,-10.0,Delhi Capitals vs Royal Challengers Bengaluru
1082646,2017,2017-05-14,Feroz Shah Kotla,Royal Challengers Bengaluru,Delhi Capitals,Royal Challengers Bengaluru,1,0,1,bat,1,0,161.0,151.0,10.0,Royal Challengers Bengaluru vs Delhi Capitals
1082647,2017,2017-05-16,Wankhede Stadium,Mumbai Indians,Rising Pune Supergiants,Rising Pune Supergiants,0,1,1,field,0,1,142.0,162.0,-20.0,Mumbai Indians vs Rising Pune Supergiants
1082647,2017,2017-05-16,Wankhede Stadium,Rising Pune Supergiants,Mumbai Indians,Rising Pune Supergiants,1,0,0,field,1,0,162.0,142.0,20.0,Rising Pune Supergiants vs Mumbai Indians
1082648,2017,2017-05-17,M Chinnaswamy Stadium,Kolkata Knight Riders,Sunrisers Hyderabad,Kolkata Knight Riders,1,0,1,field,0,1,48.0,128.0,-80.0,Kolkata Knight Riders vs Sunrisers Hyderabad
1082648,2017,2017-05-17,M Chinnaswamy Stadium,Sunrisers Hyderabad,Kolkata Knight Riders,Kolkata Knight Riders,0,1,0,field,1,0,128.0,48.0,80.0,Sunrisers Hyderabad vs Kolkata Knight Riders
1082649,2017,2017-05-19,M Chinnaswamy Stadium,Kolkata Knight Riders,Mumbai Indians,Mumbai Indians,0,1,0,field,1,0,107.0,111.0,-4.0,Kolkata Knight Riders vs Mumbai Indians
1082649,2017,2017-05-19,M Chinnaswamy Stadium,Mumbai Indians,Kolkata Knight Riders,Mumbai Indians,1,0,1,field,0,1,111.0,107.0,4.0,Mumbai Indians vs Kolkata Knight Riders
1082650,2017,2017-05-21,"Rajiv Gandhi International Stadium, Uppal",Mumbai Indians,Rising Pune Supergiants,Mumbai Indians,1,0,1,bat,1,0,129.0,128.0,1.0,Mumbai Indians vs Rising Pune Supergiants
1082650,2017,2017-05-21,"Rajiv Gandhi International Stadium, Uppal",Rising Pune Supergiants,Mumbai Indians,Mumbai Indians,0,1,0,bat,0,1,128.0,129.0,-1.0,Rising Pune Supergiants vs Mumbai Indians
1136561,2018,2018-04-07,Wankhede Stadium,Chennai Super Kings,Mumbai Indians,Chennai Super Kings,1,0,1,field,0,1,169.0,165.0,4.0,Chennai Super Kings vs Mumbai Indians
1136561,2018,2018-04-07,Wankhede Stadium,Mumbai Indians,Chennai Super Kings,Chennai Super Kings,0,1,0,field,1,0,165.0,169.0,-4.0,Mumbai Indians vs Chennai Super Kings
1136562,2018,2018-04-08,Punjab Cricket Association IS Bindra Stadium,Delhi Capitals,Punjab Kings,Punjab Kings,0,1,0,field,1,0,166.0,167.0,-1.0,Delhi Capitals vs Punjab Kings
1136562,2018,2018-04-08,Punjab Cricket Association IS Bindra Stadium,Punjab Kings,Delhi Capitals,Punjab Kings,1,0,1,field,0,1,167.0,166.0,1.0,Punjab Kings vs Delhi Capitals
1136563,2018,2018-04-08,Eden Gardens,Kolkata Knight Riders,Royal Challengers Bengaluru,Kolkata Knight Riders,1,0,1,field,0,1,177.0,176.0,1.0,Kolkata Knight Riders vs Royal Challengers Bengaluru
1136563,2018,2018-04-08,Eden Gardens,Royal Challengers Bengaluru,Kolkata Knight Riders,Kolkata Knight Riders,0,1,0,field,1,0,176.0,177.0,-1.0,Royal Challengers Bengaluru vs Kolkata Knight Riders
1136564,2018,2018-04-09,Rajiv Gandhi International Stadium,Rajasthan Royals,Sunrisers Hyderabad,Sunrisers Hyderabad,0,1,0,field,1,0,125.0,127.0,-2.0,Rajasthan Royals vs Sunrisers Hyderabad
1136564,2018,2018-04-09,Rajiv Gandhi International Stadium,Sunrisers Hyderabad,Rajasthan Royals,Sunrisers Hyderabad,1,0,1,field,0,1,127.0,125.0,2.0,Sunrisers Hyderabad vs Rajasthan Royals
1136565,2018,2018-04-10,MA Chidambaram Stadium,Chennai Super Kings,Kolkata Knight Riders,Chennai Super Kings,1,0,1,field,0,1,205.0,202.0,3.0,Chennai Super Kings vs Kolkata Knight Riders
1136565,2018,2018-04-10,MA Chidambaram Stadium,Kolkata Knight Riders,Chennai Super Kings,Chennai Super Kings,0,1,0,field,1,0,202.0,205.0,-3.0,Kolkata Knight Riders vs Chennai Super Kings
1136566,2018,2018-04-11,Sawai Mansingh Stadium,Delhi Capitals,Rajasthan Royals,Rajasthan Royals,0,1,1,field,0,1,60.0,153.0,-93.0,Delhi Capitals vs Rajasthan Royals
1136566,2018,2018-04-11,Sawai Mansingh Stadium,Rajasthan Royals,Delhi Capitals,Rajasthan Royals,1,0,0,field,1,0,153.0,60.0,93.0,Rajasthan Royals vs Delhi Capitals
1136567,2018,2018-04-12,Rajiv Gandhi International Stadium,Mumbai Indians,Sunrisers Hyderabad,Sunrisers Hyderabad,0,1,0,field,1,0,147.0,151.0,-4.0,Mumbai Indians vs Sunrisers Hyderabad
1136567,2018,2018-04-12,Rajiv Gandhi International Stadium,Sunrisers Hyderabad,Mumbai Indians,Sunrisers Hyderabad,1,0,1,field,0,1,151.0,147.0,4.0,Sunrisers Hyderabad vs Mumbai Indians
1136568,2018,2018-04-13,M.Chinnaswamy Stadium,Punjab Kings,Royal Challengers Bengaluru,Royal Challengers Bengaluru,0,1,0,field,1,0,155.0,159.0,-4.0,Punjab Kings vs Royal Challengers Bengaluru
1136568,2018,2018-04-13,M.Chinnaswamy Stadium,Royal Challengers Bengaluru,Punjab Kings,Royal Challengers Bengaluru,1,0,1,field,0,1,159.0,155.0,4.0,Royal Challengers Bengaluru vs Punjab Kings
1136569,2018,2018-04-14,Wankhede Stadium,Delhi Capitals,Mumbai Indians,Delhi Capitals,1,0,1,field,0,1,195.0,194.0,1.0,Delhi Capitals vs Mumbai Indians
1136569,2018,2018-04-14,Wankhede Stadium,Mumbai Indians,Delhi Capitals,Delhi Capitals,0,1,0,field,1,0,194.0,195.0,-1.0,Mumbai Indians vs Delhi Capitals
1136570,2018,2018-04-14,Eden Gardens,Kolkata Knight Riders,Sunrisers Hyderabad,Sunrisers Hyderabad,0,1,0,field,1,0,138.0,139.0,-1.0,Kolkata Knight Riders vs Sunrisers Hyderabad
1136570,2018,2018-04-14,Eden Gardens,Sunrisers Hyderabad,Kolkata Knight Riders,Sunrisers Hyderabad,1,0,1,field,0,1,139.0,138.0,1.0,Sunrisers Hyderabad vs Kolkata Knight Riders
1136571,2018,2018-04-15,M.Chinnaswamy Stadium,Rajasthan Royals,Royal Challengers Bengaluru,Rajasthan Royals,1,0,0,field,1,0,217.0,198.0,19.0,Rajasthan Royals vs Royal Challengers Bengaluru
1136571,2018,2018-04-15,M.Chinnaswamy Stadium,Royal Challengers Bengaluru,Rajasthan Royals,Rajasthan Royals,0,1,1,field,0,1,198.0,217.0,-19.0,Royal Challengers Bengaluru vs Rajasthan Royals
1136572,2018,2018-04-15,Punjab Cricket Association IS Bindra Stadium,Chennai Super Kings,Punjab Kings,Punjab Kings,0,1,1,field,0,1,193.0,197.0,-4.0,Chennai Super Kings vs Punjab Kings
1136572,2018,2018-04-15,Punjab Cricket Association IS Bindra Stadium,Punjab Kings,Chennai Super Kings,Punjab Kings,1,0,0,field,1,0,197.0,193.0,4.0,Punjab Kings vs Chennai Super Kings
1136573,2018,2018-04-16,Eden Gardens,Delhi Capitals,Kolkata Knight Riders,Kolkata Knight Riders,0,1,1,field,0,1,129.0,200.0,-71.0,Delhi Capitals vs Kolkata Knight Riders
1136573,2018,2018-04-16,Eden Gardens,Kolkata Knight Riders,Delhi Capitals,Kolkata Knight Riders,1,0,0,field,1,0,200.0,129.0,71.0,Kolkata Knight Riders vs Delhi Capitals
1136574,2018,2018-04-17,Wankhede Stadium,Mumbai Indians,Royal Challengers Bengaluru,Mumbai Indians,1,0,0,field,1,0,213.0,167.0,46.0,Mumbai Indians vs Royal Challengers Bengaluru
1136574,2018,2018-04-17,Wankhede Stadium,Royal Challengers Bengaluru,Mumbai Indians,Mumbai Indians,0,1,1,field,0,1,167.0,213.0,-46.0,Royal Challengers Bengaluru vs Mumbai Indians
1136575,2018,2018-04-18,Sawai Mansingh Stadium,Kolkata Knight Riders,Rajasthan Royals,Kolkata Knight Riders,1,0,1,field,0,1,163.0,160.0,3.0,Kolkata Knight Riders vs Rajasthan Royals
1136575,2018,2018-04-18,Sawai Mansingh Stadium,Rajasthan Royals,Kolkata Knight Riders,Kolkata Knight Riders,0,1,0,field,1,0,160.0,163.0,-3.0,Rajasthan Royals vs Kolkata Knight Riders
1136576,2018,2018-04-19,Punjab Cricket Association IS Bindra Stadium,Punjab Kings,Sunrisers Hyderabad,Punjab Kings,1,0,1,bat,1,0,193.0,178.0,15.0,Punjab Kings vs Sunrisers Hyderabad
1136576,2018,2018-04-19,Punjab Cricket Association IS Bindra Stadium,Sunrisers Hyderabad,Punjab Kings,Punjab Kings,0,1,0,bat,0,1,178.0,193.0,-15.0,Sunrisers Hyderabad vs Punjab Kings
1136577,2018,2018-04-20,Maharashtra Cricket Association Stadium,Chennai Super Kings,Rajasthan Royals,Chennai Super Kings,1,0,0,field,1,0,204.0,140.0,64.0,Chennai Super Kings vs Rajasthan Royals
1136577,2018,2018-04-20,Maharashtra Cricket Association Stadium,Rajasthan Royals,Chennai Super Kings,Chennai Super Kings,0,1,1,field,0,1,140.0,204.0,-64.0,Rajasthan Royals vs Chennai Super Kings
1136578,2018,2018-04-21,Eden Gardens,Kolkata Knight Riders,Punjab Kings,Punjab Kings,0,1,0,field,1,0,191.0,126.0,65.0,Kolkata Knight Riders vs Punjab Kings
1136578,2018,2018-04-21,Eden Gardens,Punjab Kings,Kolkata Knight Riders,Punjab Kings,1,0,1,field,0,1,126.0,191.0,-65.0,Punjab Kings vs Kolkata Knight Riders
1136579,2018,2018-04-21,M.Chinnaswamy Stadium,Delhi Capitals,Royal Challengers Bengaluru,Royal Challengers Bengaluru,0,1,0,field,1,0,174.0,176.0,-2.0,Delhi Capitals vs Royal Challengers Bengaluru
1136579,2018,2018-04-21,M.Chinnaswamy Stadium,Royal Challengers Bengaluru,Delhi Capitals,Royal Challengers Bengaluru,1,0,1,field,0,1,176.0,174.0,2.0,Royal Challengers Bengaluru vs Delhi Capitals
1136580,2018,2018-04-22,Rajiv Gandhi International Stadium,Chennai Super Kings,Sunrisers Hyderabad,Chennai Super Kings,1,0,0,field,1,0,182.0,178.0,4.0,Chennai Super Kings vs Sunrisers Hyderabad
1136580,2018,2018-04-22,Rajiv Gandhi International Stadium,Sunrisers Hyderabad,Chennai Super Kings,Chennai Super Kings,0,1,1,field,0,1,178.0,182.0,-4.0,Sunrisers Hyderabad vs Chennai Super Kings
1136581,2018,2018-04-22,Sawai Mansingh Stadium,Mumbai Indians,Rajasthan Royals,Rajasthan Royals,0,1,1,bat,1,0,167.0,168.0,-1.0,Mumbai Indians vs Rajasthan Royals
1136581,2018,2018-04-22,Sawai Mansingh Stadium,Rajasthan Royals,Mumbai Indians,Rajasthan Royals,1,0,0,bat,0,1,168.0,167.0,1.0,Rajasthan Royals vs Mumbai Indians
1136582,2018,2018-04-23,Arun Jaitley Stadium,Delhi Capitals,Punjab Kings,Punjab Kings,0,1,1,field,0,1,139.0,143.0,-4.0,Delhi Capitals vs Punjab Kings
1136582,2018,2018-04-23,Arun Jaitley Stadium,Punjab Kings,Delhi Capitals,Punjab Kings,1,0,0,field,1,0,143.0,139.0,4.0,Punjab Kings vs Delhi Capitals
1136583,2018,2018-04-24,Wankhede Stadium,Mumbai Indians,Sunrisers Hyderabad,Sunrisers Hyderabad,0,1,1,field,0,1,87.0,118.0,-31.0,Mumbai Indians vs Sunrisers Hyderabad
1136583,2018,2018-04-24,Wankhede Stadium,Sunrisers Hyderabad,Mumbai Indians,Sunrisers Hyderabad,1,0,0,field,1,0,118.0,87.0,31.0,Sunrisers Hyderabad vs Mumbai Indians
1136584,2018,2018-04-25,M.Chinnaswamy Stadium,Chennai Super Kings,Royal Challengers Bengaluru,Chennai Super Kings,1,0,1,field,0,1,207.0,205.0,2.0,Chennai Super Kings vs Royal Challengers Bengaluru
1136584,2018,2018-04-25,M.Chinnaswamy Stadium,Royal Challengers Bengaluru,Chennai Super Kings,Chennai Super Kings,0,1,0,field,1,0,205.0,207.0,-2.0,Royal Challengers Bengaluru vs Chennai Super Kings
1136585,2018,2018-04-26,Rajiv Gandhi International Stadium,Punjab Kings,Sunrisers Hyderabad,Sunrisers Hyderabad,0,1,1,field,0,1,119.0,132.0,-13.0,Punjab Kings vs Sunrisers Hyderabad
1136585,2018,2018-04-26,Rajiv Gandhi International Stadium,Sunrisers Hyderabad,Punjab Kings,Sunrisers Hyderabad,1,0,0,field,1,0,132.0,119.0,13.0,Sunrisers Hyderabad vs Punjab Kings
1136586,2018,2018-04-27,Arun Jaitley Stadium,Delhi Capitals,Kolkata Knight Riders,Delhi Capitals,1,0,0,field,1,0,219.0,164.0,55.0,Delhi Capitals vs Kolkata Knight Riders
1136586,2018,2018-04-27,Arun Jaitley Stadium,Kolkata Knight Riders,Delhi Capitals,Delhi Capitals,0,1,1,field,0,1,164.0,219.0,-55.0,Kolkata Knight Riders vs Delhi Capitals
1136587,2018,2018-04-28,Maharashtra Cricket Association Stadium,Chennai Super Kings,Mumbai Indians,Mumbai Indians,0,1,0,field,1,0,169.0,170.0,-1.0,Chennai Super Kings vs Mumbai Indians
1136587,2018,2018-04-28,Maharashtra Cricket Association Stadium,Mumbai Indians,Chennai Super Kings,Mumbai Indians,1,0,1,field,0,1,170.0,169.0,1.0,Mumbai Indians vs Chennai Super Kings
1136588,2018,2018-04-29,Sawai Mansingh Stadium,Rajasthan Royals,Sunrisers Hyderabad,Sunrisers Hyderabad,0,1,0,bat,0,1,140.0,151.0,-11.0,Rajasthan Royals vs Sunrisers Hyderabad
1136588,2018,2018-04-29,Sawai Mansingh Stadium,Sunrisers Hyderabad,Rajasthan Royals,Sunrisers Hyderabad,1,0,1,bat,1,0,151.0,140.0,11.0,Sunrisers Hyderabad vs Rajasthan Royals
1136589,2018,2018-04-29,M.Chinnaswamy Stadium,Kolkata Knight Riders,Royal Challengers Bengaluru,Kolkata Knight Riders,1,0,1,field,0,1,176.0,175.0,1.0,Kolkata Knight Riders vs Royal Challengers Bengaluru
1136589,2018,2018-04-29,M.Chinnaswamy Stadium,Royal Challengers Bengaluru,Kolkata Knight Riders,Kolkata Knight Riders,0,1,0,field,1,0,175.0,176.0,-1.0,Royal Challengers Bengaluru vs Kolkata Knight Riders
1136590,2018,2018-04-30,Maharashtra Cricket Association Stadium,Chennai Super Kings,Delhi Capitals,Chennai Super Kings,1,0,0,field,1,0,211.0,198.0,13.0,Chennai Super Kings vs Delhi Capitals
1136590,2018,2018-04-30,Maharashtra Cricket Association Stadium,Delhi Capitals,Chennai Super Kings,Chennai Super Kings,0,1,1,field,0,1,198.0,211.0,-13.0,Delhi Capitals vs Chennai Super Kings
1136591,2018,2018-05-01,M.Chinnaswamy Stadium,Mumbai Indians,Royal Challengers Bengaluru,Royal Challengers Bengaluru,0,1,1,field,0,1,153.0,167.0,-14.0,Mumbai Indians vs Royal Challengers Bengaluru
1136591,2018,2018-05-01,M.Chinnaswamy Stadium,Royal Challengers Bengaluru,Mumbai Indians,Royal Challengers Bengaluru,1,0,0,field,1,0,167.0,153.0,14.0,Royal Challengers Bengaluru vs Mumbai Indians
1136592,2018,2018-05-02,Arun Jaitley Stadium,Delhi Capitals,Rajasthan Royals,Delhi Capitals,1,0,0,field,1,0,196.0,146.0,50.0,Delhi Capitals vs Rajasthan Royals
1136592,2018,2018-05-02,Arun Jaitley Stadium,Rajasthan Royals,Delhi Capitals,Delhi Capitals,0,1,1,field,0,1,146.0,196.0,-50.0,Rajasthan Royals vs Delhi Capitals
1136593,2018,2018-05-03,Eden Gardens,Chennai Super Kings,Kolkata Knight Riders,Kolkata Knight Riders,0,1,0,field,1,0,177.0,180.0,-3.0,Chennai Super Kings vs Kolkata Knight Riders
1136593,2018,2018-05-03,Eden Gardens,Kolkata Knight Riders,Chennai Super Kings,Kolkata Knight Riders,1,0,1,field,0,1,180.0,177.0,3.0,Kolkata Knight Riders vs Chennai Super Kings
1136594,2018,2018-05-04,Holkar Cricket Stadium,Mumbai Indians,Punjab Kings,Mumbai Indians,1,0,1,field,0,1,176.0,174.0,2.0,Mumbai Indians vs Punjab Kings
1136594,2018,2018-05-04,Holkar Cricket Stadium,Punjab Kings,Mumbai Indians,Mumbai Indians,0,1,0,field,1,0,174.0,176.0,-2.0,Punjab Kings vs Mumbai Indians
1136595,2018,2018-05-05,Maharashtra Cricket Association Stadium,Chennai Super Kings,Royal Challengers Bengaluru,Chennai Super Kings,1,0,1,field,0,1,128.0,127.0,1.0,Chennai Super Kings vs Royal Challengers Bengaluru
1136595,2018,2018-05-05,Maharashtra Cricket Association Stadium,Royal Challengers Bengaluru,Chennai Super Kings,Chennai Super Kings,0,1,0,field,1,0,127.0,128.0,-1.0,Royal Challengers Bengaluru vs Chennai Super Kings
1136596,2018,2018-05-05,Rajiv Gandhi International Stadium,Delhi Capitals,Sunrisers Hyderabad,Sunrisers Hyderabad,0,1,1,bat,1,0,163.0,164.0,-1.0,Delhi Capitals vs Sunrisers Hyderabad
1136596,2018,2018-05-05,Rajiv Gandhi International Stadium,Sunrisers Hyderabad,Delhi Capitals,Sunrisers Hyderabad,1,0,0,bat,0,1,164.0,163.0,1.0,Sunrisers Hyderabad vs Delhi Capitals
1136597,2018,2018-05-06,Wankhede Stadium,Kolkata Knight Riders,Mumbai Indians,Mumbai Indians,0,1,1,field,0,1,168.0,181.0,-13.0,Kolkata Knight Riders vs Mumbai Indians
1136597,2018,2018-05-06,Wankhede Stadium,Mumbai Indians,Kolkata Knight Riders,Mumbai Indians,1,0,0,field,1,0,181.0,168.0,13.0,Mumbai Indians vs Kolkata Knight Riders
1136598,2018,2018-05-06,Holkar Cricket Stadium,Punjab Kings,Rajasthan Royals,Punjab Kings,1,0,1,field,0,1,155.0,152.0,3.0,Punjab Kings vs Rajasthan Royals
1136598,2018,2018-05-06,Holkar Cricket Stadium,Rajasthan Royals,Punjab Kings,Punjab Kings,0,1,0,field,1,0,152.0,155.0,-3.0,Rajasthan Royals vs Punjab Kings
1136599,2018,2018-05-07,Rajiv Gandhi International Stadium,Royal Challengers Bengaluru,Sunrisers Hyderabad,Sunrisers Hyderabad,0,1,1,field,0,1,141.0,146.0,-5.0,Royal Challengers Bengaluru vs Sunrisers Hyderabad
1136599,2018,2018-05-07,Rajiv Gandhi International Stadium,Sunrisers Hyderabad,Royal Challengers Bengaluru,Sunrisers Hyderabad,1,0,0,field,1,0,146.0,141.0,5.0,Sunrisers Hyderabad vs Royal Challengers Bengaluru
1136600,2018,2018-05-08,Sawai Mansingh Stadium,Punjab Kings,Rajasthan Royals,Rajasthan Royals,0,1,0,bat,0,1,143.0,158.0,-15.0,Punjab Kings vs Rajasthan Royals
1136600,2018,2018-05-08,Sawai Mansingh Stadium,Rajasthan Royals,Punjab Kings,Rajasthan Royals,1,0,1,bat,1,0,158.0,143.0,15.0,Rajasthan Royals vs Punjab Kings
1136601,2018,2018-05-09,Eden Gardens,Kolkata Knight Riders,Mumbai Indians,Mumbai Indians,0,1,1,field,0,1,108.0,210.0,-102.0,Kolkata Knight Riders vs Mumbai Indians
1136601,2018,2018-05-09,Eden Gardens,Mumbai Indians,Kolkata Knight Riders,Mumbai Indians,1,0,0,field,1,0,210.0,108.0,102.0,Mumbai Indians vs Kolkata Knight Riders
1136602,2018,2018-05-10,Arun Jaitley Stadium,Delhi Capitals,Sunrisers Hyderabad,Sunrisers Hyderabad,0,1,1,bat,1,0,187.0,191.0,-4.0,Delhi Capitals vs Sunrisers Hyderabad
1136602,2018,2018-05-10,Arun Jaitley Stadium,Sunrisers Hyderabad,Delhi Capitals,Sunrisers Hyderabad,1,0,0,bat,0,1,191.0,187.0,4.0,Sunrisers Hyderabad vs Delhi Capitals
1136603,2018,2018-05-11,Sawai Mansingh Stadium,Chennai Super Kings,Rajasthan Royals,Rajasthan Royals,0,1,1,bat,1,0,176.0,177.0,-1.0,Chennai Super Kings vs Rajasthan Royals
1136603,2018,2018-05-11,Sawai Mansingh Stadium,Rajasthan Royals,Chennai Super Kings,Rajasthan Royals,1,0,0,bat,0,1,177.0,176.0,1.0,Rajasthan Royals vs Chennai Super Kings
1136604,2018,2018-05-12,Holkar Cricket Stadium,Kolkata Knight Riders,Punjab Kings,Kolkata Knight Riders,1,0,0,field,1,0,245.0,214.0,31.0,Kolkata Knight Riders vs Punjab Kings
1136604,2018,2018-05-12,Holkar Cricket Stadium,Punjab Kings,Kolkata Knight Riders,Kolkata Knight Riders,0,1,1,field,0,1,214.0,245.0,-31.0,Punjab Kings vs Kolkata Knight Riders
1136605,2018,2018-05-12,Arun Jaitley Stadium,Delhi Capitals,Royal Challengers Bengaluru,Royal Challengers Bengaluru,0,1,0,field,1,0,181.0,187.0,-6.0,Delhi Capitals vs Royal Challengers Bengaluru
1136605,2018,2018-05-12,Arun Jaitley Stadium,Royal Challengers Bengaluru,Delhi Capitals,Royal Challengers Bengaluru,1,0,1,field,0,1,187.0,181.0,6.0,Royal Challengers Bengaluru vs Delhi Capitals
1136606,2018,2018-05-13,Maharashtra Cricket Association Stadium,Chennai Super Kings,Sunrisers Hyderabad,Chennai Super Kings,1,0,1,field,0,1,180.0,179.0,1.0,Chennai Super Kings vs Sunrisers Hyderabad
1136606,2018,2018-05-13,Maharashtra Cricket Association Stadium,Sunrisers Hyderabad,Chennai Super Kings,Chennai Super Kings,0,1,0,field,1,0,179.0,180.0,-1.0,Sunrisers Hyderabad vs Chennai Super Kings
1136607,2018,2018-05-13,Wankhede Stadium,Mumbai Indians,Rajasthan Royals,Rajasthan Royals,0,1,0,field,1,0,168.0,171.0,-3.0,Mumbai Indians vs Rajasthan Royals
1136607,2018,2018-05-13,Wankhede Stadium,Rajasthan Royals,Mumbai Indians,Rajasthan Royals,1,0,1,field,0,1,171.0,168.0,3.0,Rajasthan Royals vs Mumbai Indians
1136608,2018,2018-05-14,Holkar Cricket Stadium,Punjab Kings,Royal Challengers Bengaluru,Royal Challengers Bengaluru,0,1,0,field,1,0,88.0,92.0,-4.0,Punjab Kings vs Royal Challengers Bengaluru
1136608,2018,2018-05-14,Holkar Cricket Stadium,Royal Challengers Bengaluru,Punjab Kings,Royal Challengers Bengaluru,1,0,1,field,0,1,92.0,88.0,4.0,Royal Challengers Bengaluru vs Punjab Kings
1136609,2018,2018-05-15,Eden Gardens,Kolkata Knight Riders,Rajasthan Royals,Kolkata Knight Riders,1,0,1,field,0,1,145.0,142.0,3.0,Kolkata Knight Riders vs Rajasthan Royals
1136609,2018,2018-05-15,Eden Gardens,Rajasthan Royals,Kolkata Knight Riders,Kolkata Knight Riders,0,1,0,field,1,0,142.0,145.0,-3.0,Rajasthan Royals vs Kolkata Knight Riders
1136610,2018,2018-05-16,Wankhede Stadium,Mumbai Indians,Punjab Kings,Mumbai Indians,1,0,0,field,1,0,186.0,183.0,3.0,Mumbai Indians vs Punjab Kings
1136610,2018,2018-05-16,Wankhede Stadium,Punjab Kings,Mumbai Indians,Mumbai Indians,0,1,1,field,0,1,183.0,186.0,-3.0,Punjab Kings vs Mumbai Indians
1136611,2018,2018-05-17,M.Chinnaswamy Stadium,Royal Challengers Bengaluru,Sunrisers Hyderabad,Royal Challengers Bengaluru,1,0,0,field,1,0,218.0,204.0,14.0,Royal Challengers Bengaluru vs Sunrisers Hyderabad
1136611,2018,2018-05-17,M.Chinnaswamy Stadium,Sunrisers Hyderabad,Royal Challengers Bengaluru,Royal Challengers Bengaluru,0,1,1,field,0,1,204.0,218.0,-14.0,Sunrisers Hyderabad vs Royal Challengers Bengaluru
1136612,2018,2018-05-18,Arun Jaitley Stadium,Chennai Super Kings,Delhi Capitals,Delhi Capitals,0,1,1,field,0,1,128.0,162.0,-34.0,Chennai Super Kings vs Delhi Capitals
1136612,2018,2018-05-18,Arun Jaitley Stadium,Delhi Capitals,Chennai Super Kings,Delhi Capitals,1,0,0,field,1,0,162.0,128.0,34.0,Delhi Capitals vs Chennai Super Kings
1136613,2018,2018-05-19,Sawai Mansingh Stadium,Rajasthan Royals,Royal Challengers Bengaluru,Rajasthan Royals,1,0,1,bat,1,0,164.0,134.0,30.0,Rajasthan Royals vs Royal Challengers Bengaluru
1136613,2018,2018-05-19,Sawai Mansingh Stadium,Royal Challengers Bengaluru,Rajasthan Royals,Rajasthan Royals,0,1,0,bat,0,1,134.0,164.0,-30.0,Royal Challengers Bengaluru vs Rajasthan Royals
1136614,2018,2018-05-19,Rajiv Gandhi International Stadium,Kolkata Knight Riders,Sunrisers Hyderabad,Kolkata Knight Riders,1,0,0,bat,0,1,173.0,172.0,1.0,Kolkata Knight Riders vs Sunrisers Hyderabad
1136614,2018,2018-05-19,Rajiv Gandhi International Stadium,Sunrisers Hyderabad,Kolkata Knight Riders,Kolkata Knight Riders,0,1,1,bat,1,0,172.0,173.0,-1.0,Sunrisers Hyderabad vs Kolkata Knight Riders
1136615,2018,2018-05-20,Arun Jaitley Stadium,Delhi Capitals,Mumbai Indians,Delhi Capitals,1,0,1,bat,1,0,174.0,163.0,11.0,Delhi Capitals vs Mumbai Indians
1136615,2018,2018-05-20,Arun Jaitley Stadium,Mumbai Indians,Delhi Capitals,Delhi Capitals,0,1,0,bat,0,1,163.0,174.0,-11.0,Mumbai Indians vs Delhi Capitals
1136616,2018,2018-05-20,Maharashtra Cricket Association Stadium,Chennai Super Kings,Punjab Kings,Chennai Super Kings,1,0,1,field,0,1,159.0,153.0,6.0,Chennai Super Kings vs Punjab Kings
1136616,2018,2018-05-20,Maharashtra Cricket Association Stadium,Punjab Kings,Chennai Super Kings,Chennai Super Kings,0,1,0,field,1,0,153.0,159.0,-6.0,Punjab Kings vs Chennai Super Kings
1136617,2018,2018-05-22,Wankhede Stadium,Chennai Super Kings,Sunrisers Hyderabad,Chennai Super Kings,1,0,1,field,0,1,140.0,139.0,1.0,Chennai Super Kings vs Sunrisers Hyderabad
1136617,2018,2018-05-22,Wankhede Stadium,Sunrisers Hyderabad,Chennai Super Kings,Chennai Super Kings,0,1,0,field,1,0,139.0,140.0,-1.0,Sunrisers Hyderabad vs Chennai Super Kings
1136618,2018,2018-05-23,Eden Gardens,Kolkata Knight Riders,Rajasthan Royals,Kolkata Knight Riders,1,0,0,field,1,0,169.0,144.0,25.0,Kolkata Knight Riders vs Rajasthan Royals
1136618,2018,2018-05-23,Eden Gardens,Rajasthan Royals,Kolkata Knight Riders,Kolkata Knight Riders,0,1,1,field,0,1,144.0,169.0,-25.0,Rajasthan Royals vs Kolkata Knight Riders
1136619,2018,2018-05-25,Eden Gardens,Kolkata Knight Riders,Sunrisers Hyderabad,Sunrisers Hyderabad,0,1,1,field,0,1,160.0,174.0,-14.0,Kolkata Knight Riders vs Sunrisers Hyderabad
1136619,2018,2018-05-25,Eden Gardens,Sunrisers Hyderabad,Kolkata Knight Riders,Sunrisers Hyderabad,1,0,0,field,1,0,174.0,160.0,14.0,Sunrisers Hyderabad vs Kolkata Knight Riders
1136620,2018,2018-05-27,Wankhede Stadium,Chennai Super Kings,Sunrisers Hyderabad,Chennai Super Kings,1,0,1,field,0,1,181.0,178.0,3.0,Chennai Super Kings vs Sunrisers Hyderabad
1136620,2018,2018-05-27,Wankhede Stadium,Sunrisers Hyderabad,Chennai Super Kings,Chennai Super Kings,0,1,0,field,1,0,178.0,181.0,-3.0,Sunrisers Hyderabad vs Chennai Super Kings
1175356,2019,2019-03-23,MA Chidambaram Stadium,Chennai Super Kings,Royal Challengers Bengaluru,Chennai Super Kings,1,0,1,field,0,1,71.0,70.0,1.0,Chennai Super Kings vs Royal Challengers Bengaluru
1175356,2019,2019-03-23,MA Chidambaram Stadium,Royal Challengers Bengaluru,Chennai Super Kings,Chennai Super Kings,0,1,0,field,1,0,70.0,71.0,-1.0,Royal Challengers Bengaluru vs Chennai Super Kings
1175357,2019,2019-03-24,Eden Gardens,Kolkata Knight Riders,Sunrisers Hyderabad,Kolkata Knight Riders,1,0,1,field,0,1,183.0,181.0,2.0,Kolkata Knight Riders vs Sunrisers Hyderabad
1175357,2019,2019-03-24,Eden Gardens,Sunrisers Hyderabad,Kolkata Knight Riders,Kolkata Knight Riders,0,1,0,field,1,0,181.0,183.0,-2.0,Sunrisers Hyderabad vs Kolkata Knight Riders
1175358,2019,2019-03-24,Wankhede Stadium,Delhi Capitals,Mumbai Indians,Delhi Capitals,1,0,0,field,1,0,213.0,176.0,37.0,Delhi Capitals vs Mumbai Indians
1175358,2019,2019-03-24,Wankhede Stadium,Mumbai Indians,Delhi Capitals,Delhi Capitals,0,1,1,field,0,1,176.0,213.0,-37.0,Mumbai Indians vs Delhi Capitals
1175359,2019,2019-03-25,Sawai Mansingh Stadium,Punjab Kings,Rajasthan Royals,Punjab Kings,1,0,0,field,1,0,184.0,170.0,14.0,Punjab Kings vs Rajasthan Royals
1175359,2019,2019-03-25,Sawai Mansingh Stadium,Rajasthan Royals,Punjab Kings,Punjab Kings,0,1,1,field,0,1,170.0,184.0,-14.0,Rajasthan Royals vs Punjab Kings
1175360,2019,2019-03-26,Arun Jaitley Stadium,Chennai Super Kings,Delhi Capitals,Chennai Super Kings,1,0,0,bat,0,1,150.0,147.0,3.0,Chennai Super Kings vs Delhi Capitals
1175360,2019,2019-03-26,Arun Jaitley Stadium,Delhi Capitals,Chennai Super Kings,Chennai Super Kings,0,1,1,bat,1,0,147.0,150.0,-3.0,Delhi Capitals vs Chennai Super Kings
1175361,2019,2019-03-27,Eden Gardens,Kolkata Knight Riders,Punjab Kings,Kolkata Knight Riders,1,0,0,field,1,0,218.0,190.0,28.0,Kolkata Knight Riders vs Punjab Kings
1175361,2019,2019-03-27,Eden Gardens,Punjab Kings,Kolkata Knight Riders,Kolkata Knight Riders,0,1,1,field,0,1,190.0,218.0,-28.0,Punjab Kings vs Kolkata Knight Riders
1175362,2019,2019-03-28,M.Chinnaswamy Stadium,Mumbai Indians,Royal Challengers Bengaluru,Mumbai Indians,1,0,0,field,1,0,187.0,181.0,6.0,Mumbai Indians vs Royal Challengers Bengaluru
1175362,2019,2019-03-28,M.Chinnaswamy Stadium,Royal Challengers Bengaluru,Mumbai Indians,Mumbai Indians,0,1,1,field,0,1,181.0,187.0,-6.0,Royal Challengers Bengaluru vs Mumbai Indians
1175363,2019,2019-03-29,Rajiv Gandhi International Stadium,Rajasthan Royals,Sunrisers Hyderabad,Sunrisers Hyderabad,0,1,1,bat,1,0,198.0,201.0,-3.0,Rajasthan Royals vs Sunrisers Hyderabad
1175363,2019,2019-03-29,Rajiv Gandhi International Stadium,Sunrisers Hyderabad,Rajasthan Royals,Sunrisers Hyderabad,1,0,0,bat,0,1,201.0,198.0,3.0,Sunrisers Hyderabad vs Rajasthan Royals
1175364,2019,2019-03-30,Punjab Cricket Association IS Bindra Stadium,Mumbai Indians,Punjab Kings,Punjab Kings,0,1,0,field,1,0,176.0,177.0,-1.0,Mumbai Indians vs Punjab Kings
1175364,2019,2019-03-30,Punjab Cricket Association IS Bindra Stadium,Punjab Kings,Mumbai Indians,Punjab Kings,1,0,1,field,0,1,177.0,176.0,1.0,Punjab Kings vs Mumbai Indians
1175365,2019,2019-03-30,Arun Jaitley Stadium,Delhi Capitals,Kolkata Knight Riders,Delhi Capitals,1,0,1,field,0,1,185.0,185.0,0.0,Delhi Capitals vs Kolkata Knight Riders
1175365,2019,2019-03-30,Arun Jaitley Stadium,Kolkata Knight Riders,Delhi Capitals,Delhi Capitals,0,1,0,field,1,0,185.0,185.0,0.0,Kolkata Knight Riders vs Delhi Capitals
1175366,2019,2019-03-31,Rajiv Gandhi International Stadium,Royal Challengers Bengaluru,Sunrisers Hyderabad,Sunrisers Hyderabad,0,1,1,field,0,1,113.0,231.0,-118.0,Royal Challengers Bengaluru vs Sunrisers Hyderabad
1175366,2019,2019-03-31,Rajiv Gandhi International Stadium,Sunrisers Hyderabad,Royal Challengers Bengaluru,Sunrisers Hyderabad,1,0,0,field,1,0,231.0,113.0,118.0,Sunrisers Hyderabad vs Royal Challengers Bengaluru
1175367,2019,2019-03-31,MA Chidambaram Stadium,Chennai Super Kings,Rajasthan Royals,Chennai Super Kings,1,0,0,field,1,0,175.0,167.0,8.0,Chennai Super Kings vs Rajasthan Royals
1175367,2019,2019-03-31,MA Chidambaram Stadium,Rajasthan Royals,Chennai Super Kings,Chennai Super Kings,0,1,1,field,0,1,167.0,175.0,-8.0,Rajasthan Royals vs Chennai Super Kings
1175368,2019,2019-04-01,Punjab Cricket Association IS Bindra Stadium,Delhi Capitals,Punjab Kings,Punjab Kings,0,1,1,field,0,1,152.0,166.0,-14.0,Delhi Capitals vs Punjab Kings
1175368,2019,2019-04-01,Punjab Cricket Association IS Bindra Stadium,Punjab Kings,Delhi Capitals,Punjab Kings,1,0,0,field,1,0,166.0,152.0,14.0,Punjab Kings vs Delhi Capitals
1175369,2019,2019-04-02,Sawai Mansingh Stadium,Rajasthan Royals,Royal Challengers Bengaluru,Rajasthan Royals,1,0,1,field,0,1,164.0,158.0,6.0,Rajasthan Royals vs Royal Challengers Bengaluru
1175369,2019,2019-04-02,Sawai Mansingh Stadium,Royal Challengers Bengaluru,Rajasthan Royals,Rajasthan Royals,0,1,0,field,1,0,158.0,164.0,-6.0,Royal Challengers Bengaluru vs Rajasthan Royals
1175370,2019,2019-04-03,Wankhede Stadium,Chennai Super Kings,Mumbai Indians,Mumbai Indians,0,1,1,field,0,1,133.0,170.0,-37.0,Chennai Super Kings vs Mumbai Indians
1175370,2019,2019-04-03,Wankhede Stadium,Mumbai Indians,Chennai Super Kings,Mumbai Indians,1,0,0,field,1,0,170.0,133.0,37.0,Mumbai Indians vs Chennai Super Kings
1175371,2019,2019-04-04,Arun Jaitley Stadium,Delhi Capitals,Sunrisers Hyderabad,Sunrisers Hyderabad,0,1,0,field,1,0,129.0,131.0,-2.0,Delhi Capitals vs Sunrisers Hyderabad
1175371,2019,2019-04-04,Arun Jaitley Stadium,Sunrisers Hyderabad,Delhi Capitals,Sunrisers Hyderabad,1,0,1,field,0,1,131.0,129.0,2.0,Sunrisers Hyderabad vs Delhi Capitals
1175372,2019,2019-04-05,M.Chinnaswamy Stadium,Kolkata Knight Riders,Royal Challengers Bengaluru,Kolkata Knight Riders,1,0,1,field,0,1,206.0,205.0,1.0,Kolkata Knight Riders vs Royal Challengers Bengaluru
1175372,2019,2019-04-05,M.Chinnaswamy Stadium,Royal Challengers Bengaluru,Kolkata Knight Riders,Kolkata Knight Riders,0,1,0,field,1,0,205.0,206.0,-1.0,Royal Challengers Bengaluru vs Kolkata Knight Riders
1178393,2019,2019-04-06,MA Chidambaram Stadium,Chennai Super Kings,Punjab Kings,Chennai Super Kings,1,0,1,bat,1,0,160.0,138.0,22.0,Chennai Super Kings vs Punjab Kings
1178393,2019,2019-04-06,MA Chidambaram Stadium,Punjab Kings,Chennai Super Kings,Chennai Super Kings,0,1,0,bat,0,1,138.0,160.0,-22.0,Punjab Kings vs Chennai Super Kings
1178394,2019,2019-04-06,Rajiv Gandhi International Stadium,Mumbai Indians,Sunrisers Hyderabad,Mumbai Indians,1,0,0,field,1,0,136.0,96.0,40.0,Mumbai Indians vs Sunrisers Hyderabad
1178394,2019,2019-04-06,Rajiv Gandhi International Stadium,Sunrisers Hyderabad,Mumbai Indians,Mumbai Indians,0,1,1,field,0,1,96.0,136.0,-40.0,Sunrisers Hyderabad vs Mumbai Indians
1178395,2019,2019-04-07,M.Chinnaswamy Stadium,Delhi Capitals,Royal Challengers Bengaluru,Delhi Capitals,1,0,1,field,0,1,152.0,149.0,3.0,Delhi Capitals vs Royal Challengers Bengaluru
1178395,2019,2019-04-07,M.Chinnaswamy Stadium,Royal Challengers Bengaluru,Delhi Capitals,Delhi Capitals,0,1,0,field,1,0,149.0,152.0,-3.0,Royal Challengers Bengaluru vs Delhi Capitals
1178396,2019,2019-04-07,Sawai Mansingh Stadium,Kolkata Knight Riders,Rajasthan Royals,Kolkata Knight Riders,1,0,1,field,0,1,140.0,139.0,1.0,Kolkata Knight Riders vs Rajasthan Royals
1178396,2019,2019-04-07,Sawai Mansingh Stadium,Rajasthan Royals,Kolkata Knight Riders,Kolkata Knight Riders,0,1,0,field,1,0,139.0,140.0,-1.0,Rajasthan Royals vs Kolkata Knight Riders
1178397,2019,2019-04-08,Punjab Cricket Association IS Bindra Stadium,Punjab Kings,Sunrisers Hyderabad,Punjab Kings,1,0,1,field,0,1,151.0,150.0,1.0,Punjab Kings vs Sunrisers Hyderabad
1178397,2019,2019-04-08,Punjab Cricket Association IS Bindra Stadium,Sunrisers Hyderabad,Punjab Kings,Punjab Kings,0,1,0,field,1,0,150.0,151.0,-1.0,Sunrisers Hyderabad vs Punjab Kings
1178398,2019,2019-04-09,MA Chidambaram Stadium,Chennai Super Kings,Kolkata Knight Riders,Chennai Super Kings,1,0,1,field,0,1,111.0,108.0,3.0,Chennai Super Kings vs Kolkata Knight Riders
1178398,2019,2019-04-09,MA Chidambaram Stadium,Kolkata Knight Riders,Chennai Super Kings,Chennai Super Kings,0,1,0,field,1,0,108.0,111.0,-3.0,Kolkata Knight Riders vs Chennai Super Kings
1178399,2019,2019-04-10,Wankhede Stadium,Mumbai Indians,Punjab Kings,Mumbai Indians,1,0,1,field,0,1,198.0,197.0,1.0,Mumbai Indians vs Punjab Kings
1178399,2019,2019-04-10,Wankhede Stadium,Punjab Kings,Mumbai Indians,Mumbai Indians,0,1,0,field,1,0,197.0,198.0,-1.0,Punjab Kings vs Mumbai Indians
1178400,2019,2019-04-11,Sawai Mansingh Stadium,Chennai Super Kings,Rajasthan Royals,Chennai Super Kings,1,0,1,field,0,1,155.0,151.0,4.0,Chennai Super Kings vs Rajasthan Royals
1178400,2019,2019-04-11,Sawai Mansingh Stadium,Rajasthan Royals,Chennai Super Kings,Chennai Super Kings,0,1,0,field,1,0,151.0,155.0,-4.0,Rajasthan Royals vs Chennai Super Kings
1178401,2019,2019-04-12,Eden Gardens,Delhi Capitals,Kolkata Knight Riders,Delhi Capitals,1,0,1,field,0,1,180.0,178.0,2.0,Delhi Capitals vs Kolkata Knight Riders
1178401,2019,2019-04-12,Eden Gardens,Kolkata Knight Riders,Delhi Capitals,Delhi Capitals,0,1,0,field,1,0,178.0,180.0,-2.0,Kolkata Knight Riders vs Delhi Capitals
1178402,2019,2019-04-13,Wankhede Stadium,Mumbai Indians,Rajasthan Royals,Rajasthan Royals,0,1,0,field,1,0,187.0,188.0,-1.0,Mumbai Indians vs Rajasthan Royals
1178402,2019,2019-04-13,Wankhede Stadium,Rajasthan Royals,Mumbai Indians,Rajasthan Royals,1,0,1,field,0,1,188.0,187.0,1.0,Rajasthan Royals vs Mumbai Indians
1178403,2019,2019-04-13,Punjab Cricket Association IS Bindra Stadium,Punjab Kings,Royal Challengers Bengaluru,Royal Challengers Bengaluru,0,1,0,field,1,0,173.0,174.0,-1.0,Punjab Kings vs Royal Challengers Bengaluru
1178403,2019,2019-04-13,Punjab Cricket Association IS Bindra Stadium,Royal Challengers Bengaluru,Punjab Kings,Royal Challengers Bengaluru,1,0,1,field,0,1,174.0,173.0,1.0,Royal Challengers Bengaluru vs Punjab Kings
1178404,2019,2019-04-14,Eden Gardens,Chennai Super Kings,Kolkata Knight Riders,Chennai Super Kings,1,0,1,field,0,1,162.0,161.0,1.0,Chennai Super Kings vs Kolkata Knight Riders
1178404,2019,2019-04-14,Eden Gardens,Kolkata Knight Riders,Chennai Super Kings,Chennai Super Kings,0,1,0,field,1,0,161.0,162.0,-1.0,Kolkata Knight Riders vs Chennai Super Kings
1178405,2019,2019-04-14,Rajiv Gandhi International Stadium,Delhi Capitals,Sunrisers Hyderabad,Delhi Capitals,1,0,0,field,1,0,155.0,116.0,39.0,Delhi Capitals vs Sunrisers Hyderabad
1178405,2019,2019-04-14,Rajiv Gandhi International Stadium,Sunrisers Hyderabad,Delhi Capitals,Delhi Capitals,0,1,1,field,0,1,116.0,155.0,-39.0,Sunrisers Hyderabad vs Delhi Capitals
1178406,2019,2019-04-15,Wankhede Stadium,Mumbai Indians,Royal Challengers Bengaluru,Mumbai Indians,1,0,1,field,0,1,172.0,171.0,1.0,Mumbai Indians vs Royal Challengers Bengaluru
1178406,2019,2019-04-15,Wankhede Stadium,Royal Challengers Bengaluru,Mumbai Indians,Mumbai Indians,0,1,0,field,1,0,171.0,172.0,-1.0,Royal Challengers Bengaluru vs Mumbai Indians
1178407,2019,2019-04-16,Punjab Cricket Association IS Bindra Stadium,Punjab Kings,Rajasthan Royals,Punjab Kings,1,0,0,field,1,0,182.0,170.0,12.0,Punjab Kings vs Rajasthan Royals
1178407,2019,2019-04-16,Punjab Cricket Association IS Bindra Stadium,Rajasthan Royals,Punjab Kings,Punjab Kings,0,1,1,field,0,1,170.0,182.0,-12.0,Rajasthan Royals vs Punjab Kings
1178408,2019,2019-04-17,Rajiv Gandhi International Stadium,Chennai Super Kings,Sunrisers Hyderabad,Sunrisers Hyderabad,0,1,1,bat,1,0,132.0,137.0,-5.0,Chennai Super Kings vs Sunrisers Hyderabad
1178408,2019,2019-04-17,Rajiv Gandhi International Stadium,Sunrisers Hyderabad,Chennai Super Kings,Sunrisers Hyderabad,1,0,0,bat,0,1,137.0,132.0,5.0,Sunrisers Hyderabad vs Chennai Super Kings
1178409,2019,2019-04-18,Arun Jaitley Stadium,Delhi Capitals,Mumbai Indians,Mumbai Indians,0,1,0,bat,0,1,128.0,168.0,-40.0,Delhi Capitals vs Mumbai Indians
1178409,2019,2019-04-18,Arun Jaitley Stadium,Mumbai Indians,Delhi Capitals,Mumbai Indians,1,0,1,bat,1,0,168.0,128.0,40.0,Mumbai Indians vs Delhi Capitals
1178410,2019,2019-04-19,Eden Gardens,Kolkata Knight Riders,Royal Challengers Bengaluru,Royal Challengers Bengaluru,0,1,1,field,0,1,203.0,213.0,-10.0,Kolkata Knight Riders vs Royal Challengers Bengaluru
1178410,2019,2019-04-19,Eden Gardens,Royal Challengers Bengaluru,Kolkata Knight Riders,Royal Challengers Bengaluru,1,0,0,field,1,0,213.0,203.0,10.0,Royal Challengers Bengaluru vs Kolkata Knight Riders
1178411,2019,2019-04-20,Sawai Mansingh Stadium,Mumbai Indians,Rajasthan Royals,Rajasthan Royals,0,1,0,field,1,0,161.0,162.0,-1.0,Mumbai Indians vs Rajasthan Royals
1178411,2019,2019-04-20,Sawai Mansingh Stadium,Rajasthan Royals,Mumbai Indians,Rajasthan Royals,1,0,1,field,0,1,162.0,161.0,1.0,Rajasthan Royals vs Mumbai Indians
1178412,2019,2019-04-20,Arun Jaitley Stadium,Delhi Capitals,Punjab Kings,Delhi Capitals,1,0,1,field,0,1,166.0,163.0,3.0,Delhi Capitals vs Punjab Kings
1178412,2019,2019-04-20,Arun Jaitley Stadium,Punjab Kings,Delhi Capitals,Delhi Capitals,0,1,0,field,1,0,163.0,166.0,-3.0,Punjab Kings vs Delhi Capitals
1178413,2019,2019-04-21,Rajiv Gandhi International Stadium,Kolkata Knight Riders,Sunrisers Hyderabad,Sunrisers Hyderabad,0,1,0,field,1,0,159.0,161.0,-2.0,Kolkata Knight Riders vs Sunrisers Hyderabad
1178413,2019,2019-04-21,Rajiv Gandhi International Stadium,Sunrisers Hyderabad,Kolkata Knight Riders,Sunrisers Hyderabad,1,0,1,field,0,1,161.0,159.0,2.0,Sunrisers Hyderabad vs Kolkata Knight Riders
1178414,2019,2019-04-21,M.Chinnaswamy Stadium,Chennai Super Kings,Royal Challengers Bengaluru,Royal Challengers Bengaluru,0,1,1,field,0,1,160.0,161.0,-1.0,Chennai Super Kings vs Royal Challengers Bengaluru
1178414,2019,2019-04-21,M.Chinnaswamy Stadium,Royal Challengers Bengaluru,Chennai Super Kings,Royal Challengers Bengaluru,1,0,0,field,1,0,161.0,160.0,1.0,Royal Challengers Bengaluru vs Chennai Super Kings
1178415,2019,2019-04-22,Sawai Mansingh Stadium,Delhi Capitals,Rajasthan Royals,Delhi Capitals,1,0,1,field,0,1,193.0,191.0,2.0,Delhi Capitals vs Rajasthan Royals
1178415,2019,2019-04-22,Sawai Mansingh Stadium,Rajasthan Royals,Delhi Capitals,Delhi Capitals,0,1,0,field,1,0,191.0,193.0,-2.0,Rajasthan Royals vs Delhi Capitals
1178416,2019,2019-04-23,MA Chidambaram Stadium,Chennai Super Kings,Sunrisers Hyderabad,Chennai Super Kings,1,0,1,field,0,1,176.0,175.0,1.0,Chennai Super Kings vs Sunrisers Hyderabad
1178416,2019,2019-04-23,MA Chidambaram Stadium,Sunrisers Hyderabad,Chennai Super Kings,Chennai Super Kings,0,1,0,field,1,0,175.0,176.0,-1.0,Sunrisers Hyderabad vs Chennai Super Kings
1178417,2019,2019-04-24,M.Chinnaswamy Stadium,Punjab Kings,Royal Challengers Bengaluru,Royal Challengers Bengaluru,0,1,1,field,0,1,185.0,202.0,-17.0,Punjab Kings vs Royal Challengers Bengaluru
1178417,2019,2019-04-24,M.Chinnaswamy Stadium,Royal Challengers Bengaluru,Punjab Kings,Royal Challengers Bengaluru,1,0,0,field,1,0,202.0,185.0,17.0,Royal Challengers Bengaluru vs Punjab Kings
1178418,2019,2019-04-25,Eden Gardens,Kolkata Knight Riders,Rajasthan Royals,Rajasthan Royals,0,1,0,field,1,0,175.0,177.0,-2.0,Kolkata Knight Riders vs Rajasthan Royals
1178418,2019,2019-04-25,Eden Gardens,Rajasthan Royals,Kolkata Knight Riders,Rajasthan Royals,1,0,1,field,0,1,177.0,175.0,2.0,Rajasthan Royals vs Kolkata Knight Riders
1178419,2019,2019-04-26,MA Chidambaram Stadium,Chennai Super Kings,Mumbai Indians,Mumbai Indians,0,1,1,field,0,1,109.0,155.0,-46.0,Chennai Super Kings vs Mumbai Indians
1178419,2019,2019-04-26,MA Chidambaram Stadium,Mumbai Indians,Chennai Super Kings,Mumbai Indians,1,0,0,field,1,0,155.0,109.0,46.0,Mumbai Indians vs Chennai Super Kings
1178420,2019,2019-04-27,Sawai Mansingh Stadium,Rajasthan Royals,Sunrisers Hyderabad,Rajasthan Royals,1,0,1,field,0,1,161.0,160.0,1.0,Rajasthan Royals vs Sunrisers Hyderabad
1178420,2019,2019-04-27,Sawai Mansingh Stadium,Sunrisers Hyderabad,Rajasthan Royals,Rajasthan Royals,0,1,0,field,1,0,160.0,161.0,-1.0,Sunrisers Hyderabad vs Rajasthan Royals
1178421,2019,2019-04-28,Arun Jaitley Stadium,Delhi Capitals,Royal Challengers Bengaluru,Delhi Capitals,1,0,1,bat,1,0,187.0,171.0,16.0,Delhi Capitals vs Royal Challengers Bengaluru
1178421,2019,2019-04-28,Arun Jaitley Stadium,Royal Challengers Bengaluru,Delhi Capitals,Delhi Capitals,0,1,0,bat,0,1,171.0,187.0,-16.0,Royal Challengers Bengaluru vs Delhi Capitals
1178422,2019,2019-04-28,Eden Gardens,Kolkata Knight Riders,Mumbai Indians,Kolkata Knight Riders,1,0,0,field,1,0,232.0,198.0,34.0,Kolkata Knight Riders vs Mumbai Indians
1178422,2019,2019-04-28,Eden Gardens,Mumbai Indians,Kolkata Knight Riders,Kolkata Knight Riders,0,1,1,field,0,1,198.0,232.0,-34.0,Mumbai Indians vs Kolkata Knight Riders
1178423,2019,2019-04-29,Rajiv Gandhi International Stadium,Punjab Kings,Sunrisers Hyderabad,Sunrisers Hyderabad,0,1,1,field,0,1,167.0,212.0,-45.0,Punjab Kings vs Sunrisers Hyderabad
1178423,2019,2019-04-29,Rajiv Gandhi International Stadium,Sunrisers Hyderabad,Punjab Kings,Sunrisers Hyderabad,1,0,0,field,1,0,212.0,167.0,45.0,Sunrisers Hyderabad vs Punjab Kings
1178424,2019,2019-04-30,M.Chinnaswamy Stadium,Rajasthan Royals,Royal Challengers Bengaluru,,0,0,1,field,0,1,41.0,62.0,-21.0,Rajasthan Royals vs Royal Challengers Bengaluru
1178424,2019,2019-04-30,M.Chinnaswamy Stadium,Royal Challengers Bengaluru,Rajasthan Royals,,0,0,0,field,1,0,62.0,41.0,21.0,Royal Challengers Bengaluru vs Rajasthan Royals
1178425,2019,2019-05-01,MA Chidambaram Stadium,Chennai Super Kings,Delhi Capitals,Chennai Super Kings,1,0,0,field,1,0,179.0,99.0,80.0,Chennai Super Kings vs Delhi Capitals
1178425,2019,2019-05-01,MA Chidambaram Stadium,Delhi Capitals,Chennai Super Kings,Chennai Super Kings,0,1,1,field,0,1,99.0,179.0,-80.0,Delhi Capitals vs Chennai Super Kings
1178426,2019,2019-05-02,Wankhede Stadium,Mumbai Indians,Sunrisers Hyderabad,Mumbai Indians,1,0,1,bat,1,0,162.0,162.0,0.0,Mumbai Indians vs Sunrisers Hyderabad
1178426,2019,2019-05-02,Wankhede Stadium,Sunrisers Hyderabad,Mumbai Indians,Mumbai Indians,0,1,0,bat,0,1,162.0,162.0,0.0,Sunrisers Hyderabad vs Mumbai Indians
1178427,2019,2019-05-03,Punjab Cricket Association IS Bindra Stadium,Kolkata Knight Riders,Punjab Kings,Kolkata Knight Riders,1,0,1,field,0,1,185.0,183.0,2.0,Kolkata Knight Riders vs Punjab Kings
1178427,2019,2019-05-03,Punjab Cricket Association IS Bindra Stadium,Punjab Kings,Kolkata Knight Riders,Kolkata Knight Riders,0,1,0,field,1,0,183.0,185.0,-2.0,Punjab Kings vs Kolkata Knight Riders
1178428,2019,2019-05-04,Arun Jaitley Stadium,Delhi Capitals,Rajasthan Royals,Delhi Capitals,1,0,0,bat,0,1,121.0,115.0,6.0,Delhi Capitals vs Rajasthan Royals
1178428,2019,2019-05-04,Arun Jaitley Stadium,Rajasthan Royals,Delhi Capitals,Delhi Capitals,0,1,1,bat,1,0,115.0,121.0,-6.0,Rajasthan Royals vs Delhi Capitals
1178429,2019,2019-05-04,M.Chinnaswamy Stadium,Royal Challengers Bengaluru,Sunrisers Hyderabad,Royal Challengers Bengaluru,1,0,1,field,0,1,178.0,175.0,3.0,Royal Challengers Bengaluru vs Sunrisers Hyderabad
1178429,2019,2019-05-04,M.Chinnaswamy Stadium,Sunrisers Hyderabad,Royal Challengers Bengaluru,Royal Challengers Bengaluru,0,1,0,field,1,0,175.0,178.0,-3.0,Sunrisers Hyderabad vs Royal Challengers Bengaluru
1178430,2019,2019-05-05,Punjab Cricket Association IS Bindra Stadium,Chennai Super Kings,Punjab Kings,Punjab Kings,0,1,0,field,1,0,170.0,173.0,-3.0,Chennai Super Kings vs Punjab Kings
1178430,2019,2019-05-05,Punjab Cricket Association IS Bindra Stadium,Punjab Kings,Chennai Super Kings,Punjab Kings,1,0,1,field,0,1,173.0,170.0,3.0,Punjab Kings vs Chennai Super Kings
1178431,2019,2019-05-05,Wankhede Stadium,Kolkata Knight Riders,Mumbai Indians,Mumbai Indians,0,1,0,field,1,0,133.0,134.0,-1.0,Kolkata Knight Riders vs Mumbai Indians
1178431,2019,2019-05-05,Wankhede Stadium,Mumbai Indians,Kolkata Knight Riders,Mumbai Indians,1,0,1,field,0,1,134.0,133.0,1.0,Mumbai Indians vs Kolkata Knight Riders
1181764,2019,2019-05-07,MA Chidambaram Stadium,Chennai Super Kings,Mumbai Indians,Mumbai Indians,0,1,1,bat,1,0,131.0,132.0,-1.0,Chennai Super Kings vs Mumbai Indians
1181764,2019,2019-05-07,MA Chidambaram Stadium,Mumbai Indians,Chennai Super Kings,Mumbai Indians,1,0,0,bat,0,1,132.0,131.0,1.0,Mumbai Indians vs Chennai Super Kings
1181766,2019,2019-05-08,Dr. Y.S. Rajasekhara Reddy ACA-VDCA Cricket Stadium,Delhi Capitals,Sunrisers Hyderabad,Delhi Capitals,1,0,1,field,0,1,165.0,162.0,3.0,Delhi Capitals vs Sunrisers Hyderabad
1181766,2019,2019-05-08,Dr. Y.S. Rajasekhara Reddy ACA-VDCA Cricket Stadium,Sunrisers Hyderabad,Delhi Capitals,Delhi Capitals,0,1,0,field,1,0,162.0,165.0,-3.0,Sunrisers Hyderabad vs Delhi Capitals
1181767,2019,2019-05-10,Dr. Y.S. Rajasekhara Reddy ACA-VDCA Cricket Stadium,Chennai Super Kings,Delhi Capitals,Chennai Super Kings,1,0,1,field,0,1,151.0,147.0,4.0,Chennai Super Kings vs Delhi Capitals
1181767,2019,2019-05-10,Dr. Y.S. Rajasekhara Reddy ACA-VDCA Cricket Stadium,Delhi Capitals,Chennai Super Kings,Chennai Super Kings,0,1,0,field,1,0,147.0,151.0,-4.0,Delhi Capitals vs Chennai Super Kings
1181768,2019,2019-05-12,Rajiv Gandhi International Stadium,Chennai Super Kings,Mumbai Indians,Mumbai Indians,0,1,0,bat,0,1,148.0,149.0,-1.0,Chennai Super Kings vs Mumbai Indians
1181768,2019,2019-05-12,Rajiv Gandhi International Stadium,Mumbai Indians,Chennai Super Kings,Mumbai Indians,1,0,1,bat,1,0,149.0,148.0,1.0,Mumbai Indians vs Chennai Super Kings
1216492,2020,2020-09-19,Sheikh Zayed Stadium,Chennai Super Kings,Mumbai Indians,Chennai Super Kings,1,0,1,field,0,1,166.0,162.0,4.0,Chennai Super Kings vs Mumbai Indians
1216492,2020,2020-09-19,Sheikh Zayed Stadium,Mumbai Indians,Chennai Super Kings,Chennai Super Kings,0,1,0,field,1,0,162.0,166.0,-4.0,Mumbai Indians vs Chennai Super Kings
1216493,2020,2020-09-20,Dubai International Cricket Stadium,Delhi Capitals,Punjab Kings,Delhi Capitals,1,0,0,field,1,0,157.0,157.0,0.0,Delhi Capitals vs Punjab Kings
1216493,2020,2020-09-20,Dubai International Cricket Stadium,Punjab Kings,Delhi Capitals,Delhi Capitals,0,1,1,field,0,1,157.0,157.0,0.0,Punjab Kings vs Delhi Capitals
1216534,2020,2020-09-21,Dubai International Cricket Stadium,Royal Challengers Bengaluru,Sunrisers Hyderabad,Royal Challengers Bengaluru,1,0,0,field,1,0,163.0,153.0,10.0,Royal Challengers Bengaluru vs Sunrisers Hyderabad
1216534,2020,2020-09-21,Dubai International Cricket Stadium,Sunrisers Hyderabad,Royal Challengers Bengaluru,Royal Challengers Bengaluru,0,1,1,field,0,1,153.0,163.0,-10.0,Sunrisers Hyderabad vs Royal Challengers Bengaluru
1216496,2020,2020-09-22,Sharjah Cricket Stadium,Chennai Super Kings,Rajasthan Royals,Rajasthan Royals,0,1,1,field,0,1,200.0,216.0,-16.0,Chennai Super Kings vs Rajasthan Royals
1216496,2020,2020-09-22,Sharjah Cricket Stadium,Rajasthan Royals,Chennai Super Kings,Rajasthan Royals,1,0,0,field,1,0,216.0,200.0,16.0,Rajasthan Royals vs Chennai Super Kings
1216508,2020,2020-09-23,Sheikh Zayed Stadium,Kolkata Knight Riders,Mumbai Indians,Mumbai Indians,0,1,1,field,0,1,146.0,195.0,-49.0,Kolkata Knight Riders vs Mumbai Indians
1216508,2020,2020-09-23,Sheikh Zayed Stadium,Mumbai Indians,Kolkata Knight Riders,Mumbai Indians,1,0,0,field,1,0,195.0,146.0,49.0,Mumbai Indians vs Kolkata Knight Riders
1216510,2020,2020-09-24,Dubai International Cricket Stadium,Punjab Kings,Royal Challengers Bengaluru,Punjab Kings,1,0,0,field,1,0,206.0,109.0,97.0,Punjab Kings vs Royal Challengers Bengaluru
1216510,2020,2020-09-24,Dubai International Cricket Stadium,Royal Challengers Bengaluru,Punjab Kings,Punjab Kings,0,1,1,field,0,1,109.0,206.0,-97.0,Royal Challengers Bengaluru vs Punjab Kings
1216539,2020,2020-09-25,Dubai International Cricket Stadium,Chennai Super Kings,Delhi Capitals,Delhi Capitals,0,1,1,field,0,1,131.0,175.0,-44.0,Chennai Super Kings vs Delhi Capitals
1216539,2020,2020-09-25,Dubai International Cricket Stadium,Delhi Capitals,Chennai Super Kings,Delhi Capitals,1,0,0,field,1,0,175.0,131.0,44.0,Delhi Capitals vs Chennai Super Kings
1216545,2020,2020-09-26,Sheikh Zayed Stadium,Kolkata Knight Riders,Sunrisers Hyderabad,Kolkata Knight Riders,1,0,0,bat,0,1,145.0,142.0,3.0,Kolkata Knight Riders vs Sunrisers Hyderabad
1216545,2020,2020-09-26,Sheikh Zayed Stadium,Sunrisers Hyderabad,Kolkata Knight Riders,Kolkata Knight Riders,0,1,1,bat,1,0,142.0,145.0,-3.0,Sunrisers Hyderabad vs Kolkata Knight Riders
1216527,2020,2020-09-27,Sharjah Cricket Stadium,Punjab Kings,Rajasthan Royals,Rajasthan Royals,0,1,0,field,1,0,223.0,226.0,-3.0,Punjab Kings vs Rajasthan Royals
1216527,2020,2020-09-27,Sharjah Cricket Stadium,Rajasthan Royals,Punjab Kings,Rajasthan Royals,1,0,1,field,0,1,226.0,223.0,3.0,Rajasthan Royals vs Punjab Kings
1216547,2020,2020-09-28,Dubai International Cricket Stadium,Mumbai Indians,Royal Challengers Bengaluru,Royal Challengers Bengaluru,0,1,1,field,0,1,201.0,201.0,0.0,Mumbai Indians vs Royal Challengers Bengaluru
1216547,2020,2020-09-28,Dubai International Cricket Stadium,Royal Challengers Bengaluru,Mumbai Indians,Royal Challengers Bengaluru,1,0,0,field,1,0,201.0,201.0,0.0,Royal Challengers Bengaluru vs Mumbai Indians
1216532,2020,2020-09-29,Sheikh Zayed Stadium,Delhi Capitals,Sunrisers Hyderabad,Sunrisers Hyderabad,0,1,1,field,0,1,147.0,162.0,-15.0,Delhi Capitals vs Sunrisers Hyderabad
1216532,2020,2020-09-29,Sheikh Zayed Stadium,Sunrisers Hyderabad,Delhi Capitals,Sunrisers Hyderabad,1,0,0,field,1,0,162.0,147.0,15.0,Sunrisers Hyderabad vs Delhi Capitals
1216504,2020,2020-09-30,Dubai International Cricket Stadium,Kolkata Knight Riders,Rajasthan Royals,Kolkata Knight Riders,1,0,0,field,1,0,174.0,137.0,37.0,Kolkata Knight Riders vs Rajasthan Royals
1216504,2020,2020-09-30,Dubai International Cricket Stadium,Rajasthan Royals,Kolkata Knight Riders,Kolkata Knight Riders,0,1,1,field,0,1,137.0,174.0,-37.0,Rajasthan Royals vs Kolkata Knight Riders
1216503,2020,2020-10-01,Sheikh Zayed Stadium,Mumbai Indians,Punjab Kings,Mumbai Indians,1,0,0,field,1,0,191.0,143.0,48.0,Mumbai Indians vs Punjab Kings
1216503,2020,2020-10-01,Sheikh Zayed Stadium,Punjab Kings,Mumbai Indians,Mumbai Indians,0,1,1,field,0,1,143.0,191.0,-48.0,Punjab Kings vs Mumbai Indians
1216516,2020,2020-10-02,Dubai International Cricket Stadium,Chennai Super Kings,Sunrisers Hyderabad,Sunrisers Hyderabad,0,1,0,bat,0,1,157.0,164.0,-7.0,Chennai Super Kings vs Sunrisers Hyderabad
1216516,2020,2020-10-02,Dubai International Cricket Stadium,Sunrisers Hyderabad,Chennai Super Kings,Sunrisers Hyderabad,1,0,1,bat,1,0,164.0,157.0,7.0,Sunrisers Hyderabad vs Chennai Super Kings
1216514,2020,2020-10-03,Sheikh Zayed Stadium,Rajasthan Royals,Royal Challengers Bengaluru,Royal Challengers Bengaluru,0,1,1,bat,1,0,154.0,158.0,-4.0,Rajasthan Royals vs Royal Challengers Bengaluru
1216514,2020,2020-10-03,Sheikh Zayed Stadium,Royal Challengers Bengaluru,Rajasthan Royals,Royal Challengers Bengaluru,1,0,0,bat,0,1,158.0,154.0,4.0,Royal Challengers Bengaluru vs Rajasthan Royals
1216515,2020,2020-10-03,Sharjah Cricket Stadium,Delhi Capitals,Kolkata Knight Riders,Delhi Capitals,1,0,0,field,1,0,228.0,210.0,18.0,Delhi Capitals vs Kolkata Knight Riders
1216515,2020,2020-10-03,Sharjah Cricket Stadium,Kolkata Knight Riders,Delhi Capitals,Delhi Capitals,0,1,1,field,0,1,210.0,228.0,-18.0,Kolkata Knight Riders vs Delhi Capitals
1216513,2020,2020-10-04,Dubai International Cricket Stadium,Chennai Super Kings,Punjab Kings,Chennai Super Kings,1,0,0,bat,0,1,181.0,178.0,3.0,Chennai Super Kings vs Punjab Kings
1216513,2020,2020-10-04,Dubai International Cricket Stadium,Punjab Kings,Chennai Super Kings,Chennai Super Kings,0,1,1,bat,1,0,178.0,181.0,-3.0,Punjab Kings vs Chennai Super Kings
1216538,2020,2020-10-04,Sharjah Cricket Stadium,Mumbai Indians,Sunrisers Hyderabad,Mumbai Indians,1,0,1,bat,1,0,208.0,174.0,34.0,Mumbai Indians vs Sunrisers Hyderabad
1216538,2020,2020-10-04,Sharjah Cricket Stadium,Sunrisers Hyderabad,Mumbai Indians,Mumbai Indians,0,1,0,bat,0,1,174.0,208.0,-34.0,Sunrisers Hyderabad vs Mumbai Indians
1216519,2020,2020-10-05,Dubai International Cricket Stadium,Delhi Capitals,Royal Challengers Bengaluru,Delhi Capitals,1,0,0,field,1,0,196.0,137.0,59.0,Delhi Capitals vs Royal Challengers Bengaluru
1216519,2020,2020-10-05,Dubai International Cricket Stadium,Royal Challengers Bengaluru,Delhi Capitals,Delhi Capitals,0,1,1,field,0,1,137.0,196.0,-59.0,Royal Challengers Bengaluru vs Delhi Capitals
1216511,2020,2020-10-06,Sheikh Zayed Stadium,Mumbai Indians,Rajasthan Royals,Mumbai Indians,1,0,1,bat,1,0,193.0,136.0,57.0,Mumbai Indians vs Rajasthan Royals
1216511,2020,2020-10-06,Sheikh Zayed Stadium,Rajasthan Royals,Mumbai Indians,Mumbai Indians,0,1,0,bat,0,1,136.0,193.0,-57.0,Rajasthan Royals vs Mumbai Indians
1216501,2020,2020-10-07,Sheikh Zayed Stadium,Chennai Super Kings,Kolkata Knight Riders,Kolkata Knight Riders,0,1,0,bat,0,1,157.0,167.0,-10.0,Chennai Super Kings vs Kolkata Knight Riders
1216501,2020,2020-10-07,Sheikh Zayed Stadium,Kolkata Knight Riders,Chennai Super Kings,Kolkata Knight Riders,1,0,1,bat,1,0,167.0,157.0,10.0,Kolkata Knight Riders vs Chennai Super Kings
1216542,2020,2020-10-08,Dubai International Cricket Stadium,Punjab Kings,Sunrisers Hyderabad,Sunrisers Hyderabad,0,1,0,bat,0,1,132.0,201.0,-69.0,Punjab Kings vs Sunrisers Hyderabad
1216542,2020,2020-10-08,Dubai International Cricket Stadium,Sunrisers Hyderabad,Punjab Kings,Sunrisers Hyderabad,1,0,1,bat,1,0,201.0,132.0,69.0,Sunrisers Hyderabad vs Punjab Kings
1216500,2020,2020-10-09,Sharjah Cricket Stadium,Delhi Capitals,Rajasthan Royals,Delhi Capitals,1,0,0,field,1,0,184.0,138.0,46.0,Delhi Capitals vs Rajasthan Royals
1216500,2020,2020-10-09,Sharjah Cricket Stadium,Rajasthan Royals,Delhi Capitals,Delhi Capitals,0,1,1,field,0,1,138.0,184.0,-46.0,Rajasthan Royals vs Delhi Capitals
1216523,2020,2020-10-10,Sheikh Zayed Stadium,Kolkata Knight Riders,Punjab Kings,Kolkata Knight Riders,1,0,1,bat,1,0,164.0,162.0,2.0,Kolkata Knight Riders vs Punjab Kings
1216523,2020,2020-10-10,Sheikh Zayed Stadium,Punjab Kings,Kolkata Knight Riders,Kolkata Knight Riders,0,1,0,bat,0,1,162.0,164.0,-2.0,Punjab Kings vs Kolkata Knight Riders
1216525,2020,2020-10-10,Dubai International Cricket Stadium,Chennai Super Kings,Royal Challengers Bengaluru,Royal Challengers Bengaluru,0,1,0,bat,0,1,132.0,169.0,-37.0,Chennai Super Kings vs Royal Challengers Bengaluru
1216525,2020,2020-10-10,Dubai International Cricket Stadium,Royal Challengers Bengaluru,Chennai Super Kings,Royal Challengers Bengaluru,1,0,1,bat,1,0,169.0,132.0,37.0,Royal Challengers Bengaluru vs Chennai Super Kings
1216507,2020,2020-10-11,Dubai International Cricket Stadium,Rajasthan Royals,Sunrisers Hyderabad,Rajasthan Royals,1,0,0,bat,0,1,163.0,158.0,5.0,Rajasthan Royals vs Sunrisers Hyderabad
1216507,2020,2020-10-11,Dubai International Cricket Stadium,Sunrisers Hyderabad,Rajasthan Royals,Rajasthan Royals,0,1,1,bat,1,0,158.0,163.0,-5.0,Sunrisers Hyderabad vs Rajasthan Royals
1216529,2020,2020-10-11,Sheikh Zayed Stadium,Delhi Capitals,Mumbai Indians,Mumbai Indians,0,1,1,bat,1,0,162.0,166.0,-4.0,Delhi Capitals vs Mumbai Indians
1216529,2020,2020-10-11,Sheikh Zayed Stadium,Mumbai Indians,Delhi Capitals,Mumbai Indians,1,0,0,bat,0,1,166.0,162.0,4.0,Mumbai Indians vs Delhi Capitals
1216540,2020,2020-10-12,Sharjah Cricket Stadium,Kolkata Knight Riders,Royal Challengers Bengaluru,Royal Challengers Bengaluru,0,1,0,bat,0,1,112.0,194.0,-82.0,Kolkata Knight Riders vs Royal Challengers Bengaluru
1216540,2020,2020-10-12,Sharjah Cricket Stadium,Royal Challengers Bengaluru,Kolkata Knight Riders,Royal Challengers Bengaluru,1,0,1,bat,1,0,194.0,112.0,82.0,Royal Challengers Bengaluru vs Kolkata Knight Riders
1216528,2020,2020-10-13,Dubai International Cricket Stadium,Chennai Super Kings,Sunrisers Hyderabad,Chennai Super Kings,1,0,1,bat,1,0,167.0,147.0,20.0,Chennai Super Kings vs Sunrisers Hyderabad
1216528,2020,2020-10-13,Dubai International Cricket Stadium,Sunrisers Hyderabad,Chennai Super Kings,Chennai Super Kings,0,1,0,bat,0,1,147.0,167.0,-20.0,Sunrisers Hyderabad vs Chennai Super Kings
1216543,2020,2020-10-14,Dubai International Cricket Stadium,Delhi Capitals,Rajasthan Royals,Delhi Capitals,1,0,1,bat,1,0,161.0,148.0,13.0,Delhi Capitals vs Rajasthan Royals
1216543,2020,2020-10-14,Dubai International Cricket Stadium,Rajasthan Royals,Delhi Capitals,Delhi Capitals,0,1,0,bat,0,1,148.0,161.0,-13.0,Rajasthan Royals vs Delhi Capitals
1216531,2020,2020-10-15,Sharjah Cricket Stadium,Punjab Kings,Royal Challengers Bengaluru,Punjab Kings,1,0,0,bat,0,1,177.0,171.0,6.0,Punjab Kings vs Royal Challengers Bengaluru
1216531,2020,2020-10-15,Sharjah Cricket Stadium,Royal Challengers Bengaluru,Punjab Kings,Punjab Kings,0,1,1,bat,1,0,171.0,177.0,-6.0,Royal Challengers Bengaluru vs Punjab Kings
1216526,2020,2020-10-16,Sheikh Zayed Stadium,Kolkata Knight Riders,Mumbai Indians,Mumbai Indians,0,1,1,bat,1,0,148.0,149.0,-1.0,Kolkata Knight Riders vs Mumbai Indians
1216526,2020,2020-10-16,Sheikh Zayed Stadium,Mumbai Indians,Kolkata Knight Riders,Mumbai Indians,1,0,0,bat,0,1,149.0,148.0,1.0,Mumbai Indians vs Kolkata Knight Riders
1216509,2020,2020-10-17,Sharjah Cricket Stadium,Chennai Super Kings,Delhi Capitals,Delhi Capitals,0,1,1,bat,1,0,179.0,185.0,-6.0,Chennai Super Kings vs Delhi Capitals
1216509,2020,2020-10-17,Sharjah Cricket Stadium,Delhi Capitals,Chennai Super Kings,Delhi Capitals,1,0,0,bat,0,1,185.0,179.0,6.0,Delhi Capitals vs Chennai Super Kings
1216522,2020,2020-10-17,Dubai International Cricket Stadium,Rajasthan Royals,Royal Challengers Bengaluru,Royal Challengers Bengaluru,0,1,1,bat,1,0,177.0,179.0,-2.0,Rajasthan Royals vs Royal Challengers Bengaluru
1216522,2020,2020-10-17,Dubai International Cricket Stadium,Royal Challengers Bengaluru,Rajasthan Royals,Royal Challengers Bengaluru,1,0,0,bat,0,1,179.0,177.0,2.0,Royal Challengers Bengaluru vs Rajasthan Royals
1216512,2020,2020-10-18,Sheikh Zayed Stadium,Kolkata Knight Riders,Sunrisers Hyderabad,Kolkata Knight Riders,1,0,0,field,1,0,163.0,163.0,0.0,Kolkata Knight Riders vs Sunrisers Hyderabad
1216512,2020,2020-10-18,Sheikh Zayed Stadium,Sunrisers Hyderabad,Kolkata Knight Riders,Kolkata Knight Riders,0,1,1,field,0,1,163.0,163.0,0.0,Sunrisers Hyderabad vs Kolkata Knight Riders
1216517,2020,2020-10-18,Dubai International Cricket Stadium,Mumbai Indians,Punjab Kings,Punjab Kings,0,1,1,bat,1,0,176.0,176.0,0.0,Mumbai Indians vs Punjab Kings
1216517,2020,2020-10-18,Dubai International Cricket Stadium,Punjab Kings,Mumbai Indians,Punjab Kings,1,0,0,bat,0,1,176.0,176.0,0.0,Punjab Kings vs Mumbai Indians
1216533,2020,2020-10-19,Sheikh Zayed Stadium,Chennai Super Kings,Rajasthan Royals,Rajasthan Royals,0,1,1,bat,1,0,125.0,126.0,-1.0,Chennai Super Kings vs Rajasthan Royals
1216533,2020,2020-10-19,Sheikh Zayed Stadium,Rajasthan Royals,Chennai Super Kings,Rajasthan Royals,1,0,0,bat,0,1,126.0,125.0,1.0,Rajasthan Royals vs Chennai Super Kings
1216546,2020,2020-10-20,Dubai International Cricket Stadium,Delhi Capitals,Punjab Kings,Punjab Kings,0,1,1,bat,1,0,164.0,167.0,-3.0,Delhi Capitals vs Punjab Kings
1216546,2020,2020-10-20,Dubai International Cricket Stadium,Punjab Kings,Delhi Capitals,Punjab Kings,1,0,0,bat,0,1,167.0,164.0,3.0,Punjab Kings vs Delhi Capitals
1216494,2020,2020-10-21,Sheikh Zayed Stadium,Kolkata Knight Riders,Royal Challengers Bengaluru,Royal Challengers Bengaluru,0,1,1,bat,1,0,84.0,85.0,-1.0,Kolkata Knight Riders vs Royal Challengers Bengaluru
1216494,2020,2020-10-21,Sheikh Zayed Stadium,Royal Challengers Bengaluru,Kolkata Knight Riders,Royal Challengers Bengaluru,1,0,0,bat,0,1,85.0,84.0,1.0,Royal Challengers Bengaluru vs Kolkata Knight Riders
1216518,2020,2020-10-22,Dubai International Cricket Stadium,Rajasthan Royals,Sunrisers Hyderabad,Sunrisers Hyderabad,0,1,0,field,1,0,154.0,156.0,-2.0,Rajasthan Royals vs Sunrisers Hyderabad
1216518,2020,2020-10-22,Dubai International Cricket Stadium,Sunrisers Hyderabad,Rajasthan Royals,Sunrisers Hyderabad,1,0,1,field,0,1,156.0,154.0,2.0,Sunrisers Hyderabad vs Rajasthan Royals
1216521,2020,2020-10-23,Sharjah Cricket Stadium,Chennai Super Kings,Mumbai Indians,Mumbai Indians,0,1,0,field,1,0,114.0,116.0,-2.0,Chennai Super Kings vs Mumbai Indians
1216521,2020,2020-10-23,Sharjah Cricket Stadium,Mumbai Indians,Chennai Super Kings,Mumbai Indians,1,0,1,field,0,1,116.0,114.0,2.0,Mumbai Indians vs Chennai Super Kings
1216497,2020,2020-10-24,Sheikh Zayed Stadium,Delhi Capitals,Kolkata Knight Riders,Kolkata Knight Riders,0,1,1,field,0,1,135.0,194.0,-59.0,Delhi Capitals vs Kolkata Knight Riders
1216497,2020,2020-10-24,Sheikh Zayed Stadium,Kolkata Knight Riders,Delhi Capitals,Kolkata Knight Riders,1,0,0,field,1,0,194.0,135.0,59.0,Kolkata Knight Riders vs Delhi Capitals
1216498,2020,2020-10-24,Dubai International Cricket Stadium,Punjab Kings,Sunrisers Hyderabad,Punjab Kings,1,0,0,field,1,0,126.0,114.0,12.0,Punjab Kings vs Sunrisers Hyderabad
1216498,2020,2020-10-24,Dubai International Cricket Stadium,Sunrisers Hyderabad,Punjab Kings,Punjab Kings,0,1,1,field,0,1,114.0,126.0,-12.0,Sunrisers Hyderabad vs Punjab Kings
1216541,2020,2020-10-25,Sheikh Zayed Stadium,Mumbai Indians,Rajasthan Royals,Rajasthan Royals,0,1,1,bat,1,0,195.0,196.0,-1.0,Mumbai Indians vs Rajasthan Royals
1216541,2020,2020-10-25,Sheikh Zayed Stadium,Rajasthan Royals,Mumbai Indians,Rajasthan Royals,1,0,0,bat,0,1,196.0,195.0,1.0,Rajasthan Royals vs Mumbai Indians
1216544,2020,2020-10-25,Dubai International Cricket Stadium,Chennai Super Kings,Royal Challengers Bengaluru,Chennai Super Kings,1,0,0,bat,0,1,150.0,145.0,5.0,Chennai Super Kings vs Royal Challengers Bengaluru
1216544,2020,2020-10-25,Dubai International Cricket Stadium,Royal Challengers Bengaluru,Chennai Super Kings,Chennai Super Kings,0,1,1,bat,1,0,145.0,150.0,-5.0,Royal Challengers Bengaluru vs Chennai Super Kings
1216520,2020,2020-10-26,Sharjah Cricket Stadium,Kolkata Knight Riders,Punjab Kings,Punjab Kings,0,1,0,field,1,0,149.0,150.0,-1.0,Kolkata Knight Riders vs Punjab Kings
1216520,2020,2020-10-26,Sharjah Cricket Stadium,Punjab Kings,Kolkata Knight Riders,Punjab Kings,1,0,1,field,0,1,150.0,149.0,1.0,Punjab Kings vs Kolkata Knight Riders
1216524,2020,2020-10-27,Dubai International Cricket Stadium,Delhi Capitals,Sunrisers Hyderabad,Sunrisers Hyderabad,0,1,1,field,0,1,131.0,219.0,-88.0,Delhi Capitals vs Sunrisers Hyderabad
1216524,2020,2020-10-27,Dubai International Cricket Stadium,Sunrisers Hyderabad,Delhi Capitals,Sunrisers Hyderabad,1,0,0,field,1,0,219.0,131.0,88.0,Sunrisers Hyderabad vs Delhi Capitals
1216499,2020,2020-10-28,Sheikh Zayed Stadium,Mumbai Indians,Royal Challengers Bengaluru,Mumbai Indians,1,0,1,field,0,1,166.0,164.0,2.0,Mumbai Indians vs Royal Challengers Bengaluru
1216499,2020,2020-10-28,Sheikh Zayed Stadium,Royal Challengers Bengaluru,Mumbai Indians,Mumbai Indians,0,1,0,field,1,0,164.0,166.0,-2.0,Royal Challengers Bengaluru vs Mumbai Indians
1216536,2020,2020-10-29,Dubai International Cricket Stadium,Chennai Super Kings,Kolkata Knight Riders,Chennai Super Kings,1,0,1,field,0,1,178.0,172.0,6.0,Chennai Super Kings vs Kolkata Knight Riders
1216536,2020,2020-10-29,Dubai International Cricket Stadium,Kolkata Knight Riders,Chennai Super Kings,Chennai Super Kings,0,1,0,field,1,0,172.0,178.0,-6.0,Kolkata Knight Riders vs Chennai Super Kings
1216537,2020,2020-10-30,Sheikh Zayed Stadium,Punjab Kings,Rajasthan Royals,Rajasthan Royals,0,1,0,field,1,0,185.0,186.0,-1.0,Punjab Kings vs Rajasthan Royals
1216537,2020,2020-10-30,Sheikh Zayed Stadium,Rajasthan Royals,Punjab Kings,Rajasthan Royals,1,0,1,field,0,1,186.0,185.0,1.0,Rajasthan Royals vs Punjab Kings
1216502,2020,2020-10-31,Sharjah Cricket Stadium,Royal Challengers Bengaluru,Sunrisers Hyderabad,Sunrisers Hyderabad,0,1,0,field,1,0,120.0,121.0,-1.0,Royal Challengers Bengaluru vs Sunrisers Hyderabad
1216502,2020,2020-10-31,Sharjah Cricket Stadium,Sunrisers Hyderabad,Royal Challengers Bengaluru,Sunrisers Hyderabad,1,0,1,field,0,1,121.0,120.0,1.0,Sunrisers Hyderabad vs Royal Challengers Bengaluru
1216535,2020,2020-10-31,Dubai International Cricket Stadium,Delhi Capitals,Mumbai Indians,Mumbai Indians,0,1,0,field,1,0,110.0,111.0,-1.0,Delhi Capitals vs Mumbai Indians
1216535,2020,2020-10-31,Dubai International Cricket Stadium,Mumbai Indians,Delhi Capitals,Mumbai Indians,1,0,1,field,0,1,111.0,110.0,1.0,Mumbai Indians vs Delhi Capitals
1216506,2020,2020-11-01,Sheikh Zayed Stadium,Chennai Super Kings,Punjab Kings,Chennai Super Kings,1,0,1,field,0,1,154.0,153.0,1.0,Chennai Super Kings vs Punjab Kings
1216506,2020,2020-11-01,Sheikh Zayed Stadium,Punjab Kings,Chennai Super Kings,Chennai Super Kings,0,1,0,field,1,0,153.0,154.0,-1.0,Punjab Kings vs Chennai Super Kings
1216530,2020,2020-11-01,Dubai International Cricket Stadium,Kolkata Knight Riders,Rajasthan Royals,Kolkata Knight Riders,1,0,0,field,1,0,191.0,131.0,60.0,Kolkata Knight Riders vs Rajasthan Royals
1216530,2020,2020-11-01,Dubai International Cricket Stadium,Rajasthan Royals,Kolkata Knight Riders,Kolkata Knight Riders,0,1,1,field,0,1,131.0,191.0,-60.0,Rajasthan Royals vs Kolkata Knight Riders
1216505,2020,2020-11-02,Sheikh Zayed Stadium,Delhi Capitals,Royal Challengers Bengaluru,Delhi Capitals,1,0,1,field,0,1,154.0,152.0,2.0,Delhi Capitals vs Royal Challengers Bengaluru
1216505,2020,2020-11-02,Sheikh Zayed Stadium,Royal Challengers Bengaluru,Delhi Capitals,Delhi Capitals,0,1,0,field,1,0,152.0,154.0,-2.0,Royal Challengers Bengaluru vs Delhi Capitals
1216495,2020,2020-11-03,Sharjah Cricket Stadium,Mumbai Indians,Sunrisers Hyderabad,Sunrisers Hyderabad,0,1,0,field,1,0,149.0,151.0,-2.0,Mumbai Indians vs Sunrisers Hyderabad
1216495,2020,2020-11-03,Sharjah Cricket Stadium,Sunrisers Hyderabad,Mumbai Indians,Sunrisers Hyderabad,1,0,1,field,0,1,151.0,149.0,2.0,Sunrisers Hyderabad vs Mumbai Indians
1237177,2020,2020-11-05,Dubai International Cricket Stadium,Delhi Capitals,Mumbai Indians,Mumbai Indians,0,1,1,field,0,1,143.0,200.0,-57.0,Delhi Capitals vs Mumbai Indians
1237177,2020,2020-11-05,Dubai International Cricket Stadium,Mumbai Indians,Delhi Capitals,Mumbai Indians,1,0,0,field,1,0,200.0,143.0,57.0,Mumbai Indians vs Delhi Capitals
1237178,2020,2020-11-06,Sheikh Zayed Stadium,Royal Challengers Bengaluru,Sunrisers Hyderabad,Sunrisers Hyderabad,0,1,0,field,1,0,131.0,132.0,-1.0,Royal Challengers Bengaluru vs Sunrisers Hyderabad
1237178,2020,2020-11-06,Sheikh Zayed Stadium,Sunrisers Hyderabad,Royal Challengers Bengaluru,Sunrisers Hyderabad,1,0,1,field,0,1,132.0,131.0,1.0,Sunrisers Hyderabad vs Royal Challengers Bengaluru
1237180,2020,2020-11-08,Sheikh Zayed Stadium,Delhi Capitals,Sunrisers Hyderabad,Delhi Capitals,1,0,1,bat,1,0,189.0,172.0,17.0,Delhi Capitals vs Sunrisers Hyderabad
1237180,2020,2020-11-08,Sheikh Zayed Stadium,Sunrisers Hyderabad,Delhi Capitals,Delhi Capitals,0,1,0,bat,0,1,172.0,189.0,-17.0,Sunrisers Hyderabad vs Delhi Capitals
1237181,2020,2020-11-10,Dubai International Cricket Stadium,Delhi Capitals,Mumbai Indians,Mumbai Indians,0,1,1,bat,1,0,156.0,157.0,-1.0,Delhi Capitals vs Mumbai Indians
1237181,2020,2020-11-10,Dubai International Cricket Stadium,Mumbai Indians,Delhi Capitals,Mumbai Indians,1,0,0,bat,0,1,157.0,156.0,1.0,Mumbai Indians vs Delhi Capitals
1254058,2021,2021-04-09,"MA Chidambaram Stadium, Chepauk, Chennai",Mumbai Indians,Royal Challengers Bengaluru,Royal Challengers Bengaluru,0,1,0,field,1,0,159.0,160.0,-1.0,Mumbai Indians vs Royal Challengers Bengaluru
1254058,2021,2021-04-09,"MA Chidambaram Stadium, Chepauk, Chennai",Royal Challengers Bengaluru,Mumbai Indians,Royal Challengers Bengaluru,1,0,1,field,0,1,160.0,159.0,1.0,Royal Challengers Bengaluru vs Mumbai Indians
1254059,2021,2021-04-10,"Wankhede Stadium, Mumbai",Chennai Super Kings,Delhi Capitals,Delhi Capitals,0,1,0,field,1,0,188.0,190.0,-2.0,Chennai Super Kings vs Delhi Capitals
1254059,2021,2021-04-10,"Wankhede Stadium, Mumbai",Delhi Capitals,Chennai Super Kings,Delhi Capitals,1,0,1,field,0,1,190.0,188.0,2.0,Delhi Capitals vs Chennai Super Kings
1254060,2021,2021-04-11,"MA Chidambaram Stadium, Chepauk, Chennai",Kolkata Knight Riders,Sunrisers Hyderabad,Kolkata Knight Riders,1,0,0,field,1,0,187.0,177.0,10.0,Kolkata Knight Riders vs Sunrisers Hyderabad
1254060,2021,2021-04-11,"MA Chidambaram Stadium, Chepauk, Chennai",Sunrisers Hyderabad,Kolkata Knight Riders,Kolkata Knight Riders,0,1,1,field,0,1,177.0,187.0,-10.0,Sunrisers Hyderabad vs Kolkata Knight Riders
1254061,2021,2021-04-12,"Wankhede Stadium, Mumbai",Punjab Kings,Rajasthan Royals,Punjab Kings,1,0,0,field,1,0,221.0,217.0,4.0,Punjab Kings vs Rajasthan Royals
1254061,2021,2021-04-12,"Wankhede Stadium, Mumbai",Rajasthan Royals,Punjab Kings,Punjab Kings,0,1,1,field,0,1,217.0,221.0,-4.0,Rajasthan Royals vs Punjab Kings
1254062,2021,2021-04-13,"MA Chidambaram Stadium, Chepauk, Chennai",Kolkata Knight Riders,Mumbai Indians,Mumbai Indians,0,1,1,field,0,1,142.0,152.0,-10.0,Kolkata Knight Riders vs Mumbai Indians
1254062,2021,2021-04-13,"MA Chidambaram Stadium, Chepauk, Chennai",Mumbai Indians,Kolkata Knight Riders,Mumbai Indians,1,0,0,field,1,0,152.0,142.0,10.0,Mumbai Indians vs Kolkata Knight Riders
1254063,2021,2021-04-14,"MA Chidambaram Stadium, Chepauk, Chennai",Royal Challengers Bengaluru,Sunrisers Hyderabad,Royal Challengers Bengaluru,1,0,0,field,1,0,149.0,143.0,6.0,Royal Challengers Bengaluru vs Sunrisers Hyderabad
1254063,2021,2021-04-14,"MA Chidambaram Stadium, Chepauk, Chennai",Sunrisers Hyderabad,Royal Challengers Bengaluru,Royal Challengers Bengaluru,0,1,1,field,0,1,143.0,149.0,-6.0,Sunrisers Hyderabad vs Royal Challengers Bengaluru
1254064,2021,2021-04-15,"Wankhede Stadium, Mumbai",Delhi Capitals,Rajasthan Royals,Rajasthan Royals,0,1,0,field,1,0,147.0,150.0,-3.0,Delhi Capitals vs Rajasthan Royals
1254064,2021,2021-04-15,"Wankhede Stadium, Mumbai",Rajasthan Royals,Delhi Capitals,Rajasthan Royals,1,0,1,field,0,1,150.0,147.0,3.0,Rajasthan Royals vs Delhi Capitals
1254065,2021,2021-04-16,"Wankhede Stadium, Mumbai",Chennai Super Kings,Punjab Kings,Chennai Super Kings,1,0,1,field,0,1,107.0,106.0,1.0,Chennai Super Kings vs Punjab Kings
1254065,2021,2021-04-16,"Wankhede Stadium, Mumbai",Punjab Kings,Chennai Super Kings,Chennai Super Kings,0,1,0,field,1,0,106.0,107.0,-1.0,Punjab Kings vs Chennai Super Kings
1254066,2021,2021-04-17,"MA Chidambaram Stadium, Chepauk, Chennai",Mumbai Indians,Sunrisers Hyderabad,Mumbai Indians,1,0,1,bat,1,0,150.0,137.0,13.0,Mumbai Indians vs Sunrisers Hyderabad
1254066,2021,2021-04-17,"MA Chidambaram Stadium, Chepauk, Chennai",Sunrisers Hyderabad,Mumbai Indians,Mumbai Indians,0,1,0,bat,0,1,137.0,150.0,-13.0,Sunrisers Hyderabad vs Mumbai Indians
1254067,2021,2021-04-18,"MA Chidambaram Stadium, Chepauk, Chennai",Kolkata Knight Riders,Royal Challengers Bengaluru,Royal Challengers Bengaluru,0,1,0,bat,0,1,166.0,204.0,-38.0,Kolkata Knight Riders vs Royal Challengers Bengaluru
1254067,2021,2021-04-18,"MA Chidambaram Stadium, Chepauk, Chennai",Royal Challengers Bengaluru,Kolkata Knight Riders,Royal Challengers Bengaluru,1,0,1,bat,1,0,204.0,166.0,38.0,Royal Challengers Bengaluru vs Kolkata Knight Riders
1254068,2021,2021-04-18,"Wankhede Stadium, Mumbai",Delhi Capitals,Punjab Kings,Delhi Capitals,1,0,1,field,0,1,198.0,195.0,3.0,Delhi Capitals vs Punjab Kings
1254068,2021,2021-04-18,"Wankhede Stadium, Mumbai",Punjab Kings,Delhi Capitals,Delhi Capitals,0,1,0,field,1,0,195.0,198.0,-3.0,Punjab Kings vs Delhi Capitals
1254069,2021,2021-04-19,"Wankhede Stadium, Mumbai",Chennai Super Kings,Rajasthan Royals,Chennai Super Kings,1,0,0,field,1,0,188.0,143.0,45.0,Chennai Super Kings vs Rajasthan Royals
1254069,2021,2021-04-19,"Wankhede Stadium, Mumbai",Rajasthan Royals,Chennai Super Kings,Chennai Super Kings,0,1,1,field,0,1,143.0,188.0,-45.0,Rajasthan Royals vs Chennai Super Kings
1254070,2021,2021-04-20,"MA Chidambaram Stadium, Chepauk, Chennai",Delhi Capitals,Mumbai Indians,Delhi Capitals,1,0,0,bat,0,1,138.0,137.0,1.0,Delhi Capitals vs Mumbai Indians
1254070,2021,2021-04-20,"MA Chidambaram Stadium, Chepauk, Chennai",Mumbai Indians,Delhi Capitals,Delhi Capitals,0,1,1,bat,1,0,137.0,138.0,-1.0,Mumbai Indians vs Delhi Capitals
1254071,2021,2021-04-21,"MA Chidambaram Stadium, Chepauk, Chennai",Punjab Kings,Sunrisers Hyderabad,Sunrisers Hyderabad,0,1,1,bat,1,0,120.0,121.0,-1.0,Punjab Kings vs Sunrisers Hyderabad
1254071,2021,2021-04-21,"MA Chidambaram Stadium, Chepauk, Chennai",Sunrisers Hyderabad,Punjab Kings,Sunrisers Hyderabad,1,0,0,bat,0,1,121.0,120.0,1.0,Sunrisers Hyderabad vs Punjab Kings
1254072,2021,2021-04-21,"Wankhede Stadium, Mumbai",Chennai Super Kings,Kolkata Knight Riders,Chennai Super Kings,1,0,0,field,1,0,220.0,202.0,18.0,Chennai Super Kings vs Kolkata Knight Riders
1254072,2021,2021-04-21,"Wankhede Stadium, Mumbai",Kolkata Knight Riders,Chennai Super Kings,Chennai Super Kings,0,1,1,field,0,1,202.0,220.0,-18.0,Kolkata Knight Riders vs Chennai Super Kings
1254073,2021,2021-04-22,"Wankhede Stadium, Mumbai",Rajasthan Royals,Royal Challengers Bengaluru,Royal Challengers Bengaluru,0,1,0,field,1,0,177.0,181.0,-4.0,Rajasthan Royals vs Royal Challengers Bengaluru
1254073,2021,2021-04-22,"Wankhede Stadium, Mumbai",Royal Challengers Bengaluru,Rajasthan Royals,Royal Challengers Bengaluru,1,0,1,field,0,1,181.0,177.0,4.0,Royal Challengers Bengaluru vs Rajasthan Royals
1254074,2021,2021-04-23,"MA Chidambaram Stadium, Chepauk, Chennai",Mumbai Indians,Punjab Kings,Punjab Kings,0,1,0,field,1,0,131.0,132.0,-1.0,Mumbai Indians vs Punjab Kings
1254074,2021,2021-04-23,"MA Chidambaram Stadium, Chepauk, Chennai",Punjab Kings,Mumbai Indians,Punjab Kings,1,0,1,field,0,1,132.0,131.0,1.0,Punjab Kings vs Mumbai Indians
1254075,2021,2021-04-24,"Wankhede Stadium, Mumbai",Kolkata Knight Riders,Rajasthan Royals,Rajasthan Royals,0,1,0,field,1,0,133.0,134.0,-1.0,Kolkata Knight Riders vs Rajasthan Royals
1254075,2021,2021-04-24,"Wankhede Stadium, Mumbai",Rajasthan Royals,Kolkata Knight Riders,Rajasthan Royals,1,0,1,field,0,1,134.0,133.0,1.0,Rajasthan Royals vs Kolkata Knight Riders
1254076,2021,2021-04-25,"Wankhede Stadium, Mumbai",Chennai Super Kings,Royal Challengers Bengaluru,Chennai Super Kings,1,0,1,bat,1,0,191.0,122.0,69.0,Chennai Super Kings vs Royal Challengers Bengaluru
1254076,2021,2021-04-25,"Wankhede Stadium, Mumbai",Royal Challengers Bengaluru,Chennai Super Kings,Chennai Super Kings,0,1,0,bat,0,1,122.0,191.0,-69.0,Royal Challengers Bengaluru vs Chennai Super Kings
1254077,2021,2021-04-25,"MA Chidambaram Stadium, Chepauk, Chennai",Delhi Capitals,Sunrisers Hyderabad,Delhi Capitals,1,0,1,bat,1,0,159.0,159.0,0.0,Delhi Capitals vs Sunrisers Hyderabad
1254077,2021,2021-04-25,"MA Chidambaram Stadium, Chepauk, Chennai",Sunrisers Hyderabad,Delhi Capitals,Delhi Capitals,0,1,0,bat,0,1,159.0,159.0,0.0,Sunrisers Hyderabad vs Delhi Capitals
1254078,2021,2021-04-26,"Narendra Modi Stadium, Ahmedabad",Kolkata Knight Riders,Punjab Kings,Kolkata Knight Riders,1,0,1,field,0,1,126.0,123.0,3.0,Kolkata Knight Riders vs Punjab Kings
1254078,2021,2021-04-26,"Narendra Modi Stadium, Ahmedabad",Punjab Kings,Kolkata Knight Riders,Kolkata Knight Riders,0,1,0,field,1,0,123.0,126.0,-3.0,Punjab Kings vs Kolkata Knight Riders
1254079,2021,2021-04-27,"Narendra Modi Stadium, Ahmedabad",Delhi Capitals,Royal Challengers Bengaluru,Royal Challengers Bengaluru,0,1,1,field,0,1,170.0,171.0,-1.0,Delhi Capitals vs Royal Challengers Bengaluru
1254079,2021,2021-04-27,"Narendra Modi Stadium, Ahmedabad",Royal Challengers Bengaluru,Delhi Capitals,Royal Challengers Bengaluru,1,0,0,field,1,0,171.0,170.0,1.0,Royal Challengers Bengaluru vs Delhi Capitals
1254080,2021,2021-04-28,"Arun Jaitley Stadium, Delhi",Chennai Super Kings,Sunrisers Hyderabad,Chennai Super Kings,1,0,0,bat,0,1,173.0,171.0,2.0,Chennai Super Kings vs Sunrisers Hyderabad
1254080,2021,2021-04-28,"Arun Jaitley Stadium, Delhi",Sunrisers Hyderabad,Chennai Super Kings,Chennai Super Kings,0,1,1,bat,1,0,171.0,173.0,-2.0,Sunrisers Hyderabad vs Chennai Super Kings
1254081,2021,2021-04-29,"Arun Jaitley Stadium, Delhi",Mumbai Indians,Rajasthan Royals,Mumbai Indians,1,0,1,field,0,1,172.0,171.0,1.0,Mumbai Indians vs Rajasthan Royals
1254081,2021,2021-04-29,"Arun Jaitley Stadium, Delhi",Rajasthan Royals,Mumbai Indians,Mumbai Indians,0,1,0,field,1,0,171.0,172.0,-1.0,Rajasthan Royals vs Mumbai Indians
1254082,2021,2021-04-29,"Narendra Modi Stadium, Ahmedabad",Delhi Capitals,Kolkata Knight Riders,Delhi Capitals,1,0,1,field,0,1,156.0,154.0,2.0,Delhi Capitals vs Kolkata Knight Riders
1254082,2021,2021-04-29,"Narendra Modi Stadium, Ahmedabad",Kolkata Knight Riders,Delhi Capitals,Delhi Capitals,0,1,0,field,1,0,154.0,156.0,-2.0,Kolkata Knight Riders vs Delhi Capitals
1254083,2021,2021-04-30,"Narendra Modi Stadium, Ahmedabad",Punjab Kings,Royal Challengers Bengaluru,Punjab Kings,1,0,0,field,1,0,179.0,145.0,34.0,Punjab Kings vs Royal Challengers Bengaluru
1254083,2021,2021-04-30,"Narendra Modi Stadium, Ahmedabad",Royal Challengers Bengaluru,Punjab Kings,Punjab Kings,0,1,1,field,0,1,145.0,179.0,-34.0,Royal Challengers Bengaluru vs Punjab Kings
1254084,2021,2021-05-01,"Arun Jaitley Stadium, Delhi",Chennai Super Kings,Mumbai Indians,Mumbai Indians,0,1,0,field,1,0,218.0,219.0,-1.0,Chennai Super Kings vs Mumbai Indians
1254084,2021,2021-05-01,"Arun Jaitley Stadium, Delhi",Mumbai Indians,Chennai Super Kings,Mumbai Indians,1,0,1,field,0,1,219.0,218.0,1.0,Mumbai Indians vs Chennai Super Kings
1254085,2021,2021-05-02,"Arun Jaitley Stadium, Delhi",Rajasthan Royals,Sunrisers Hyderabad,Rajasthan Royals,1,0,0,field,1,0,220.0,165.0,55.0,Rajasthan Royals vs Sunrisers Hyderabad
1254085,2021,2021-05-02,"Arun Jaitley Stadium, Delhi",Sunrisers Hyderabad,Rajasthan Royals,Rajasthan Royals,0,1,1,field,0,1,165.0,220.0,-55.0,Sunrisers Hyderabad vs Rajasthan Royals
1254086,2021,2021-05-02,"Narendra Modi Stadium, Ahmedabad",Delhi Capitals,Punjab Kings,Delhi Capitals,1,0,1,field,0,1,167.0,166.0,1.0,Delhi Capitals vs Punjab Kings
1254086,2021,2021-05-02,"Narendra Modi Stadium, Ahmedabad",Punjab Kings,Delhi Capitals,Delhi Capitals,0,1,0,field,1,0,166.0,167.0,-1.0,Punjab Kings vs Delhi Capitals
1254104,2021,2021-09-19,Dubai International Cricket Stadium,Chennai Super Kings,Mumbai Indians,Chennai Super Kings,1,0,1,bat,1,0,156.0,136.0,20.0,Chennai Super Kings vs Mumbai Indians
1254104,2021,2021-09-19,Dubai International Cricket Stadium,Mumbai Indians,Chennai Super Kings,Chennai Super Kings,0,1,0,bat,0,1,136.0,156.0,-20.0,Mumbai Indians vs Chennai Super Kings
1254087,2021,2021-09-20,"Zayed Cricket Stadium, Abu Dhabi",Kolkata Knight Riders,Royal Challengers Bengaluru,Kolkata Knight Riders,1,0,0,bat,0,1,94.0,92.0,2.0,Kolkata Knight Riders vs Royal Challengers Bengaluru
1254087,2021,2021-09-20,"Zayed Cricket Stadium, Abu Dhabi",Royal Challengers Bengaluru,Kolkata Knight Riders,Kolkata Knight Riders,0,1,1,bat,1,0,92.0,94.0,-2.0,Royal Challengers Bengaluru vs Kolkata Knight Riders
1254111,2021,2021-09-21,Dubai International Cricket Stadium,Punjab Kings,Rajasthan Royals,Rajasthan Royals,0,1,1,field,0,1,183.0,185.0,-2.0,Punjab Kings vs Rajasthan Royals
1254111,2021,2021-09-21,Dubai International Cricket Stadium,Rajasthan Royals,Punjab Kings,Rajasthan Royals,1,0,0,field,1,0,185.0,183.0,2.0,Rajasthan Royals vs Punjab Kings
1254105,2021,2021-09-22,Dubai International Cricket Stadium,Delhi Capitals,Sunrisers Hyderabad,Delhi Capitals,1,0,0,bat,0,1,139.0,134.0,5.0,Delhi Capitals vs Sunrisers Hyderabad
1254105,2021,2021-09-22,Dubai International Cricket Stadium,Sunrisers Hyderabad,Delhi Capitals,Delhi Capitals,0,1,1,bat,1,0,134.0,139.0,-5.0,Sunrisers Hyderabad vs Delhi Capitals
1254096,2021,2021-09-23,"Zayed Cricket Stadium, Abu Dhabi",Kolkata Knight Riders,Mumbai Indians,Kolkata Knight Riders,1,0,1,field,0,1,159.0,155.0,4.0,Kolkata Knight Riders vs Mumbai Indians
1254096,2021,2021-09-23,"Zayed Cricket Stadium, Abu Dhabi",Mumbai Indians,Kolkata Knight Riders,Kolkata Knight Riders,0,1,0,field,1,0,155.0,159.0,-4.0,Mumbai Indians vs Kolkata Knight Riders
1254113,2021,2021-09-24,Sharjah Cricket Stadium,Chennai Super Kings,Royal Challengers Bengaluru,Chennai Super Kings,1,0,1,field,0,1,157.0,156.0,1.0,Chennai Super Kings vs Royal Challengers Bengaluru
1254113,2021,2021-09-24,Sharjah Cricket Stadium,Royal Challengers Bengaluru,Chennai Super Kings,Chennai Super Kings,0,1,0,field,1,0,156.0,157.0,-1.0,Royal Challengers Bengaluru vs Chennai Super Kings
1254097,2021,2021-09-25,"Zayed Cricket Stadium, Abu Dhabi",Delhi Capitals,Rajasthan Royals,Delhi Capitals,1,0,0,field,1,0,154.0,121.0,33.0,Delhi Capitals vs Rajasthan Royals
1254097,2021,2021-09-25,"Zayed Cricket Stadium, Abu Dhabi",Rajasthan Royals,Delhi Capitals,Delhi Capitals,0,1,1,field,0,1,121.0,154.0,-33.0,Rajasthan Royals vs Delhi Capitals
1254107,2021,2021-09-25,Sharjah Cricket Stadium,Punjab Kings,Sunrisers Hyderabad,Punjab Kings,1,0,0,field,1,0,125.0,120.0,5.0,Punjab Kings vs Sunrisers Hyderabad
1254107,2021,2021-09-25,Sharjah Cricket Stadium,Sunrisers Hyderabad,Punjab Kings,Punjab Kings,0,1,1,field,0,1,120.0,125.0,-5.0,Sunrisers Hyderabad vs Punjab Kings
1254098,2021,2021-09-26,"Zayed Cricket Stadium, Abu Dhabi",Chennai Super Kings,Kolkata Knight Riders,Chennai Super Kings,1,0,0,bat,0,1,172.0,171.0,1.0,Chennai Super Kings vs Kolkata Knight Riders
1254098,2021,2021-09-26,"Zayed Cricket Stadium, Abu Dhabi",Kolkata Knight Riders,Chennai Super Kings,Chennai Super Kings,0,1,1,bat,1,0,171.0,172.0,-1.0,Kolkata Knight Riders vs Chennai Super Kings
1254108,2021,2021-09-26,Dubai International Cricket Stadium,Mumbai Indians,Royal Challengers Bengaluru,Royal Challengers Bengaluru,0,1,1,field,0,1,111.0,165.0,-54.0,Mumbai Indians vs Royal Challengers Bengaluru
1254108,2021,2021-09-26,Dubai International Cricket Stadium,Royal Challengers Bengaluru,Mumbai Indians,Royal Challengers Bengaluru,1,0,0,field,1,0,165.0,111.0,54.0,Royal Challengers Bengaluru vs Mumbai Indians
1254100,2021,2021-09-27,Dubai International Cricket Stadium,Rajasthan Royals,Sunrisers Hyderabad,Sunrisers Hyderabad,0,1,1,bat,1,0,164.0,167.0,-3.0,Rajasthan Royals vs Sunrisers Hyderabad
1254100,2021,2021-09-27,Dubai International Cricket Stadium,Sunrisers Hyderabad,Rajasthan Royals,Sunrisers Hyderabad,1,0,0,bat,0,1,167.0,164.0,3.0,Sunrisers Hyderabad vs Rajasthan Royals
1254092,2021,2021-09-28,Sharjah Cricket Stadium,Delhi Capitals,Kolkata Knight Riders,Kolkata Knight Riders,0,1,0,field,1,0,127.0,130.0,-3.0,Delhi Capitals vs Kolkata Knight Riders
1254092,2021,2021-09-28,Sharjah Cricket Stadium,Kolkata Knight Riders,Delhi Capitals,Kolkata Knight Riders,1,0,1,field,0,1,130.0,127.0,3.0,Kolkata Knight Riders vs Delhi Capitals
1254099,2021,2021-09-28,"Zayed Cricket Stadium, Abu Dhabi",Mumbai Indians,Punjab Kings,Mumbai Indians,1,0,1,field,0,1,137.0,135.0,2.0,Mumbai Indians vs Punjab Kings
1254099,2021,2021-09-28,"Zayed Cricket Stadium, Abu Dhabi",Punjab Kings,Mumbai Indians,Mumbai Indians,0,1,0,field,1,0,135.0,137.0,-2.0,Punjab Kings vs Mumbai Indians
1254103,2021,2021-09-29,Dubai International Cricket Stadium,Rajasthan Royals,Royal Challengers Bengaluru,Royal Challengers Bengaluru,0,1,0,field,1,0,149.0,153.0,-4.0,Rajasthan Royals vs Royal Challengers Bengaluru
1254103,2021,2021-09-29,Dubai International Cricket Stadium,Royal Challengers Bengaluru,Rajasthan Royals,Royal Challengers Bengaluru,1,0,1,field,0,1,153.0,149.0,4.0,Royal Challengers Bengaluru vs Rajasthan Royals
1254091,2021,2021-09-30,Sharjah Cricket Stadium,Chennai Super Kings,Sunrisers Hyderabad,Chennai Super Kings,1,0,1,field,0,1,139.0,134.0,5.0,Chennai Super Kings vs Sunrisers Hyderabad
1254091,2021,2021-09-30,Sharjah Cricket Stadium,Sunrisers Hyderabad,Chennai Super Kings,Chennai Super Kings,0,1,0,field,1,0,134.0,139.0,-5.0,Sunrisers Hyderabad vs Chennai Super Kings
1254102,2021,2021-10-01,Dubai International Cricket Stadium,Kolkata Knight Riders,Punjab Kings,Punjab Kings,0,1,0,field,1,0,165.0,168.0,-3.0,Kolkata Knight Riders vs Punjab Kings
1254102,2021,2021-10-01,Dubai International Cricket Stadium,Punjab Kings,Kolkata Knight Riders,Punjab Kings,1,0,1,field,0,1,168.0,165.0,3.0,Punjab Kings vs Kolkata Knight Riders
1254089,2021,2021-10-02,"Zayed Cricket Stadium, Abu Dhabi",Chennai Super Kings,Rajasthan Royals,Rajasthan Royals,0,1,0,field,1,0,189.0,190.0,-1.0,Chennai Super Kings vs Rajasthan Royals
1254089,2021,2021-10-02,"Zayed Cricket Stadium, Abu Dhabi",Rajasthan Royals,Chennai Super Kings,Rajasthan Royals,1,0,1,field,0,1,190.0,189.0,1.0,Rajasthan Royals vs Chennai Super Kings
1254112,2021,2021-10-02,Sharjah Cricket Stadium,Delhi Capitals,Mumbai Indians,Delhi Capitals,1,0,1,field,0,1,132.0,129.0,3.0,Delhi Capitals vs Mumbai Indians
1254112,2021,2021-10-02,Sharjah Cricket Stadium,Mumbai Indians,Delhi Capitals,Delhi Capitals,0,1,0,field,1,0,129.0,132.0,-3.0,Mumbai Indians vs Delhi Capitals
1254090,2021,2021-10-03,Sharjah Cricket Stadium,Punjab Kings,Royal Challengers Bengaluru,Royal Challengers Bengaluru,0,1,0,bat,0,1,158.0,164.0,-6.0,Punjab Kings vs Royal Challengers Bengaluru
1254090,2021,2021-10-03,Sharjah Cricket Stadium,Royal Challengers Bengaluru,Punjab Kings,Royal Challengers Bengaluru,1,0,1,bat,1,0,164.0,158.0,6.0,Royal Challengers Bengaluru vs Punjab Kings
1254109,2021,2021-10-03,Dubai International Cricket Stadium,Kolkata Knight Riders,Sunrisers Hyderabad,Kolkata Knight Riders,1,0,0,bat,0,1,119.0,115.0,4.0,Kolkata Knight Riders vs Sunrisers Hyderabad
1254109,2021,2021-10-03,Dubai International Cricket Stadium,Sunrisers Hyderabad,Kolkata Knight Riders,Kolkata Knight Riders,0,1,1,bat,1,0,115.0,119.0,-4.0,Sunrisers Hyderabad vs Kolkata Knight Riders
1254110,2021,2021-10-04,Dubai International Cricket Stadium,Chennai Super Kings,Delhi Capitals,Delhi Capitals,0,1,0,field,1,0,136.0,139.0,-3.0,Chennai Super Kings vs Delhi Capitals
1254110,2021,2021-10-04,Dubai International Cricket Stadium,Delhi Capitals,Chennai Super Kings,Delhi Capitals,1,0,1,field,0,1,139.0,136.0,3.0,Delhi Capitals vs Chennai Super Kings
1254093,2021,2021-10-05,Sharjah Cricket Stadium,Mumbai Indians,Rajasthan Royals,Mumbai Indians,1,0,1,field,0,1,94.0,90.0,4.0,Mumbai Indians vs Rajasthan Royals
1254093,2021,2021-10-05,Sharjah Cricket Stadium,Rajasthan Royals,Mumbai Indians,Mumbai Indians,0,1,0,field,1,0,90.0,94.0,-4.0,Rajasthan Royals vs Mumbai Indians
1254095,2021,2021-10-06,"Zayed Cricket Stadium, Abu Dhabi",Royal Challengers Bengaluru,Sunrisers Hyderabad,Sunrisers Hyderabad,0,1,1,field,0,1,137.0,141.0,-4.0,Royal Challengers Bengaluru vs Sunrisers Hyderabad
1254095,2021,2021-10-06,"Zayed Cricket Stadium, Abu Dhabi",Sunrisers Hyderabad,Royal Challengers Bengaluru,Sunrisers Hyderabad,1,0,0,field,1,0,141.0,137.0,4.0,Sunrisers Hyderabad vs Royal Challengers Bengaluru
1254094,2021,2021-10-07,Dubai International Cricket Stadium,Chennai Super Kings,Punjab Kings,Punjab Kings,0,1,0,field,1,0,134.0,139.0,-5.0,Chennai Super Kings vs Punjab Kings
1254094,2021,2021-10-07,Dubai International Cricket Stadium,Punjab Kings,Chennai Super Kings,Punjab Kings,1,0,1,field,0,1,139.0,134.0,5.0,Punjab Kings vs Chennai Super Kings
1254106,2021,2021-10-07,Sharjah Cricket Stadium,Kolkata Knight Riders,Rajasthan Royals,Kolkata Knight Riders,1,0,0,field,1,0,171.0,85.0,86.0,Kolkata Knight Riders vs Rajasthan Royals
1254106,2021,2021-10-07,Sharjah Cricket Stadium,Rajasthan Royals,Kolkata Knight Riders,Kolkata Knight Riders,0,1,1,field,0,1,85.0,171.0,-86.0,Rajasthan Royals vs Kolkata Knight Riders
1254088,2021,2021-10-08,"Zayed Cricket Stadium, Abu Dhabi",Mumbai Indians,Sunrisers Hyderabad,Mumbai Indians,1,0,1,bat,1,0,235.0,193.0,42.0,Mumbai Indians vs Sunrisers Hyderabad
1254088,2021,2021-10-08,"Zayed Cricket Stadium, Abu Dhabi",Sunrisers Hyderabad,Mumbai Indians,Mumbai Indians,0,1,0,bat,0,1,193.0,235.0,-42.0,Sunrisers Hyderabad vs Mumbai Indians
1254101,2021,2021-10-08,Dubai International Cricket Stadium,Delhi Capitals,Royal Challengers Bengaluru,Royal Challengers Bengaluru,0,1,0,field,1,0,164.0,166.0,-2.0,Delhi Capitals vs Royal Challengers Bengaluru
1254101,2021,2021-10-08,Dubai International Cricket Stadium,Royal Challengers Bengaluru,Delhi Capitals,Royal Challengers Bengaluru,1,0,1,field,0,1,166.0,164.0,2.0,Royal Challengers Bengaluru vs Delhi Capitals
1254114,2021,2021-10-10,Dubai International Cricket Stadium,Chennai Super Kings,Delhi Capitals,Chennai Super Kings,1,0,1,field,0,1,173.0,172.0,1.0,Chennai Super Kings vs Delhi Capitals
1254114,2021,2021-10-10,Dubai International Cricket Stadium,Delhi Capitals,Chennai Super Kings,Chennai Super Kings,0,1,0,field,1,0,172.0,173.0,-1.0,Delhi Capitals vs Chennai Super Kings
1254115,2021,2021-10-11,Sharjah Cricket Stadium,Kolkata Knight Riders,Royal Challengers Bengaluru,Kolkata Knight Riders,1,0,0,bat,0,1,139.0,138.0,1.0,Kolkata Knight Riders vs Royal Challengers Bengaluru
1254115,2021,2021-10-11,Sharjah Cricket Stadium,Royal Challengers Bengaluru,Kolkata Knight Riders,Kolkata Knight Riders,0,1,1,bat,1,0,138.0,139.0,-1.0,Royal Challengers Bengaluru vs Kolkata Knight Riders
1254116,2021,2021-10-13,Sharjah Cricket Stadium,Delhi Capitals,Kolkata Knight Riders,Kolkata Knight Riders,0,1,0,field,1,0,135.0,136.0,-1.0,Delhi Capitals vs Kolkata Knight Riders
1254116,2021,2021-10-13,Sharjah Cricket Stadium,Kolkata Knight Riders,Delhi Capitals,Kolkata Knight Riders,1,0,1,field,0,1,136.0,135.0,1.0,Kolkata Knight Riders vs Delhi Capitals
1254117,2021,2021-10-15,Dubai International Cricket Stadium,Chennai Super Kings,Kolkata Knight Riders,Chennai Super Kings,1,0,0,field,1,0,192.0,165.0,27.0,Chennai Super Kings vs Kolkata Knight Riders
1254117,2021,2021-10-15,Dubai International Cricket Stadium,Kolkata Knight Riders,Chennai Super Kings,Chennai Super Kings,0,1,1,field,0,1,165.0,192.0,-27.0,Kolkata Knight Riders vs Chennai Super Kings
1304047,2022,2022-03-26,"Wankhede Stadium, Mumbai",Chennai Super Kings,Kolkata Knight Riders,Kolkata Knight Riders,0,1,0,field,1,0,131.0,133.0,-2.0,Chennai Super Kings vs Kolkata Knight Riders
1304047,2022,2022-03-26,"Wankhede Stadium, Mumbai",Kolkata Knight Riders,Chennai Super Kings,Kolkata Knight Riders,1,0,1,field,0,1,133.0,131.0,2.0,Kolkata Knight Riders vs Chennai Super Kings
1304048,2022,2022-03-27,"Brabourne Stadium, Mumbai",Delhi Capitals,Mumbai Indians,Delhi Capitals,1,0,1,field,0,1,179.0,177.0,2.0,Delhi Capitals vs Mumbai Indians
1304048,2022,2022-03-27,"Brabourne Stadium, Mumbai",Mumbai Indians,Delhi Capitals,Delhi Capitals,0,1,0,field,1,0,177.0,179.0,-2.0,Mumbai Indians vs Delhi Capitals
1304049,2022,2022-03-27,"Dr DY Patil Sports Academy, Mumbai",Punjab Kings,Royal Challengers Bengaluru,Punjab Kings,1,0,1,field,0,1,208.0,205.0,3.0,Punjab Kings vs Royal Challengers Bengaluru
1304049,2022,2022-03-27,"Dr DY Patil Sports Academy, Mumbai",Royal Challengers Bengaluru,Punjab Kings,Punjab Kings,0,1,0,field,1,0,205.0,208.0,-3.0,Royal Challengers Bengaluru vs Punjab Kings
1304050,2022,2022-03-28,"Wankhede Stadium, Mumbai",Gujarat Titans,Lucknow Super Giants,Gujarat Titans,1,0,1,field,0,1,161.0,158.0,3.0,Gujarat Titans vs Lucknow Super Giants
1304050,2022,2022-03-28,"Wankhede Stadium, Mumbai",Lucknow Super Giants,Gujarat Titans,Gujarat Titans,0,1,0,field,1,0,158.0,161.0,-3.0,Lucknow Super Giants vs Gujarat Titans
1304051,2022,2022-03-29,"Maharashtra Cricket Association Stadium, Pune",Rajasthan Royals,Sunrisers Hyderabad,Rajasthan Royals,1,0,0,field,1,0,210.0,149.0,61.0,Rajasthan Royals vs Sunrisers Hyderabad
1304051,2022,2022-03-29,"Maharashtra Cricket Association Stadium, Pune",Sunrisers Hyderabad,Rajasthan Royals,Rajasthan Royals,0,1,1,field,0,1,149.0,210.0,-61.0,Sunrisers Hyderabad vs Rajasthan Royals
1304052,2022,2022-03-30,"Dr DY Patil Sports Academy, Mumbai",Kolkata Knight Riders,Royal Challengers Bengaluru,Royal Challengers Bengaluru,0,1,0,field,1,0,128.0,132.0,-4.0,Kolkata Knight Riders vs Royal Challengers Bengaluru
1304052,2022,2022-03-30,"Dr DY Patil Sports Academy, Mumbai",Royal Challengers Bengaluru,Kolkata Knight Riders,Royal Challengers Bengaluru,1,0,1,field,0,1,132.0,128.0,4.0,Royal Challengers Bengaluru vs Kolkata Knight Riders
1304053,2022,2022-03-31,"Brabourne Stadium, Mumbai",Chennai Super Kings,Lucknow Super Giants,Lucknow Super Giants,0,1,0,field,1,0,210.0,211.0,-1.0,Chennai Super Kings vs Lucknow Super Giants
1304053,2022,2022-03-31,"Brabourne Stadium, Mumbai",Lucknow Super Giants,Chennai Super Kings,Lucknow Super Giants,1,0,1,field,0,1,211.0,210.0,1.0,Lucknow Super Giants vs Chennai Super Kings
1304054,2022,2022-04-01,"Wankhede Stadium, Mumbai",Kolkata Knight Riders,Punjab Kings,Kolkata Knight Riders,1,0,1,field,0,1,141.0,137.0,4.0,Kolkata Knight Riders vs Punjab Kings
1304054,2022,2022-04-01,"Wankhede Stadium, Mumbai",Punjab Kings,Kolkata Knight Riders,Kolkata Knight Riders,0,1,0,field,1,0,137.0,141.0,-4.0,Punjab Kings vs Kolkata Knight Riders
1304055,2022,2022-04-02,"Dr DY Patil Sports Academy, Mumbai",Mumbai Indians,Rajasthan Royals,Rajasthan Royals,0,1,1,field,0,1,170.0,193.0,-23.0,Mumbai Indians vs Rajasthan Royals
1304055,2022,2022-04-02,"Dr DY Patil Sports Academy, Mumbai",Rajasthan Royals,Mumbai Indians,Rajasthan Royals,1,0,0,field,1,0,193.0,170.0,23.0,Rajasthan Royals vs Mumbai Indians
1304056,2022,2022-04-02,"Maharashtra Cricket Association Stadium, Pune",Delhi Capitals,Gujarat Titans,Gujarat Titans,0,1,1,field,0,1,157.0,171.0,-14.0,Delhi Capitals vs Gujarat Titans
1304056,2022,2022-04-02,"Maharashtra Cricket Association Stadium, Pune",Gujarat Titans,Delhi Capitals,Gujarat Titans,1,0,0,field,1,0,171.0,157.0,14.0,Gujarat Titans vs Delhi Capitals
1304057,2022,2022-04-03,"Brabourne Stadium, Mumbai",Chennai Super Kings,Punjab Kings,Punjab Kings,0,1,1,field,0,1,126.0,180.0,-54.0,Chennai Super Kings vs Punjab Kings
1304057,2022,2022-04-03,"Brabourne Stadium, Mumbai",Punjab Kings,Chennai Super Kings,Punjab Kings,1,0,0,field,1,0,180.0,126.0,54.0,Punjab Kings vs Chennai Super Kings
1304058,2022,2022-04-04,"Dr DY Patil Sports Academy, Mumbai",Lucknow Super Giants,Sunrisers Hyderabad,Lucknow Super Giants,1,0,0,field,1,0,169.0,157.0,12.0,Lucknow Super Giants vs Sunrisers Hyderabad
1304058,2022,2022-04-04,"Dr DY Patil Sports Academy, Mumbai",Sunrisers Hyderabad,Lucknow Super Giants,Lucknow Super Giants,0,1,1,field,0,1,157.0,169.0,-12.0,Sunrisers Hyderabad vs Lucknow Super Giants
1304059,2022,2022-04-05,"Wankhede Stadium, Mumbai",Rajasthan Royals,Royal Challengers Bengaluru,Royal Challengers Bengaluru,0,1,0,field,1,0,169.0,173.0,-4.0,Rajasthan Royals vs Royal Challengers Bengaluru
1304059,2022,2022-04-05,"Wankhede Stadium, Mumbai",Royal Challengers Bengaluru,Rajasthan Royals,Royal Challengers Bengaluru,1,0,1,field,0,1,173.0,169.0,4.0,Royal Challengers Bengaluru vs Rajasthan Royals
1304060,2022,2022-04-06,"Maharashtra Cricket Association Stadium, Pune",Kolkata Knight Riders,Mumbai Indians,Kolkata Knight Riders,1,0,1,field,0,1,162.0,161.0,1.0,Kolkata Knight Riders vs Mumbai Indians
1304060,2022,2022-04-06,"Maharashtra Cricket Association Stadium, Pune",Mumbai Indians,Kolkata Knight Riders,Kolkata Knight Riders,0,1,0,field,1,0,161.0,162.0,-1.0,Mumbai Indians vs Kolkata Knight Riders
1304061,2022,2022-04-07,"Dr DY Patil Sports Academy, Mumbai",Delhi Capitals,Lucknow Super Giants,Lucknow Super Giants,0,1,0,field,1,0,149.0,155.0,-6.0,Delhi Capitals vs Lucknow Super Giants
1304061,2022,2022-04-07,"Dr DY Patil Sports Academy, Mumbai",Lucknow Super Giants,Delhi Capitals,Lucknow Super Giants,1,0,1,field,0,1,155.0,149.0,6.0,Lucknow Super Giants vs Delhi Capitals
1304062,2022,2022-04-08,"Brabourne Stadium, Mumbai",Gujarat Titans,Punjab Kings,Gujarat Titans,1,0,1,field,0,1,190.0,189.0,1.0,Gujarat Titans vs Punjab Kings
1304062,2022,2022-04-08,"Brabourne Stadium, Mumbai",Punjab Kings,Gujarat Titans,Gujarat Titans,0,1,0,field,1,0,189.0,190.0,-1.0,Punjab Kings vs Gujarat Titans
1304063,2022,2022-04-09,"Dr DY Patil Sports Academy, Mumbai",Chennai Super Kings,Sunrisers Hyderabad,Sunrisers Hyderabad,0,1,0,field,1,0,154.0,155.0,-1.0,Chennai Super Kings vs Sunrisers Hyderabad
1304063,2022,2022-04-09,"Dr DY Patil Sports Academy, Mumbai",Sunrisers Hyderabad,Chennai Super Kings,Sunrisers Hyderabad,1,0,1,field,0,1,155.0,154.0,1.0,Sunrisers Hyderabad vs Chennai Super Kings
1304064,2022,2022-04-09,"Maharashtra Cricket Association Stadium, Pune",Mumbai Indians,Royal Challengers Bengaluru,Royal Challengers Bengaluru,0,1,0,field,1,0,151.0,152.0,-1.0,Mumbai Indians vs Royal Challengers Bengaluru
1304064,2022,2022-04-09,"Maharashtra Cricket Association Stadium, Pune",Royal Challengers Bengaluru,Mumbai Indians,Royal Challengers Bengaluru,1,0,1,field,0,1,152.0,151.0,1.0,Royal Challengers Bengaluru vs Mumbai Indians
1304065,2022,2022-04-10,"Brabourne Stadium, Mumbai",Delhi Capitals,Kolkata Knight Riders,Delhi Capitals,1,0,0,field,1,0,215.0,171.0,44.0,Delhi Capitals vs Kolkata Knight Riders
1304065,2022,2022-04-10,"Brabourne Stadium, Mumbai",Kolkata Knight Riders,Delhi Capitals,Delhi Capitals,0,1,1,field,0,1,171.0,215.0,-44.0,Kolkata Knight Riders vs Delhi Capitals
1304066,2022,2022-04-10,"Wankhede Stadium, Mumbai",Lucknow Super Giants,Rajasthan Royals,Rajasthan Royals,0,1,1,field,0,1,162.0,165.0,-3.0,Lucknow Super Giants vs Rajasthan Royals
1304066,2022,2022-04-10,"Wankhede Stadium, Mumbai",Rajasthan Royals,Lucknow Super Giants,Rajasthan Royals,1,0,0,field,1,0,165.0,162.0,3.0,Rajasthan Royals vs Lucknow Super Giants
1304067,2022,2022-04-11,"Dr DY Patil Sports Academy, Mumbai",Gujarat Titans,Sunrisers Hyderabad,Sunrisers Hyderabad,0,1,0,field,1,0,162.0,168.0,-6.0,Gujarat Titans vs Sunrisers Hyderabad
1304067,2022,2022-04-11,"Dr DY Patil Sports Academy, Mumbai",Sunrisers Hyderabad,Gujarat Titans,Sunrisers Hyderabad,1,0,1,field,0,1,168.0,162.0,6.0,Sunrisers Hyderabad vs Gujarat Titans
1304068,2022,2022-04-12,"Dr DY Patil Sports Academy, Mumbai",Chennai Super Kings,Royal Challengers Bengaluru,Chennai Super Kings,1,0,0,field,1,0,216.0,193.0,23.0,Chennai Super Kings vs Royal Challengers Bengaluru
1304068,2022,2022-04-12,"Dr DY Patil Sports Academy, Mumbai",Royal Challengers Bengaluru,Chennai Super Kings,Chennai Super Kings,0,1,1,field,0,1,193.0,216.0,-23.0,Royal Challengers Bengaluru vs Chennai Super Kings
1304069,2022,2022-04-13,"Maharashtra Cricket Association Stadium, Pune",Mumbai Indians,Punjab Kings,Punjab Kings,0,1,1,field,0,1,186.0,198.0,-12.0,Mumbai Indians vs Punjab Kings
1304069,2022,2022-04-13,"Maharashtra Cricket Association Stadium, Pune",Punjab Kings,Mumbai Indians,Punjab Kings,1,0,0,field,1,0,198.0,186.0,12.0,Punjab Kings vs Mumbai Indians
1304070,2022,2022-04-14,"Dr DY Patil Sports Academy, Mumbai",Gujarat Titans,Rajasthan Royals,Gujarat Titans,1,0,0,field,1,0,192.0,155.0,37.0,Gujarat Titans vs Rajasthan Royals
1304070,2022,2022-04-14,"Dr DY Patil Sports Academy, Mumbai",Rajasthan Royals,Gujarat Titans,Gujarat Titans,0,1,1,field,0,1,155.0,192.0,-37.0,Rajasthan Royals vs Gujarat Titans
1304071,2022,2022-04-15,"Brabourne Stadium, Mumbai",Kolkata Knight Riders,Sunrisers Hyderabad,Sunrisers Hyderabad,0,1,0,field,1,0,175.0,176.0,-1.0,Kolkata Knight Riders vs Sunrisers Hyderabad
1304071,2022,2022-04-15,"Brabourne Stadium, Mumbai",Sunrisers Hyderabad,Kolkata Knight Riders,Sunrisers Hyderabad,1,0,1,field,0,1,176.0,175.0,1.0,Sunrisers Hyderabad vs Kolkata Knight Riders
1304072,2022,2022-04-16,"Brabourne Stadium, Mumbai",Lucknow Super Giants,Mumbai Indians,Lucknow Super Giants,1,0,0,field,1,0,199.0,181.0,18.0,Lucknow Super Giants vs Mumbai Indians
1304072,2022,2022-04-16,"Brabourne Stadium, Mumbai",Mumbai Indians,Lucknow Super Giants,Lucknow Super Giants,0,1,1,field,0,1,181.0,199.0,-18.0,Mumbai Indians vs Lucknow Super Giants
1304073,2022,2022-04-16,"Wankhede Stadium, Mumbai",Delhi Capitals,Royal Challengers Bengaluru,Royal Challengers Bengaluru,0,1,1,field,0,1,173.0,189.0,-16.0,Delhi Capitals vs Royal Challengers Bengaluru
1304073,2022,2022-04-16,"Wankhede Stadium, Mumbai",Royal Challengers Bengaluru,Delhi Capitals,Royal Challengers Bengaluru,1,0,0,field,1,0,189.0,173.0,16.0,Royal Challengers Bengaluru vs Delhi Capitals
1304074,2022,2022-04-17,"Dr DY Patil Sports Academy, Mumbai",Punjab Kings,Sunrisers Hyderabad,Sunrisers Hyderabad,0,1,0,field,1,0,151.0,152.0,-1.0,Punjab Kings vs Sunrisers Hyderabad
1304074,2022,2022-04-17,"Dr DY Patil Sports Academy, Mumbai",Sunrisers Hyderabad,Punjab Kings,Sunrisers Hyderabad,1,0,1,field,0,1,152.0,151.0,1.0,Sunrisers Hyderabad vs Punjab Kings
1304075,2022,2022-04-17,"Maharashtra Cricket Association Stadium, Pune",Chennai Super Kings,Gujarat Titans,Gujarat Titans,0,1,0,field,1,0,169.0,170.0,-1.0,Chennai Super Kings vs Gujarat Titans
1304075,2022,2022-04-17,"Maharashtra Cricket Association Stadium, Pune",Gujarat Titans,Chennai Super Kings,Gujarat Titans,1,0,1,field,0,1,170.0,169.0,1.0,Gujarat Titans vs Chennai Super Kings
1304076,2022,2022-04-18,"Brabourne Stadium, Mumbai",Kolkata Knight Riders,Rajasthan Royals,Rajasthan Royals,0,1,1,field,0,1,210.0,217.0,-7.0,Kolkata Knight Riders vs Rajasthan Royals
1304076,2022,2022-04-18,"Brabourne Stadium, Mumbai",Rajasthan Royals,Kolkata Knight Riders,Rajasthan Royals,1,0,0,field,1,0,217.0,210.0,7.0,Rajasthan Royals vs Kolkata Knight Riders
1304077,2022,2022-04-19,"Dr DY Patil Sports Academy, Mumbai",Lucknow Super Giants,Royal Challengers Bengaluru,Royal Challengers Bengaluru,0,1,1,field,0,1,163.0,181.0,-18.0,Lucknow Super Giants vs Royal Challengers Bengaluru
1304077,2022,2022-04-19,"Dr DY Patil Sports Academy, Mumbai",Royal Challengers Bengaluru,Lucknow Super Giants,Royal Challengers Bengaluru,1,0,0,field,1,0,181.0,163.0,18.0,Royal Challengers Bengaluru vs Lucknow Super Giants
1304078,2022,2022-04-20,"Brabourne Stadium, Mumbai",Delhi Capitals,Punjab Kings,Delhi Capitals,1,0,1,field,0,1,119.0,115.0,4.0,Delhi Capitals vs Punjab Kings
1304078,2022,2022-04-20,"Brabourne Stadium, Mumbai",Punjab Kings,Delhi Capitals,Delhi Capitals,0,1,0,field,1,0,115.0,119.0,-4.0,Punjab Kings vs Delhi Capitals
1304079,2022,2022-04-21,"Dr DY Patil Sports Academy, Mumbai",Chennai Super Kings,Mumbai Indians,Chennai Super Kings,1,0,1,field,0,1,156.0,155.0,1.0,Chennai Super Kings vs Mumbai Indians
1304079,2022,2022-04-21,"Dr DY Patil Sports Academy, Mumbai",Mumbai Indians,Chennai Super Kings,Chennai Super Kings,0,1,0,field,1,0,155.0,156.0,-1.0,Mumbai Indians vs Chennai Super Kings
1304080,2022,2022-04-22,"Wankhede Stadium, Mumbai",Delhi Capitals,Rajasthan Royals,Rajasthan Royals,0,1,1,field,0,1,207.0,222.0,-15.0,Delhi Capitals vs Rajasthan Royals
1304080,2022,2022-04-22,"Wankhede Stadium, Mumbai",Rajasthan Royals,Delhi Capitals,Rajasthan Royals,1,0,0,field,1,0,222.0,207.0,15.0,Rajasthan Royals vs Delhi Capitals
1304081,2022,2022-04-23,"Dr DY Patil Sports Academy, Mumbai",Gujarat Titans,Kolkata Knight Riders,Gujarat Titans,1,0,1,bat,1,0,156.0,148.0,8.0,Gujarat Titans vs Kolkata Knight Riders
1304081,2022,2022-04-23,"Dr DY Patil Sports Academy, Mumbai",Kolkata Knight Riders,Gujarat Titans,Gujarat Titans,0,1,0,bat,0,1,148.0,156.0,-8.0,Kolkata Knight Riders vs Gujarat Titans
1304082,2022,2022-04-23,"Brabourne Stadium, Mumbai",Royal Challengers Bengaluru,Sunrisers Hyderabad,Sunrisers Hyderabad,0,1,0,field,1,0,68.0,72.0,-4.0,Royal Challengers Bengaluru vs Sunrisers Hyderabad
1304082,2022,2022-04-23,"Brabourne Stadium, Mumbai",Sunrisers Hyderabad,Royal Challengers Bengaluru,Sunrisers Hyderabad,1,0,1,field,0,1,72.0,68.0,4.0,Sunrisers Hyderabad vs Royal Challengers Bengaluru
1304083,2022,2022-04-24,"Wankhede Stadium, Mumbai",Lucknow Super Giants,Mumbai Indians,Lucknow Super Giants,1,0,0,field,1,0,168.0,132.0,36.0,Lucknow Super Giants vs Mumbai Indians
1304083,2022,2022-04-24,"Wankhede Stadium, Mumbai",Mumbai Indians,Lucknow Super Giants,Lucknow Super Giants,0,1,1,field,0,1,132.0,168.0,-36.0,Mumbai Indians vs Lucknow Super Giants
1304084,2022,2022-04-25,"Wankhede Stadium, Mumbai",Chennai Super Kings,Punjab Kings,Punjab Kings,0,1,1,field,0,1,176.0,187.0,-11.0,Chennai Super Kings vs Punjab Kings
1304084,2022,2022-04-25,"Wankhede Stadium, Mumbai",Punjab Kings,Chennai Super Kings,Punjab Kings,1,0,0,field,1,0,187.0,176.0,11.0,Punjab Kings vs Chennai Super Kings
1304085,2022,2022-04-26,"Maharashtra Cricket Association Stadium, Pune",Rajasthan Royals,Royal Challengers Bengaluru,Rajasthan Royals,1,0,0,field,1,0,144.0,115.0,29.0,Rajasthan Royals vs Royal Challengers Bengaluru
1304085,2022,2022-04-26,"Maharashtra Cricket Association Stadium, Pune",Royal Challengers Bengaluru,Rajasthan Royals,Rajasthan Royals,0,1,1,field,0,1,115.0,144.0,-29.0,Royal Challengers Bengaluru vs Rajasthan Royals
1304086,2022,2022-04-27,"Wankhede Stadium, Mumbai",Gujarat Titans,Sunrisers Hyderabad,Gujarat Titans,1,0,1,field,0,1,199.0,195.0,4.0,Gujarat Titans vs Sunrisers Hyderabad
1304086,2022,2022-04-27,"Wankhede Stadium, Mumbai",Sunrisers Hyderabad,Gujarat Titans,Gujarat Titans,0,1,0,field,1,0,195.0,199.0,-4.0,Sunrisers Hyderabad vs Gujarat Titans
1304087,2022,2022-04-28,"Wankhede Stadium, Mumbai",Delhi Capitals,Kolkata Knight Riders,Delhi Capitals,1,0,1,field,0,1,150.0,146.0,4.0,Delhi Capitals vs Kolkata Knight Riders
1304087,2022,2022-04-28,"Wankhede Stadium, Mumbai",Kolkata Knight Riders,Delhi Capitals,Delhi Capitals,0,1,0,field,1,0,146.0,150.0,-4.0,Kolkata Knight Riders vs Delhi Capitals
1304088,2022,2022-04-29,"Maharashtra Cricket Association Stadium, Pune",Lucknow Super Giants,Punjab Kings,Lucknow Super Giants,1,0,0,field,1,0,153.0,133.0,20.0,Lucknow Super Giants vs Punjab Kings
1304088,2022,2022-04-29,"Maharashtra Cricket Association Stadium, Pune",Punjab Kings,Lucknow Super Giants,Lucknow Super Giants,0,1,1,field,0,1,133.0,153.0,-20.0,Punjab Kings vs Lucknow Super Giants
1304089,2022,2022-04-30,"Brabourne Stadium, Mumbai",Gujarat Titans,Royal Challengers Bengaluru,Gujarat Titans,1,0,0,bat,0,1,174.0,170.0,4.0,Gujarat Titans vs Royal Challengers Bengaluru
1304089,2022,2022-04-30,"Brabourne Stadium, Mumbai",Royal Challengers Bengaluru,Gujarat Titans,Gujarat Titans,0,1,1,bat,1,0,170.0,174.0,-4.0,Royal Challengers Bengaluru vs Gujarat Titans
1304090,2022,2022-04-30,"Dr DY Patil Sports Academy, Mumbai",Mumbai Indians,Rajasthan Royals,Mumbai Indians,1,0,1,field,0,1,161.0,158.0,3.0,Mumbai Indians vs Rajasthan Royals
1304090,2022,2022-04-30,"Dr DY Patil Sports Academy, Mumbai",Rajasthan Royals,Mumbai Indians,Mumbai Indians,0,1,0,field,1,0,158.0,161.0,-3.0,Rajasthan Royals vs Mumbai Indians
1304091,2022,2022-05-01,"Wankhede Stadium, Mumbai",Delhi Capitals,Lucknow Super Giants,Lucknow Super Giants,0,1,0,bat,0,1,189.0,195.0,-6.0,Delhi Capitals vs Lucknow Super Giants
1304091,2022,2022-05-01,"Wankhede Stadium, Mumbai",Lucknow Super Giants,Delhi Capitals,Lucknow Super Giants,1,0,1,bat,1,0,195.0,189.0,6.0,Lucknow Super Giants vs Delhi Capitals
1304092,2022,2022-05-01,"Maharashtra Cricket Association Stadium, Pune",Chennai Super Kings,Sunrisers Hyderabad,Chennai Super Kings,1,0,0,field,1,0,202.0,189.0,13.0,Chennai Super Kings vs Sunrisers Hyderabad
1304092,2022,2022-05-01,"Maharashtra Cricket Association Stadium, Pune",Sunrisers Hyderabad,Chennai Super Kings,Chennai Super Kings,0,1,1,field,0,1,189.0,202.0,-13.0,Sunrisers Hyderabad vs Chennai Super Kings
1304093,2022,2022-05-02,"Wankhede Stadium, Mumbai",Kolkata Knight Riders,Rajasthan Royals,Kolkata Knight Riders,1,0,1,field,0,1,158.0,152.0,6.0,Kolkata Knight Riders vs Rajasthan Royals
1304093,2022,2022-05-02,"Wankhede Stadium, Mumbai",Rajasthan Royals,Kolkata Knight Riders,Kolkata Knight Riders,0,1,0,field,1,0,152.0,158.0,-6.0,Rajasthan Royals vs Kolkata Knight Riders
1304094,2022,2022-05-03,"Dr DY Patil Sports Academy, Mumbai",Gujarat Titans,Punjab Kings,Punjab Kings,0,1,1,bat,1,0,143.0,145.0,-2.0,Gujarat Titans vs Punjab Kings
1304094,2022,2022-05-03,"Dr DY Patil Sports Academy, Mumbai",Punjab Kings,Gujarat Titans,Punjab Kings,1,0,0,bat,0,1,145.0,143.0,2.0,Punjab Kings vs Gujarat Titans
1304095,2022,2022-05-04,"Maharashtra Cricket Association Stadium, Pune",Chennai Super Kings,Royal Challengers Bengaluru,Royal Challengers Bengaluru,0,1,1,field,0,1,160.0,173.0,-13.0,Chennai Super Kings vs Royal Challengers Bengaluru
1304095,2022,2022-05-04,"Maharashtra Cricket Association Stadium, Pune",Royal Challengers Bengaluru,Chennai Super Kings,Royal Challengers Bengaluru,1,0,0,field,1,0,173.0,160.0,13.0,Royal Challengers Bengaluru vs Chennai Super Kings
1304096,2022,2022-05-05,"Brabourne Stadium, Mumbai",Delhi Capitals,Sunrisers Hyderabad,Delhi Capitals,1,0,0,field,1,0,207.0,186.0,21.0,Delhi Capitals vs Sunrisers Hyderabad
1304096,2022,2022-05-05,"Brabourne Stadium, Mumbai",Sunrisers Hyderabad,Delhi Capitals,Delhi Capitals,0,1,1,field,0,1,186.0,207.0,-21.0,Sunrisers Hyderabad vs Delhi Capitals
1304097,2022,2022-05-06,"Brabourne Stadium, Mumbai",Gujarat Titans,Mumbai Indians,Mumbai Indians,0,1,1,field,0,1,172.0,177.0,-5.0,Gujarat Titans vs Mumbai Indians
1304097,2022,2022-05-06,"Brabourne Stadium, Mumbai",Mumbai Indians,Gujarat Titans,Mumbai Indians,1,0,0,field,1,0,177.0,172.0,5.0,Mumbai Indians vs Gujarat Titans
1304098,2022,2022-05-07,"Wankhede Stadium, Mumbai",Punjab Kings,Rajasthan Royals,Rajasthan Royals,0,1,1,bat,1,0,189.0,190.0,-1.0,Punjab Kings vs Rajasthan Royals
1304098,2022,2022-05-07,"Wankhede Stadium, Mumbai",Rajasthan Royals,Punjab Kings,Rajasthan Royals,1,0,0,bat,0,1,190.0,189.0,1.0,Rajasthan Royals vs Punjab Kings
1304099,2022,2022-05-07,"Maharashtra Cricket Association Stadium, Pune",Kolkata Knight Riders,Lucknow Super Giants,Lucknow Super Giants,0,1,1,field,0,1,101.0,176.0,-75.0,Kolkata Knight Riders vs Lucknow Super Giants
1304099,2022,2022-05-07,"Maharashtra Cricket Association Stadium, Pune",Lucknow Super Giants,Kolkata Knight Riders,Lucknow Super Giants,1,0,0,field,1,0,176.0,101.0,75.0,Lucknow Super Giants vs Kolkata Knight Riders
1304100,2022,2022-05-08,"Wankhede Stadium, Mumbai",Royal Challengers Bengaluru,Sunrisers Hyderabad,Royal Challengers Bengaluru,1,0,1,bat,1,0,192.0,125.0,67.0,Royal Challengers Bengaluru vs Sunrisers Hyderabad
1304100,2022,2022-05-08,"Wankhede Stadium, Mumbai",Sunrisers Hyderabad,Royal Challengers Bengaluru,Royal Challengers Bengaluru,0,1,0,bat,0,1,125.0,192.0,-67.0,Sunrisers Hyderabad vs Royal Challengers Bengaluru
1304101,2022,2022-05-08,"Dr DY Patil Sports Academy, Mumbai",Chennai Super Kings,Delhi Capitals,Chennai Super Kings,1,0,0,field,1,0,208.0,117.0,91.0,Chennai Super Kings vs Delhi Capitals
1304101,2022,2022-05-08,"Dr DY Patil Sports Academy, Mumbai",Delhi Capitals,Chennai Super Kings,Chennai Super Kings,0,1,1,field,0,1,117.0,208.0,-91.0,Delhi Capitals vs Chennai Super Kings
1304102,2022,2022-05-09,"Dr DY Patil Sports Academy, Mumbai",Kolkata Knight Riders,Mumbai Indians,Kolkata Knight Riders,1,0,0,field,1,0,165.0,113.0,52.0,Kolkata Knight Riders vs Mumbai Indians
1304102,2022,2022-05-09,"Dr DY Patil Sports Academy, Mumbai",Mumbai Indians,Kolkata Knight Riders,Kolkata Knight Riders,0,1,1,field,0,1,113.0,165.0,-52.0,Mumbai Indians vs Kolkata Knight Riders
1304103,2022,2022-05-10,"Maharashtra Cricket Association Stadium, Pune",Gujarat Titans,Lucknow Super Giants,Gujarat Titans,1,0,1,bat,1,0,144.0,82.0,62.0,Gujarat Titans vs Lucknow Super Giants
1304103,2022,2022-05-10,"Maharashtra Cricket Association Stadium, Pune",Lucknow Super Giants,Gujarat Titans,Gujarat Titans,0,1,0,bat,0,1,82.0,144.0,-62.0,Lucknow Super Giants vs Gujarat Titans
1304104,2022,2022-05-11,"Dr DY Patil Sports Academy, Mumbai",Delhi Capitals,Rajasthan Royals,Delhi Capitals,1,0,1,field,0,1,161.0,160.0,1.0,Delhi Capitals vs Rajasthan Royals
1304104,2022,2022-05-11,"Dr DY Patil Sports Academy, Mumbai",Rajasthan Royals,Delhi Capitals,Delhi Capitals,0,1,0,field,1,0,160.0,161.0,-1.0,Rajasthan Royals vs Delhi Capitals
1304105,2022,2022-05-12,"Wankhede Stadium, Mumbai",Chennai Super Kings,Mumbai Indians,Mumbai Indians,0,1,0,field,1,0,97.0,103.0,-6.0,Chennai Super Kings vs Mumbai Indians
1304105,2022,2022-05-12,"Wankhede Stadium, Mumbai",Mumbai Indians,Chennai Super Kings,Mumbai Indians,1,0,1,field,0,1,103.0,97.0,6.0,Mumbai Indians vs Chennai Super Kings
1304106,2022,2022-05-13,"Brabourne Stadium, Mumbai",Punjab Kings,Royal Challengers Bengaluru,Punjab Kings,1,0,0,field,1,0,209.0,155.0,54.0,Punjab Kings vs Royal Challengers Bengaluru
1304106,2022,2022-05-13,"Brabourne Stadium, Mumbai",Royal Challengers Bengaluru,Punjab Kings,Punjab Kings,0,1,1,field,0,1,155.0,209.0,-54.0,Royal Challengers Bengaluru vs Punjab Kings
1304107,2022,2022-05-14,"Maharashtra Cricket Association Stadium, Pune",Kolkata Knight Riders,Sunrisers Hyderabad,Kolkata Knight Riders,1,0,1,bat,1,0,177.0,123.0,54.0,Kolkata Knight Riders vs Sunrisers Hyderabad
1304107,2022,2022-05-14,"Maharashtra Cricket Association Stadium, Pune",Sunrisers Hyderabad,Kolkata Knight Riders,Kolkata Knight Riders,0,1,0,bat,0,1,123.0,177.0,-54.0,Sunrisers Hyderabad vs Kolkata Knight Riders
1304108,2022,2022-05-15,"Wankhede Stadium, Mumbai",Chennai Super Kings,Gujarat Titans,Gujarat Titans,0,1,1,bat,1,0,133.0,137.0,-4.0,Chennai Super Kings vs Gujarat Titans
1304108,2022,2022-05-15,"Wankhede Stadium, Mumbai",Gujarat Titans,Chennai Super Kings,Gujarat Titans,1,0,0,bat,0,1,137.0,133.0,4.0,Gujarat Titans vs Chennai Super Kings
1304109,2022,2022-05-15,"Brabourne Stadium, Mumbai",Lucknow Super Giants,Rajasthan Royals,Rajasthan Royals,0,1,0,bat,0,1,154.0,178.0,-24.0,Lucknow Super Giants vs Rajasthan Royals
1304109,2022,2022-05-15,"Brabourne Stadium, Mumbai",Rajasthan Royals,Lucknow Super Giants,Rajasthan Royals,1,0,1,bat,1,0,178.0,154.0,24.0,Rajasthan Royals vs Lucknow Super Giants
1304110,2022,2022-05-16,"Dr DY Patil Sports Academy, Mumbai",Delhi Capitals,Punjab Kings,Delhi Capitals,1,0,0,field,1,0,159.0,142.0,17.0,Delhi Capitals vs Punjab Kings
1304110,2022,2022-05-16,"Dr DY Patil Sports Academy, Mumbai",Punjab Kings,Delhi Capitals,Delhi Capitals,0,1,1,field,0,1,142.0,159.0,-17.0,Punjab Kings vs Delhi Capitals
1304111,2022,2022-05-17,"Wankhede Stadium, Mumbai",Mumbai Indians,Sunrisers Hyderabad,Sunrisers Hyderabad,0,1,1,field,0,1,190.0,193.0,-3.0,Mumbai Indians vs Sunrisers Hyderabad
1304111,2022,2022-05-17,"Wankhede Stadium, Mumbai",Sunrisers Hyderabad,Mumbai Indians,Sunrisers Hyderabad,1,0,0,field,1,0,193.0,190.0,3.0,Sunrisers Hyderabad vs Mumbai Indians
1304112,2022,2022-05-18,"Dr DY Patil Sports Academy, Mumbai",Kolkata Knight Riders,Lucknow Super Giants,Lucknow Super Giants,0,1,0,bat,0,1,208.0,210.0,-2.0,Kolkata Knight Riders vs Lucknow Super Giants
1304112,2022,2022-05-18,"Dr DY Patil Sports Academy, Mumbai",Lucknow Super Giants,Kolkata Knight Riders,Lucknow Super Giants,1,0,1,bat,1,0,210.0,208.0,2.0,Lucknow Super Giants vs Kolkata Knight Riders
1304113,2022,2022-05-19,"Wankhede Stadium, Mumbai",Gujarat Titans,Royal Challengers Bengaluru,Royal Challengers Bengaluru,0,1,1,bat,1,0,168.0,170.0,-2.0,Gujarat Titans vs Royal Challengers Bengaluru
1304113,2022,2022-05-19,"Wankhede Stadium, Mumbai",Royal Challengers Bengaluru,Gujarat Titans,Royal Challengers Bengaluru,1,0,0,bat,0,1,170.0,168.0,2.0,Royal Challengers Bengaluru vs Gujarat Titans
1304114,2022,2022-05-20,"Brabourne Stadium, Mumbai",Chennai Super Kings,Rajasthan Royals,Rajasthan Royals,0,1,1,bat,1,0,150.0,151.0,-1.0,Chennai Super Kings vs Rajasthan Royals
1304114,2022,2022-05-20,"Brabourne Stadium, Mumbai",Rajasthan Royals,Chennai Super Kings,Rajasthan Royals,1,0,0,bat,0,1,151.0,150.0,1.0,Rajasthan Royals vs Chennai Super Kings
1304115,2022,2022-05-21,"Wankhede Stadium, Mumbai",Delhi Capitals,Mumbai Indians,Mumbai Indians,0,1,0,field,1,0,159.0,160.0,-1.0,Delhi Capitals vs Mumbai Indians
1304115,2022,2022-05-21,"Wankhede Stadium, Mumbai",Mumbai Indians,Delhi Capitals,Mumbai Indians,1,0,1,field,0,1,160.0,159.0,1.0,Mumbai Indians vs Delhi Capitals
1304116,2022,2022-05-22,"Wankhede Stadium, Mumbai",Punjab Kings,Sunrisers Hyderabad,Punjab Kings,1,0,0,bat,0,1,160.0,157.0,3.0,Punjab Kings vs Sunrisers Hyderabad
1304116,2022,2022-05-22,"Wankhede Stadium, Mumbai",Sunrisers Hyderabad,Punjab Kings,Punjab Kings,0,1,1,bat,1,0,157.0,160.0,-3.0,Sunrisers Hyderabad vs Punjab Kings
1312197,2022,2022-05-24,"Eden Gardens, Kolkata",Gujarat Titans,Rajasthan Royals,Gujarat Titans,1,0,1,field,0,1,191.0,188.0,3.0,Gujarat Titans vs Rajasthan Royals
1312197,2022,2022-05-24,"Eden Gardens, Kolkata",Rajasthan Royals,Gujarat Titans,Gujarat Titans,0,1,0,field,1,0,188.0,191.0,-3.0,Rajasthan Royals vs Gujarat Titans
1312198,2022,2022-05-25,"Eden Gardens, Kolkata",Lucknow Super Giants,Royal Challengers Bengaluru,Royal Challengers Bengaluru,0,1,1,field,0,1,193.0,207.0,-14.0,Lucknow Super Giants vs Royal Challengers Bengaluru
1312198,2022,2022-05-25,"Eden Gardens, Kolkata",Royal Challengers Bengaluru,Lucknow Super Giants,Royal Challengers Bengaluru,1,0,0,field,1,0,207.0,193.0,14.0,Royal Challengers Bengaluru vs Lucknow Super Giants
1312199,2022,2022-05-27,"Narendra Modi Stadium, Ahmedabad",Rajasthan Royals,Royal Challengers Bengaluru,Rajasthan Royals,1,0,1,field,0,1,161.0,157.0,4.0,Rajasthan Royals vs Royal Challengers Bengaluru
1312199,2022,2022-05-27,"Narendra Modi Stadium, Ahmedabad",Royal Challengers Bengaluru,Rajasthan Royals,Rajasthan Royals,0,1,0,field,1,0,157.0,161.0,-4.0,Royal Challengers Bengaluru vs Rajasthan Royals
1312200,2022,2022-05-29,"Narendra Modi Stadium, Ahmedabad",Gujarat Titans,Rajasthan Royals,Gujarat Titans,1,0,0,bat,0,1,133.0,130.0,3.0,Gujarat Titans vs Rajasthan Royals
1312200,2022,2022-05-29,"Narendra Modi Stadium, Ahmedabad",Rajasthan Royals,Gujarat Titans,Gujarat Titans,0,1,1,bat,1,0,130.0,133.0,-3.0,Rajasthan Royals vs Gujarat Titans
1359475,2023,2023-03-31,"Narendra Modi Stadium, Ahmedabad",Chennai Super Kings,Gujarat Titans,Gujarat Titans,0,1,0,field,1,0,178.0,182.0,-4.0,Chennai Super Kings vs Gujarat Titans
1359475,2023,2023-03-31,"Narendra Modi Stadium, Ahmedabad",Gujarat Titans,Chennai Super Kings,Gujarat Titans,1,0,1,field,0,1,182.0,178.0,4.0,Gujarat Titans vs Chennai Super Kings
1359476,2023,2023-04-01,"Punjab Cricket Association IS Bindra Stadium, Mohali, Chandigarh",Kolkata Knight Riders,Punjab Kings,Punjab Kings,0,1,1,field,0,1,146.0,191.0,-45.0,Kolkata Knight Riders vs Punjab Kings
1359476,2023,2023-04-01,"Punjab Cricket Association IS Bindra Stadium, Mohali, Chandigarh",Punjab Kings,Kolkata Knight Riders,Punjab Kings,1,0,0,field,1,0,191.0,146.0,45.0,Punjab Kings vs Kolkata Knight Riders
1359477,2023,2023-04-01,"Bharat Ratna Shri Atal Bihari Vajpayee Ekana Cricket Stadium, Lucknow",Delhi Capitals,Lucknow Super Giants,Lucknow Super Giants,0,1,1,field,0,1,143.0,193.0,-50.0,Delhi Capitals vs Lucknow Super Giants
1359477,2023,2023-04-01,"Bharat Ratna Shri Atal Bihari Vajpayee Ekana Cricket Stadium, Lucknow",Lucknow Super Giants,Delhi Capitals,Lucknow Super Giants,1,0,0,field,1,0,193.0,143.0,50.0,Lucknow Super Giants vs Delhi Capitals
1359478,2023,2023-04-02,"Rajiv Gandhi International Stadium, Uppal, Hyderabad",Rajasthan Royals,Sunrisers Hyderabad,Rajasthan Royals,1,0,0,field,1,0,203.0,131.0,72.0,Rajasthan Royals vs Sunrisers Hyderabad
1359478,2023,2023-04-02,"Rajiv Gandhi International Stadium, Uppal, Hyderabad",Sunrisers Hyderabad,Rajasthan Royals,Rajasthan Royals,0,1,1,field,0,1,131.0,203.0,-72.0,Sunrisers Hyderabad vs Rajasthan Royals
1359479,2023,2023-04-02,"M Chinnaswamy Stadium, Bengaluru",Mumbai Indians,Royal Challengers Bengaluru,Royal Challengers Bengaluru,0,1,0,field,1,0,171.0,172.0,-1.0,Mumbai Indians vs Royal Challengers Bengaluru
1359479,2023,2023-04-02,"M Chinnaswamy Stadium, Bengaluru",Royal Challengers Bengaluru,Mumbai Indians,Royal Challengers Bengaluru,1,0,1,field,0,1,172.0,171.0,1.0,Royal Challengers Bengaluru vs Mumbai Indians
1359480,2023,2023-04-03,"MA Chidambaram Stadium, Chepauk, Chennai",Chennai Super Kings,Lucknow Super Giants,Chennai Super Kings,1,0,0,field,1,0,217.0,205.0,12.0,Chennai Super Kings vs Lucknow Super Giants
1359480,2023,2023-04-03,"MA Chidambaram Stadium, Chepauk, Chennai",Lucknow Super Giants,Chennai Super Kings,Chennai Super Kings,0,1,1,field,0,1,205.0,217.0,-12.0,Lucknow Super Giants vs Chennai Super Kings
1359481,2023,2023-04-04,"Arun Jaitley Stadium, Delhi",Delhi Capitals,Gujarat Titans,Gujarat Titans,0,1,0,field,1,0,162.0,163.0,-1.0,Delhi Capitals vs Gujarat Titans
1359481,2023,2023-04-04,"Arun Jaitley Stadium, Delhi",Gujarat Titans,Delhi Capitals,Gujarat Titans,1,0,1,field,0,1,163.0,162.0,1.0,Gujarat Titans vs Delhi Capitals
1359482,2023,2023-04-05,"Barsapara Cricket Stadium, Guwahati",Punjab Kings,Rajasthan Royals,Punjab Kings,1,0,0,field,1,0,197.0,192.0,5.0,Punjab Kings vs Rajasthan Royals
1359482,2023,2023-04-05,"Barsapara Cricket Stadium, Guwahati",Rajasthan Royals,Punjab Kings,Punjab Kings,0,1,1,field,0,1,192.0,197.0,-5.0,Rajasthan Royals vs Punjab Kings
1359483,2023,2023-04-06,"Eden Gardens, Kolkata",Kolkata Knight Riders,Royal Challengers Bengaluru,Kolkata Knight Riders,1,0,0,field,1,0,204.0,123.0,81.0,Kolkata Knight Riders vs Royal Challengers Bengaluru
1359483,2023,2023-04-06,"Eden Gardens, Kolkata",Royal Challengers Bengaluru,Kolkata Knight Riders,Kolkata Knight Riders,0,1,1,field,0,1,123.0,204.0,-81.0,Royal Challengers Bengaluru vs Kolkata Knight Riders
1359484,2023,2023-04-07,"Bharat Ratna Shri Atal Bihari Vajpayee Ekana Cricket Stadium, Lucknow",Lucknow Super Giants,Sunrisers Hyderabad,Lucknow Super Giants,1,0,0,bat,0,1,127.0,121.0,6.0,Lucknow Super Giants vs Sunrisers Hyderabad
1359484,2023,2023-04-07,"Bharat Ratna Shri Atal Bihari Vajpayee Ekana Cricket Stadium, Lucknow",Sunrisers Hyderabad,Lucknow Super Giants,Lucknow Super Giants,0,1,1,bat,1,0,121.0,127.0,-6.0,Sunrisers Hyderabad vs Lucknow Super Giants
1359485,2023,2023-04-08,"Barsapara Cricket Stadium, Guwahati",Delhi Capitals,Rajasthan Royals,Rajasthan Royals,0,1,1,field,0,1,142.0,199.0,-57.0,Delhi Capitals vs Rajasthan Royals
1359485,2023,2023-04-08,"Barsapara Cricket Stadium, Guwahati",Rajasthan Royals,Delhi Capitals,Rajasthan Royals,1,0,0,field,1,0,199.0,142.0,57.0,Rajasthan Royals vs Delhi Capitals
1359486,2023,2023-04-08,"Wankhede Stadium, Mumbai",Chennai Super Kings,Mumbai Indians,Chennai Super Kings,1,0,1,field,0,1,159.0,157.0,2.0,Chennai Super Kings vs Mumbai Indians
1359486,2023,2023-04-08,"Wankhede Stadium, Mumbai",Mumbai Indians,Chennai Super Kings,Chennai Super Kings,0,1,0,field,1,0,157.0,159.0,-2.0,Mumbai Indians vs Chennai Super Kings
1359487,2023,2023-04-09,"Narendra Modi Stadium, Ahmedabad",Gujarat Titans,Kolkata Knight Riders,Kolkata Knight Riders,0,1,1,bat,1,0,204.0,207.0,-3.0,Gujarat Titans vs Kolkata Knight Riders
1359487,2023,2023-04-09,"Narendra Modi Stadium, Ahmedabad",Kolkata Knight Riders,Gujarat Titans,Kolkata Knight Riders,1,0,0,bat,0,1,207.0,204.0,3.0,Kolkata Knight Riders vs Gujarat Titans
1359488,2023,2023-04-09,"Rajiv Gandhi International Stadium, Uppal, Hyderabad",Punjab Kings,Sunrisers Hyderabad,Sunrisers Hyderabad,0,1,0,field,1,0,143.0,145.0,-2.0,Punjab Kings vs Sunrisers Hyderabad
1359488,2023,2023-04-09,"Rajiv Gandhi International Stadium, Uppal, Hyderabad",Sunrisers Hyderabad,Punjab Kings,Sunrisers Hyderabad,1,0,1,field,0,1,145.0,143.0,2.0,Sunrisers Hyderabad vs Punjab Kings
1359489,2023,2023-04-10,"M Chinnaswamy Stadium, Bengaluru",Lucknow Super Giants,Royal Challengers Bengaluru,Lucknow Super Giants,1,0,1,field,0,1,213.0,212.0,1.0,Lucknow Super Giants vs Royal Challengers Bengaluru
1359489,2023,2023-04-10,"M Chinnaswamy Stadium, Bengaluru",Royal Challengers Bengaluru,Lucknow Super Giants,Lucknow Super Giants,0,1,0,field,1,0,212.0,213.0,-1.0,Royal Challengers Bengaluru vs Lucknow Super Giants
1359490,2023,2023-04-11,"Arun Jaitley Stadium, Delhi",Delhi Capitals,Mumbai Indians,Mumbai Indians,0,1,0,field,1,0,172.0,173.0,-1.0,Delhi Capitals vs Mumbai Indians
1359490,2023,2023-04-11,"Arun Jaitley Stadium, Delhi",Mumbai Indians,Delhi Capitals,Mumbai Indians,1,0,1,field,0,1,173.0,172.0,1.0,Mumbai Indians vs Delhi Capitals
1359491,2023,2023-04-12,"MA Chidambaram Stadium, Chepauk, Chennai",Chennai Super Kings,Rajasthan Royals,Rajasthan Royals,0,1,1,field,0,1,172.0,175.0,-3.0,Chennai Super Kings vs Rajasthan Royals
1359491,2023,2023-04-12,"MA Chidambaram Stadium, Chepauk, Chennai",Rajasthan Royals,Chennai Super Kings,Rajasthan Royals,1,0,0,field,1,0,175.0,172.0,3.0,Rajasthan Royals vs Chennai Super Kings
1359492,2023,2023-04-13,"Punjab Cricket Association IS Bindra Stadium, Mohali, Chandigarh",Gujarat Titans,Punjab Kings,Gujarat Titans,1,0,1,field,0,1,154.0,153.0,1.0,Gujarat Titans vs Punjab Kings
1359492,2023,2023-04-13,"Punjab Cricket Association IS Bindra Stadium, Mohali, Chandigarh",Punjab Kings,Gujarat Titans,Gujarat Titans,0,1,0,field,1,0,153.0,154.0,-1.0,Punjab Kings vs Gujarat Titans
1359493,2023,2023-04-14,"Eden Gardens, Kolkata",Kolkata Knight Riders,Sunrisers Hyderabad,Sunrisers Hyderabad,0,1,1,field,0,1,205.0,228.0,-23.0,Kolkata Knight Riders vs Sunrisers Hyderabad
1359493,2023,2023-04-14,"Eden Gardens, Kolkata",Sunrisers Hyderabad,Kolkata Knight Riders,Sunrisers Hyderabad,1,0,0,field,1,0,228.0,205.0,23.0,Sunrisers Hyderabad vs Kolkata Knight Riders
1359494,2023,2023-04-15,"M Chinnaswamy Stadium, Bengaluru",Delhi Capitals,Royal Challengers Bengaluru,Royal Challengers Bengaluru,0,1,1,field,0,1,151.0,174.0,-23.0,Delhi Capitals vs Royal Challengers Bengaluru
1359494,2023,2023-04-15,"M Chinnaswamy Stadium, Bengaluru",Royal Challengers Bengaluru,Delhi Capitals,Royal Challengers Bengaluru,1,0,0,field,1,0,174.0,151.0,23.0,Royal Challengers Bengaluru vs Delhi Capitals
1359495,2023,2023-04-15,"Bharat Ratna Shri Atal Bihari Vajpayee Ekana Cricket Stadium, Lucknow",Lucknow Super Giants,Punjab Kings,Punjab Kings,0,1,0,field,1,0,159.0,161.0,-2.0,Lucknow Super Giants vs Punjab Kings
1359495,2023,2023-04-15,"Bharat Ratna Shri Atal Bihari Vajpayee Ekana Cricket Stadium, Lucknow",Punjab Kings,Lucknow Super Giants,Punjab Kings,1,0,1,field,0,1,161.0,159.0,2.0,Punjab Kings vs Lucknow Super Giants
1359496,2023,2023-04-16,"Wankhede Stadium, Mumbai",Kolkata Knight Riders,Mumbai Indians,Mumbai Indians,0,1,0,field,1,0,185.0,186.0,-1.0,Kolkata Knight Riders vs Mumbai Indians
1359496,2023,2023-04-16,"Wankhede Stadium, Mumbai",Mumbai Indians,Kolkata Knight Riders,Mumbai Indians,1,0,1,field,0,1,186.0,185.0,1.0,Mumbai Indians vs Kolkata Knight Riders
1359497,2023,2023-04-16,"Narendra Modi Stadium, Ahmedabad",Gujarat Titans,Rajasthan Royals,Rajasthan Royals,0,1,0,field,1,0,177.0,179.0,-2.0,Gujarat Titans vs Rajasthan Royals
1359497,2023,2023-04-16,"Narendra Modi Stadium, Ahmedabad",Rajasthan Royals,Gujarat Titans,Rajasthan Royals,1,0,1,field,0,1,179.0,177.0,2.0,Rajasthan Royals vs Gujarat Titans
1359498,2023,2023-04-17,"M Chinnaswamy Stadium, Bengaluru",Chennai Super Kings,Royal Challengers Bengaluru,Chennai Super Kings,1,0,0,field,1,0,226.0,218.0,8.0,Chennai Super Kings vs Royal Challengers Bengaluru
1359498,2023,2023-04-17,"M Chinnaswamy Stadium, Bengaluru",Royal Challengers Bengaluru,Chennai Super Kings,Chennai Super Kings,0,1,1,field,0,1,218.0,226.0,-8.0,Royal Challengers Bengaluru vs Chennai Super Kings
1359499,2023,2023-04-18,"Rajiv Gandhi International Stadium, Uppal, Hyderabad",Mumbai Indians,Sunrisers Hyderabad,Mumbai Indians,1,0,0,field,1,0,192.0,178.0,14.0,Mumbai Indians vs Sunrisers Hyderabad
1359499,2023,2023-04-18,"Rajiv Gandhi International Stadium, Uppal, Hyderabad",Sunrisers Hyderabad,Mumbai Indians,Mumbai Indians,0,1,1,field,0,1,178.0,192.0,-14.0,Sunrisers Hyderabad vs Mumbai Indians
1359500,2023,2023-04-19,"Sawai Mansingh Stadium, Jaipur",Lucknow Super Giants,Rajasthan Royals,Lucknow Super Giants,1,0,0,field,1,0,154.0,144.0,10.0,Lucknow Super Giants vs Rajasthan Royals
1359500,2023,2023-04-19,"Sawai Mansingh Stadium, Jaipur",Rajasthan Royals,Lucknow Super Giants,Lucknow Super Giants,0,1,1,field,0,1,144.0,154.0,-10.0,Rajasthan Royals vs Lucknow Super Giants
1359501,2023,2023-04-20,"Punjab Cricket Association IS Bindra Stadium, Mohali, Chandigarh",Punjab Kings,Royal Challengers Bengaluru,Royal Challengers Bengaluru,0,1,1,field,0,1,150.0,174.0,-24.0,Punjab Kings vs Royal Challengers Bengaluru
1359501,2023,2023-04-20,"Punjab Cricket Association IS Bindra Stadium, Mohali, Chandigarh",Royal Challengers Bengaluru,Punjab Kings,Royal Challengers Bengaluru,1,0,0,field,1,0,174.0,150.0,24.0,Royal Challengers Bengaluru vs Punjab Kings
1359502,2023,2023-04-20,"Arun Jaitley Stadium, Delhi",Delhi Capitals,Kolkata Knight Riders,Delhi Capitals,1,0,1,field,0,1,128.0,127.0,1.0,Delhi Capitals vs Kolkata Knight Riders
1359502,2023,2023-04-20,"Arun Jaitley Stadium, Delhi",Kolkata Knight Riders,Delhi Capitals,Delhi Capitals,0,1,0,field,1,0,127.0,128.0,-1.0,Kolkata Knight Riders vs Delhi Capitals
1359503,2023,2023-04-21,"MA Chidambaram Stadium, Chepauk, Chennai",Chennai Super Kings,Sunrisers Hyderabad,Chennai Super Kings,1,0,1,field,0,1,138.0,134.0,4.0,Chennai Super Kings vs Sunrisers Hyderabad
1359503,2023,2023-04-21,"MA Chidambaram Stadium, Chepauk, Chennai",Sunrisers Hyderabad,Chennai Super Kings,Chennai Super Kings,0,1,0,field,1,0,134.0,138.0,-4.0,Sunrisers Hyderabad vs Chennai Super Kings
1359504,2023,2023-04-22,"Bharat Ratna Shri Atal Bihari Vajpayee Ekana Cricket Stadium, Lucknow",Gujarat Titans,Lucknow Super Giants,Gujarat Titans,1,0,1,bat,1,0,135.0,128.0,7.0,Gujarat Titans vs Lucknow Super Giants
1359504,2023,2023-04-22,"Bharat Ratna Shri Atal Bihari Vajpayee Ekana Cricket Stadium, Lucknow",Lucknow Super Giants,Gujarat Titans,Gujarat Titans,0,1,0,bat,0,1,128.0,135.0,-7.0,Lucknow Super Giants vs Gujarat Titans
1359505,2023,2023-04-22,"Wankhede Stadium, Mumbai",Mumbai Indians,Punjab Kings,Punjab Kings,0,1,1,field,0,1,201.0,214.0,-13.0,Mumbai Indians vs Punjab Kings
1359505,2023,2023-04-22,"Wankhede Stadium, Mumbai",Punjab Kings,Mumbai Indians,Punjab Kings,1,0,0,field,1,0,214.0,201.0,13.0,Punjab Kings vs Mumbai Indians
1359506,2023,2023-04-23,"M Chinnaswamy Stadium, Bengaluru",Rajasthan Royals,Royal Challengers Bengaluru,Royal Challengers Bengaluru,0,1,1,field,0,1,182.0,189.0,-7.0,Rajasthan Royals vs Royal Challengers Bengaluru
1359506,2023,2023-04-23,"M Chinnaswamy Stadium, Bengaluru",Royal Challengers Bengaluru,Rajasthan Royals,Royal Challengers Bengaluru,1,0,0,field,1,0,189.0,182.0,7.0,Royal Challengers Bengaluru vs Rajasthan Royals
1359507,2023,2023-04-23,"Eden Gardens, Kolkata",Chennai Super Kings,Kolkata Knight Riders,Chennai Super Kings,1,0,0,field,1,0,235.0,186.0,49.0,Chennai Super Kings vs Kolkata Knight Riders
1359507,2023,2023-04-23,"Eden Gardens, Kolkata",Kolkata Knight Riders,Chennai Super Kings,Chennai Super Kings,0,1,1,field,0,1,186.0,235.0,-49.0,Kolkata Knight Riders vs Chennai Super Kings
1359508,2023,2023-04-24,"Rajiv Gandhi International Stadium, Uppal, Hyderabad",Delhi Capitals,Sunrisers Hyderabad,Delhi Capitals,1,0,1,bat,1,0,144.0,137.0,7.0,Delhi Capitals vs Sunrisers Hyderabad
1359508,2023,2023-04-24,"Rajiv Gandhi International Stadium, Uppal, Hyderabad",Sunrisers Hyderabad,Delhi Capitals,Delhi Capitals,0,1,0,bat,0,1,137.0,144.0,-7.0,Sunrisers Hyderabad vs Delhi Capitals
1359509,2023,2023-04-25,"Narendra Modi Stadium, Ahmedabad",Gujarat Titans,Mumbai Indians,Gujarat Titans,1,0,0,field,1,0,207.0,152.0,55.0,Gujarat Titans vs Mumbai Indians
1359509,2023,2023-04-25,"Narendra Modi Stadium, Ahmedabad",Mumbai Indians,Gujarat Titans,Gujarat Titans,0,1,1,field,0,1,152.0,207.0,-55.0,Mumbai Indians vs Gujarat Titans
1359510,2023,2023-04-26,"M Chinnaswamy Stadium, Bengaluru",Kolkata Knight Riders,Royal Challengers Bengaluru,Kolkata Knight Riders,1,0,0,field,1,0,200.0,179.0,21.0,Kolkata Knight Riders vs Royal Challengers Bengaluru
1359510,2023,2023-04-26,"M Chinnaswamy Stadium, Bengaluru",Royal Challengers Bengaluru,Kolkata Knight Riders,Kolkata Knight Riders,0,1,1,field,0,1,179.0,200.0,-21.0,Royal Challengers Bengaluru vs Kolkata Knight Riders
1359511,2023,2023-04-27,"Sawai Mansingh Stadium, Jaipur",Chennai Super Kings,Rajasthan Royals,Rajasthan Royals,0,1,0,bat,0,1,170.0,202.0,-32.0,Chennai Super Kings vs Rajasthan Royals
1359511,2023,2023-04-27,"Sawai Mansingh Stadium, Jaipur",Rajasthan Royals,Chennai Super Kings,Rajasthan Royals,1,0,1,bat,1,0,202.0,170.0,32.0,Rajasthan Royals vs Chennai Super Kings
1359512,2023,2023-04-28,"Punjab Cricket Association IS Bindra Stadium, Mohali, Chandigarh",Lucknow Super Giants,Punjab Kings,Lucknow Super Giants,1,0,0,field,1,0,257.0,201.0,56.0,Lucknow Super Giants vs Punjab Kings
1359512,2023,2023-04-28,"Punjab Cricket Association IS Bindra Stadium, Mohali, Chandigarh",Punjab Kings,Lucknow Super Giants,Lucknow Super Giants,0,1,1,field,0,1,201.0,257.0,-56.0,Punjab Kings vs Lucknow Super Giants
1359513,2023,2023-04-29,"Eden Gardens, Kolkata",Gujarat Titans,Kolkata Knight Riders,Gujarat Titans,1,0,1,field,0,1,180.0,179.0,1.0,Gujarat Titans vs Kolkata Knight Riders
1359513,2023,2023-04-29,"Eden Gardens, Kolkata",Kolkata Knight Riders,Gujarat Titans,Gujarat Titans,0,1,0,field,1,0,179.0,180.0,-1.0,Kolkata Knight Riders vs Gujarat Titans
1359514,2023,2023-04-29,"Arun Jaitley Stadium, Delhi",Delhi Capitals,Sunrisers Hyderabad,Sunrisers Hyderabad,0,1,0,bat,0,1,188.0,197.0,-9.0,Delhi Capitals vs Sunrisers Hyderabad
1359514,2023,2023-04-29,"Arun Jaitley Stadium, Delhi",Sunrisers Hyderabad,Delhi Capitals,Sunrisers Hyderabad,1,0,1,bat,1,0,197.0,188.0,9.0,Sunrisers Hyderabad vs Delhi Capitals
1359515,2023,2023-04-30,"MA Chidambaram Stadium, Chepauk, Chennai",Chennai Super Kings,Punjab Kings,Punjab Kings,0,1,1,bat,1,0,200.0,201.0,-1.0,Chennai Super Kings vs Punjab Kings
1359515,2023,2023-04-30,"MA Chidambaram Stadium, Chepauk, Chennai",Punjab Kings,Chennai Super Kings,Punjab Kings,1,0,0,bat,0,1,201.0,200.0,1.0,Punjab Kings vs Chennai Super Kings
1359516,2023,2023-04-30,"Wankhede Stadium, Mumbai",Mumbai Indians,Rajasthan Royals,Mumbai Indians,1,0,0,bat,0,1,214.0,212.0,2.0,Mumbai Indians vs Rajasthan Royals
1359516,2023,2023-04-30,"Wankhede Stadium, Mumbai",Rajasthan Royals,Mumbai Indians,Mumbai Indians,0,1,1,bat,1,0,212.0,214.0,-2.0,Rajasthan Royals vs Mumbai Indians
1359517,2023,2023-05-01,"Bharat Ratna Shri Atal Bihari Vajpayee Ekana Cricket Stadium, Lucknow",Lucknow Super Giants,Royal Challengers Bengaluru,Royal Challengers Bengaluru,0,1,0,bat,0,1,108.0,126.0,-18.0,Lucknow Super Giants vs Royal Challengers Bengaluru
1359517,2023,2023-05-01,"Bharat Ratna Shri Atal Bihari Vajpayee Ekana Cricket Stadium, Lucknow",Royal Challengers Bengaluru,Lucknow Super Giants,Royal Challengers Bengaluru,1,0,1,bat,1,0,126.0,108.0,18.0,Royal Challengers Bengaluru vs Lucknow Super Giants
1359518,2023,2023-05-02,"Narendra Modi Stadium, Ahmedabad",Delhi Capitals,Gujarat Titans,Delhi Capitals,1,0,1,bat,1,0,130.0,125.0,5.0,Delhi Capitals vs Gujarat Titans
1359518,2023,2023-05-02,"Narendra Modi Stadium, Ahmedabad",Gujarat Titans,Delhi Capitals,Delhi Capitals,0,1,0,bat,0,1,125.0,130.0,-5.0,Gujarat Titans vs Delhi Capitals
1359519,2023,2023-05-03,"Bharat Ratna Shri Atal Bihari Vajpayee Ekana Cricket Stadium, Lucknow",Chennai Super Kings,Lucknow Super Giants,,0,0,1,field,0,0,,125.0,,Chennai Super Kings vs Lucknow Super Giants
1359519,2023,2023-05-03,"Bharat Ratna Shri Atal Bihari Vajpayee Ekana Cricket Stadium, Lucknow",Lucknow Super Giants,Chennai Super Kings,,0,0,0,field,1,0,125.0,,,Lucknow Super Giants vs Chennai Super Kings
1359520,2023,2023-05-03,"Punjab Cricket Association IS Bindra Stadium, Mohali, Chandigarh",Mumbai Indians,Punjab Kings,Mumbai Indians,1,0,1,field,0,1,216.0,214.0,2.0,Mumbai Indians vs Punjab Kings
1359520,2023,2023-05-03,"Punjab Cricket Association IS Bindra Stadium, Mohali, Chandigarh",Punjab Kings,Mumbai Indians,Mumbai Indians,0,1,0,field,1,0,214.0,216.0,-2.0,Punjab Kings vs Mumbai Indians
1359521,2023,2023-05-04,"Rajiv Gandhi International Stadium, Uppal, Hyderabad",Kolkata Knight Riders,Sunrisers Hyderabad,Kolkata Knight Riders,1,0,1,bat,1,0,171.0,166.0,5.0,Kolkata Knight Riders vs Sunrisers Hyderabad
1359521,2023,2023-05-04,"Rajiv Gandhi International Stadium, Uppal, Hyderabad",Sunrisers Hyderabad,Kolkata Knight Riders,Kolkata Knight Riders,0,1,0,bat,0,1,166.0,171.0,-5.0,Sunrisers Hyderabad vs Kolkata Knight Riders
1359522,2023,2023-05-05,"Sawai Mansingh Stadium, Jaipur",Gujarat Titans,Rajasthan Royals,Gujarat Titans,1,0,0,bat,0,1,119.0,118.0,1.0,Gujarat Titans vs Rajasthan Royals
1359522,2023,2023-05-05,"Sawai Mansingh Stadium, Jaipur",Rajasthan Royals,Gujarat Titans,Gujarat Titans,0,1,1,bat,1,0,118.0,119.0,-1.0,Rajasthan Royals vs Gujarat Titans
1359523,2023,2023-05-06,"MA Chidambaram Stadium, Chepauk, Chennai",Chennai Super Kings,Mumbai Indians,Chennai Super Kings,1,0,1,field,0,1,140.0,139.0,1.0,Chennai Super Kings vs Mumbai Indians
1359523,2023,2023-05-06,"MA Chidambaram Stadium, Chepauk, Chennai",Mumbai Indians,Chennai Super Kings,Chennai Super Kings,0,1,0,field,1,0,139.0,140.0,-1.0,Mumbai Indians vs Chennai Super Kings
1359524,2023,2023-05-06,"Arun Jaitley Stadium, Delhi",Delhi Capitals,Royal Challengers Bengaluru,Delhi Capitals,1,0,0,bat,0,1,187.0,181.0,6.0,Delhi Capitals vs Royal Challengers Bengaluru
1359524,2023,2023-05-06,"Arun Jaitley Stadium, Delhi",Royal Challengers Bengaluru,Delhi Capitals,Delhi Capitals,0,1,1,bat,1,0,181.0,187.0,-6.0,Royal Challengers Bengaluru vs Delhi Capitals
1359525,2023,2023-05-07,"Narendra Modi Stadium, Ahmedabad",Gujarat Titans,Lucknow Super Giants,Gujarat Titans,1,0,0,field,1,0,227.0,171.0,56.0,Gujarat Titans vs Lucknow Super Giants
1359525,2023,2023-05-07,"Narendra Modi Stadium, Ahmedabad",Lucknow Super Giants,Gujarat Titans,Gujarat Titans,0,1,1,field,0,1,171.0,227.0,-56.0,Lucknow Super Giants vs Gujarat Titans
1359526,2023,2023-05-07,"Sawai Mansingh Stadium, Jaipur",Rajasthan Royals,Sunrisers Hyderabad,Sunrisers Hyderabad,0,1,1,bat,1,0,214.0,217.0,-3.0,Rajasthan Royals vs Sunrisers Hyderabad
1359526,2023,2023-05-07,"Sawai Mansingh Stadium, Jaipur",Sunrisers Hyderabad,Rajasthan Royals,Sunrisers Hyderabad,1,0,0,bat,0,1,217.0,214.0,3.0,Sunrisers Hyderabad vs Rajasthan Royals
1359527,2023,2023-05-08,"Eden Gardens, Kolkata",Kolkata Knight Riders,Punjab Kings,Kolkata Knight Riders,1,0,0,bat,0,1,182.0,179.0,3.0,Kolkata Knight Riders vs Punjab Kings
1359527,2023,2023-05-08,"Eden Gardens, Kolkata",Punjab Kings,Kolkata Knight Riders,Kolkata Knight Riders,0,1,1,bat,1,0,179.0,182.0,-3.0,Punjab Kings vs Kolkata Knight Riders
1359528,2023,2023-05-09,"Wankhede Stadium, Mumbai",Mumbai Indians,Royal Challengers Bengaluru,Mumbai Indians,1,0,1,field,0,1,200.0,199.0,1.0,Mumbai Indians vs Royal Challengers Bengaluru
1359528,2023,2023-05-09,"Wankhede Stadium, Mumbai",Royal Challengers Bengaluru,Mumbai Indians,Mumbai Indians,0,1,0,field,1,0,199.0,200.0,-1.0,Royal Challengers Bengaluru vs Mumbai Indians
1359529,2023,2023-05-10,"MA Chidambaram Stadium, Chepauk, Chennai",Chennai Super Kings,Delhi Capitals,Chennai Super Kings,1,0,1,bat,1,0,167.0,140.0,27.0,Chennai Super Kings vs Delhi Capitals
1359529,2023,2023-05-10,"MA Chidambaram Stadium, Chepauk, Chennai",Delhi Capitals,Chennai Super Kings,Chennai Super Kings,0,1,0,bat,0,1,140.0,167.0,-27.0,Delhi Capitals vs Chennai Super Kings
1359530,2023,2023-05-11,"Eden Gardens, Kolkata",Kolkata Knight Riders,Rajasthan Royals,Rajasthan Royals,0,1,0,field,1,0,149.0,151.0,-2.0,Kolkata Knight Riders vs Rajasthan Royals
1359530,2023,2023-05-11,"Eden Gardens, Kolkata",Rajasthan Royals,Kolkata Knight Riders,Rajasthan Royals,1,0,1,field,0,1,151.0,149.0,2.0,Rajasthan Royals vs Kolkata Knight Riders
1359531,2023,2023-05-12,"Wankhede Stadium, Mumbai",Gujarat Titans,Mumbai Indians,Mumbai Indians,0,1,1,field,0,1,191.0,218.0,-27.0,Gujarat Titans vs Mumbai Indians
1359531,2023,2023-05-12,"Wankhede Stadium, Mumbai",Mumbai Indians,Gujarat Titans,Mumbai Indians,1,0,0,field,1,0,218.0,191.0,27.0,Mumbai Indians vs Gujarat Titans
1359532,2023,2023-05-13,"Rajiv Gandhi International Stadium, Uppal, Hyderabad",Lucknow Super Giants,Sunrisers Hyderabad,Lucknow Super Giants,1,0,0,bat,0,1,185.0,182.0,3.0,Lucknow Super Giants vs Sunrisers Hyderabad
1359532,2023,2023-05-13,"Rajiv Gandhi International Stadium, Uppal, Hyderabad",Sunrisers Hyderabad,Lucknow Super Giants,Lucknow Super Giants,0,1,1,bat,1,0,182.0,185.0,-3.0,Sunrisers Hyderabad vs Lucknow Super Giants
1359533,2023,2023-05-13,"Arun Jaitley Stadium, Delhi",Delhi Capitals,Punjab Kings,Punjab Kings,0,1,1,field,0,1,136.0,167.0,-31.0,Delhi Capitals vs Punjab Kings
1359533,2023,2023-05-13,"Arun Jaitley Stadium, Delhi",Punjab Kings,Delhi Capitals,Punjab Kings,1,0,0,field,1,0,167.0,136.0,31.0,Punjab Kings vs Delhi Capitals
1359534,2023,2023-05-14,"Sawai Mansingh Stadium, Jaipur",Rajasthan Royals,Royal Challengers Bengaluru,Royal Challengers Bengaluru,0,1,0,bat,0,1,59.0,171.0,-112.0,Rajasthan Royals vs Royal Challengers Bengaluru
1359534,2023,2023-05-14,"Sawai Mansingh Stadium, Jaipur",Royal Challengers Bengaluru,Rajasthan Royals,Royal Challengers Bengaluru,1,0,1,bat,1,0,171.0,59.0,112.0,Royal Challengers Bengaluru vs Rajasthan Royals
1359535,2023,2023-05-14,"MA Chidambaram Stadium, Chepauk, Chennai",Chennai Super Kings,Kolkata Knight Riders,Kolkata Knight Riders,0,1,1,bat,1,0,144.0,147.0,-3.0,Chennai Super Kings vs Kolkata Knight Riders
1359535,2023,2023-05-14,"MA Chidambaram Stadium, Chepauk, Chennai",Kolkata Knight Riders,Chennai Super Kings,Kolkata Knight Riders,1,0,0,bat,0,1,147.0,144.0,3.0,Kolkata Knight Riders vs Chennai Super Kings
1359536,2023,2023-05-15,"Narendra Modi Stadium, Ahmedabad",Gujarat Titans,Sunrisers Hyderabad,Gujarat Titans,1,0,0,field,1,0,188.0,154.0,34.0,Gujarat Titans vs Sunrisers Hyderabad
1359536,2023,2023-05-15,"Narendra Modi Stadium, Ahmedabad",Sunrisers Hyderabad,Gujarat Titans,Gujarat Titans,0,1,1,field,0,1,154.0,188.0,-34.0,Sunrisers Hyderabad vs Gujarat Titans
1359537,2023,2023-05-16,"Bharat Ratna Shri Atal Bihari Vajpayee Ekana Cricket Stadium, Lucknow",Lucknow Super Giants,Mumbai Indians,Lucknow Super Giants,1,0,0,field,1,0,177.0,172.0,5.0,Lucknow Super Giants vs Mumbai Indians
1359537,2023,2023-05-16,"Bharat Ratna Shri Atal Bihari Vajpayee Ekana Cricket Stadium, Lucknow",Mumbai Indians,Lucknow Super Giants,Lucknow Super Giants,0,1,1,field,0,1,172.0,177.0,-5.0,Mumbai Indians vs Lucknow Super Giants
1359538,2023,2023-05-17,"Himachal Pradesh Cricket Association Stadium, Dharamsala",Delhi Capitals,Punjab Kings,Delhi Capitals,1,0,0,field,1,0,213.0,198.0,15.0,Delhi Capitals vs Punjab Kings
1359538,2023,2023-05-17,"Himachal Pradesh Cricket Association Stadium, Dharamsala",Punjab Kings,Delhi Capitals,Delhi Capitals,0,1,1,field,0,1,198.0,213.0,-15.0,Punjab Kings vs Delhi Capitals
1359539,2023,2023-05-18,"Rajiv Gandhi International Stadium, Uppal, Hyderabad",Royal Challengers Bengaluru,Sunrisers Hyderabad,Royal Challengers Bengaluru,1,0,1,field,0,1,187.0,186.0,1.0,Royal Challengers Bengaluru vs Sunrisers Hyderabad
1359539,2023,2023-05-18,"Rajiv Gandhi International Stadium, Uppal, Hyderabad",Sunrisers Hyderabad,Royal Challengers Bengaluru,Royal Challengers Bengaluru,0,1,0,field,1,0,186.0,187.0,-1.0,Sunrisers Hyderabad vs Royal Challengers Bengaluru
1359540,2023,2023-05-19,"Himachal Pradesh Cricket Association Stadium, Dharamsala",Punjab Kings,Rajasthan Royals,Rajasthan Royals,0,1,0,field,1,0,187.0,189.0,-2.0,Punjab Kings vs Rajasthan Royals
1359540,2023,2023-05-19,"Himachal Pradesh Cricket Association Stadium, Dharamsala",Rajasthan Royals,Punjab Kings,Rajasthan Royals,1,0,1,field,0,1,189.0,187.0,2.0,Rajasthan Royals vs Punjab Kings
1359541,2023,2023-05-20,"Arun Jaitley Stadium, Delhi",Chennai Super Kings,Delhi Capitals,Chennai Super Kings,1,0,1,bat,1,0,223.0,146.0,77.0,Chennai Super Kings vs Delhi Capitals
1359541,2023,2023-05-20,"Arun Jaitley Stadium, Delhi",Delhi Capitals,Chennai Super Kings,Chennai Super Kings,0,1,0,bat,0,1,146.0,223.0,-77.0,Delhi Capitals vs Chennai Super Kings
1359542,2023,2023-05-20,"Eden Gardens, Kolkata",Kolkata Knight Riders,Lucknow Super Giants,Lucknow Super Giants,0,1,1,field,0,1,175.0,176.0,-1.0,Kolkata Knight Riders vs Lucknow Super Giants
1359542,2023,2023-05-20,"Eden Gardens, Kolkata",Lucknow Super Giants,Kolkata Knight Riders,Lucknow Super Giants,1,0,0,field,1,0,176.0,175.0,1.0,Lucknow Super Giants vs Kolkata Knight Riders
1359543,2023,2023-05-21,"Wankhede Stadium, Mumbai",Mumbai Indians,Sunrisers Hyderabad,Mumbai Indians,1,0,1,field,0,1,201.0,200.0,1.0,Mumbai Indians vs Sunrisers Hyderabad
1359543,2023,2023-05-21,"Wankhede Stadium, Mumbai",Sunrisers Hyderabad,Mumbai Indians,Mumbai Indians,0,1,0,field,1,0,200.0,201.0,-1.0,Sunrisers Hyderabad vs Mumbai Indians
1359544,2023,2023-05-21,"M Chinnaswamy Stadium, Bengaluru",Gujarat Titans,Royal Challengers Bengaluru,Gujarat Titans,1,0,1,field,0,1,198.0,197.0,1.0,Gujarat Titans vs Royal Challengers Bengaluru
1359544,2023,2023-05-21,"M Chinnaswamy Stadium, Bengaluru",Royal Challengers Bengaluru,Gujarat Titans,Gujarat Titans,0,1,0,field,1,0,197.0,198.0,-1.0,Royal Challengers Bengaluru vs Gujarat Titans
1370350,2023,2023-05-23,"MA Chidambaram Stadium, Chepauk, Chennai",Chennai Super Kings,Gujarat Titans,Chennai Super Kings,1,0,0,field,1,0,172.0,157.0,15.0,Chennai Super Kings vs Gujarat Titans
1370350,2023,2023-05-23,"MA Chidambaram Stadium, Chepauk, Chennai",Gujarat Titans,Chennai Super Kings,Chennai Super Kings,0,1,1,field,0,1,157.0,172.0,-15.0,Gujarat Titans vs Chennai Super Kings
1370351,2023,2023-05-24,"MA Chidambaram Stadium, Chepauk, Chennai",Lucknow Super Giants,Mumbai Indians,Mumbai Indians,0,1,0,bat,0,1,101.0,182.0,-81.0,Lucknow Super Giants vs Mumbai Indians
1370351,2023,2023-05-24,"MA Chidambaram Stadium, Chepauk, Chennai",Mumbai Indians,Lucknow Super Giants,Mumbai Indians,1,0,1,bat,1,0,182.0,101.0,81.0,Mumbai Indians vs Lucknow Super Giants
1370352,2023,2023-05-26,"Narendra Modi Stadium, Ahmedabad",Gujarat Titans,Mumbai Indians,Gujarat Titans,1,0,0,field,1,0,233.0,171.0,62.0,Gujarat Titans vs Mumbai Indians
1370352,2023,2023-05-26,"Narendra Modi Stadium, Ahmedabad",Mumbai Indians,Gujarat Titans,Gujarat Titans,0,1,1,field,0,1,171.0,233.0,-62.0,Mumbai Indians vs Gujarat Titans
1370353,2023,2023-05-29,"Narendra Modi Stadium, Ahmedabad",Chennai Super Kings,Gujarat Titans,Chennai Super Kings,1,0,1,field,0,1,171.0,214.0,-43.0,Chennai Super Kings vs Gujarat Titans
1370353,2023,2023-05-29,"Narendra Modi Stadium, Ahmedabad",Gujarat Titans,Chennai Super Kings,Chennai Super Kings,0,1,0,field,1,0,214.0,171.0,43.0,Gujarat Titans vs Chennai Super Kings
1422119,2024,2024-03-22,"MA Chidambaram Stadium, Chepauk, Chennai",Chennai Super Kings,Royal Challengers Bengaluru,Chennai Super Kings,1,0,0,bat,0,1,176.0,173.0,3.0,Chennai Super Kings vs Royal Challengers Bengaluru
1422119,2024,2024-03-22,"MA Chidambaram Stadium, Chepauk, Chennai",Royal Challengers Bengaluru,Chennai Super Kings,Chennai Super Kings,0,1,1,bat,1,0,173.0,176.0,-3.0,Royal Challengers Bengaluru vs Chennai Super Kings
1422120,2024,2024-03-23,"Maharaja Yadavindra Singh International Cricket Stadium, Mullanpur",Delhi Capitals,Punjab Kings,Punjab Kings,0,1,0,field,1,0,174.0,177.0,-3.0,Delhi Capitals vs Punjab Kings
1422120,2024,2024-03-23,"Maharaja Yadavindra Singh International Cricket Stadium, Mullanpur",Punjab Kings,Delhi Capitals,Punjab Kings,1,0,1,field,0,1,177.0,174.0,3.0,Punjab Kings vs Delhi Capitals
1422121,2024,2024-03-23,"Eden Gardens, Kolkata",Kolkata Knight Riders,Sunrisers Hyderabad,Kolkata Knight Riders,1,0,0,field,1,0,208.0,204.0,4.0,Kolkata Knight Riders vs Sunrisers Hyderabad
1422121,2024,2024-03-23,"Eden Gardens, Kolkata",Sunrisers Hyderabad,Kolkata Knight Riders,Kolkata Knight Riders,0,1,1,field,0,1,204.0,208.0,-4.0,Sunrisers Hyderabad vs Kolkata Knight Riders
1422122,2024,2024-03-24,"Sawai Mansingh Stadium, Jaipur",Lucknow Super Giants,Rajasthan Royals,Rajasthan Royals,0,1,0,bat,0,1,173.0,193.0,-20.0,Lucknow Super Giants vs Rajasthan Royals
1422122,2024,2024-03-24,"Sawai Mansingh Stadium, Jaipur",Rajasthan Royals,Lucknow Super Giants,Rajasthan Royals,1,0,1,bat,1,0,193.0,173.0,20.0,Rajasthan Royals vs Lucknow Super Giants
1422123,2024,2024-03-24,"Narendra Modi Stadium, Ahmedabad",Gujarat Titans,Mumbai Indians,Gujarat Titans,1,0,0,field,1,0,168.0,162.0,6.0,Gujarat Titans vs Mumbai Indians
1422123,2024,2024-03-24,"Narendra Modi Stadium, Ahmedabad",Mumbai Indians,Gujarat Titans,Gujarat Titans,0,1,1,field,0,1,162.0,168.0,-6.0,Mumbai Indians vs Gujarat Titans
1422124,2024,2024-03-25,"M Chinnaswamy Stadium, Bengaluru",Punjab Kings,Royal Challengers Bengaluru,Royal Challengers Bengaluru,0,1,0,field,1,0,176.0,178.0,-2.0,Punjab Kings vs Royal Challengers Bengaluru
1422124,2024,2024-03-25,"M Chinnaswamy Stadium, Bengaluru",Royal Challengers Bengaluru,Punjab Kings,Royal Challengers Bengaluru,1,0,1,field,0,1,178.0,176.0,2.0,Royal Challengers Bengaluru vs Punjab Kings
1422125,2024,2024-03-26,"MA Chidambaram Stadium, Chepauk, Chennai",Chennai Super Kings,Gujarat Titans,Chennai Super Kings,1,0,0,field,1,0,206.0,143.0,63.0,Chennai Super Kings vs Gujarat Titans
1422125,2024,2024-03-26,"MA Chidambaram Stadium, Chepauk, Chennai",Gujarat Titans,Chennai Super Kings,Chennai Super Kings,0,1,1,field,0,1,143.0,206.0,-63.0,Gujarat Titans vs Chennai Super Kings
1422126,2024,2024-03-27,"Rajiv Gandhi International Stadium, Uppal, Hyderabad",Mumbai Indians,Sunrisers Hyderabad,Sunrisers Hyderabad,0,1,1,field,0,1,246.0,277.0,-31.0,Mumbai Indians vs Sunrisers Hyderabad
1422126,2024,2024-03-27,"Rajiv Gandhi International Stadium, Uppal, Hyderabad",Sunrisers Hyderabad,Mumbai Indians,Sunrisers Hyderabad,1,0,0,field,1,0,277.0,246.0,31.0,Sunrisers Hyderabad vs Mumbai Indians
1422127,2024,2024-03-28,"Sawai Mansingh Stadium, Jaipur",Delhi Capitals,Rajasthan Royals,Rajasthan Royals,0,1,1,field,0,1,173.0,185.0,-12.0,Delhi Capitals vs Rajasthan Royals
1422127,2024,2024-03-28,"Sawai Mansingh Stadium, Jaipur",Rajasthan Royals,Delhi Capitals,Rajasthan Royals,1,0,0,field,1,0,185.0,173.0,12.0,Rajasthan Royals vs Delhi Capitals
1422128,2024,2024-03-29,"M Chinnaswamy Stadium, Bengaluru",Kolkata Knight Riders,Royal Challengers Bengaluru,Kolkata Knight Riders,1,0,1,field,0,1,186.0,182.0,4.0,Kolkata Knight Riders vs Royal Challengers Bengaluru
1422128,2024,2024-03-29,"M Chinnaswamy Stadium, Bengaluru",Royal Challengers Bengaluru,Kolkata Knight Riders,Kolkata Knight Riders,0,1,0,field,1,0,182.0,186.0,-4.0,Royal Challengers Bengaluru vs Kolkata Knight Riders
1422129,2024,2024-03-30,"Bharat Ratna Shri Atal Bihari Vajpayee Ekana Cricket Stadium, Lucknow",Lucknow Super Giants,Punjab Kings,Lucknow Super Giants,1,0,1,bat,1,0,199.0,178.0,21.0,Lucknow Super Giants vs Punjab Kings
1422129,2024,2024-03-30,"Bharat Ratna Shri Atal Bihari Vajpayee Ekana Cricket Stadium, Lucknow",Punjab Kings,Lucknow Super Giants,Lucknow Super Giants,0,1,0,bat,0,1,178.0,199.0,-21.0,Punjab Kings vs Lucknow Super Giants
1422130,2024,2024-03-31,"Narendra Modi Stadium, Ahmedabad",Gujarat Titans,Sunrisers Hyderabad,Gujarat Titans,1,0,0,bat,0,1,168.0,162.0,6.0,Gujarat Titans vs Sunrisers Hyderabad
1422130,2024,2024-03-31,"Narendra Modi Stadium, Ahmedabad",Sunrisers Hyderabad,Gujarat Titans,Gujarat Titans,0,1,1,bat,1,0,162.0,168.0,-6.0,Sunrisers Hyderabad vs Gujarat Titans
1422131,2024,2024-03-31,"Dr. Y.S. Rajasekhara Reddy ACA-VDCA Cricket Stadium, Visakhapatnam",Chennai Super Kings,Delhi Capitals,Delhi Capitals,0,1,0,bat,0,1,171.0,191.0,-20.0,Chennai Super Kings vs Delhi Capitals
1422131,2024,2024-03-31,"Dr. Y.S. Rajasekhara Reddy ACA-VDCA Cricket Stadium, Visakhapatnam",Delhi Capitals,Chennai Super Kings,Delhi Capitals,1,0,1,bat,1,0,191.0,171.0,20.0,Delhi Capitals vs Chennai Super Kings
1422132,2024,2024-04-01,"Wankhede Stadium, Mumbai",Mumbai Indians,Rajasthan Royals,Rajasthan Royals,0,1,0,field,1,0,125.0,127.0,-2.0,Mumbai Indians vs Rajasthan Royals
1422132,2024,2024-04-01,"Wankhede Stadium, Mumbai",Rajasthan Royals,Mumbai Indians,Rajasthan Royals,1,0,1,field,0,1,127.0,125.0,2.0,Rajasthan Royals vs Mumbai Indians
1422133,2024,2024-04-02,"M Chinnaswamy Stadium, Bengaluru",Lucknow Super Giants,Royal Challengers Bengaluru,Lucknow Super Giants,1,0,0,field,1,0,181.0,153.0,28.0,Lucknow Super Giants vs Royal Challengers Bengaluru
1422133,2024,2024-04-02,"M Chinnaswamy Stadium, Bengaluru",Royal Challengers Bengaluru,Lucknow Super Giants,Lucknow Super Giants,0,1,1,field,0,1,153.0,181.0,-28.0,Royal Challengers Bengaluru vs Lucknow Super Giants
1422134,2024,2024-04-03,"Dr. Y.S. Rajasekhara Reddy ACA-VDCA Cricket Stadium, Visakhapatnam",Delhi Capitals,Kolkata Knight Riders,Kolkata Knight Riders,0,1,0,bat,0,1,166.0,272.0,-106.0,Delhi Capitals vs Kolkata Knight Riders
1422134,2024,2024-04-03,"Dr. Y.S. Rajasekhara Reddy ACA-VDCA Cricket Stadium, Visakhapatnam",Kolkata Knight Riders,Delhi Capitals,Kolkata Knight Riders,1,0,1,bat,1,0,272.0,166.0,106.0,Kolkata Knight Riders vs Delhi Capitals
1422135,2024,2024-04-04,"Narendra Modi Stadium, Ahmedabad",Gujarat Titans,Punjab Kings,Punjab Kings,0,1,0,field,1,0,199.0,200.0,-1.0,Gujarat Titans vs Punjab Kings
1422135,2024,2024-04-04,"Narendra Modi Stadium, Ahmedabad",Punjab Kings,Gujarat Titans,Punjab Kings,1,0,1,field,0,1,200.0,199.0,1.0,Punjab Kings vs Gujarat Titans
1422136,2024,2024-04-05,"Rajiv Gandhi International Stadium, Uppal, Hyderabad",Chennai Super Kings,Sunrisers Hyderabad,Sunrisers Hyderabad,0,1,0,field,1,0,165.0,166.0,-1.0,Chennai Super Kings vs Sunrisers Hyderabad
1422136,2024,2024-04-05,"Rajiv Gandhi International Stadium, Uppal, Hyderabad",Sunrisers Hyderabad,Chennai Super Kings,Sunrisers Hyderabad,1,0,1,field,0,1,166.0,165.0,1.0,Sunrisers Hyderabad vs Chennai Super Kings
1422137,2024,2024-04-06,"Sawai Mansingh Stadium, Jaipur",Rajasthan Royals,Royal Challengers Bengaluru,Rajasthan Royals,1,0,1,field,0,1,189.0,183.0,6.0,Rajasthan Royals vs Royal Challengers Bengaluru
1422137,2024,2024-04-06,"Sawai Mansingh Stadium, Jaipur",Royal Challengers Bengaluru,Rajasthan Royals,Rajasthan Royals,0,1,0,field,1,0,183.0,189.0,-6.0,Royal Challengers Bengaluru vs Rajasthan Royals
1422138,2024,2024-04-07,"Wankhede Stadium, Mumbai",Delhi Capitals,Mumbai Indians,Mumbai Indians,0,1,1,field,0,1,205.0,234.0,-29.0,Delhi Capitals vs Mumbai Indians
1422138,2024,2024-04-07,"Wankhede Stadium, Mumbai",Mumbai Indians,Delhi Capitals,Mumbai Indians,1,0,0,field,1,0,234.0,205.0,29.0,Mumbai Indians vs Delhi Capitals
1422139,2024,2024-04-07,"Bharat Ratna Shri Atal Bihari Vajpayee Ekana Cricket Stadium, Lucknow",Gujarat Titans,Lucknow Super Giants,Lucknow Super Giants,0,1,0,bat,0,1,130.0,163.0,-33.0,Gujarat Titans vs Lucknow Super Giants
1422139,2024,2024-04-07,"Bharat Ratna Shri Atal Bihari Vajpayee Ekana Cricket Stadium, Lucknow",Lucknow Super Giants,Gujarat Titans,Lucknow Super Giants,1,0,1,bat,1,0,163.0,130.0,33.0,Lucknow Super Giants vs Gujarat Titans
1426260,2024,2024-04-08,"MA Chidambaram Stadium, Chepauk, Chennai",Chennai Super Kings,Kolkata Knight Riders,Chennai Super Kings,1,0,1,field,0,1,141.0,137.0,4.0,Chennai Super Kings vs Kolkata Knight Riders
1426260,2024,2024-04-08,"MA Chidambaram Stadium, Chepauk, Chennai",Kolkata Knight Riders,Chennai Super Kings,Chennai Super Kings,0,1,0,field,1,0,137.0,141.0,-4.0,Kolkata Knight Riders vs Chennai Super Kings
1426261,2024,2024-04-09,"Maharaja Yadavindra Singh International Cricket Stadium, Mullanpur",Punjab Kings,Sunrisers Hyderabad,Sunrisers Hyderabad,0,1,1,field,0,1,180.0,182.0,-2.0,Punjab Kings vs Sunrisers Hyderabad
1426261,2024,2024-04-09,"Maharaja Yadavindra Singh International Cricket Stadium, Mullanpur",Sunrisers Hyderabad,Punjab Kings,Sunrisers Hyderabad,1,0,0,field,1,0,182.0,180.0,2.0,Sunrisers Hyderabad vs Punjab Kings
1426262,2024,2024-04-10,"Sawai Mansingh Stadium, Jaipur",Gujarat Titans,Rajasthan Royals,Gujarat Titans,1,0,1,field,0,1,199.0,196.0,3.0,Gujarat Titans vs Rajasthan Royals
1426262,2024,2024-04-10,"Sawai Mansingh Stadium, Jaipur",Rajasthan Royals,Gujarat Titans,Gujarat Titans,0,1,0,field,1,0,196.0,199.0,-3.0,Rajasthan Royals vs Gujarat Titans
1426263,2024,2024-04-11,"Wankhede Stadium, Mumbai",Mumbai Indians,Royal Challengers Bengaluru,Mumbai Indians,1,0,1,field,0,1,199.0,196.0,3.0,Mumbai Indians vs Royal Challengers Bengaluru
1426263,2024,2024-04-11,"Wankhede Stadium, Mumbai",Royal Challengers Bengaluru,Mumbai Indians,Mumbai Indians,0,1,0,field,1,0,196.0,199.0,-3.0,Royal Challengers Bengaluru vs Mumbai Indians
1426264,2024,2024-04-12,"Bharat Ratna Shri Atal Bihari Vajpayee Ekana Cricket Stadium, Lucknow",Delhi Capitals,Lucknow Super Giants,Delhi Capitals,1,0,0,bat,0,1,170.0,167.0,3.0,Delhi Capitals vs Lucknow Super Giants
1426264,2024,2024-04-12,"Bharat Ratna Shri Atal Bihari Vajpayee Ekana Cricket Stadium, Lucknow",Lucknow Super Giants,Delhi Capitals,Delhi Capitals,0,1,1,bat,1,0,167.0,170.0,-3.0,Lucknow Super Giants vs Delhi Capitals
1426265,2024,2024-04-13,"Maharaja Yadavindra Singh International Cricket Stadium, Mullanpur",Punjab Kings,Rajasthan Royals,Rajasthan Royals,0,1,0,field,1,0,147.0,152.0,-5.0,Punjab Kings vs Rajasthan Royals
1426265,2024,2024-04-13,"Maharaja Yadavindra Singh International Cricket Stadium, Mullanpur",Rajasthan Royals,Punjab Kings,Rajasthan Royals,1,0,1,field,0,1,152.0,147.0,5.0,Rajasthan Royals vs Punjab Kings
1426266,2024,2024-04-14,"Eden Gardens, Kolkata",Kolkata Knight Riders,Lucknow Super Giants,Kolkata Knight Riders,1,0,1,field,0,1,162.0,161.0,1.0,Kolkata Knight Riders vs Lucknow Super Giants
1426266,2024,2024-04-14,"Eden Gardens, Kolkata",Lucknow Super Giants,Kolkata Knight Riders,Kolkata Knight Riders,0,1,0,field,1,0,161.0,162.0,-1.0,Lucknow Super Giants vs Kolkata Knight Riders
1426267,2024,2024-04-14,"Wankhede Stadium, Mumbai",Chennai Super Kings,Mumbai Indians,Chennai Super Kings,1,0,0,field,1,0,206.0,186.0,20.0,Chennai Super Kings vs Mumbai Indians
1426267,2024,2024-04-14,"Wankhede Stadium, Mumbai",Mumbai Indians,Chennai Super Kings,Chennai Super Kings,0,1,1,field,0,1,186.0,206.0,-20.0,Mumbai Indians vs Chennai Super Kings
1426268,2024,2024-04-15,"M Chinnaswamy Stadium, Bengaluru",Royal Challengers Bengaluru,Sunrisers Hyderabad,Sunrisers Hyderabad,0,1,1,field,0,1,262.0,287.0,-25.0,Royal Challengers Bengaluru vs Sunrisers Hyderabad
1426268,2024,2024-04-15,"M Chinnaswamy Stadium, Bengaluru",Sunrisers Hyderabad,Royal Challengers Bengaluru,Sunrisers Hyderabad,1,0,0,field,1,0,287.0,262.0,25.0,Sunrisers Hyderabad vs Royal Challengers Bengaluru
1426269,2024,2024-04-16,"Eden Gardens, Kolkata",Kolkata Knight Riders,Rajasthan Royals,Rajasthan Royals,0,1,0,field,1,0,223.0,224.0,-1.0,Kolkata Knight Riders vs Rajasthan Royals
1426269,2024,2024-04-16,"Eden Gardens, Kolkata",Rajasthan Royals,Kolkata Knight Riders,Rajasthan Royals,1,0,1,field,0,1,224.0,223.0,1.0,Rajasthan Royals vs Kolkata Knight Riders
1426270,2024,2024-04-17,"Narendra Modi Stadium, Ahmedabad",Delhi Capitals,Gujarat Titans,Delhi Capitals,1,0,1,field,0,1,92.0,89.0,3.0,Delhi Capitals vs Gujarat Titans
1426270,2024,2024-04-17,"Narendra Modi Stadium, Ahmedabad",Gujarat Titans,Delhi Capitals,Delhi Capitals,0,1,0,field,1,0,89.0,92.0,-3.0,Gujarat Titans vs Delhi Capitals
1426271,2024,2024-04-18,"Maharaja Yadavindra Singh International Cricket Stadium, Mullanpur",Mumbai Indians,Punjab Kings,Mumbai Indians,1,0,0,field,1,0,192.0,183.0,9.0,Mumbai Indians vs Punjab Kings
1426271,2024,2024-04-18,"Maharaja Yadavindra Singh International Cricket Stadium, Mullanpur",Punjab Kings,Mumbai Indians,Mumbai Indians,0,1,1,field,0,1,183.0,192.0,-9.0,Punjab Kings vs Mumbai Indians
1426272,2024,2024-04-19,"Bharat Ratna Shri Atal Bihari Vajpayee Ekana Cricket Stadium, Lucknow",Chennai Super Kings,Lucknow Super Giants,Lucknow Super Giants,0,1,0,field,1,0,176.0,180.0,-4.0,Chennai Super Kings vs Lucknow Super Giants
1426272,2024,2024-04-19,"Bharat Ratna Shri Atal Bihari Vajpayee Ekana Cricket Stadium, Lucknow",Lucknow Super Giants,Chennai Super Kings,Lucknow Super Giants,1,0,1,field,0,1,180.0,176.0,4.0,Lucknow Super Giants vs Chennai Super Kings
1426273,2024,2024-04-20,"Arun Jaitley Stadium, Delhi",Delhi Capitals,Sunrisers Hyderabad,Sunrisers Hyderabad,0,1,1,field,0,1,199.0,266.0,-67.0,Delhi Capitals vs Sunrisers Hyderabad
1426273,2024,2024-04-20,"Arun Jaitley Stadium, Delhi",Sunrisers Hyderabad,Delhi Capitals,Sunrisers Hyderabad,1,0,0,field,1,0,266.0,199.0,67.0,Sunrisers Hyderabad vs Delhi Capitals
1426274,2024,2024-04-21,"Eden Gardens, Kolkata",Kolkata Knight Riders,Royal Challengers Bengaluru,Kolkata Knight Riders,1,0,0,field,1,0,222.0,221.0,1.0,Kolkata Knight Riders vs Royal Challengers Bengaluru
1426274,2024,2024-04-21,"Eden Gardens, Kolkata",Royal Challengers Bengaluru,Kolkata Knight Riders,Kolkata Knight Riders,0,1,1,field,0,1,221.0,222.0,-1.0,Royal Challengers Bengaluru vs Kolkata Knight Riders
1426275,2024,2024-04-21,"Maharaja Yadavindra Singh International Cricket Stadium, Mullanpur",Gujarat Titans,Punjab Kings,Gujarat Titans,1,0,0,bat,0,1,146.0,142.0,4.0,Gujarat Titans vs Punjab Kings
1426275,2024,2024-04-21,"Maharaja Yadavindra Singh International Cricket Stadium, Mullanpur",Punjab Kings,Gujarat Titans,Gujarat Titans,0,1,1,bat,1,0,142.0,146.0,-4.0,Punjab Kings vs Gujarat Titans
1426276,2024,2024-04-22,"Sawai Mansingh Stadium, Jaipur",Mumbai Indians,Rajasthan Royals,Rajasthan Royals,0,1,1,bat,1,0,179.0,183.0,-4.0,Mumbai Indians vs Rajasthan Royals
1426276,2024,2024-04-22,"Sawai Mansingh Stadium, Jaipur",Rajasthan Royals,Mumbai Indians,Rajasthan Royals,1,0,0,bat,0,1,183.0,179.0,4.0,Rajasthan Royals vs Mumbai Indians
1426277,2024,2024-04-23,"MA Chidambaram Stadium, Chepauk, Chennai",Chennai Super Kings,Lucknow Super Giants,Lucknow Super Giants,0,1,0,field,1,0,210.0,213.0,-3.0,Chennai Super Kings vs Lucknow Super Giants
1426277,2024,2024-04-23,"MA Chidambaram Stadium, Chepauk, Chennai",Lucknow Super Giants,Chennai Super Kings,Lucknow Super Giants,1,0,1,field,0,1,213.0,210.0,3.0,Lucknow Super Giants vs Chennai Super Kings
1426278,2024,2024-04-24,"Arun Jaitley Stadium, Delhi",Delhi Capitals,Gujarat Titans,Delhi Capitals,1,0,0,field,1,0,224.0,220.0,4.0,Delhi Capitals vs Gujarat Titans
1426278,2024,2024-04-24,"Arun Jaitley Stadium, Delhi",Gujarat Titans,Delhi Capitals,Delhi Capitals,0,1,1,field,0,1,220.0,224.0,-4.0,Gujarat Titans vs Delhi Capitals
1426279,2024,2024-04-25,"Rajiv Gandhi International Stadium, Uppal, Hyderabad",Royal Challengers Bengaluru,Sunrisers Hyderabad,Royal Challengers Bengaluru,1,0,1,bat,1,0,206.0,171.0,35.0,Royal Challengers Bengaluru vs Sunrisers Hyderabad
1426279,2024,2024-04-25,"Rajiv Gandhi International Stadium, Uppal, Hyderabad",Sunrisers Hyderabad,Royal Challengers Bengaluru,Royal Challengers Bengaluru,0,1,0,bat,0,1,171.0,206.0,-35.0,Sunrisers Hyderabad vs Royal Challengers Bengaluru
1426280,2024,2024-04-26,"Eden Gardens, Kolkata",Kolkata Knight Riders,Punjab Kings,Punjab Kings,0,1,0,field,1,0,261.0,262.0,-1.0,Kolkata Knight Riders vs Punjab Kings
1426280,2024,2024-04-26,"Eden Gardens, Kolkata",Punjab Kings,Kolkata Knight Riders,Punjab Kings,1,0,1,field,0,1,262.0,261.0,1.0,Punjab Kings vs Kolkata Knight Riders
1426281,2024,2024-04-27,"Arun Jaitley Stadium, Delhi",Delhi Capitals,Mumbai Indians,Delhi Capitals,1,0,0,field,1,0,257.0,247.0,10.0,Delhi Capitals vs Mumbai Indians
1426281,2024,2024-04-27,"Arun Jaitley Stadium, Delhi",Mumbai Indians,Delhi Capitals,Delhi Capitals,0,1,1,field,0,1,247.0,257.0,-10.0,Mumbai Indians vs Delhi Capitals
1426282,2024,2024-04-27,"Bharat Ratna Shri Atal Bihari Vajpayee Ekana Cricket Stadium, Lucknow",Lucknow Super Giants,Rajasthan Royals,Rajasthan Royals,0,1,0,field,1,0,196.0,199.0,-3.0,Lucknow Super Giants vs Rajasthan Royals
1426282,2024,2024-04-27,"Bharat Ratna Shri Atal Bihari Vajpayee Ekana Cricket Stadium, Lucknow",Rajasthan Royals,Lucknow Super Giants,Rajasthan Royals,1,0,1,field,0,1,199.0,196.0,3.0,Rajasthan Royals vs Lucknow Super Giants
1426283,2024,2024-04-28,"Narendra Modi Stadium, Ahmedabad",Gujarat Titans,Royal Challengers Bengaluru,Royal Challengers Bengaluru,0,1,0,field,1,0,200.0,206.0,-6.0,Gujarat Titans vs Royal Challengers Bengaluru
1426283,2024,2024-04-28,"Narendra Modi Stadium, Ahmedabad",Royal Challengers Bengaluru,Gujarat Titans,Royal Challengers Bengaluru,1,0,1,field,0,1,206.0,200.0,6.0,Royal Challengers Bengaluru vs Gujarat Titans
1426284,2024,2024-04-28,"MA Chidambaram Stadium, Chepauk, Chennai",Chennai Super Kings,Sunrisers Hyderabad,Chennai Super Kings,1,0,0,field,1,0,212.0,134.0,78.0,Chennai Super Kings vs Sunrisers Hyderabad
1426284,2024,2024-04-28,"MA Chidambaram Stadium, Chepauk, Chennai",Sunrisers Hyderabad,Chennai Super Kings,Chennai Super Kings,0,1,1,field,0,1,134.0,212.0,-78.0,Sunrisers Hyderabad vs Chennai Super Kings
1426285,2024,2024-04-29,"Eden Gardens, Kolkata",Delhi Capitals,Kolkata Knight Riders,Kolkata Knight Riders,0,1,1,bat,1,0,153.0,157.0,-4.0,Delhi Capitals vs Kolkata Knight Riders
1426285,2024,2024-04-29,"Eden Gardens, Kolkata",Kolkata Knight Riders,Delhi Capitals,Kolkata Knight Riders,1,0,0,bat,0,1,157.0,153.0,4.0,Kolkata Knight Riders vs Delhi Capitals
1426286,2024,2024-04-30,"Bharat Ratna Shri Atal Bihari Vajpayee Ekana Cricket Stadium, Lucknow",Lucknow Super Giants,Mumbai Indians,Lucknow Super Giants,1,0,1,field,0,1,145.0,144.0,1.0,Lucknow Super Giants vs Mumbai Indians
1426286,2024,2024-04-30,"Bharat Ratna Shri Atal Bihari Vajpayee Ekana Cricket Stadium, Lucknow",Mumbai Indians,Lucknow Super Giants,Lucknow Super Giants,0,1,0,field,1,0,144.0,145.0,-1.0,Mumbai Indians vs Lucknow Super Giants
1426287,2024,2024-05-01,"MA Chidambaram Stadium, Chepauk, Chennai",Chennai Super Kings,Punjab Kings,Punjab Kings,0,1,0,field,1,0,162.0,163.0,-1.0,Chennai Super Kings vs Punjab Kings
1426287,2024,2024-05-01,"MA Chidambaram Stadium, Chepauk, Chennai",Punjab Kings,Chennai Super Kings,Punjab Kings,1,0,1,field,0,1,163.0,162.0,1.0,Punjab Kings vs Chennai Super Kings
1426288,2024,2024-05-02,"Rajiv Gandhi International Stadium, Uppal, Hyderabad",Rajasthan Royals,Sunrisers Hyderabad,Sunrisers Hyderabad,0,1,0,bat,0,1,200.0,201.0,-1.0,Rajasthan Royals vs Sunrisers Hyderabad
1426288,2024,2024-05-02,"Rajiv Gandhi International Stadium, Uppal, Hyderabad",Sunrisers Hyderabad,Rajasthan Royals,Sunrisers Hyderabad,1,0,1,bat,1,0,201.0,200.0,1.0,Sunrisers Hyderabad vs Rajasthan Royals
1426289,2024,2024-05-03,"Wankhede Stadium, Mumbai",Kolkata Knight Riders,Mumbai Indians,Kolkata Knight Riders,1,0,0,field,1,0,169.0,145.0,24.0,Kolkata Knight Riders vs Mumbai Indians
1426289,2024,2024-05-03,"Wankhede Stadium, Mumbai",Mumbai Indians,Kolkata Knight Riders,Kolkata Knight Riders,0,1,1,field,0,1,145.0,169.0,-24.0,Mumbai Indians vs Kolkata Knight Riders
1426290,2024,2024-05-04,"M Chinnaswamy Stadium, Bengaluru",Gujarat Titans,Royal Challengers Bengaluru,Royal Challengers Bengaluru,0,1,0,field,1,0,147.0,152.0,-5.0,Gujarat Titans vs Royal Challengers Bengaluru
1426290,2024,2024-05-04,"M Chinnaswamy Stadium, Bengaluru",Royal Challengers Bengaluru,Gujarat Titans,Royal Challengers Bengaluru,1,0,1,field,0,1,152.0,147.0,5.0,Royal Challengers Bengaluru vs Gujarat Titans
1426291,2024,2024-05-05,"Himachal Pradesh Cricket Association Stadium, Dharamsala",Chennai Super Kings,Punjab Kings,Chennai Super Kings,1,0,0,field,1,0,167.0,139.0,28.0,Chennai Super Kings vs Punjab Kings
1426291,2024,2024-05-05,"Himachal Pradesh Cricket Association Stadium, Dharamsala",Punjab Kings,Chennai Super Kings,Chennai Super Kings,0,1,1,field,0,1,139.0,167.0,-28.0,Punjab Kings vs Chennai Super Kings
1426292,2024,2024-05-05,"Bharat Ratna Shri Atal Bihari Vajpayee Ekana Cricket Stadium, Lucknow",Kolkata Knight Riders,Lucknow Super Giants,Kolkata Knight Riders,1,0,0,field,1,0,235.0,137.0,98.0,Kolkata Knight Riders vs Lucknow Super Giants
1426292,2024,2024-05-05,"Bharat Ratna Shri Atal Bihari Vajpayee Ekana Cricket Stadium, Lucknow",Lucknow Super Giants,Kolkata Knight Riders,Kolkata Knight Riders,0,1,1,field,0,1,137.0,235.0,-98.0,Lucknow Super Giants vs Kolkata Knight Riders
1426293,2024,2024-05-06,"Wankhede Stadium, Mumbai",Mumbai Indians,Sunrisers Hyderabad,Mumbai Indians,1,0,1,field,0,1,174.0,173.0,1.0,Mumbai Indians vs Sunrisers Hyderabad
1426293,2024,2024-05-06,"Wankhede Stadium, Mumbai",Sunrisers Hyderabad,Mumbai Indians,Mumbai Indians,0,1,0,field,1,0,173.0,174.0,-1.0,Sunrisers Hyderabad vs Mumbai Indians
1426294,2024,2024-05-07,"Arun Jaitley Stadium, Delhi",Delhi Capitals,Rajasthan Royals,Delhi Capitals,1,0,0,field,1,0,221.0,201.0,20.0,Delhi Capitals vs Rajasthan Royals
1426294,2024,2024-05-07,"Arun Jaitley Stadium, Delhi",Rajasthan Royals,Delhi Capitals,Delhi Capitals,0,1,1,field,0,1,201.0,221.0,-20.0,Rajasthan Royals vs Delhi Capitals
1426295,2024,2024-05-08,"Rajiv Gandhi International Stadium, Uppal, Hyderabad",Lucknow Super Giants,Sunrisers Hyderabad,Sunrisers Hyderabad,0,1,1,bat,1,0,165.0,167.0,-2.0,Lucknow Super Giants vs Sunrisers Hyderabad
1426295,2024,2024-05-08,"Rajiv Gandhi International Stadium, Uppal, Hyderabad",Sunrisers Hyderabad,Lucknow Super Giants,Sunrisers Hyderabad,1,0,0,bat,0,1,167.0,165.0,2.0,Sunrisers Hyderabad vs Lucknow Super Giants
1426296,2024,2024-05-09,"Himachal Pradesh Cricket Association Stadium, Dharamsala",Punjab Kings,Royal Challengers Bengaluru,Royal Challengers Bengaluru,0,1,1,field,0,1,181.0,241.0,-60.0,Punjab Kings vs Royal Challengers Bengaluru
1426296,2024,2024-05-09,"Himachal Pradesh Cricket Association Stadium, Dharamsala",Royal Challengers Bengaluru,Punjab Kings,Royal Challengers Bengaluru,1,0,0,field,1,0,241.0,181.0,60.0,Royal Challengers Bengaluru vs Punjab Kings
1426297,2024,2024-05-10,"Narendra Modi Stadium, Ahmedabad",Chennai Super Kings,Gujarat Titans,Gujarat Titans,0,1,1,field,0,1,196.0,231.0,-35.0,Chennai Super Kings vs Gujarat Titans
1426297,2024,2024-05-10,"Narendra Modi Stadium, Ahmedabad",Gujarat Titans,Chennai Super Kings,Gujarat Titans,1,0,0,field,1,0,231.0,196.0,35.0,Gujarat Titans vs Chennai Super Kings
1426298,2024,2024-05-11,"Eden Gardens, Kolkata",Kolkata Knight Riders,Mumbai Indians,Kolkata Knight Riders,1,0,0,field,1,0,157.0,139.0,18.0,Kolkata Knight Riders vs Mumbai Indians
1426298,2024,2024-05-11,"Eden Gardens, Kolkata",Mumbai Indians,Kolkata Knight Riders,Kolkata Knight Riders,0,1,1,field,0,1,139.0,157.0,-18.0,Mumbai Indians vs Kolkata Knight Riders
1426299,2024,2024-05-12,"MA Chidambaram Stadium, Chepauk, Chennai",Chennai Super Kings,Rajasthan Royals,Chennai Super Kings,1,0,0,bat,0,1,145.0,141.0,4.0,Chennai Super Kings vs Rajasthan Royals
1426299,2024,2024-05-12,"MA Chidambaram Stadium, Chepauk, Chennai",Rajasthan Royals,Chennai Super Kings,Chennai Super Kings,0,1,1,bat,1,0,141.0,145.0,-4.0,Rajasthan Royals vs Chennai Super Kings
1426300,2024,2024-05-12,"M Chinnaswamy Stadium, Bengaluru",Delhi Capitals,Royal Challengers Bengaluru,Royal Challengers Bengaluru,0,1,1,field,0,1,140.0,187.0,-47.0,Delhi Capitals vs Royal Challengers Bengaluru
1426300,2024,2024-05-12,"M Chinnaswamy Stadium, Bengaluru",Royal Challengers Bengaluru,Delhi Capitals,Royal Challengers Bengaluru,1,0,0,field,1,0,187.0,140.0,47.0,Royal Challengers Bengaluru vs Delhi Capitals
1426302,2024,2024-05-14,"Arun Jaitley Stadium, Delhi",Delhi Capitals,Lucknow Super Giants,Delhi Capitals,1,0,0,field,1,0,208.0,189.0,19.0,Delhi Capitals vs Lucknow Super Giants
1426302,2024,2024-05-14,"Arun Jaitley Stadium, Delhi",Lucknow Super Giants,Delhi Capitals,Delhi Capitals,0,1,1,field,0,1,189.0,208.0,-19.0,Lucknow Super Giants vs Delhi Capitals
1426303,2024,2024-05-15,"Barsapara Cricket Stadium, Guwahati",Punjab Kings,Rajasthan Royals,Punjab Kings,1,0,0,bat,0,1,145.0,144.0,1.0,Punjab Kings vs Rajasthan Royals
1426303,2024,2024-05-15,"Barsapara Cricket Stadium, Guwahati",Rajasthan Royals,Punjab Kings,Punjab Kings,0,1,1,bat,1,0,144.0,145.0,-1.0,Rajasthan Royals vs Punjab Kings
1426305,2024,2024-05-17,"Wankhede Stadium, Mumbai",Lucknow Super Giants,Mumbai Indians,Lucknow Super Giants,1,0,0,field,1,0,214.0,196.0,18.0,Lucknow Super Giants vs Mumbai Indians
1426305,2024,2024-05-17,"Wankhede Stadium, Mumbai",Mumbai Indians,Lucknow Super Giants,Lucknow Super Giants,0,1,1,field,0,1,196.0,214.0,-18.0,Mumbai Indians vs Lucknow Super Giants
1426306,2024,2024-05-18,"M Chinnaswamy Stadium, Bengaluru",Chennai Super Kings,Royal Challengers Bengaluru,Royal Challengers Bengaluru,0,1,1,field,0,1,191.0,218.0,-27.0,Chennai Super Kings vs Royal Challengers Bengaluru
1426306,2024,2024-05-18,"M Chinnaswamy Stadium, Bengaluru",Royal Challengers Bengaluru,Chennai Super Kings,Royal Challengers Bengaluru,1,0,0,field,1,0,218.0,191.0,27.0,Royal Challengers Bengaluru vs Chennai Super Kings
1426307,2024,2024-05-19,"Rajiv Gandhi International Stadium, Uppal, Hyderabad",Punjab Kings,Sunrisers Hyderabad,Sunrisers Hyderabad,0,1,1,bat,1,0,214.0,215.0,-1.0,Punjab Kings vs Sunrisers Hyderabad
1426307,2024,2024-05-19,"Rajiv Gandhi International Stadium, Uppal, Hyderabad",Sunrisers Hyderabad,Punjab Kings,Sunrisers Hyderabad,1,0,0,bat,0,1,215.0,214.0,1.0,Sunrisers Hyderabad vs Punjab Kings
1426309,2024,2024-05-21,"Narendra Modi Stadium, Ahmedabad",Kolkata Knight Riders,Sunrisers Hyderabad,Kolkata Knight Riders,1,0,0,bat,0,1,164.0,159.0,5.0,Kolkata Knight Riders vs Sunrisers Hyderabad
1426309,2024,2024-05-21,"Narendra Modi Stadium, Ahmedabad",Sunrisers Hyderabad,Kolkata Knight Riders,Kolkata Knight Riders,0,1,1,bat,1,0,159.0,164.0,-5.0,Sunrisers Hyderabad vs Kolkata Knight Riders
1426310,2024,2024-05-22,"Narendra Modi Stadium, Ahmedabad",Rajasthan Royals,Royal Challengers Bengaluru,Rajasthan Royals,1,0,1,field,0,1,174.0,172.0,2.0,Rajasthan Royals vs Royal Challengers Bengaluru
1426310,2024,2024-05-22,"Narendra Modi Stadium, Ahmedabad",Royal Challengers Bengaluru,Rajasthan Royals,Rajasthan Royals,0,1,0,field,1,0,172.0,174.0,-2.0,Royal Challengers Bengaluru vs Rajasthan Royals
1426311,2024,2024-05-24,"MA Chidambaram Stadium, Chepauk, Chennai",Rajasthan Royals,Sunrisers Hyderabad,Sunrisers Hyderabad,0,1,1,field,0,1,139.0,175.0,-36.0,Rajasthan Royals vs Sunrisers Hyderabad
1426311,2024,2024-05-24,"MA Chidambaram Stadium, Chepauk, Chennai",Sunrisers Hyderabad,Rajasthan Royals,Sunrisers Hyderabad,1,0,0,field,1,0,175.0,139.0,36.0,Sunrisers Hyderabad vs Rajasthan Royals
1426312,2024,2024-05-26,"MA Chidambaram Stadium, Chepauk, Chennai",Kolkata Knight Riders,Sunrisers Hyderabad,Kolkata Knight Riders,1,0,0,bat,0,1,114.0,113.0,1.0,Kolkata Knight Riders vs Sunrisers Hyderabad
1426312,2024,2024-05-26,"MA Chidambaram Stadium, Chepauk, Chennai",Sunrisers Hyderabad,Kolkata Knight Riders,Kolkata Knight Riders,0,1,1,bat,1,0,113.0,114.0,-1.0,Sunrisers Hyderabad vs Kolkata Knight Riders
